교전/전투피해평가 보고,2025년 10월 30일 6시 33분,"52S DG 279 985에서 포착된 정찰/정보 수집 세력에 대해 2여단의 타격(약 831발) 결과 표적 피해율은 67%로 평가되며, 효과는 '파괴'로 판단됨."
교전/전투피해평가 보고,2025년 10월 30일 8시 4분,"52S DG 286 979에서 포착된 정찰/정보 수집 세력에 대해 2여단의 타격(약 183발) 결과 표적 피해율은 77%로 평가되며, 효과는 '제압'로 판단됨."
교전/전투피해평가 보고,2025년 10월 30일 8시 30분,"포병여단에 의해 52S DG 285 984 근처 표적(정보 표적)에 대한 타격 실시, 발수 182발, 손상도 97%로 집계되었고 결과는 제압로 정리됨."
교전/전투피해평가 보고,2025년 10월 30일 19시 31분,"52S DG 286 954에서 포착된 공병 팀에 대해 1사단의 타격(약 984발) 결과 표적 피해율은 8%로 평가되며, 효과는 '제압'로 판단됨."
교전/전투피해평가 보고,2025년 10월 30일 20시 45분,"52S DG 293 960 일대에서 지휘통제 시설이 포착되어 2여단이 화력 약 349발을 투입, 표적 손상도 약 7%로 분석되며 획득 효과는 '효력없음'로 평가됨."
교전/전투피해평가 보고,2025년 10월 30일 23시 7분,"포병여단에 의해 52S DG 268 964 근처 표적(수송 편성)에 대한 타격 실시, 발수 664발, 손상도 96%로 집계되었고 결과는 무력화로 정리됨."
교전/전투피해평가 보고,2025년 10월 30일 23시 32분,"포병여단에 의해 52S DG 277 960 근처 표적(기동 편성)에 대한 타격 실시, 발수 691발, 손상도 93%로 집계되었고 결과는 무력화로 정리됨."
교전/전투피해평가 보고,2025년 10월 30일 23시 33분,"1여단에 의해 52S DG 284 975 근처 표적(정찰/정보 수집 세력)에 대한 타격 실시, 발수 824발, 손상도 27%로 집계되었고 결과는 미확인로 정리됨."
교전/전투피해평가 보고,2025년 10월 31일 0시 54분,"52S DG 293 944에서 포착된 보급대열에 대해 1사단의 타격(약 157발) 결과 표적 피해율은 23%로 평가되며, 효과는 '무력화'로 판단됨."
교전/전투피해평가 보고,2025년 10월 31일 2시 24분,"포병여단에 의해 52S DG 293 955 근처 표적(비특정 표적)에 대한 타격 실시, 발수 946발, 손상도 64%로 집계되었고 결과는 제압로 정리됨."
교전/전투피해평가 보고,2025년 10월 31일 3시 53분,"52S DG 293 985에서 포착된 정보 표적에 대해 2여단의 타격(약 256발) 결과 표적 피해율은 59%로 평가되며, 효과는 '미확인'로 판단됨."
교전/전투피해평가 보고,2025년 10월 31일 8시 21분,"52S DG 289 971에서 포착된 방공 전력에 대해 포병여단의 타격(약 162발) 결과 표적 피해율은 10%로 평가되며, 효과는 '효력없음'로 판단됨."
교전/전투피해평가 보고,2025년 10월 31일 9시 43분,"52S DG 275 986에서 포착된 방공 전력에 대해 2여단의 타격(약 733발) 결과 표적 피해율은 27%로 평가되며, 효과는 '무력화'로 판단됨."
교전/전투피해평가 보고,2025년 10월 31일 14시 43분,"3여단에 의해 52S DG 294 977 근처 표적(수송 편성)에 대한 타격 실시, 발수 974발, 손상도 3%로 집계되었고 결과는 무력화로 정리됨."
교전/전투피해평가 보고,2025년 10월 31일 15시 10분,"52S DG 277 959에서 포착된 공병 팀에 대해 3여단의 타격(약 860발) 결과 표적 피해율은 30%로 평가되며, 효과는 '무력화'로 판단됨."
교전/전투피해평가 보고,2025년 10월 31일 16시 3분,"3여단에 의해 52S DG 283 977 근처 표적(CBRN 관련 표적)에 대한 타격 실시, 발수 680발, 손상도 94%로 집계되었고 결과는 제압로 정리됨."
교전/전투피해평가 보고,2025년 10월 31일 17시 28분,"52S DG 264 976에서 포착된 비특정 표적에 대해 1여단의 타격(약 580발) 결과 표적 피해율은 14%로 평가되며, 효과는 '미확인'로 판단됨."
교전/전투피해평가 보고,2025년 10월 31일 20시 19분,"52S DG 289 945 일대에서 CBRN 관련 표적이 포착되어 3여단이 화력 약 374발을 투입, 표적 손상도 약 78%로 분석되며 획득 효과는 '효력없음'로 평가됨."
교전/전투피해평가 보고,2025년 11월 1일 1시 8분,"1여단에 의해 52S DG 281 964 근처 표적(방공 체계)에 대한 타격 실시, 발수 222발, 손상도 23%로 집계되었고 결과는 효력없음로 정리됨."
교전/전투피해평가 보고,2025년 11월 1일 3시 53분,"1여단에 의해 52S DG 284 982 근처 표적(정보 표적)에 대한 타격 실시, 발수 667발, 손상도 18%로 집계되었고 결과는 무력화로 정리됨."
교전/전투피해평가 보고,2025년 11월 1일 4시 2분,"52S DG 275 956 일대에서 공병 부대이 포착되어 2여단이 화력 약 732발을 투입, 표적 손상도 약 73%로 분석되며 획득 효과는 '효력없음'로 평가됨."
교전/전투피해평가 보고,2025년 11월 1일 5시 57분,"1여단에 의해 52S DG 289 947 근처 표적(화생방 관련 징후)에 대한 타격 실시, 발수 632발, 손상도 89%로 집계되었고 결과는 파괴로 정리됨."
교전/전투피해평가 보고,2025년 11월 1일 9시 38분,"52S DG 265 945 일대에서 C2 노드이 포착되어 3여단이 화력 약 812발을 투입, 표적 손상도 약 91%로 분석되며 획득 효과는 '효력없음'로 평가됨."
교전/전투피해평가 보고,2025년 11월 1일 12시 9분,"52S DG 291 947에서 포착된 화생방 관련 징후에 대해 3여단의 타격(약 674발) 결과 표적 피해율은 10%로 평가되며, 효과는 '효력없음'로 판단됨."
교전/전투피해평가 보고,2025년 11월 1일 12시 59분,"52S DG 281 955 일대에서 CBRN 관련 표적이 포착되어 1사단이 화력 약 200발을 투입, 표적 손상도 약 97%로 분석되며 획득 효과는 '미확인'로 평가됨."
교전/전투피해평가 보고,2025년 11월 1일 13시 52분,"52S DG 269 973에서 포착된 비특정 표적에 대해 2여단의 타격(약 200발) 결과 표적 피해율은 62%로 평가되며, 효과는 '파괴'로 판단됨."
교전/전투피해평가 보고,2025년 11월 1일 14시 48분,"52S DG 284 963 일대에서 정찰/정보 수집 세력이 포착되어 1사단이 화력 약 721발을 투입, 표적 손상도 약 56%로 분석되며 획득 효과는 '파괴'로 평가됨."
교전/전투피해평가 보고,2025년 11월 1일 17시 19분,"52S DG 276 982 일대에서 비특정 표적이 포착되어 1사단이 화력 약 10발을 투입, 표적 손상도 약 4%로 분석되며 획득 효과는 '무력화'로 평가됨."
교전/전투피해평가 보고,2025년 11월 1일 18시 9분,"52S DG 269 954에서 포착된 수송 편성에 대해 1사단의 타격(약 411발) 결과 표적 피해율은 22%로 평가되며, 효과는 '제압'로 판단됨."
교전/전투피해평가 보고,2025년 11월 1일 18시 36분,"1여단에 의해 52S DG 270 971 근처 표적(화생방 관련 징후)에 대한 타격 실시, 발수 252발, 손상도 77%로 집계되었고 결과는 무력화로 정리됨."
교전/전투피해평가 보고,2025년 11월 2일 8시 15분,"1사단에 의해 52S DG 278 955 근처 표적(방공 전력)에 대한 타격 실시, 발수 925발, 손상도 16%로 집계되었고 결과는 제압로 정리됨."
교전/전투피해평가 보고,2025년 11월 2일 9시 55분,"52S DG 294 962 일대에서 공병 부대이 포착되어 3여단이 화력 약 277발을 투입, 표적 손상도 약 62%로 분석되며 획득 효과는 '효력없음'로 평가됨."
교전/전투피해평가 보고,2025년 11월 2일 20시 23분,"포병여단에 의해 52S DG 269 951 근처 표적(공병 팀)에 대한 타격 실시, 발수 126발, 손상도 20%로 집계되었고 결과는 제압로 정리됨."
교전/전투피해평가 보고,2025년 11월 2일 23시 45분,"52S DG 281 961 일대에서 방공 전력이 포착되어 3여단이 화력 약 577발을 투입, 표적 손상도 약 73%로 분석되며 획득 효과는 '미확인'로 평가됨."
교전/전투피해평가 보고,2025년 11월 3일 1시 18분,"52S DG 293 951 일대에서 C2 노드이 포착되어 2여단이 화력 약 376발을 투입, 표적 손상도 약 13%로 분석되며 획득 효과는 '제압'로 평가됨."
교전/전투피해평가 보고,2025년 11월 3일 3시 30분,"52S DG 271 975에서 포착된 CBRN 관련 표적에 대해 포병여단의 타격(약 72발) 결과 표적 피해율은 29%로 평가되며, 효과는 '효력없음'로 판단됨."
교전/전투피해평가 보고,2025년 11월 3일 4시 59분,"3여단에 의해 52S DG 287 975 근처 표적(CBRN 관련 표적)에 대한 타격 실시, 발수 103발, 손상도 77%로 집계되었고 결과는 무력화로 정리됨."
교전/전투피해평가 보고,2025년 11월 3일 5시 38분,"52S DG 294 972에서 포착된 비특정 표적에 대해 1여단의 타격(약 242발) 결과 표적 피해율은 84%로 평가되며, 효과는 '효력없음'로 판단됨."
교전/전투피해평가 보고,2025년 11월 3일 7시 5분,"52S DG 280 982 일대에서 비특정 표적이 포착되어 1여단이 화력 약 185발을 투입, 표적 손상도 약 3%로 분석되며 획득 효과는 '파괴'로 평가됨."
교전/전투피해평가 보고,2025년 11월 3일 8시 49분,"포병여단에 의해 52S DG 269 954 근처 표적(기동 편성)에 대한 타격 실시, 발수 436발, 손상도 61%로 집계되었고 결과는 제압로 정리됨."
교전/전투피해평가 보고,2025년 11월 3일 9시 14분,"52S DG 279 973 일대에서 방공 체계이 포착되어 3여단이 화력 약 716발을 투입, 표적 손상도 약 98%로 분석되며 획득 효과는 '미확인'로 평가됨."
교전/전투피해평가 보고,2025년 11월 3일 9시 34분,"52S DG 264 977에서 포착된 정보 표적에 대해 1사단의 타격(약 620발) 결과 표적 피해율은 8%로 평가되며, 효과는 '무력화'로 판단됨."
교전/전투피해평가 보고,2025년 11월 3일 15시 7분,"포병여단에 의해 52S DG 277 983 근처 표적(C2 노드)에 대한 타격 실시, 발수 451발, 손상도 85%로 집계되었고 결과는 무력화로 정리됨."
교전/전투피해평가 보고,2025년 11월 3일 16시 33분,"1사단에 의해 52S DG 277 985 근처 표적(수송 편성)에 대한 타격 실시, 발수 304발, 손상도 66%로 집계되었고 결과는 무력화로 정리됨."
교전/전투피해평가 보고,2025년 11월 3일 16시 38분,"52S DG 286 976 일대에서 공병 팀이 포착되어 1여단이 화력 약 779발을 투입, 표적 손상도 약 90%로 분석되며 획득 효과는 '제압'로 평가됨."
교전/전투피해평가 보고,2025년 11월 3일 18시 5분,"1사단에 의해 52S DG 293 975 근처 표적(보급대열)에 대한 타격 실시, 발수 259발, 손상도 73%로 집계되었고 결과는 제압로 정리됨."
교전/전투피해평가 보고,2025년 11월 4일 0시 14분,"52S DG 281 965 일대에서 공병 팀이 포착되어 1여단이 화력 약 71발을 투입, 표적 손상도 약 87%로 분석되며 획득 효과는 '파괴'로 평가됨."
교전/전투피해평가 보고,2025년 11월 4일 0시 28분,"52S DG 277 975에서 포착된 기동 편성에 대해 2여단의 타격(약 956발) 결과 표적 피해율은 78%로 평가되며, 효과는 '효력없음'로 판단됨."
교전/전투피해평가 보고,2025년 11월 4일 1시 25분,"52S DG 281 946 일대에서 비특정 표적이 포착되어 1여단이 화력 약 311발을 투입, 표적 손상도 약 58%로 분석되며 획득 효과는 '파괴'로 평가됨."
교전/전투피해평가 보고,2025년 11월 4일 1시 56분,"52S DG 264 949에서 포착된 정보 표적에 대해 1여단의 타격(약 338발) 결과 표적 피해율은 78%로 평가되며, 효과는 '무력화'로 판단됨."
교전/전투피해평가 보고,2025년 11월 4일 5시 14분,"52S DG 265 981 일대에서 방공 체계이 포착되어 1여단이 화력 약 571발을 투입, 표적 손상도 약 16%로 분석되며 획득 효과는 '파괴'로 평가됨."
교전/전투피해평가 보고,2025년 11월 4일 9시 35분,"52S DG 275 944에서 포착된 공병 부대에 대해 1여단의 타격(약 337발) 결과 표적 피해율은 29%로 평가되며, 효과는 '제압'로 판단됨."
교전/전투피해평가 보고,2025년 11월 4일 11시 3분,"52S DG 290 983 일대에서 C2 노드이 포착되어 포병여단이 화력 약 123발을 투입, 표적 손상도 약 45%로 분석되며 획득 효과는 '미확인'로 평가됨."
교전/전투피해평가 보고,2025년 11월 4일 14시 19분,"52S DG 267 956에서 포착된 공병 팀에 대해 포병여단의 타격(약 107발) 결과 표적 피해율은 8%로 평가되며, 효과는 '파괴'로 판단됨."
교전/전투피해평가 보고,2025년 11월 4일 16시 5분,"포병여단에 의해 52S DG 266 982 근처 표적(기동성 표적)에 대한 타격 실시, 발수 863발, 손상도 98%로 집계되었고 결과는 제압로 정리됨."
교전/전투피해평가 보고,2025년 11월 4일 22시 37분,"52S DG 289 976 일대에서 수송 편성이 포착되어 1여단이 화력 약 142발을 투입, 표적 손상도 약 33%로 분석되며 획득 효과는 '무력화'로 평가됨."
교전/전투피해평가 보고,2025년 11월 5일 1시 33분,"52S DG 287 963에서 포착된 기동 편성에 대해 2여단의 타격(약 372발) 결과 표적 피해율은 27%로 평가되며, 효과는 '무력화'로 판단됨."
교전/전투피해평가 보고,2025년 11월 5일 3시 56분,"52S DG 283 970에서 포착된 방공 전력에 대해 1여단의 타격(약 247발) 결과 표적 피해율은 94%로 평가되며, 효과는 '무력화'로 판단됨."
교전/전투피해평가 보고,2025년 11월 5일 6시 12분,"3여단에 의해 52S DG 287 966 근처 표적(보급대열)에 대한 타격 실시, 발수 152발, 손상도 90%로 집계되었고 결과는 효력없음로 정리됨."
교전/전투피해평가 보고,2025년 11월 5일 8시 42분,"2여단에 의해 52S DG 279 948 근처 표적(화생방 관련 징후)에 대한 타격 실시, 발수 40발, 손상도 56%로 집계되었고 결과는 제압로 정리됨."
교전/전투피해평가 보고,2025년 11월 5일 9시 26분,"52S DG 281 951 일대에서 공병 팀이 포착되어 포병여단이 화력 약 296발을 투입, 표적 손상도 약 76%로 분석되며 획득 효과는 '효력없음'로 평가됨."
교전/전투피해평가 보고,2025년 11월 5일 9시 55분,"52S DG 282 972 일대에서 방공 전력이 포착되어 1여단이 화력 약 743발을 투입, 표적 손상도 약 22%로 분석되며 획득 효과는 '무력화'로 평가됨."
교전/전투피해평가 보고,2025년 11월 5일 10시 20분,"52S DG 284 986에서 포착된 공병 부대에 대해 2여단의 타격(약 723발) 결과 표적 피해율은 70%로 평가되며, 효과는 '미확인'로 판단됨."
교전/전투피해평가 보고,2025년 11월 5일 11시 5분,"52S DG 281 950 일대에서 기동성 표적이 포착되어 1여단이 화력 약 820발을 투입, 표적 손상도 약 11%로 분석되며 획득 효과는 '미확인'로 평가됨."
교전/전투피해평가 보고,2025년 11월 5일 20시 3분,"52S DG 265 966에서 포착된 공병 부대에 대해 1여단의 타격(약 705발) 결과 표적 피해율은 37%로 평가되며, 효과는 '무력화'로 판단됨."
교전/전투피해평가 보고,2025년 11월 5일 22시 45분,"52S DG 284 953 일대에서 방공 체계이 포착되어 1사단이 화력 약 597발을 투입, 표적 손상도 약 24%로 분석되며 획득 효과는 '무력화'로 평가됨."
교전/전투피해평가 보고,2025년 11월 5일 23시 13분,"3여단에 의해 52S DG 286 971 근처 표적(CBRN 관련 표적)에 대한 타격 실시, 발수 798발, 손상도 39%로 집계되었고 결과는 제압로 정리됨."
교전/전투피해평가 보고,2025년 11월 6일 1시 10분,"52S DG 286 984에서 포착된 기동성 표적에 대해 2여단의 타격(약 454발) 결과 표적 피해율은 25%로 평가되며, 효과는 '제압'로 판단됨."
교전/전투피해평가 보고,2025년 11월 6일 5시 26분,"52S DG 265 952 일대에서 비특정 표적이 포착되어 3여단이 화력 약 455발을 투입, 표적 손상도 약 49%로 분석되며 획득 효과는 '효력없음'로 평가됨."
교전/전투피해평가 보고,2025년 11월 6일 7시 10분,"52S DG 287 955에서 포착된 공병 팀에 대해 1사단의 타격(약 907발) 결과 표적 피해율은 67%로 평가되며, 효과는 '파괴'로 판단됨."
교전/전투피해평가 보고,2025년 11월 6일 10시 51분,"52S DG 279 944에서 포착된 정찰/정보 수집 세력에 대해 1사단의 타격(약 468발) 결과 표적 피해율은 1%로 평가되며, 효과는 '제압'로 판단됨."
교전/전투피해평가 보고,2025년 11월 6일 11시 21분,"52S DG 287 960 일대에서 정찰/정보 수집 세력이 포착되어 포병여단이 화력 약 426발을 투입, 표적 손상도 약 87%로 분석되며 획득 효과는 '제압'로 평가됨."
교전/전투피해평가 보고,2025년 11월 6일 15시 27분,"포병여단에 의해 52S DG 267 984 근처 표적(정보 표적)에 대한 타격 실시, 발수 368발, 손상도 50%로 집계되었고 결과는 무력화로 정리됨."
교전/전투피해평가 보고,2025년 11월 6일 17시 30분,"3여단에 의해 52S DG 273 961 근처 표적(기동 편성)에 대한 타격 실시, 발수 738발, 손상도 85%로 집계되었고 결과는 미확인로 정리됨."
교전/전투피해평가 보고,2025년 11월 6일 23시 51분,"52S DG 288 973 일대에서 비특정 표적이 포착되어 3여단이 화력 약 304발을 투입, 표적 손상도 약 69%로 분석되며 획득 효과는 '제압'로 평가됨."
교전/전투피해평가 보고,2025년 11월 7일 0시 28분,"3여단에 의해 52S DG 281 949 근처 표적(공병 부대)에 대한 타격 실시, 발수 323발, 손상도 28%로 집계되었고 결과는 효력없음로 정리됨."
교전/전투피해평가 보고,2025년 11월 7일 1시 55분,"1사단에 의해 52S DG 278 983 근처 표적(보급대열)에 대한 타격 실시, 발수 369발, 손상도 100%로 집계되었고 결과는 무력화로 정리됨."
교전/전투피해평가 보고,2025년 11월 7일 3시 22분,"52S DG 279 971에서 포착된 방공 전력에 대해 포병여단의 타격(약 673발) 결과 표적 피해율은 40%로 평가되며, 효과는 '미확인'로 판단됨."
교전/전투피해평가 보고,2025년 11월 7일 3시 30분,"52S DG 266 977에서 포착된 공병 팀에 대해 포병여단의 타격(약 218발) 결과 표적 피해율은 56%로 평가되며, 효과는 '파괴'로 판단됨."
교전/전투피해평가 보고,2025년 11월 7일 6시 28분,"3여단에 의해 52S DG 291 986 근처 표적(정찰/정보 수집 세력)에 대한 타격 실시, 발수 673발, 손상도 26%로 집계되었고 결과는 무력화로 정리됨."
교전/전투피해평가 보고,2025년 11월 7일 8시 31분,"52S DG 280 960 일대에서 방공 전력이 포착되어 2여단이 화력 약 294발을 투입, 표적 손상도 약 44%로 분석되며 획득 효과는 '파괴'로 평가됨."
교전/전투피해평가 보고,2025년 11월 7일 9시 24분,"52S DG 290 950에서 포착된 공병 부대에 대해 포병여단의 타격(약 499발) 결과 표적 피해율은 19%로 평가되며, 효과는 '파괴'로 판단됨."
교전/전투피해평가 보고,2025년 11월 7일 9시 51분,"52S DG 264 961 일대에서 방공 전력이 포착되어 1여단이 화력 약 995발을 투입, 표적 손상도 약 5%로 분석되며 획득 효과는 '파괴'로 평가됨."
교전/전투피해평가 보고,2025년 11월 7일 12시 2분,"52S DG 277 962에서 포착된 정찰/정보 수집 세력에 대해 포병여단의 타격(약 111발) 결과 표적 피해율은 43%로 평가되며, 효과는 '미확인'로 판단됨."
교전/전투피해평가 보고,2025년 11월 7일 16시 12분,"52S DG 273 965에서 포착된 비특정 표적에 대해 1사단의 타격(약 89발) 결과 표적 피해율은 9%로 평가되며, 효과는 '미확인'로 판단됨."
교전/전투피해평가 보고,2025년 11월 7일 20시 42분,"52S DG 287 954 일대에서 C2 노드이 포착되어 1여단이 화력 약 817발을 투입, 표적 손상도 약 82%로 분석되며 획득 효과는 '파괴'로 평가됨."
교전/전투피해평가 보고,2025년 11월 7일 21시 19분,"1사단에 의해 52S DG 293 985 근처 표적(CBRN 관련 표적)에 대한 타격 실시, 발수 765발, 손상도 3%로 집계되었고 결과는 미확인로 정리됨."
교전/전투피해평가 보고,2025년 11월 8일 3시 55분,"52S DG 286 969에서 포착된 CBRN 관련 표적에 대해 2여단의 타격(약 754발) 결과 표적 피해율은 29%로 평가되며, 효과는 '제압'로 판단됨."
교전/전투피해평가 보고,2025년 11월 8일 4시 41분,"52S DG 272 982 일대에서 정보 표적이 포착되어 3여단이 화력 약 701발을 투입, 표적 손상도 약 24%로 분석되며 획득 효과는 '제압'로 평가됨."
교전/전투피해평가 보고,2025년 11월 8일 5시 32분,"1여단에 의해 52S DG 272 953 근처 표적(방공 전력)에 대한 타격 실시, 발수 301발, 손상도 39%로 집계되었고 결과는 제압로 정리됨."
교전/전투피해평가 보고,2025년 11월 8일 6시 19분,"3여단에 의해 52S DG 280 976 근처 표적(공병 부대)에 대한 타격 실시, 발수 836발, 손상도 67%로 집계되었고 결과는 미확인로 정리됨."
교전/전투피해평가 보고,2025년 11월 8일 12시 17분,"1사단에 의해 52S DG 267 969 근처 표적(지휘통제 시설)에 대한 타격 실시, 발수 597발, 손상도 31%로 집계되었고 결과는 미확인로 정리됨."
교전/전투피해평가 보고,2025년 11월 8일 18시 6분,"52S DG 270 962에서 포착된 C2 노드에 대해 3여단의 타격(약 326발) 결과 표적 피해율은 47%로 평가되며, 효과는 '효력없음'로 판단됨."
교전/전투피해평가 보고,2025년 11월 8일 20시 40분,"52S DG 272 947 일대에서 기동성 표적이 포착되어 1사단이 화력 약 151발을 투입, 표적 손상도 약 70%로 분석되며 획득 효과는 '제압'로 평가됨."
교전/전투피해평가 보고,2025년 11월 8일 22시 19분,"포병여단에 의해 52S DG 273 963 근처 표적(정찰/정보 수집 세력)에 대한 타격 실시, 발수 150발, 손상도 59%로 집계되었고 결과는 파괴로 정리됨."
교전/전투피해평가 보고,2025년 11월 8일 23시 12분,"52S DG 267 956에서 포착된 화생방 관련 징후에 대해 1사단의 타격(약 723발) 결과 표적 피해율은 21%로 평가되며, 효과는 '미확인'로 판단됨."
교전/전투피해평가 보고,2025년 11월 9일 5시 15분,"52S DG 290 962에서 포착된 수송 편성에 대해 3여단의 타격(약 246발) 결과 표적 피해율은 26%로 평가되며, 효과는 '파괴'로 판단됨."
교전/전투피해평가 보고,2025년 11월 9일 8시 28분,"52S DG 275 967 일대에서 C2 노드이 포착되어 3여단이 화력 약 510발을 투입, 표적 손상도 약 19%로 분석되며 획득 효과는 '무력화'로 평가됨."
교전/전투피해평가 보고,2025년 11월 9일 9시 7분,"52S DG 278 965에서 포착된 지휘통제 시설에 대해 3여단의 타격(약 301발) 결과 표적 피해율은 85%로 평가되며, 효과는 '미확인'로 판단됨."
교전/전투피해평가 보고,2025년 11월 9일 13시 3분,"52S DG 292 948 일대에서 수송 편성이 포착되어 포병여단이 화력 약 469발을 투입, 표적 손상도 약 61%로 분석되며 획득 효과는 '효력없음'로 평가됨."
교전/전투피해평가 보고,2025년 11월 9일 15시 47분,"2여단에 의해 52S DG 276 973 근처 표적(화생방 관련 징후)에 대한 타격 실시, 발수 332발, 손상도 31%로 집계되었고 결과는 파괴로 정리됨."
교전/전투피해평가 보고,2025년 11월 9일 16시 37분,"1여단에 의해 52S DG 269 961 근처 표적(화생방 관련 징후)에 대한 타격 실시, 발수 47발, 손상도 36%로 집계되었고 결과는 무력화로 정리됨."
교전/전투피해평가 보고,2025년 11월 9일 19시 21분,"1여단에 의해 52S DG 281 961 근처 표적(방공 전력)에 대한 타격 실시, 발수 894발, 손상도 80%로 집계되었고 결과는 제압로 정리됨."
교전/전투피해평가 보고,2025년 11월 9일 21시 58분,"3여단에 의해 52S DG 280 951 근처 표적(수송 편성)에 대한 타격 실시, 발수 974발, 손상도 83%로 집계되었고 결과는 미확인로 정리됨."
교전/전투피해평가 보고,2025년 11월 9일 22시 16분,"포병여단에 의해 52S DG 276 976 근처 표적(방공 체계)에 대한 타격 실시, 발수 692발, 손상도 13%로 집계되었고 결과는 파괴로 정리됨."
교전/전투피해평가 보고,2025년 11월 9일 22시 50분,"52S DG 270 954 일대에서 기동성 표적이 포착되어 3여단이 화력 약 618발을 투입, 표적 손상도 약 24%로 분석되며 획득 효과는 '무력화'로 평가됨."
교전/전투피해평가 보고,2025년 11월 10일 1시 56분,"1사단에 의해 52S DG 276 973 근처 표적(CBRN 관련 표적)에 대한 타격 실시, 발수 923발, 손상도 69%로 집계되었고 결과는 효력없음로 정리됨."
교전/전투피해평가 보고,2025년 11월 10일 2시 23분,"52S DG 273 945에서 포착된 기동 편성에 대해 3여단의 타격(약 820발) 결과 표적 피해율은 31%로 평가되며, 효과는 '파괴'로 판단됨."
교전/전투피해평가 보고,2025년 11월 10일 2시 48분,"2여단에 의해 52S DG 282 975 근처 표적(기동 편성)에 대한 타격 실시, 발수 448발, 손상도 76%로 집계되었고 결과는 무력화로 정리됨."
교전/전투피해평가 보고,2025년 11월 10일 3시 53분,"1사단에 의해 52S DG 286 961 근처 표적(기동 편성)에 대한 타격 실시, 발수 556발, 손상도 84%로 집계되었고 결과는 효력없음로 정리됨."
교전/전투피해평가 보고,2025년 11월 10일 8시 40분,"52S DG 274 967에서 포착된 기동 편성에 대해 1사단의 타격(약 973발) 결과 표적 피해율은 68%로 평가되며, 효과는 '미확인'로 판단됨."
교전/전투피해평가 보고,2025년 11월 10일 10시 42분,"52S DG 264 965 일대에서 공병 부대이 포착되어 2여단이 화력 약 465발을 투입, 표적 손상도 약 58%로 분석되며 획득 효과는 '파괴'로 평가됨."
교전/전투피해평가 보고,2025년 11월 10일 11시 7분,"52S DG 284 972 일대에서 지휘통제 시설이 포착되어 2여단이 화력 약 331발을 투입, 표적 손상도 약 14%로 분석되며 획득 효과는 '파괴'로 평가됨."
교전/전투피해평가 보고,2025년 11월 10일 16시 21분,"52S DG 289 952 일대에서 CBRN 관련 표적이 포착되어 1여단이 화력 약 848발을 투입, 표적 손상도 약 9%로 분석되며 획득 효과는 '무력화'로 평가됨."
교전/전투피해평가 보고,2025년 11월 10일 18시 47분,"52S DG 271 975에서 포착된 CBRN 관련 표적에 대해 1사단의 타격(약 210발) 결과 표적 피해율은 54%로 평가되며, 효과는 '무력화'로 판단됨."
교전/전투피해평가 보고,2025년 11월 10일 18시 48분,"1여단에 의해 52S DG 265 956 근처 표적(기동성 표적)에 대한 타격 실시, 발수 714발, 손상도 24%로 집계되었고 결과는 파괴로 정리됨."
교전/전투피해평가 보고,2025년 11월 10일 19시 20분,"2여단에 의해 52S DG 282 944 근처 표적(화생방 관련 징후)에 대한 타격 실시, 발수 263발, 손상도 79%로 집계되었고 결과는 파괴로 정리됨."
교전/전투피해평가 보고,2025년 11월 10일 19시 48분,"52S DG 279 961에서 포착된 비특정 표적에 대해 포병여단의 타격(약 835발) 결과 표적 피해율은 44%로 평가되며, 효과는 '제압'로 판단됨."
교전/전투피해평가 보고,2025년 11월 10일 19시 50분,"52S DG 293 972 일대에서 비특정 표적이 포착되어 1여단이 화력 약 715발을 투입, 표적 손상도 약 57%로 분석되며 획득 효과는 '파괴'로 평가됨."
교전/전투피해평가 보고,2025년 11월 10일 20시 5분,"52S DG 267 967 일대에서 지휘통제 시설이 포착되어 2여단이 화력 약 849발을 투입, 표적 손상도 약 20%로 분석되며 획득 효과는 '제압'로 평가됨."
교전/전투피해평가 보고,2025년 11월 10일 20시 15분,"52S DG 267 952에서 포착된 C2 노드에 대해 1여단의 타격(약 317발) 결과 표적 피해율은 39%로 평가되며, 효과는 '효력없음'로 판단됨."
교전/전투피해평가 보고,2025년 11월 11일 0시 57분,"52S DG 286 953 일대에서 방공 전력이 포착되어 3여단이 화력 약 775발을 투입, 표적 손상도 약 35%로 분석되며 획득 효과는 '미확인'로 평가됨."
교전/전투피해평가 보고,2025년 11월 11일 1시 39분,"52S DG 288 967에서 포착된 기동성 표적에 대해 포병여단의 타격(약 795발) 결과 표적 피해율은 23%로 평가되며, 효과는 '무력화'로 판단됨."
교전/전투피해평가 보고,2025년 11월 11일 3시 23분,"52S DG 281 984 일대에서 공병 팀이 포착되어 1여단이 화력 약 456발을 투입, 표적 손상도 약 62%로 분석되며 획득 효과는 '파괴'로 평가됨."
교전/전투피해평가 보고,2025년 11월 11일 15시 15분,"1사단에 의해 52S DG 270 980 근처 표적(C2 노드)에 대한 타격 실시, 발수 492발, 손상도 62%로 집계되었고 결과는 파괴로 정리됨."
교전/전투피해평가 보고,2025년 11월 11일 17시 7분,"포병여단에 의해 52S DG 267 968 근처 표적(방공 체계)에 대한 타격 실시, 발수 32발, 손상도 50%로 집계되었고 결과는 효력없음로 정리됨."
교전/전투피해평가 보고,2025년 11월 12일 1시 25분,"52S DG 282 979 일대에서 공병 팀이 포착되어 1여단이 화력 약 341발을 투입, 표적 손상도 약 67%로 분석되며 획득 효과는 '미확인'로 평가됨."
교전/전투피해평가 보고,2025년 11월 12일 5시 13분,"52S DG 266 972 일대에서 공병 부대이 포착되어 1사단이 화력 약 881발을 투입, 표적 손상도 약 19%로 분석되며 획득 효과는 '효력없음'로 평가됨."
교전/전투피해평가 보고,2025년 11월 12일 7시 36분,"3여단에 의해 52S DG 281 972 근처 표적(비특정 표적)에 대한 타격 실시, 발수 511발, 손상도 57%로 집계되었고 결과는 미확인로 정리됨."
교전/전투피해평가 보고,2025년 11월 12일 9시 17분,"52S DG 265 977에서 포착된 지휘통제 시설에 대해 1사단의 타격(약 523발) 결과 표적 피해율은 98%로 평가되며, 효과는 '무력화'로 판단됨."
교전/전투피해평가 보고,2025년 11월 12일 16시 24분,"포병여단에 의해 52S DG 271 956 근처 표적(수송 편성)에 대한 타격 실시, 발수 170발, 손상도 3%로 집계되었고 결과는 미확인로 정리됨."
교전/전투피해평가 보고,2025년 11월 12일 17시 21분,"52S DG 280 946에서 포착된 비특정 표적에 대해 포병여단의 타격(약 365발) 결과 표적 피해율은 21%로 평가되며, 효과는 '무력화'로 판단됨."
교전/전투피해평가 보고,2025년 11월 12일 17시 49분,"1사단에 의해 52S DG 267 978 근처 표적(정찰/정보 수집 세력)에 대한 타격 실시, 발수 801발, 손상도 7%로 집계되었고 결과는 제압로 정리됨."
교전/전투피해평가 보고,2025년 11월 12일 23시 53분,"52S DG 294 979에서 포착된 지휘통제 시설에 대해 포병여단의 타격(약 178발) 결과 표적 피해율은 48%로 평가되며, 효과는 '미확인'로 판단됨."
교전/전투피해평가 보고,2025년 11월 13일 4시 6분,"52S DG 293 946 일대에서 기동 편성이 포착되어 1사단이 화력 약 942발을 투입, 표적 손상도 약 38%로 분석되며 획득 효과는 '무력화'로 평가됨."
교전/전투피해평가 보고,2025년 11월 13일 6시 37분,"52S DG 277 951에서 포착된 정찰/정보 수집 세력에 대해 3여단의 타격(약 357발) 결과 표적 피해율은 78%로 평가되며, 효과는 '파괴'로 판단됨."
교전/전투피해평가 보고,2025년 11월 13일 7시 58분,"52S DG 292 971 일대에서 비특정 표적이 포착되어 3여단이 화력 약 411발을 투입, 표적 손상도 약 11%로 분석되며 획득 효과는 '무력화'로 평가됨."
교전/전투피해평가 보고,2025년 11월 13일 10시 53분,"52S DG 264 972에서 포착된 보급대열에 대해 포병여단의 타격(약 827발) 결과 표적 피해율은 67%로 평가되며, 효과는 '제압'로 판단됨."
교전/전투피해평가 보고,2025년 11월 13일 12시 59분,"52S DG 273 961에서 포착된 공병 부대에 대해 1여단의 타격(약 913발) 결과 표적 피해율은 5%로 평가되며, 효과는 '파괴'로 판단됨."
교전/전투피해평가 보고,2025년 11월 13일 17시 33분,"2여단에 의해 52S DG 282 969 근처 표적(비특정 표적)에 대한 타격 실시, 발수 54발, 손상도 9%로 집계되었고 결과는 무력화로 정리됨."
교전/전투피해평가 보고,2025년 11월 13일 18시 23분,"2여단에 의해 52S DG 283 955 근처 표적(화생방 관련 징후)에 대한 타격 실시, 발수 923발, 손상도 7%로 집계되었고 결과는 제압로 정리됨."
교전/전투피해평가 보고,2025년 11월 13일 19시 8분,"52S DG 288 977 일대에서 공병 부대이 포착되어 1여단이 화력 약 770발을 투입, 표적 손상도 약 56%로 분석되며 획득 효과는 '무력화'로 평가됨."
교전/전투피해평가 보고,2025년 11월 13일 21시 6분,"52S DG 292 944에서 포착된 정보 표적에 대해 1여단의 타격(약 169발) 결과 표적 피해율은 86%로 평가되며, 효과는 '제압'로 판단됨."
교전/전투피해평가 보고,2025년 11월 13일 21시 31분,"1사단에 의해 52S DG 289 980 근처 표적(방공 전력)에 대한 타격 실시, 발수 542발, 손상도 96%로 집계되었고 결과는 파괴로 정리됨."
교전/전투피해평가 보고,2025년 11월 14일 1시 47분,"52S DG 278 948 일대에서 지휘통제 시설이 포착되어 2여단이 화력 약 44발을 투입, 표적 손상도 약 35%로 분석되며 획득 효과는 '효력없음'로 평가됨."
교전/전투피해평가 보고,2025년 11월 14일 2시 42분,"52S DG 275 971에서 포착된 화생방 관련 징후에 대해 1여단의 타격(약 343발) 결과 표적 피해율은 11%로 평가되며, 효과는 '효력없음'로 판단됨."
교전/전투피해평가 보고,2025년 11월 14일 2시 54분,"52S DG 269 978에서 포착된 비특정 표적에 대해 3여단의 타격(약 313발) 결과 표적 피해율은 58%로 평가되며, 효과는 '효력없음'로 판단됨."
교전/전투피해평가 보고,2025년 11월 14일 3시 5분,"52S DG 288 956 일대에서 화생방 관련 징후이 포착되어 포병여단이 화력 약 517발을 투입, 표적 손상도 약 31%로 분석되며 획득 효과는 '제압'로 평가됨."
교전/전투피해평가 보고,2025년 11월 14일 3시 33분,"52S DG 293 971에서 포착된 방공 전력에 대해 2여단의 타격(약 793발) 결과 표적 피해율은 92%로 평가되며, 효과는 '파괴'로 판단됨."
교전/전투피해평가 보고,2025년 11월 14일 17시 56분,"3여단에 의해 52S DG 268 980 근처 표적(보급대열)에 대한 타격 실시, 발수 334발, 손상도 67%로 집계되었고 결과는 효력없음로 정리됨."
교전/전투피해평가 보고,2025년 11월 14일 20시 51분,"52S DG 265 962에서 포착된 기동 편성에 대해 3여단의 타격(약 424발) 결과 표적 피해율은 77%로 평가되며, 효과는 '무력화'로 판단됨."
교전/전투피해평가 보고,2025년 11월 15일 4시 26분,"52S DG 291 969 일대에서 CBRN 관련 표적이 포착되어 3여단이 화력 약 747발을 투입, 표적 손상도 약 24%로 분석되며 획득 효과는 '무력화'로 평가됨."
교전/전투피해평가 보고,2025년 11월 15일 6시 23분,"2여단에 의해 52S DG 269 953 근처 표적(방공 체계)에 대한 타격 실시, 발수 242발, 손상도 31%로 집계되었고 결과는 미확인로 정리됨."
교전/전투피해평가 보고,2025년 11월 15일 8시 41분,"52S DG 264 951에서 포착된 공병 부대에 대해 3여단의 타격(약 321발) 결과 표적 피해율은 60%로 평가되며, 효과는 '무력화'로 판단됨."
교전/전투피해평가 보고,2025년 11월 15일 11시 9분,"52S DG 265 983에서 포착된 방공 전력에 대해 1사단의 타격(약 830발) 결과 표적 피해율은 93%로 평가되며, 효과는 '효력없음'로 판단됨."
교전/전투피해평가 보고,2025년 11월 15일 15시 3분,"52S DG 264 948 일대에서 기동성 표적이 포착되어 포병여단이 화력 약 371발을 투입, 표적 손상도 약 41%로 분석되며 획득 효과는 '미확인'로 평가됨."
교전/전투피해평가 보고,2025년 11월 15일 19시 56분,"52S DG 289 954에서 포착된 기동 편성에 대해 1여단의 타격(약 559발) 결과 표적 피해율은 92%로 평가되며, 효과는 '파괴'로 판단됨."
교전/전투피해평가 보고,2025년 11월 15일 23시 48분,"52S DG 274 955에서 포착된 기동 편성에 대해 1사단의 타격(약 985발) 결과 표적 피해율은 74%로 평가되며, 효과는 '파괴'로 판단됨."
교전/전투피해평가 보고,2025년 11월 16일 3시 2분,"52S DG 280 945 일대에서 C2 노드이 포착되어 2여단이 화력 약 485발을 투입, 표적 손상도 약 60%로 분석되며 획득 효과는 '제압'로 평가됨."
교전/전투피해평가 보고,2025년 11월 16일 4시 31분,"52S DG 269 947에서 포착된 공병 팀에 대해 2여단의 타격(약 66발) 결과 표적 피해율은 9%로 평가되며, 효과는 '효력없음'로 판단됨."
교전/전투피해평가 보고,2025년 11월 16일 7시 44분,"52S DG 290 957에서 포착된 보급대열에 대해 1사단의 타격(약 743발) 결과 표적 피해율은 45%로 평가되며, 효과는 '미확인'로 판단됨."
교전/전투피해평가 보고,2025년 11월 16일 17시 11분,"52S DG 275 979에서 포착된 정보 표적에 대해 3여단의 타격(약 872발) 결과 표적 피해율은 47%로 평가되며, 효과는 '무력화'로 판단됨."
교전/전투피해평가 보고,2025년 11월 16일 21시 32분,"2여단에 의해 52S DG 292 985 근처 표적(기동성 표적)에 대한 타격 실시, 발수 597발, 손상도 25%로 집계되었고 결과는 무력화로 정리됨."
교전/전투피해평가 보고,2025년 11월 17일 1시 1분,"52S DG 267 951에서 포착된 비특정 표적에 대해 3여단의 타격(약 894발) 결과 표적 피해율은 60%로 평가되며, 효과는 '무력화'로 판단됨."
교전/전투피해평가 보고,2025년 11월 17일 1시 3분,"52S DG 279 983 일대에서 정보 표적이 포착되어 3여단이 화력 약 798발을 투입, 표적 손상도 약 15%로 분석되며 획득 효과는 '제압'로 평가됨."
교전/전투피해평가 보고,2025년 11월 17일 1시 22분,"1여단에 의해 52S DG 266 972 근처 표적(화생방 관련 징후)에 대한 타격 실시, 발수 932발, 손상도 82%로 집계되었고 결과는 제압로 정리됨."
교전/전투피해평가 보고,2025년 11월 17일 4시 8분,"2여단에 의해 52S DG 270 965 근처 표적(공병 팀)에 대한 타격 실시, 발수 493발, 손상도 77%로 집계되었고 결과는 효력없음로 정리됨."
교전/전투피해평가 보고,2025년 11월 17일 4시 52분,"2여단에 의해 52S DG 284 963 근처 표적(비특정 표적)에 대한 타격 실시, 발수 142발, 손상도 37%로 집계되었고 결과는 효력없음로 정리됨."
교전/전투피해평가 보고,2025년 11월 17일 6시 41분,"포병여단에 의해 52S DG 293 965 근처 표적(지휘통제 시설)에 대한 타격 실시, 발수 506발, 손상도 7%로 집계되었고 결과는 효력없음로 정리됨."
교전/전투피해평가 보고,2025년 11월 17일 6시 58분,"1여단에 의해 52S DG 279 984 근처 표적(공병 팀)에 대한 타격 실시, 발수 182발, 손상도 41%로 집계되었고 결과는 파괴로 정리됨."
교전/전투피해평가 보고,2025년 11월 17일 8시 1분,"52S DG 267 967 일대에서 수송 편성이 포착되어 1여단이 화력 약 537발을 투입, 표적 손상도 약 47%로 분석되며 획득 효과는 '파괴'로 평가됨."
교전/전투피해평가 보고,2025년 11월 17일 12시 23분,"52S DG 288 986 일대에서 수송 편성이 포착되어 2여단이 화력 약 271발을 투입, 표적 손상도 약 28%로 분석되며 획득 효과는 '무력화'로 평가됨."
교전/전투피해평가 보고,2025년 11월 17일 13시 57분,"2여단에 의해 52S DG 275 980 근처 표적(기동 편성)에 대한 타격 실시, 발수 347발, 손상도 77%로 집계되었고 결과는 파괴로 정리됨."
교전/전투피해평가 보고,2025년 11월 17일 14시 8분,"52S DG 292 970에서 포착된 비특정 표적에 대해 3여단의 타격(약 148발) 결과 표적 피해율은 51%로 평가되며, 효과는 '효력없음'로 판단됨."
교전/전투피해평가 보고,2025년 11월 17일 14시 43분,"포병여단에 의해 52S DG 282 966 근처 표적(정찰/정보 수집 세력)에 대한 타격 실시, 발수 518발, 손상도 25%로 집계되었고 결과는 미확인로 정리됨."
교전/전투피해평가 보고,2025년 11월 17일 17시 21분,"52S DG 290 954에서 포착된 공병 팀에 대해 2여단의 타격(약 501발) 결과 표적 피해율은 60%로 평가되며, 효과는 '파괴'로 판단됨."
교전/전투피해평가 보고,2025년 11월 17일 18시 10분,"3여단에 의해 52S DG 270 981 근처 표적(기동 편성)에 대한 타격 실시, 발수 543발, 손상도 14%로 집계되었고 결과는 무력화로 정리됨."
교전/전투피해평가 보고,2025년 11월 17일 21시 55분,"포병여단에 의해 52S DG 277 967 근처 표적(방공 전력)에 대한 타격 실시, 발수 937발, 손상도 37%로 집계되었고 결과는 무력화로 정리됨."
교전/전투피해평가 보고,2025년 11월 18일 2시 25분,"1여단에 의해 52S DG 276 972 근처 표적(기동성 표적)에 대한 타격 실시, 발수 952발, 손상도 99%로 집계되었고 결과는 미확인로 정리됨."
교전/전투피해평가 보고,2025년 11월 18일 5시 55분,"52S DG 264 983에서 포착된 방공 전력에 대해 1사단의 타격(약 409발) 결과 표적 피해율은 35%로 평가되며, 효과는 '제압'로 판단됨."
교전/전투피해평가 보고,2025년 11월 18일 6시 21분,"52S DG 279 963에서 포착된 지휘통제 시설에 대해 포병여단의 타격(약 185발) 결과 표적 피해율은 99%로 평가되며, 효과는 '효력없음'로 판단됨."
교전/전투피해평가 보고,2025년 11월 18일 9시 36분,"1여단에 의해 52S DG 279 978 근처 표적(정보 표적)에 대한 타격 실시, 발수 620발, 손상도 65%로 집계되었고 결과는 무력화로 정리됨."
교전/전투피해평가 보고,2025년 11월 18일 11시 42분,"52S DG 279 961 일대에서 공병 부대이 포착되어 1여단이 화력 약 6발을 투입, 표적 손상도 약 91%로 분석되며 획득 효과는 '파괴'로 평가됨."
교전/전투피해평가 보고,2025년 11월 18일 12시 54분,"52S DG 290 976 일대에서 C2 노드이 포착되어 포병여단이 화력 약 760발을 투입, 표적 손상도 약 5%로 분석되며 획득 효과는 '파괴'로 평가됨."
교전/전투피해평가 보고,2025년 11월 18일 14시 1분,"52S DG 277 946에서 포착된 정보 표적에 대해 1여단의 타격(약 323발) 결과 표적 피해율은 47%로 평가되며, 효과는 '파괴'로 판단됨."
교전/전투피해평가 보고,2025년 11월 18일 15시 9분,"52S DG 273 970 일대에서 정보 표적이 포착되어 1여단이 화력 약 772발을 투입, 표적 손상도 약 90%로 분석되며 획득 효과는 '무력화'로 평가됨."
교전/전투피해평가 보고,2025년 11월 18일 15시 36분,"3여단에 의해 52S DG 278 952 근처 표적(공병 팀)에 대한 타격 실시, 발수 24발, 손상도 74%로 집계되었고 결과는 무력화로 정리됨."
교전/전투피해평가 보고,2025년 11월 18일 16시 14분,"52S DG 280 955에서 포착된 보급대열에 대해 포병여단의 타격(약 27발) 결과 표적 피해율은 23%로 평가되며, 효과는 '제압'로 판단됨."
교전/전투피해평가 보고,2025년 11월 18일 17시 44분,"52S DG 294 975 일대에서 지휘통제 시설이 포착되어 3여단이 화력 약 676발을 투입, 표적 손상도 약 63%로 분석되며 획득 효과는 '효력없음'로 평가됨."
교전/전투피해평가 보고,2025년 11월 18일 21시 34분,"52S DG 290 954 일대에서 방공 체계이 포착되어 포병여단이 화력 약 43발을 투입, 표적 손상도 약 40%로 분석되며 획득 효과는 '제압'로 평가됨."
교전/전투피해평가 보고,2025년 11월 19일 3시 12분,"52S DG 271 978에서 포착된 비특정 표적에 대해 1사단의 타격(약 117발) 결과 표적 피해율은 65%로 평가되며, 효과는 '제압'로 판단됨."
교전/전투피해평가 보고,2025년 11월 19일 4시 45분,"52S DG 276 959에서 포착된 지휘통제 시설에 대해 2여단의 타격(약 393발) 결과 표적 피해율은 73%로 평가되며, 효과는 '무력화'로 판단됨."
교전/전투피해평가 보고,2025년 11월 19일 5시 37분,"52S DG 274 979에서 포착된 C2 노드에 대해 2여단의 타격(약 733발) 결과 표적 피해율은 94%로 평가되며, 효과는 '미확인'로 판단됨."
교전/전투피해평가 보고,2025년 11월 19일 7시 27분,"52S DG 282 977에서 포착된 화생방 관련 징후에 대해 1여단의 타격(약 661발) 결과 표적 피해율은 39%로 평가되며, 효과는 '무력화'로 판단됨."
교전/전투피해평가 보고,2025년 11월 19일 10시 34분,"52S DG 285 972에서 포착된 수송 편성에 대해 1사단의 타격(약 69발) 결과 표적 피해율은 78%로 평가되며, 효과는 '파괴'로 판단됨."
교전/전투피해평가 보고,2025년 11월 19일 13시 56분,"52S DG 292 970에서 포착된 공병 팀에 대해 1여단의 타격(약 782발) 결과 표적 피해율은 47%로 평가되며, 효과는 '효력없음'로 판단됨."
교전/전투피해평가 보고,2025년 11월 19일 20시 13분,"52S DG 269 945에서 포착된 기동성 표적에 대해 1사단의 타격(약 51발) 결과 표적 피해율은 79%로 평가되며, 효과는 '제압'로 판단됨."
교전/전투피해평가 보고,2025년 11월 19일 20시 39분,"52S DG 273 968에서 포착된 C2 노드에 대해 1사단의 타격(약 627발) 결과 표적 피해율은 15%로 평가되며, 효과는 '파괴'로 판단됨."
교전/전투피해평가 보고,2025년 11월 19일 21시 25분,"52S DG 288 976에서 포착된 비특정 표적에 대해 1여단의 타격(약 121발) 결과 표적 피해율은 71%로 평가되며, 효과는 '미확인'로 판단됨."
교전/전투피해평가 보고,2025년 11월 19일 23시 5분,"포병여단에 의해 52S DG 264 951 근처 표적(공병 부대)에 대한 타격 실시, 발수 383발, 손상도 24%로 집계되었고 결과는 미확인로 정리됨."
교전/전투피해평가 보고,2025년 11월 19일 23시 15분,"1사단에 의해 52S DG 283 980 근처 표적(기동 편성)에 대한 타격 실시, 발수 649발, 손상도 77%로 집계되었고 결과는 효력없음로 정리됨."
교전/전투피해평가 보고,2025년 11월 20일 1시 2분,"52S DG 276 981에서 포착된 정찰/정보 수집 세력에 대해 포병여단의 타격(약 757발) 결과 표적 피해율은 86%로 평가되며, 효과는 '제압'로 판단됨."
교전/전투피해평가 보고,2025년 11월 20일 1시 45분,"52S DG 276 962에서 포착된 정찰/정보 수집 세력에 대해 3여단의 타격(약 926발) 결과 표적 피해율은 19%로 평가되며, 효과는 '효력없음'로 판단됨."
교전/전투피해평가 보고,2025년 11월 20일 2시 25분,"52S DG 274 945에서 포착된 수송 편성에 대해 1여단의 타격(약 67발) 결과 표적 피해율은 96%로 평가되며, 효과는 '무력화'로 판단됨."
교전/전투피해평가 보고,2025년 11월 20일 5시 37분,"52S DG 282 985 일대에서 보급대열이 포착되어 1사단이 화력 약 492발을 투입, 표적 손상도 약 89%로 분석되며 획득 효과는 '효력없음'로 평가됨."
교전/전투피해평가 보고,2025년 11월 20일 5시 51분,"52S DG 288 965에서 포착된 보급대열에 대해 1사단의 타격(약 820발) 결과 표적 피해율은 22%로 평가되며, 효과는 '무력화'로 판단됨."
교전/전투피해평가 보고,2025년 11월 20일 7시 40분,"52S DG 270 979에서 포착된 비특정 표적에 대해 3여단의 타격(약 730발) 결과 표적 피해율은 28%로 평가되며, 효과는 '제압'로 판단됨."
교전/전투피해평가 보고,2025년 11월 20일 8시 9분,"1사단에 의해 52S DG 286 978 근처 표적(지휘통제 시설)에 대한 타격 실시, 발수 404발, 손상도 83%로 집계되었고 결과는 무력화로 정리됨."
교전/전투피해평가 보고,2025년 11월 20일 13시 27분,"52S DG 294 985에서 포착된 비특정 표적에 대해 1사단의 타격(약 497발) 결과 표적 피해율은 57%로 평가되며, 효과는 '효력없음'로 판단됨."
교전/전투피해평가 보고,2025년 11월 20일 13시 40분,"1여단에 의해 52S DG 268 967 근처 표적(정찰/정보 수집 세력)에 대한 타격 실시, 발수 476발, 손상도 87%로 집계되었고 결과는 무력화로 정리됨."
교전/전투피해평가 보고,2025년 11월 20일 18시 35분,"52S DG 280 984에서 포착된 기동성 표적에 대해 2여단의 타격(약 184발) 결과 표적 피해율은 24%로 평가되며, 효과는 '제압'로 판단됨."
교전/전투피해평가 보고,2025년 11월 20일 19시 53분,"52S DG 289 944 일대에서 화생방 관련 징후이 포착되어 1여단이 화력 약 698발을 투입, 표적 손상도 약 29%로 분석되며 획득 효과는 '효력없음'로 평가됨."
교전/전투피해평가 보고,2025년 11월 20일 21시 23분,"포병여단에 의해 52S DG 269 973 근처 표적(공병 팀)에 대한 타격 실시, 발수 580발, 손상도 63%로 집계되었고 결과는 미확인로 정리됨."
교전/전투피해평가 보고,2025년 11월 20일 22시 37분,"52S DG 272 961에서 포착된 비특정 표적에 대해 1사단의 타격(약 984발) 결과 표적 피해율은 0%로 평가되며, 효과는 '무력화'로 판단됨."
교전/전투피해평가 보고,2025년 11월 21일 0시 58분,"2여단에 의해 52S DG 291 956 근처 표적(CBRN 관련 표적)에 대한 타격 실시, 발수 623발, 손상도 55%로 집계되었고 결과는 효력없음로 정리됨."
교전/전투피해평가 보고,2025년 11월 21일 1시 7분,"2여단에 의해 52S DG 276 945 근처 표적(비특정 표적)에 대한 타격 실시, 발수 795발, 손상도 22%로 집계되었고 결과는 파괴로 정리됨."
교전/전투피해평가 보고,2025년 11월 21일 3시 46분,"52S DG 267 944에서 포착된 CBRN 관련 표적에 대해 1사단의 타격(약 692발) 결과 표적 피해율은 48%로 평가되며, 효과는 '파괴'로 판단됨."
교전/전투피해평가 보고,2025년 11월 21일 3시 49분,"52S DG 270 971에서 포착된 기동 편성에 대해 1여단의 타격(약 641발) 결과 표적 피해율은 79%로 평가되며, 효과는 '미확인'로 판단됨."
교전/전투피해평가 보고,2025년 11월 21일 5시 47분,"52S DG 271 946에서 포착된 화생방 관련 징후에 대해 2여단의 타격(약 446발) 결과 표적 피해율은 8%로 평가되며, 효과는 '파괴'로 판단됨."
교전/전투피해평가 보고,2025년 11월 21일 6시 33분,"1사단에 의해 52S DG 272 964 근처 표적(방공 체계)에 대한 타격 실시, 발수 354발, 손상도 2%로 집계되었고 결과는 효력없음로 정리됨."
교전/전투피해평가 보고,2025년 11월 21일 6시 59분,"52S DG 276 974 일대에서 비특정 표적이 포착되어 1여단이 화력 약 296발을 투입, 표적 손상도 약 65%로 분석되며 획득 효과는 '무력화'로 평가됨."
교전/전투피해평가 보고,2025년 11월 21일 11시 40분,"52S DG 278 945 일대에서 CBRN 관련 표적이 포착되어 1사단이 화력 약 47발을 투입, 표적 손상도 약 45%로 분석되며 획득 효과는 '파괴'로 평가됨."
교전/전투피해평가 보고,2025년 11월 21일 15시 38분,"3여단에 의해 52S DG 266 957 근처 표적(화생방 관련 징후)에 대한 타격 실시, 발수 492발, 손상도 11%로 집계되었고 결과는 효력없음로 정리됨."
교전/전투피해평가 보고,2025년 11월 21일 19시 13분,"포병여단에 의해 52S DG 294 983 근처 표적(정찰/정보 수집 세력)에 대한 타격 실시, 발수 373발, 손상도 60%로 집계되었고 결과는 미확인로 정리됨."
교전/전투피해평가 보고,2025년 11월 21일 19시 50분,"3여단에 의해 52S DG 283 979 근처 표적(C2 노드)에 대한 타격 실시, 발수 197발, 손상도 50%로 집계되었고 결과는 파괴로 정리됨."
교전/전투피해평가 보고,2025년 11월 21일 21시 48분,"52S DG 266 973에서 포착된 비특정 표적에 대해 2여단의 타격(약 656발) 결과 표적 피해율은 95%로 평가되며, 효과는 '파괴'로 판단됨."
교전/전투피해평가 보고,2025년 11월 21일 22시 7분,"1여단에 의해 52S DG 284 979 근처 표적(공병 팀)에 대한 타격 실시, 발수 316발, 손상도 49%로 집계되었고 결과는 파괴로 정리됨."
교전/전투피해평가 보고,2025년 11월 21일 23시 21분,"52S DG 268 944에서 포착된 기동 편성에 대해 1여단의 타격(약 645발) 결과 표적 피해율은 43%로 평가되며, 효과는 '파괴'로 판단됨."
교전/전투피해평가 보고,2025년 11월 22일 2시 24분,"52S DG 276 967에서 포착된 비특정 표적에 대해 1사단의 타격(약 824발) 결과 표적 피해율은 7%로 평가되며, 효과는 '제압'로 판단됨."
교전/전투피해평가 보고,2025년 11월 22일 3시 43분,"52S DG 287 981 일대에서 방공 체계이 포착되어 1사단이 화력 약 344발을 투입, 표적 손상도 약 15%로 분석되며 획득 효과는 '제압'로 평가됨."
교전/전투피해평가 보고,2025년 11월 22일 4시 49분,"52S DG 273 944에서 포착된 지휘통제 시설에 대해 1여단의 타격(약 277발) 결과 표적 피해율은 6%로 평가되며, 효과는 '제압'로 판단됨."
교전/전투피해평가 보고,2025년 11월 22일 6시 59분,"1사단에 의해 52S DG 288 968 근처 표적(CBRN 관련 표적)에 대한 타격 실시, 발수 394발, 손상도 9%로 집계되었고 결과는 파괴로 정리됨."
교전/전투피해평가 보고,2025년 11월 22일 7시 57분,"52S DG 294 972에서 포착된 방공 체계에 대해 포병여단의 타격(약 553발) 결과 표적 피해율은 63%로 평가되며, 효과는 '파괴'로 판단됨."
교전/전투피해평가 보고,2025년 11월 22일 9시 29분,"52S DG 273 973 일대에서 보급대열이 포착되어 1여단이 화력 약 627발을 투입, 표적 손상도 약 20%로 분석되며 획득 효과는 '제압'로 평가됨."
교전/전투피해평가 보고,2025년 11월 22일 9시 34분,"52S DG 279 974 일대에서 화생방 관련 징후이 포착되어 1사단이 화력 약 2발을 투입, 표적 손상도 약 28%로 분석되며 획득 효과는 '효력없음'로 평가됨."
교전/전투피해평가 보고,2025년 11월 22일 14시 26분,"52S DG 276 960에서 포착된 공병 팀에 대해 포병여단의 타격(약 908발) 결과 표적 피해율은 98%로 평가되며, 효과는 '무력화'로 판단됨."
교전/전투피해평가 보고,2025년 11월 22일 14시 36분,"1여단에 의해 52S DG 278 981 근처 표적(정보 표적)에 대한 타격 실시, 발수 296발, 손상도 100%로 집계되었고 결과는 미확인로 정리됨."
교전/전투피해평가 보고,2025년 11월 22일 15시 20분,"52S DG 285 952 일대에서 수송 편성이 포착되어 포병여단이 화력 약 958발을 투입, 표적 손상도 약 17%로 분석되며 획득 효과는 '미확인'로 평가됨."
교전/전투피해평가 보고,2025년 11월 22일 17시 22분,"1사단에 의해 52S DG 279 973 근처 표적(비특정 표적)에 대한 타격 실시, 발수 614발, 손상도 57%로 집계되었고 결과는 미확인로 정리됨."
교전/전투피해평가 보고,2025년 11월 22일 19시 56분,"52S DG 265 969에서 포착된 방공 체계에 대해 2여단의 타격(약 96발) 결과 표적 피해율은 50%로 평가되며, 효과는 '효력없음'로 판단됨."
교전/전투피해평가 보고,2025년 11월 22일 20시 40분,"52S DG 268 961 일대에서 수송 편성이 포착되어 1사단이 화력 약 145발을 투입, 표적 손상도 약 67%로 분석되며 획득 효과는 '효력없음'로 평가됨."
교전/전투피해평가 보고,2025년 11월 22일 22시 34분,"52S DG 281 972에서 포착된 정보 표적에 대해 1여단의 타격(약 882발) 결과 표적 피해율은 52%로 평가되며, 효과는 '제압'로 판단됨."
교전/전투피해평가 보고,2025년 11월 23일 2시 20분,"52S DG 267 968에서 포착된 공병 부대에 대해 2여단의 타격(약 300발) 결과 표적 피해율은 77%로 평가되며, 효과는 '파괴'로 판단됨."
교전/전투피해평가 보고,2025년 11월 23일 4시 29분,"52S DG 272 974에서 포착된 방공 전력에 대해 3여단의 타격(약 15발) 결과 표적 피해율은 11%로 평가되며, 효과는 '효력없음'로 판단됨."
교전/전투피해평가 보고,2025년 11월 23일 6시 37분,"3여단에 의해 52S DG 268 980 근처 표적(공병 팀)에 대한 타격 실시, 발수 187발, 손상도 57%로 집계되었고 결과는 무력화로 정리됨."
교전/전투피해평가 보고,2025년 11월 23일 10시 49분,"52S DG 294 964에서 포착된 지휘통제 시설에 대해 1여단의 타격(약 42발) 결과 표적 피해율은 48%로 평가되며, 효과는 '무력화'로 판단됨."
교전/전투피해평가 보고,2025년 11월 23일 13시 24분,"52S DG 283 982에서 포착된 CBRN 관련 표적에 대해 3여단의 타격(약 527발) 결과 표적 피해율은 95%로 평가되며, 효과는 '미확인'로 판단됨."
교전/전투피해평가 보고,2025년 11월 23일 13시 35분,"52S DG 280 948에서 포착된 방공 전력에 대해 1사단의 타격(약 293발) 결과 표적 피해율은 100%로 평가되며, 효과는 '효력없음'로 판단됨."
교전/전투피해평가 보고,2025년 11월 23일 14시 2분,"52S DG 284 969에서 포착된 정보 표적에 대해 1사단의 타격(약 445발) 결과 표적 피해율은 48%로 평가되며, 효과는 '제압'로 판단됨."
교전/전투피해평가 보고,2025년 11월 23일 14시 36분,"52S DG 282 957 일대에서 비특정 표적이 포착되어 1여단이 화력 약 835발을 투입, 표적 손상도 약 84%로 분석되며 획득 효과는 '무력화'로 평가됨."
교전/전투피해평가 보고,2025년 11월 23일 18시 53분,"2여단에 의해 52S DG 277 958 근처 표적(C2 노드)에 대한 타격 실시, 발수 694발, 손상도 9%로 집계되었고 결과는 제압로 정리됨."
교전/전투피해평가 보고,2025년 11월 23일 19시 34분,"52S DG 291 960에서 포착된 공병 부대에 대해 1사단의 타격(약 145발) 결과 표적 피해율은 23%로 평가되며, 효과는 '효력없음'로 판단됨."
교전/전투피해평가 보고,2025년 11월 23일 21시 17분,"52S DG 293 952 일대에서 CBRN 관련 표적이 포착되어 1사단이 화력 약 906발을 투입, 표적 손상도 약 31%로 분석되며 획득 효과는 '파괴'로 평가됨."
교전/전투피해평가 보고,2025년 11월 23일 21시 34분,"52S DG 280 951에서 포착된 CBRN 관련 표적에 대해 포병여단의 타격(약 254발) 결과 표적 피해율은 74%로 평가되며, 효과는 '미확인'로 판단됨."
교전/전투피해평가 보고,2025년 11월 24일 9시 3분,"52S DG 268 948에서 포착된 비특정 표적에 대해 포병여단의 타격(약 529발) 결과 표적 피해율은 86%로 평가되며, 효과는 '미확인'로 판단됨."
교전/전투피해평가 보고,2025년 11월 24일 12시 53분,"52S DG 292 977 일대에서 C2 노드이 포착되어 2여단이 화력 약 469발을 투입, 표적 손상도 약 53%로 분석되며 획득 효과는 '무력화'로 평가됨."
교전/전투피해평가 보고,2025년 11월 24일 18시 28분,"52S DG 292 947에서 포착된 C2 노드에 대해 1여단의 타격(약 175발) 결과 표적 피해율은 70%로 평가되며, 효과는 '제압'로 판단됨."
교전/전투피해평가 보고,2025년 11월 24일 19시 35분,"1사단에 의해 52S DG 286 957 근처 표적(정보 표적)에 대한 타격 실시, 발수 635발, 손상도 33%로 집계되었고 결과는 효력없음로 정리됨."
교전/전투피해평가 보고,2025년 11월 24일 20시 33분,"3여단에 의해 52S DG 268 958 근처 표적(정보 표적)에 대한 타격 실시, 발수 611발, 손상도 25%로 집계되었고 결과는 무력화로 정리됨."
교전/전투피해평가 보고,2025년 11월 24일 21시 11분,"52S DG 267 969에서 포착된 기동 편성에 대해 3여단의 타격(약 589발) 결과 표적 피해율은 99%로 평가되며, 효과는 '효력없음'로 판단됨."
교전/전투피해평가 보고,2025년 11월 24일 21시 16분,"52S DG 268 984에서 포착된 C2 노드에 대해 1여단의 타격(약 74발) 결과 표적 피해율은 7%로 평가되며, 효과는 '파괴'로 판단됨."
교전/전투피해평가 보고,2025년 11월 24일 21시 34분,"52S DG 289 950에서 포착된 수송 편성에 대해 2여단의 타격(약 207발) 결과 표적 피해율은 43%로 평가되며, 효과는 '무력화'로 판단됨."
교전/전투피해평가 보고,2025년 11월 25일 1시 14분,"2여단에 의해 52S DG 286 956 근처 표적(공병 부대)에 대한 타격 실시, 발수 736발, 손상도 49%로 집계되었고 결과는 파괴로 정리됨."
교전/전투피해평가 보고,2025년 11월 25일 1시 16분,"52S DG 289 957에서 포착된 기동 편성에 대해 1사단의 타격(약 517발) 결과 표적 피해율은 97%로 평가되며, 효과는 '효력없음'로 판단됨."
교전/전투피해평가 보고,2025년 11월 25일 8시 35분,"52S DG 275 979에서 포착된 공병 팀에 대해 3여단의 타격(약 986발) 결과 표적 피해율은 11%로 평가되며, 효과는 '무력화'로 판단됨."
교전/전투피해평가 보고,2025년 11월 25일 10시 23분,"52S DG 270 979 일대에서 공병 부대이 포착되어 3여단이 화력 약 288발을 투입, 표적 손상도 약 56%로 분석되며 획득 효과는 '무력화'로 평가됨."
교전/전투피해평가 보고,2025년 11월 25일 10시 44분,"52S DG 286 959 일대에서 공병 부대이 포착되어 2여단이 화력 약 604발을 투입, 표적 손상도 약 53%로 분석되며 획득 효과는 '효력없음'로 평가됨."
교전/전투피해평가 보고,2025년 11월 25일 17시 9분,"52S DG 267 971 일대에서 기동성 표적이 포착되어 1여단이 화력 약 812발을 투입, 표적 손상도 약 59%로 분석되며 획득 효과는 '효력없음'로 평가됨."
교전/전투피해평가 보고,2025년 11월 25일 17시 37분,"52S DG 285 978 일대에서 보급대열이 포착되어 포병여단이 화력 약 275발을 투입, 표적 손상도 약 46%로 분석되며 획득 효과는 '파괴'로 평가됨."
교전/전투피해평가 보고,2025년 11월 25일 21시 57분,"포병여단에 의해 52S DG 279 985 근처 표적(공병 부대)에 대한 타격 실시, 발수 757발, 손상도 48%로 집계되었고 결과는 파괴로 정리됨."
교전/전투피해평가 보고,2025년 11월 25일 22시 24분,"52S DG 271 986에서 포착된 C2 노드에 대해 1여단의 타격(약 772발) 결과 표적 피해율은 14%로 평가되며, 효과는 '무력화'로 판단됨."
교전/전투피해평가 보고,2025년 11월 25일 23시 37분,"52S DG 279 965 일대에서 보급대열이 포착되어 1사단이 화력 약 11발을 투입, 표적 손상도 약 47%로 분석되며 획득 효과는 '파괴'로 평가됨."
교전/전투피해평가 보고,2025년 11월 26일 0시 20분,"1여단에 의해 52S DG 275 967 근처 표적(화생방 관련 징후)에 대한 타격 실시, 발수 231발, 손상도 64%로 집계되었고 결과는 제압로 정리됨."
교전/전투피해평가 보고,2025년 11월 26일 1시 48분,"52S DG 275 955에서 포착된 기동성 표적에 대해 1사단의 타격(약 236발) 결과 표적 피해율은 15%로 평가되며, 효과는 '효력없음'로 판단됨."
교전/전투피해평가 보고,2025년 11월 26일 4시 42분,"52S DG 278 979 일대에서 공병 팀이 포착되어 포병여단이 화력 약 77발을 투입, 표적 손상도 약 50%로 분석되며 획득 효과는 '제압'로 평가됨."
교전/전투피해평가 보고,2025년 11월 26일 7시 35분,"3여단에 의해 52S DG 290 978 근처 표적(지휘통제 시설)에 대한 타격 실시, 발수 437발, 손상도 82%로 집계되었고 결과는 미확인로 정리됨."
교전/전투피해평가 보고,2025년 11월 26일 17시 22분,"52S DG 278 953에서 포착된 정찰/정보 수집 세력에 대해 1사단의 타격(약 919발) 결과 표적 피해율은 32%로 평가되며, 효과는 '효력없음'로 판단됨."
교전/전투피해평가 보고,2025년 11월 26일 19시 25분,"52S DG 285 944에서 포착된 정찰/정보 수집 세력에 대해 1사단의 타격(약 822발) 결과 표적 피해율은 24%로 평가되며, 효과는 '파괴'로 판단됨."
교전/전투피해평가 보고,2025년 11월 27일 10시 9분,"52S DG 280 979에서 포착된 지휘통제 시설에 대해 1사단의 타격(약 594발) 결과 표적 피해율은 19%로 평가되며, 효과는 '미확인'로 판단됨."
교전/전투피해평가 보고,2025년 11월 27일 14시 27분,"포병여단에 의해 52S DG 269 981 근처 표적(정찰/정보 수집 세력)에 대한 타격 실시, 발수 997발, 손상도 83%로 집계되었고 결과는 무력화로 정리됨."
교전/전투피해평가 보고,2025년 11월 27일 16시 20분,"52S DG 268 979 일대에서 방공 체계이 포착되어 포병여단이 화력 약 790발을 투입, 표적 손상도 약 64%로 분석되며 획득 효과는 '무력화'로 평가됨."
교전/전투피해평가 보고,2025년 11월 27일 22시 48분,"52S DG 294 949 일대에서 공병 부대이 포착되어 3여단이 화력 약 108발을 투입, 표적 손상도 약 17%로 분석되며 획득 효과는 '파괴'로 평가됨."
교전/전투피해평가 보고,2025년 11월 28일 0시 2분,"1여단에 의해 52S DG 274 955 근처 표적(정보 표적)에 대한 타격 실시, 발수 567발, 손상도 44%로 집계되었고 결과는 미확인로 정리됨."
교전/전투피해평가 보고,2025년 11월 28일 4시 31분,"52S DG 269 973에서 포착된 정보 표적에 대해 1여단의 타격(약 715발) 결과 표적 피해율은 73%로 평가되며, 효과는 '제압'로 판단됨."
교전/전투피해평가 보고,2025년 11월 28일 4시 43분,"52S DG 283 977 일대에서 CBRN 관련 표적이 포착되어 1사단이 화력 약 343발을 투입, 표적 손상도 약 95%로 분석되며 획득 효과는 '파괴'로 평가됨."
교전/전투피해평가 보고,2025년 11월 28일 5시 4분,"52S DG 290 951 일대에서 공병 팀이 포착되어 1사단이 화력 약 615발을 투입, 표적 손상도 약 23%로 분석되며 획득 효과는 '파괴'로 평가됨."
교전/전투피해평가 보고,2025년 11월 28일 7시 47분,"52S DG 290 982에서 포착된 기동성 표적에 대해 2여단의 타격(약 958발) 결과 표적 피해율은 71%로 평가되며, 효과는 '제압'로 판단됨."
교전/전투피해평가 보고,2025년 11월 28일 7시 47분,"52S DG 280 965 일대에서 비특정 표적이 포착되어 1사단이 화력 약 904발을 투입, 표적 손상도 약 82%로 분석되며 획득 효과는 '무력화'로 평가됨."
교전/전투피해평가 보고,2025년 11월 28일 8시 24분,"52S DG 283 981에서 포착된 화생방 관련 징후에 대해 3여단의 타격(약 38발) 결과 표적 피해율은 10%로 평가되며, 효과는 '무력화'로 판단됨."
교전/전투피해평가 보고,2025년 11월 28일 8시 26분,"52S DG 274 960 일대에서 지휘통제 시설이 포착되어 2여단이 화력 약 614발을 투입, 표적 손상도 약 28%로 분석되며 획득 효과는 '무력화'로 평가됨."
교전/전투피해평가 보고,2025년 11월 28일 15시 14분,"52S DG 278 966 일대에서 정보 표적이 포착되어 포병여단이 화력 약 993발을 투입, 표적 손상도 약 57%로 분석되며 획득 효과는 '미확인'로 평가됨."
교전/전투피해평가 보고,2025년 11월 28일 17시 25분,"52S DG 277 963에서 포착된 CBRN 관련 표적에 대해 1여단의 타격(약 606발) 결과 표적 피해율은 49%로 평가되며, 효과는 '무력화'로 판단됨."
교전/전투피해평가 보고,2025년 11월 28일 21시 2분,"52S DG 293 947에서 포착된 정보 표적에 대해 1여단의 타격(약 928발) 결과 표적 피해율은 81%로 평가되며, 효과는 '무력화'로 판단됨."
교전/전투피해평가 보고,2025년 11월 28일 22시 7분,"1사단에 의해 52S DG 282 947 근처 표적(비특정 표적)에 대한 타격 실시, 발수 520발, 손상도 10%로 집계되었고 결과는 제압로 정리됨."
교전/전투피해평가 보고,2025년 11월 28일 22시 33분,"52S DG 264 948에서 포착된 정찰/정보 수집 세력에 대해 1여단의 타격(약 160발) 결과 표적 피해율은 38%로 평가되며, 효과는 '무력화'로 판단됨."
교전/전투피해평가 보고,2025년 11월 29일 0시 6분,"52S DG 275 980 일대에서 보급대열이 포착되어 포병여단이 화력 약 749발을 투입, 표적 손상도 약 20%로 분석되며 획득 효과는 '미확인'로 평가됨."
교전/전투피해평가 보고,2025년 11월 29일 2시 5분,"1여단에 의해 52S DG 274 977 근처 표적(기동 편성)에 대한 타격 실시, 발수 208발, 손상도 28%로 집계되었고 결과는 파괴로 정리됨."
교전/전투피해평가 보고,2025년 11월 29일 2시 45분,"52S DG 278 959에서 포착된 공병 부대에 대해 포병여단의 타격(약 485발) 결과 표적 피해율은 66%로 평가되며, 효과는 '제압'로 판단됨."
교전/전투피해평가 보고,2025년 11월 29일 3시 7분,"52S DG 279 959 일대에서 공병 부대이 포착되어 포병여단이 화력 약 825발을 투입, 표적 손상도 약 94%로 분석되며 획득 효과는 '제압'로 평가됨."
교전/전투피해평가 보고,2025년 11월 29일 3시 48분,"2여단에 의해 52S DG 267 975 근처 표적(기동성 표적)에 대한 타격 실시, 발수 730발, 손상도 30%로 집계되었고 결과는 효력없음로 정리됨."
군수상황 보고,2025년 10월 30일 9시 29분,"탄약 7329 단위 보유 확인, 상태는 부족로 판정됨 평가됨."
군수상황 보고,2025년 10월 30일 10시 0분,"물 7771 단위 보유 확인, 상태는 부족로 판정됨 확인됨."
군수상황 보고,2025년 10월 30일 10시 7분,"식량 1564 단위 보유 확인, 상태는 정상로 판정됨 판단됨."
군수상황 보고,2025년 10월 30일 10시 39분,"정상 상태 보고: 탄약 6174 단위 보유, 보충 필요성 검토 보고됨."
군수상황 보고,2025년 10월 30일 15시 18분,"유류 재고량 2380 단위 파악, 분류 과다. 후속 절차 진행 판단됨."
군수상황 보고,2025년 10월 30일 16시 40분,"탄약 재고량 284 단위 파악, 분류 보충 필요. 후속 절차 진행 유지 중임."
군수상황 보고,2025년 10월 30일 16시 54분,"점검 중 상태의 물 14526 단위 확인, 필요 시 보충 예정 식별됨."
군수상황 보고,2025년 10월 30일 18시 56분,"탄약 현황: 12770 단위 확보, 분류 점검 중. 후속 보급 일정 협의 판단됨."
군수상황 보고,2025년 10월 30일 20시 19분,"물 현황: 10295 단위 확보, 분류 부족. 후속 보급 일정 협의 평가됨."
군수상황 보고,2025년 10월 30일 20시 55분,"보급품 장비의 보유량 5458 단위 확인, 상태 정상. 보급 경로 점검 관찰됨."
군수상황 보고,2025년 10월 30일 22시 22분,"유류 재고 7368 단위 기록, 현재 점검 중로 보고됨 관찰됨."
군수상황 보고,2025년 10월 31일 2시 7분,"보충 필요 상태 보고: 장비 12567 단위 보유, 보충 필요성 검토 식별됨."
군수상황 보고,2025년 10월 31일 2시 33분,"물 4146 단위 보유 확인, 상태는 보충 필요로 판정됨 추정됨."
군수상황 보고,2025년 10월 31일 3시 39분,"현재 장비 잔량 16032 단위 수준, 부족 상태로 분류됨. 추가 조치 검토 보고됨."
군수상황 보고,2025년 10월 31일 4시 32분,"보급품 식량의 보유량 11743 단위 확인, 상태 점검 중. 보급 경로 점검 관찰됨."
군수상황 보고,2025년 10월 31일 11시 46분,"물 현황: 14478 단위 확보, 분류 정상. 후속 보급 일정 협의 보고됨."
군수상황 보고,2025년 10월 31일 11시 48분,"장비 현황: 882 단위 확보, 분류 보충 필요. 후속 보급 일정 협의 판단됨."
군수상황 보고,2025년 10월 31일 15시 11분,"점검 중 등급으로 분류된 장비, 수량 13979 단위. 조정 계획 수립 중 현장 보고 완료됨."
군수상황 보고,2025년 10월 31일 15시 49분,"과다 상태의 장비 10733 단위 확인, 필요 시 보충 예정 관찰됨."
군수상황 보고,2025년 10월 31일 17시 35분,"과다 상태 보고: 탄약 2325 단위 보유, 보충 필요성 검토 식별됨."
군수상황 보고,2025년 10월 31일 20시 5분,"탄약 재고 약 12363 단위로 파악되며, 상태 보충 필요. 보급 계획 검토 중 관찰됨."
군수상황 보고,2025년 10월 31일 22시 43분,"부족 상태 보고: 물 15403 단위 보유, 보충 필요성 검토 관찰됨."
군수상황 보고,2025년 11월 1일 0시 19분,"물 재고 약 2983 단위로 파악되며, 상태 과다. 보급 계획 검토 중 기록됨."
군수상황 보고,2025년 11월 1일 0시 40분,"현재 탄약 잔량 12463 단위 수준, 정상 상태로 분류됨. 추가 조치 검토 식별됨."
군수상황 보고,2025년 11월 1일 0시 52분,"과다 상태의 유류 9732 단위 확인, 필요 시 보충 예정 추정됨."
군수상황 보고,2025년 11월 1일 2시 4분,"유류 11571 단위 보유 확인, 상태는 보충 필요로 판정됨 판단됨."
군수상황 보고,2025년 11월 1일 3시 35분,"현재 물 잔량 3107 단위 수준, 점검 중 상태로 분류됨. 추가 조치 검토 현장 보고 완료됨."
군수상황 보고,2025년 11월 1일 4시 42분,"식량 재고 약 13027 단위로 파악되며, 상태 보충 필요. 보급 계획 검토 중 추정됨."
군수상황 보고,2025년 11월 1일 4시 45분,"물 재고량 9864 단위 파악, 분류 부족. 후속 절차 진행 추정됨."
군수상황 보고,2025년 11월 1일 4시 58분,"물 재고량 6675 단위 파악, 분류 보충 필요. 후속 절차 진행 확인됨."
군수상황 보고,2025년 11월 1일 6시 27분,"유류 13758 단위 보유 확인, 상태는 과다로 판정됨 관찰됨."
군수상황 보고,2025년 11월 1일 7시 18분,"물 현황: 10626 단위 확보, 분류 부족. 후속 보급 일정 협의 판단됨."
군수상황 보고,2025년 11월 1일 9시 1분,"보급품 식량의 보유량 9372 단위 확인, 상태 보충 필요. 보급 경로 점검 보고됨."
군수상황 보고,2025년 11월 1일 10시 25분,"점검 중 상태 보고: 탄약 14815 단위 보유, 보충 필요성 검토 평가됨."
군수상황 보고,2025년 11월 1일 15시 1분,"장비 현황: 4890 단위 확보, 분류 보충 필요. 후속 보급 일정 협의 추정됨."
군수상황 보고,2025년 11월 1일 16시 45분,"유류 현황: 1564 단위 확보, 분류 부족. 후속 보급 일정 협의 관찰됨."
군수상황 보고,2025년 11월 1일 17시 4분,"정상 등급으로 분류된 물, 수량 7960 단위. 조정 계획 수립 중 판단됨."
군수상황 보고,2025년 11월 1일 17시 21분,"보급품 물의 보유량 9791 단위 확인, 상태 정상. 보급 경로 점검 추정됨."
군수상황 보고,2025년 11월 1일 19시 57분,"장비 재고 13624 단위 기록, 현재 점검 중로 보고됨 추정됨."
군수상황 보고,2025년 11월 1일 21시 0분,"물 재고 14041 단위 기록, 현재 과다로 보고됨 보고됨."
군수상황 보고,2025년 11월 2일 0시 7분,"장비 재고 1902 단위 기록, 현재 부족로 보고됨 평가됨."
군수상황 보고,2025년 11월 2일 0시 18분,"과다 상태의 유류 15598 단위 확인, 필요 시 보충 예정 추정됨."
군수상황 보고,2025년 11월 2일 1시 46분,"보급품 유류의 보유량 7031 단위 확인, 상태 보충 필요. 보급 경로 점검 평가됨."
군수상황 보고,2025년 11월 2일 1시 55분,"보급품 식량의 보유량 14646 단위 확인, 상태 과다. 보급 경로 점검 평가됨."
군수상황 보고,2025년 11월 2일 5시 9분,"물 6242 단위 보유 확인, 상태는 정상로 판정됨 식별됨."
군수상황 보고,2025년 11월 2일 5시 23분,"보급품 식량의 보유량 15054 단위 확인, 상태 점검 중. 보급 경로 점검 유지 중임."
군수상황 보고,2025년 11월 2일 6시 34분,"점검 중 상태 보고: 식량 7695 단위 보유, 보충 필요성 검토 평가됨."
군수상황 보고,2025년 11월 2일 9시 13분,"물 16285 단위 보유 확인, 상태는 부족로 판정됨 유지 중임."
군수상황 보고,2025년 11월 2일 11시 47분,"정상 상태의 장비 6399 단위 확인, 필요 시 보충 예정 평가됨."
군수상황 보고,2025년 11월 2일 13시 24분,"장비 재고 11962 단위 기록, 현재 정상로 보고됨 보고됨."
군수상황 보고,2025년 11월 2일 13시 46분,"식량 12978 단위 보유 확인, 상태는 보충 필요로 판정됨 확인됨."
군수상황 보고,2025년 11월 2일 13시 52분,"정상 상태 보고: 탄약 15288 단위 보유, 보충 필요성 검토 보고됨."
군수상황 보고,2025년 11월 2일 14시 35분,"보급품 식량의 보유량 9664 단위 확인, 상태 부족. 보급 경로 점검 판단됨."
군수상황 보고,2025년 11월 2일 17시 22분,"현재 탄약 잔량 13514 단위 수준, 점검 중 상태로 분류됨. 추가 조치 검토 보고됨."
군수상황 보고,2025년 11월 2일 17시 29분,"부족 상태의 유류 11173 단위 확인, 필요 시 보충 예정 유지 중임."
군수상황 보고,2025년 11월 2일 18시 10분,"과다 상태의 물 13150 단위 확인, 필요 시 보충 예정 관찰됨."
군수상황 보고,2025년 11월 2일 19시 28분,"정상 상태의 물 2309 단위 확인, 필요 시 보충 예정 추정됨."
군수상황 보고,2025년 11월 2일 20시 59분,"물 재고 약 7843 단위로 파악되며, 상태 과다. 보급 계획 검토 중 유지 중임."
군수상황 보고,2025년 11월 2일 21시 10분,"물 재고량 12494 단위 파악, 분류 보충 필요. 후속 절차 진행 추정됨."
군수상황 보고,2025년 11월 2일 21시 23분,"정상 상태 보고: 유류 14300 단위 보유, 보충 필요성 검토 보고됨."
군수상황 보고,2025년 11월 2일 23시 15분,"보급품 장비의 보유량 16295 단위 확인, 상태 보충 필요. 보급 경로 점검 기록됨."
군수상황 보고,2025년 11월 2일 23시 26분,"현재 물 잔량 9655 단위 수준, 보충 필요 상태로 분류됨. 추가 조치 검토 유지 중임."
군수상황 보고,2025년 11월 3일 0시 18분,"정상 상태 보고: 탄약 14243 단위 보유, 보충 필요성 검토 기록됨."
군수상황 보고,2025년 11월 3일 2시 8분,"부족 상태 보고: 탄약 4324 단위 보유, 보충 필요성 검토 관찰됨."
군수상황 보고,2025년 11월 3일 3시 10분,"과다 등급으로 분류된 유류, 수량 9839 단위. 조정 계획 수립 중 현장 보고 완료됨."
군수상황 보고,2025년 11월 3일 3시 50분,"보충 필요 등급으로 분류된 탄약, 수량 8532 단위. 조정 계획 수립 중 기록됨."
군수상황 보고,2025년 11월 3일 6시 17분,"점검 중 등급으로 분류된 장비, 수량 5381 단위. 조정 계획 수립 중 식별됨."
군수상황 보고,2025년 11월 3일 9시 54분,"점검 중 상태 보고: 물 3450 단위 보유, 보충 필요성 검토 기록됨."
군수상황 보고,2025년 11월 3일 10시 52분,"장비 재고 약 647 단위로 파악되며, 상태 과다. 보급 계획 검토 중 추정됨."
군수상황 보고,2025년 11월 3일 10시 54분,"현재 탄약 잔량 2105 단위 수준, 과다 상태로 분류됨. 추가 조치 검토 보고됨."
군수상황 보고,2025년 11월 3일 12시 23분,"현재 유류 잔량 9411 단위 수준, 과다 상태로 분류됨. 추가 조치 검토 확인됨."
군수상황 보고,2025년 11월 3일 12시 41분,"탄약 재고량 808 단위 파악, 분류 보충 필요. 후속 절차 진행 평가됨."
군수상황 보고,2025년 11월 3일 14시 34분,"과다 등급으로 분류된 유류, 수량 3093 단위. 조정 계획 수립 중 식별됨."
군수상황 보고,2025년 11월 3일 15시 26분,"현재 장비 잔량 5912 단위 수준, 점검 중 상태로 분류됨. 추가 조치 검토 관찰됨."
군수상황 보고,2025년 11월 3일 15시 35분,"탄약 재고량 8633 단위 파악, 분류 정상. 후속 절차 진행 평가됨."
군수상황 보고,2025년 11월 3일 22시 15분,"점검 중 상태 보고: 식량 5756 단위 보유, 보충 필요성 검토 유지 중임."
군수상황 보고,2025년 11월 4일 0시 54분,"유류 4651 단위 보유 확인, 상태는 과다로 판정됨 판단됨."
군수상황 보고,2025년 11월 4일 2시 8분,"보충 필요 상태의 탄약 10643 단위 확인, 필요 시 보충 예정 판단됨."
군수상황 보고,2025년 11월 4일 2시 57분,"물 2117 단위 보유 확인, 상태는 정상로 판정됨 식별됨."
군수상황 보고,2025년 11월 4일 4시 8분,"유류 현황: 8395 단위 확보, 분류 과다. 후속 보급 일정 협의 현장 보고 완료됨."
군수상황 보고,2025년 11월 4일 4시 29분,"부족 상태의 장비 13906 단위 확인, 필요 시 보충 예정 식별됨."
군수상황 보고,2025년 11월 4일 9시 19분,"보급품 식량의 보유량 9154 단위 확인, 상태 점검 중. 보급 경로 점검 기록됨."
군수상황 보고,2025년 11월 4일 10시 28분,"보급품 유류의 보유량 8217 단위 확인, 상태 부족. 보급 경로 점검 평가됨."
군수상황 보고,2025년 11월 4일 11시 0분,"부족 등급으로 분류된 유류, 수량 2308 단위. 조정 계획 수립 중 기록됨."
군수상황 보고,2025년 11월 4일 13시 46분,"현재 물 잔량 2520 단위 수준, 정상 상태로 분류됨. 추가 조치 검토 관찰됨."
군수상황 보고,2025년 11월 4일 15시 50분,"물 재고량 880 단위 파악, 분류 점검 중. 후속 절차 진행 유지 중임."
군수상황 보고,2025년 11월 4일 18시 17분,"현재 장비 잔량 11747 단위 수준, 보충 필요 상태로 분류됨. 추가 조치 검토 보고됨."
군수상황 보고,2025년 11월 4일 18시 53분,"정상 상태 보고: 유류 5917 단위 보유, 보충 필요성 검토 관찰됨."
군수상황 보고,2025년 11월 4일 19시 2분,"유류 재고 약 959 단위로 파악되며, 상태 부족. 보급 계획 검토 중 보고됨."
군수상황 보고,2025년 11월 5일 0시 18분,"점검 중 등급으로 분류된 물, 수량 14804 단위. 조정 계획 수립 중 판단됨."
군수상황 보고,2025년 11월 5일 1시 43분,"보충 필요 상태의 식량 6140 단위 확인, 필요 시 보충 예정 추정됨."
군수상황 보고,2025년 11월 5일 1시 51분,"보충 필요 등급으로 분류된 탄약, 수량 12597 단위. 조정 계획 수립 중 식별됨."
군수상황 보고,2025년 11월 5일 2시 21분,"보급품 탄약의 보유량 8050 단위 확인, 상태 부족. 보급 경로 점검 기록됨."
군수상황 보고,2025년 11월 5일 3시 56분,"유류 재고량 5555 단위 파악, 분류 과다. 후속 절차 진행 관찰됨."
군수상황 보고,2025년 11월 5일 4시 38분,"장비 재고량 3968 단위 파악, 분류 점검 중. 후속 절차 진행 보고됨."
군수상황 보고,2025년 11월 5일 4시 48분,"유류 재고 11787 단위 기록, 현재 정상로 보고됨 추정됨."
군수상황 보고,2025년 11월 5일 6시 49분,"장비 재고 약 9900 단위로 파악되며, 상태 정상. 보급 계획 검토 중 관찰됨."
군수상황 보고,2025년 11월 5일 8시 16분,"유류 현황: 100 단위 확보, 분류 부족. 후속 보급 일정 협의 판단됨."
군수상황 보고,2025년 11월 5일 10시 11분,"보급품 유류의 보유량 5580 단위 확인, 상태 부족. 보급 경로 점검 판단됨."
군수상황 보고,2025년 11월 5일 14시 57분,"유류 재고 약 12264 단위로 파악되며, 상태 보충 필요. 보급 계획 검토 중 관찰됨."
군수상황 보고,2025년 11월 5일 17시 32분,"식량 재고 9750 단위 기록, 현재 정상로 보고됨 식별됨."
군수상황 보고,2025년 11월 5일 17시 58분,"정상 상태 보고: 유류 9061 단위 보유, 보충 필요성 검토 기록됨."
군수상황 보고,2025년 11월 5일 21시 13분,"보충 필요 상태의 식량 4836 단위 확인, 필요 시 보충 예정 현장 보고 완료됨."
군수상황 보고,2025년 11월 5일 22시 4분,"탄약 629 단위 보유 확인, 상태는 점검 중로 판정됨 추정됨."
군수상황 보고,2025년 11월 5일 22시 18분,"탄약 8702 단위 보유 확인, 상태는 과다로 판정됨 현장 보고 완료됨."
군수상황 보고,2025년 11월 5일 23시 15분,"현재 유류 잔량 12550 단위 수준, 과다 상태로 분류됨. 추가 조치 검토 관찰됨."
군수상황 보고,2025년 11월 5일 23시 33분,"보급품 유류의 보유량 7978 단위 확인, 상태 과다. 보급 경로 점검 식별됨."
군수상황 보고,2025년 11월 5일 23시 37분,"정상 상태의 장비 14273 단위 확인, 필요 시 보충 예정 보고됨."
군수상황 보고,2025년 11월 6일 1시 42분,"물 재고 약 7391 단위로 파악되며, 상태 정상. 보급 계획 검토 중 유지 중임."
군수상황 보고,2025년 11월 6일 2시 25분,"보충 필요 상태의 탄약 6947 단위 확인, 필요 시 보충 예정 보고됨."
군수상황 보고,2025년 11월 6일 4시 3분,"장비 13405 단위 보유 확인, 상태는 과다로 판정됨 추정됨."
군수상황 보고,2025년 11월 6일 6시 15분,"보충 필요 상태 보고: 물 7149 단위 보유, 보충 필요성 검토 확인됨."
군수상황 보고,2025년 11월 6일 6시 29분,"정상 등급으로 분류된 탄약, 수량 8135 단위. 조정 계획 수립 중 현장 보고 완료됨."
군수상황 보고,2025년 11월 6일 7시 32분,"보급품 장비의 보유량 7116 단위 확인, 상태 정상. 보급 경로 점검 식별됨."
군수상황 보고,2025년 11월 6일 8시 14분,"정상 상태의 장비 2504 단위 확인, 필요 시 보충 예정 판단됨."
군수상황 보고,2025년 11월 6일 8시 20분,"보급품 식량의 보유량 13523 단위 확인, 상태 부족. 보급 경로 점검 확인됨."
군수상황 보고,2025년 11월 6일 8시 33분,"유류 재고 5592 단위 기록, 현재 과다로 보고됨 식별됨."
군수상황 보고,2025년 11월 6일 9시 20분,"과다 상태의 유류 2574 단위 확인, 필요 시 보충 예정 유지 중임."
군수상황 보고,2025년 11월 6일 9시 32분,"정상 상태의 장비 9683 단위 확인, 필요 시 보충 예정 판단됨."
군수상황 보고,2025년 11월 6일 10시 23분,"식량 재고 약 15983 단위로 파악되며, 상태 부족. 보급 계획 검토 중 보고됨."
군수상황 보고,2025년 11월 6일 11시 30분,"탄약 1244 단위 보유 확인, 상태는 정상로 판정됨 평가됨."
군수상황 보고,2025년 11월 6일 16시 3분,"보급품 유류의 보유량 6365 단위 확인, 상태 과다. 보급 경로 점검 확인됨."
군수상황 보고,2025년 11월 6일 16시 16분,"보급품 탄약의 보유량 4220 단위 확인, 상태 부족. 보급 경로 점검 평가됨."
군수상황 보고,2025년 11월 6일 17시 37분,"과다 등급으로 분류된 장비, 수량 4944 단위. 조정 계획 수립 중 판단됨."
군수상황 보고,2025년 11월 6일 18시 5분,"현재 유류 잔량 5687 단위 수준, 부족 상태로 분류됨. 추가 조치 검토 관찰됨."
군수상황 보고,2025년 11월 6일 19시 20분,"현재 물 잔량 9114 단위 수준, 보충 필요 상태로 분류됨. 추가 조치 검토 관찰됨."
군수상황 보고,2025년 11월 6일 22시 16분,"정상 상태의 물 11315 단위 확인, 필요 시 보충 예정 관찰됨."
군수상황 보고,2025년 11월 6일 22시 24분,"과다 상태 보고: 식량 259 단위 보유, 보충 필요성 검토 현장 보고 완료됨."
군수상황 보고,2025년 11월 7일 1시 22분,"장비 재고량 8417 단위 파악, 분류 부족. 후속 절차 진행 판단됨."
군수상황 보고,2025년 11월 7일 2시 5분,"점검 중 상태의 식량 9163 단위 확인, 필요 시 보충 예정 보고됨."
군수상황 보고,2025년 11월 7일 3시 12분,"부족 상태의 탄약 724 단위 확인, 필요 시 보충 예정 판단됨."
군수상황 보고,2025년 11월 7일 5시 18분,"점검 중 상태의 탄약 16019 단위 확인, 필요 시 보충 예정 식별됨."
군수상황 보고,2025년 11월 7일 5시 39분,"현재 장비 잔량 9908 단위 수준, 부족 상태로 분류됨. 추가 조치 검토 추정됨."
군수상황 보고,2025년 11월 7일 11시 23분,"보급품 식량의 보유량 10156 단위 확인, 상태 보충 필요. 보급 경로 점검 유지 중임."
군수상황 보고,2025년 11월 7일 13시 4분,"정상 상태 보고: 장비 11100 단위 보유, 보충 필요성 검토 관찰됨."
군수상황 보고,2025년 11월 7일 16시 26분,"탄약 재고 11532 단위 기록, 현재 정상로 보고됨 판단됨."
군수상황 보고,2025년 11월 7일 17시 22분,"보급품 물의 보유량 11951 단위 확인, 상태 과다. 보급 경로 점검 관찰됨."
군수상황 보고,2025년 11월 7일 17시 23분,"정상 상태의 장비 8055 단위 확인, 필요 시 보충 예정 유지 중임."
군수상황 보고,2025년 11월 7일 23시 34분,"점검 중 상태의 물 5758 단위 확인, 필요 시 보충 예정 평가됨."
군수상황 보고,2025년 11월 8일 0시 14분,"부족 상태 보고: 탄약 13223 단위 보유, 보충 필요성 검토 보고됨."
군수상황 보고,2025년 11월 8일 1시 23분,"과다 상태 보고: 물 7909 단위 보유, 보충 필요성 검토 평가됨."
군수상황 보고,2025년 11월 8일 9시 53분,"장비 4115 단위 보유 확인, 상태는 정상로 판정됨 확인됨."
군수상황 보고,2025년 11월 8일 9시 59분,"부족 상태 보고: 탄약 1180 단위 보유, 보충 필요성 검토 기록됨."
군수상황 보고,2025년 11월 8일 11시 11분,"장비 재고량 1789 단위 파악, 분류 점검 중. 후속 절차 진행 추정됨."
군수상황 보고,2025년 11월 8일 13시 31분,"과다 상태 보고: 장비 14349 단위 보유, 보충 필요성 검토 평가됨."
군수상황 보고,2025년 11월 8일 16시 45분,"물 15134 단위 보유 확인, 상태는 부족로 판정됨 현장 보고 완료됨."
군수상황 보고,2025년 11월 8일 20시 8분,"장비 재고 약 5888 단위로 파악되며, 상태 점검 중. 보급 계획 검토 중 보고됨."
군수상황 보고,2025년 11월 8일 22시 55분,"정상 상태의 탄약 7768 단위 확인, 필요 시 보충 예정 추정됨."
군수상황 보고,2025년 11월 9일 0시 32분,"장비 재고 약 12816 단위로 파악되며, 상태 과다. 보급 계획 검토 중 기록됨."
군수상황 보고,2025년 11월 9일 1시 35분,"보급품 탄약의 보유량 2476 단위 확인, 상태 점검 중. 보급 경로 점검 관찰됨."
기본기상정보 보고,2025년 10월 30일 7시 15분,"52S DG 284 955 일대 1KM 내 시야 양호, 주풍은 북이며, 전반 기상은 우박로 확인됨."
기본기상정보 보고,2025년 10월 30일 7시 59분,"좌표 52S DG 290 963 기준 1KM 범위에서 강설 경향 우세, 흐름은 동 방향 추정됨."
기본기상정보 보고,2025년 10월 30일 12시 25분,"52S DG 287 961 일대 3KM 내 시야 양호, 주풍은 동이며, 전반 기상은 강설로 유지 중임."
기본기상정보 보고,2025년 10월 30일 13시 54분,52S DG 282 946 반경 2KM 관측에 따르면 북쪽 미풍과 흐림 조건이 동시 관측 유지 중임.
기본기상정보 보고,2025년 10월 30일 15시 23분,"현재 52S DG 270 952 주변 2KM 구간, 북동 방향 흐름과 함께 소나기 양상이 지속되는 것으로 보고됨."
기본기상정보 보고,2025년 10월 30일 17시 8분,"좌표 52S DG 267 953 기준 2KM 범위에서 강설 경향 우세, 흐름은 북동 방향 확인됨."
기본기상정보 보고,2025년 10월 30일 18시 38분,"52S DG 276 970 주변 1KM 권역, 남 기류 형성 중이며 현재 흐림 상태가 확인됨."
기본기상정보 보고,2025년 10월 30일 18시 38분,"좌표 52S DG 290 945 기준 2KM 범위에서 소나기 경향 우세, 흐름은 동 방향 평가됨."
기본기상정보 보고,2025년 10월 30일 21시 52분,"52S DG 276 986 기준 3KM 범위 관측 결과, 바람은 북 쪽으로 안정적이며 현상은 강설로 추정됨."
기본기상정보 보고,2025년 10월 30일 23시 56분,"52S DG 279 948 권역 전반 반경 3KM에서는 서쪽 기류가 유지되고, 하늘은 태풍 경향으로 보고됨."
기본기상정보 보고,2025년 10월 31일 0시 47분,"52S DG 284 946 작전권역 반경 3KM에서는 남서쪽 기류가 유지되고, 하늘은 우박 경향으로 확인됨."
기본기상정보 보고,2025년 10월 31일 1시 6분,"52S DG 267 973 관측 결과, 3KM 범위에 북서향 흐름과 맑음 양상이 확인되어 관찰됨."
기본기상정보 보고,2025년 10월 31일 2시 54분,"52S DG 276 955 일대 3KM 내 시야 양호, 주풍은 동이며, 전반 기상은 흐림로 판단됨."
기본기상정보 보고,2025년 10월 31일 2시 55분,"52S DG 291 958 관측구간 반경 2KM에서는 남동쪽 기류가 유지되고, 하늘은 우박 경향으로 확인됨."
기본기상정보 보고,2025년 10월 31일 3시 17분,"52S DG 266 977 3KM 구간, 남서에서 유입되는 바람과 함께 맑음 여부가 보고됨."
기본기상정보 보고,2025년 10월 31일 3시 41분,"52S DG 267 964 3KM 구간, 동에서 유입되는 바람과 함께 맑음 여부가 식별됨."
기본기상정보 보고,2025년 10월 31일 4시 33분,"52S DG 264 964 작전지역 반경 3KM에서는 남쪽 기류가 유지되고, 하늘은 강설 경향으로 평가됨."
기본기상정보 보고,2025년 10월 31일 5시 0분,"52S DG 292 956 기준 관측구간 3KM에서 강우 상태 지속, 바람은 북서쪽으로 평가됨."
기본기상정보 보고,2025년 10월 31일 5시 59분,"52S DG 276 956 1KM 구간, 남동에서 유입되는 바람과 함께 맑음 여부가 평가됨."
기본기상정보 보고,2025년 10월 31일 6시 48분,"52S DG 292 958 권역 전반 반경 2KM에서는 북서쪽 기류가 유지되고, 하늘은 소나기 경향으로 관찰됨."
기본기상정보 보고,2025년 10월 31일 12시 51분,52S DG 274 979 반경 1KM 관측에 따르면 남쪽 미풍과 우박 조건이 동시 관측 추정됨.
기본기상정보 보고,2025년 10월 31일 21시 19분,"52S DG 289 981 기준 관측구간 1KM에서 소나기 상태 지속, 바람은 북쪽으로 유지 중임."
기본기상정보 보고,2025년 11월 1일 6시 37분,"52S DG 290 950 2KM 구간, 북서에서 유입되는 바람과 함께 강설 여부가 현장 보고 완료됨."
기본기상정보 보고,2025년 11월 1일 7시 0분,"52S DG 283 948 2KM 구간, 북에서 유입되는 바람과 함께 우박 여부가 확인됨."
기본기상정보 보고,2025년 11월 1일 16시 52분,"52S DG 281 973 주변 2KM 권역, 남서 기류 형성 중이며 현재 태풍 상태가 확인됨."
기본기상정보 보고,2025년 11월 1일 18시 12분,"52S DG 277 963 관측 결과, 2KM 범위에 남향 흐름과 맑음 양상이 확인되어 식별됨."
기본기상정보 보고,2025년 11월 1일 18시 58분,"52S DG 277 981 일대 1KM 내 시야 양호, 주풍은 북이며, 전반 기상은 맑음로 판단됨."
기본기상정보 보고,2025년 11월 2일 2시 7분,"52S DG 288 973 관측 결과, 2KM 범위에 남서향 흐름과 우박 양상이 확인되어 유지 중임."
기본기상정보 보고,2025년 11월 2일 5시 27분,"52S DG 285 949 작전지역 반경 1KM에서는 서쪽 기류가 유지되고, 하늘은 강우 경향으로 보고됨."
기본기상정보 보고,2025년 11월 2일 7시 39분,"52S DG 275 977 주변 3KM 권역, 남 기류 형성 중이며 현재 태풍 상태가 관찰됨."
기본기상정보 보고,2025년 11월 2일 8시 27분,"52S DG 285 962 기준 3KM 범위 관측 결과, 바람은 북동 쪽으로 안정적이며 현상은 맑음로 보고됨."
기본기상정보 보고,2025년 11월 2일 17시 31분,"52S DG 270 966 관측구간 반경 1KM에서는 남서쪽 기류가 유지되고, 하늘은 소나기 경향으로 확인됨."
기본기상정보 보고,2025년 11월 2일 18시 21분,52S DG 272 959 반경 1KM 관측에 따르면 남동쪽 미풍과 소나기 조건이 동시 관측 현장 보고 완료됨.
기본기상정보 보고,2025년 11월 2일 19시 9분,"52S DG 281 966 기준 관측구간 3KM에서 맑음 상태 지속, 바람은 북서쪽으로 식별됨."
기본기상정보 보고,2025년 11월 2일 19시 44분,52S DG 289 952 반경 3KM 관측에 따르면 남동쪽 미풍과 강설 조건이 동시 관측 평가됨.
기본기상정보 보고,2025년 11월 2일 19시 48분,"현재 52S DG 272 982 주변 2KM 구간, 남 방향 흐름과 함께 강우 양상이 지속되는 것으로 관찰됨."
기본기상정보 보고,2025년 11월 2일 19시 58분,"52S DG 275 957 기준 관측구간 3KM에서 태풍 상태 지속, 바람은 남쪽으로 관찰됨."
기본기상정보 보고,2025년 11월 2일 20시 22분,"현재 52S DG 284 963 주변 1KM 구간, 서 방향 흐름과 함께 소나기 양상이 지속되는 것으로 관찰됨."
기본기상정보 보고,2025년 11월 2일 22시 31분,"현재 52S DG 267 966 주변 1KM 구간, 동 방향 흐름과 함께 흐림 양상이 지속되는 것으로 유지 중임."
기본기상정보 보고,2025년 11월 3일 1시 50분,52S DG 291 953 반경 2KM 관측에 따르면 북쪽 미풍과 소나기 조건이 동시 관측 관찰됨.
기본기상정보 보고,2025년 11월 3일 2시 31분,"52S DG 277 952 1KM 구간, 북에서 유입되는 바람과 함께 강설 여부가 평가됨."
기본기상정보 보고,2025년 11월 3일 4시 12분,"현재 52S DG 267 959 주변 1KM 구간, 남동 방향 흐름과 함께 강우 양상이 지속되는 것으로 추정됨."
기본기상정보 보고,2025년 11월 3일 7시 42분,"52S DG 272 970 작전권역 반경 1KM에서는 서쪽 기류가 유지되고, 하늘은 흐림 경향으로 관찰됨."
기본기상정보 보고,2025년 11월 3일 10시 44분,"좌표 52S DG 294 959 기준 1KM 범위에서 태풍 경향 우세, 흐름은 남서 방향 유지 중임."
기본기상정보 보고,2025년 11월 3일 10시 45분,"현재 52S DG 290 969 주변 1KM 구간, 북동 방향 흐름과 함께 소나기 양상이 지속되는 것으로 확인됨."
기본기상정보 보고,2025년 11월 3일 12시 55분,52S DG 291 948 반경 1KM 관측에 따르면 남서쪽 미풍과 강우 조건이 동시 관측 판단됨.
기본기상정보 보고,2025년 11월 3일 15시 44분,"52S DG 286 966 기준 1KM 범위 관측 결과, 바람은 남 쪽으로 안정적이며 현상은 강설로 식별됨."
기본기상정보 보고,2025년 11월 3일 16시 46분,"52S DG 281 950 기준 1KM 범위 관측 결과, 바람은 남동 쪽으로 안정적이며 현상은 소나기로 식별됨."
기본기상정보 보고,2025년 11월 3일 20시 31분,52S DG 276 977 반경 1KM 관측에 따르면 남서쪽 미풍과 흐림 조건이 동시 관측 평가됨.
기본기상정보 보고,2025년 11월 3일 21시 50분,52S DG 281 963 반경 2KM 관측에 따르면 동쪽 미풍과 소나기 조건이 동시 관측 관찰됨.
기본기상정보 보고,2025년 11월 3일 23시 23분,"52S DG 274 968 일대 1KM 내 시야 양호, 주풍은 북서이며, 전반 기상은 흐림로 기록됨."
기본기상정보 보고,2025년 11월 4일 2시 5분,"현재 52S DG 288 959 주변 1KM 구간, 북동 방향 흐름과 함께 강우 양상이 지속되는 것으로 보고됨."
기본기상정보 보고,2025년 11월 4일 4시 45분,"좌표 52S DG 294 953 기준 2KM 범위에서 소나기 경향 우세, 흐름은 서 방향 확인됨."
기본기상정보 보고,2025년 11월 4일 6시 25분,"좌표 52S DG 277 969 기준 1KM 범위에서 강우 경향 우세, 흐름은 서 방향 추정됨."
기본기상정보 보고,2025년 11월 4일 16시 40분,52S DG 278 980 반경 1KM 관측에 따르면 북서쪽 미풍과 소나기 조건이 동시 관측 유지 중임.
기본기상정보 보고,2025년 11월 4일 19시 12분,"52S DG 283 946 기준 관측구간 2KM에서 강우 상태 지속, 바람은 북쪽으로 판단됨."
기본기상정보 보고,2025년 11월 5일 4시 17분,"52S DG 269 979 3KM 구간, 남서에서 유입되는 바람과 함께 강설 여부가 추정됨."
기본기상정보 보고,2025년 11월 5일 5시 3분,"현재 52S DG 277 952 주변 3KM 구간, 동 방향 흐름과 함께 우박 양상이 지속되는 것으로 추정됨."
기본기상정보 보고,2025년 11월 5일 5시 5분,"52S DG 277 975 주변 3KM 권역, 북서 기류 형성 중이며 현재 흐림 상태가 추정됨."
기본기상정보 보고,2025년 11월 5일 6시 2분,"좌표 52S DG 269 959 기준 3KM 범위에서 우박 경향 우세, 흐름은 북동 방향 관찰됨."
기본기상정보 보고,2025년 11월 5일 10시 56분,"52S DG 283 964 주변 2KM 권역, 서 기류 형성 중이며 현재 강설 상태가 유지 중임."
기본기상정보 보고,2025년 11월 5일 14시 23분,"52S DG 264 945 기준 1KM 범위 관측 결과, 바람은 북 쪽으로 안정적이며 현상은 태풍로 현장 보고 완료됨."
기본기상정보 보고,2025년 11월 5일 15시 20분,"52S DG 285 978 일대 1KM 내 시야 양호, 주풍은 서이며, 전반 기상은 맑음로 관찰됨."
기본기상정보 보고,2025년 11월 5일 17시 16분,"좌표 52S DG 277 960 기준 3KM 범위에서 강설 경향 우세, 흐름은 남동 방향 판단됨."
기본기상정보 보고,2025년 11월 5일 18시 29분,"52S DG 291 970 기준 관측구간 2KM에서 강우 상태 지속, 바람은 동쪽으로 유지 중임."
기본기상정보 보고,2025년 11월 6일 1시 55분,"52S DG 287 981 기준 3KM 범위 관측 결과, 바람은 북서 쪽으로 안정적이며 현상은 강우로 판단됨."
기본기상정보 보고,2025년 11월 6일 2시 40분,"52S DG 284 949 관측 결과, 3KM 범위에 남향 흐름과 강우 양상이 확인되어 추정됨."
기본기상정보 보고,2025년 11월 6일 3시 15분,"현재 52S DG 275 955 주변 3KM 구간, 북동 방향 흐름과 함께 흐림 양상이 지속되는 것으로 확인됨."
기본기상정보 보고,2025년 11월 6일 11시 51분,"52S DG 267 977 일대 2KM 내 시야 양호, 주풍은 북이며, 전반 기상은 흐림로 유지 중임."
기본기상정보 보고,2025년 11월 6일 13시 41분,"52S DG 279 952 권역 전반 반경 3KM에서는 남쪽 기류가 유지되고, 하늘은 맑음 경향으로 보고됨."
기본기상정보 보고,2025년 11월 6일 18시 17분,"52S DG 282 981 기준 관측구간 1KM에서 우박 상태 지속, 바람은 남동쪽으로 현장 보고 완료됨."
기본기상정보 보고,2025년 11월 6일 18시 26분,"현재 52S DG 276 961 주변 3KM 구간, 서 방향 흐름과 함께 강설 양상이 지속되는 것으로 현장 보고 완료됨."
기본기상정보 보고,2025년 11월 6일 18시 42분,"52S DG 282 945 현장 일대 반경 2KM에서는 북쪽 기류가 유지되고, 하늘은 맑음 경향으로 현장 보고 완료됨."
기본기상정보 보고,2025년 11월 6일 19시 48분,"52S DG 288 958 주변 1KM 권역, 북동 기류 형성 중이며 현재 흐림 상태가 보고됨."
기본기상정보 보고,2025년 11월 6일 19시 56분,"52S DG 271 955 주변 3KM 권역, 남 기류 형성 중이며 현재 소나기 상태가 평가됨."
기본기상정보 보고,2025년 11월 6일 20시 23분,"52S DG 294 944 주변 1KM 권역, 서 기류 형성 중이며 현재 태풍 상태가 평가됨."
기본기상정보 보고,2025년 11월 6일 21시 24분,52S DG 294 986 반경 1KM 관측에 따르면 동쪽 미풍과 맑음 조건이 동시 관측 유지 중임.
기본기상정보 보고,2025년 11월 6일 22시 52분,"현재 52S DG 284 976 주변 1KM 구간, 북동 방향 흐름과 함께 강우 양상이 지속되는 것으로 유지 중임."
기본기상정보 보고,2025년 11월 7일 3시 4분,"52S DG 272 986 주변 1KM 권역, 남서 기류 형성 중이며 현재 강우 상태가 기록됨."
기본기상정보 보고,2025년 11월 7일 5시 33분,"좌표 52S DG 269 951 기준 1KM 범위에서 태풍 경향 우세, 흐름은 남동 방향 현장 보고 완료됨."
기본기상정보 보고,2025년 11월 7일 7시 18분,"좌표 52S DG 284 959 기준 2KM 범위에서 태풍 경향 우세, 흐름은 동 방향 관찰됨."
기본기상정보 보고,2025년 11월 7일 10시 19분,"52S DG 286 944 기준 2KM 범위 관측 결과, 바람은 서 쪽으로 안정적이며 현상은 흐림로 현장 보고 완료됨."
기본기상정보 보고,2025년 11월 7일 10시 39분,"52S DG 268 986 기준 3KM 범위 관측 결과, 바람은 북서 쪽으로 안정적이며 현상은 강설로 관찰됨."
기본기상정보 보고,2025년 11월 7일 12시 10분,"현재 52S DG 265 952 주변 3KM 구간, 동 방향 흐름과 함께 우박 양상이 지속되는 것으로 확인됨."
기본기상정보 보고,2025년 11월 7일 15시 57분,"52S DG 272 985 일대 2KM 내 시야 양호, 주풍은 북동이며, 전반 기상은 태풍로 관찰됨."
기본기상정보 보고,2025년 11월 7일 16시 38분,"52S DG 289 946 작전권역 반경 2KM에서는 북동쪽 기류가 유지되고, 하늘은 맑음 경향으로 평가됨."
기본기상정보 보고,2025년 11월 7일 17시 18분,"52S DG 293 954 관측 결과, 2KM 범위에 북동향 흐름과 우박 양상이 확인되어 유지 중임."
기본기상정보 보고,2025년 11월 7일 20시 0분,52S DG 276 975 반경 2KM 관측에 따르면 남쪽 미풍과 우박 조건이 동시 관측 기록됨.
기본기상정보 보고,2025년 11월 7일 20시 13분,52S DG 281 951 반경 2KM 관측에 따르면 북동쪽 미풍과 태풍 조건이 동시 관측 기록됨.
기본기상정보 보고,2025년 11월 8일 0시 16분,"52S DG 273 966 2KM 구간, 남서에서 유입되는 바람과 함께 흐림 여부가 확인됨."
기본기상정보 보고,2025년 11월 8일 3시 13분,52S DG 270 945 반경 2KM 관측에 따르면 북서쪽 미풍과 태풍 조건이 동시 관측 추정됨.
기본기상정보 보고,2025년 11월 8일 6시 54분,52S DG 275 977 반경 2KM 관측에 따르면 북서쪽 미풍과 우박 조건이 동시 관측 유지 중임.
기본기상정보 보고,2025년 11월 8일 12시 18분,"52S DG 276 972 작전지역 반경 1KM에서는 북쪽 기류가 유지되고, 하늘은 강우 경향으로 판단됨."
기본기상정보 보고,2025년 11월 8일 12시 55분,"52S DG 267 984 기준 1KM 범위 관측 결과, 바람은 남동 쪽으로 안정적이며 현상은 맑음로 판단됨."
기본기상정보 보고,2025년 11월 8일 13시 21분,"52S DG 272 961 주변 1KM 권역, 서 기류 형성 중이며 현재 우박 상태가 추정됨."
기본기상정보 보고,2025년 11월 8일 21시 48분,"현재 52S DG 282 972 주변 3KM 구간, 남동 방향 흐름과 함께 태풍 양상이 지속되는 것으로 추정됨."
기본기상정보 보고,2025년 11월 8일 22시 35분,"좌표 52S DG 292 984 기준 2KM 범위에서 태풍 경향 우세, 흐름은 동 방향 확인됨."
기본기상정보 보고,2025년 11월 8일 22시 41분,"52S DG 276 966 기준 관측구간 3KM에서 흐림 상태 지속, 바람은 남동쪽으로 확인됨."
기본기상정보 보고,2025년 11월 8일 23시 23분,"52S DG 283 986 일대 3KM 내 시야 양호, 주풍은 남서이며, 전반 기상은 강설로 확인됨."
기본기상정보 보고,2025년 11월 9일 3시 17분,"52S DG 293 978 3KM 구간, 남동에서 유입되는 바람과 함께 강우 여부가 평가됨."
낙탄 보고,2025년 10월 30일 9시 48분,"52S DG 273 968 주변에서 폭파구 확인, 인근에 추가 낙탄 징후 존재. 관측자 위치는 52S DG 287 944, 거리 약 1.6km. 추정됨."
낙탄 보고,2025년 10월 30일 12시 26분,"52S DG 273 965 주변에서 폭파구 확인, 인근에 추가 낙탄 징후 존재. 관측자 위치는 52S DG 292 961, 거리 약 4.2km. 유지 중임."
낙탄 보고,2025년 10월 30일 14시 16분,"관측자 52S DG 282 984이(가) 52S DG 292 951 근처에서 낙탄 탄착을 포착, 파편 분포 제한적임. 거리 약 6.0km. 판단됨."
낙탄 보고,2025년 10월 30일 14시 50분,52S DG 273 981 일대에서 탄착 흔적과 소규모 폭파 흔적이 관측되었음. 관측자 52S DG 289 968 기준 약 7.6km 거리임. 평가됨.
낙탄 보고,2025년 10월 30일 15시 23분,"52S DG 286 984 주변에서 폭파구 확인, 인근에 추가 낙탄 징후 존재. 관측자 위치는 52S DG 274 970, 거리 약 3.4km. 추정됨."
낙탄 보고,2025년 10월 30일 15시 59분,"52S DG 264 955 주변에서 폭파구 확인, 인근에 추가 낙탄 징후 존재. 관측자 위치는 52S DG 289 961, 거리 약 8.3km. 관찰됨."
낙탄 보고,2025년 10월 30일 16시 4분,52S DG 264 948 일대에서 탄착 흔적과 소규모 폭파 흔적이 관측되었음. 관측자 52S DG 285 963 기준 약 9.8km 거리임. 확인됨.
낙탄 보고,2025년 10월 30일 17시 46분,52S DG 294 978 일대에서 탄착 흔적과 소규모 폭파 흔적이 관측되었음. 관측자 52S DG 279 971 기준 약 7.0km 거리임. 확인됨.
낙탄 보고,2025년 10월 30일 18시 16분,"52S DG 275 955 주변에서 폭파구 확인, 인근에 추가 낙탄 징후 존재. 관측자 위치는 52S DG 279 959, 거리 약 8.9km. 보고됨."
낙탄 보고,2025년 10월 30일 23시 34분,"52S DG 289 950 주변에서 폭파구 확인, 인근에 추가 낙탄 징후 존재. 관측자 위치는 52S DG 294 952, 거리 약 7.0km. 확인됨."
낙탄 보고,2025년 10월 31일 4시 10분,"52S DG 270 986 주변에서 폭파구 확인, 인근에 추가 낙탄 징후 존재. 관측자 위치는 52S DG 273 958, 거리 약 6.6km. 추정됨."
낙탄 보고,2025년 10월 31일 4시 40분,"52S DG 284 944 주변에서 폭파구 확인, 인근에 추가 낙탄 징후 존재. 관측자 위치는 52S DG 280 953, 거리 약 3.5km. 평가됨."
낙탄 보고,2025년 10월 31일 13시 34분,"52S DG 284 964 주변에서 폭파구 확인, 인근에 추가 낙탄 징후 존재. 관측자 위치는 52S DG 291 979, 거리 약 0.4km. 식별됨."
낙탄 보고,2025년 10월 31일 20시 17분,"52S DG 282 974 주변에서 폭파구 확인, 인근에 추가 낙탄 징후 존재. 관측자 위치는 52S DG 277 977, 거리 약 9.6km. 확인됨."
낙탄 보고,2025년 10월 31일 20시 38분,"52S DG 293 983 주변에서 폭파구 확인, 인근에 추가 낙탄 징후 존재. 관측자 위치는 52S DG 277 976, 거리 약 4.1km. 판단됨."
낙탄 보고,2025년 11월 1일 3시 19분,"52S DG 292 965 주변에서 폭파구 확인, 인근에 추가 낙탄 징후 존재. 관측자 위치는 52S DG 278 975, 거리 약 1.7km. 평가됨."
낙탄 보고,2025년 11월 1일 17시 2분,"관측자 52S DG 280 958이(가) 52S DG 293 945 근처에서 낙탄 탄착을 포착, 파편 분포 제한적임. 거리 약 4.1km. 관찰됨."
낙탄 보고,2025년 11월 1일 20시 39분,"관측자 52S DG 264 955이(가) 52S DG 289 986 근처에서 낙탄 탄착을 포착, 파편 분포 제한적임. 거리 약 8.0km. 관찰됨."
낙탄 보고,2025년 11월 1일 21시 13분,52S DG 265 977 일대에서 탄착 흔적과 소규모 폭파 흔적이 관측되었음. 관측자 52S DG 282 977 기준 약 3.6km 거리임. 확인됨.
낙탄 보고,2025년 11월 2일 6시 36분,"관측자 52S DG 285 979이(가) 52S DG 284 959 근처에서 낙탄 탄착을 포착, 파편 분포 제한적임. 거리 약 5.2km. 관찰됨."
낙탄 보고,2025년 11월 2일 12시 56분,52S DG 271 953 일대에서 탄착 흔적과 소규모 폭파 흔적이 관측되었음. 관측자 52S DG 289 958 기준 약 6.8km 거리임. 유지 중임.
낙탄 보고,2025년 11월 2일 16시 30분,"관측자 52S DG 286 952이(가) 52S DG 271 961 근처에서 낙탄 탄착을 포착, 파편 분포 제한적임. 거리 약 8.4km. 관찰됨."
낙탄 보고,2025년 11월 2일 20시 2분,"52S DG 269 976 주변에서 폭파구 확인, 인근에 추가 낙탄 징후 존재. 관측자 위치는 52S DG 272 947, 거리 약 8.8km. 보고됨."
낙탄 보고,2025년 11월 2일 20시 23분,"52S DG 278 962 주변에서 폭파구 확인, 인근에 추가 낙탄 징후 존재. 관측자 위치는 52S DG 264 973, 거리 약 3.6km. 평가됨."
낙탄 보고,2025년 11월 3일 1시 50분,"52S DG 268 983 주변에서 폭파구 확인, 인근에 추가 낙탄 징후 존재. 관측자 위치는 52S DG 280 978, 거리 약 4.2km. 확인됨."
낙탄 보고,2025년 11월 3일 4시 24분,52S DG 274 979 일대에서 탄착 흔적과 소규모 폭파 흔적이 관측되었음. 관측자 52S DG 291 977 기준 약 4.5km 거리임. 유지 중임.
낙탄 보고,2025년 11월 3일 4시 58분,"52S DG 289 969 주변에서 폭파구 확인, 인근에 추가 낙탄 징후 존재. 관측자 위치는 52S DG 277 976, 거리 약 2.4km. 판단됨."
낙탄 보고,2025년 11월 3일 5시 36분,"52S DG 264 969 주변에서 폭파구 확인, 인근에 추가 낙탄 징후 존재. 관측자 위치는 52S DG 266 953, 거리 약 1.8km. 확인됨."
낙탄 보고,2025년 11월 3일 6시 8분,"52S DG 266 944 주변에서 폭파구 확인, 인근에 추가 낙탄 징후 존재. 관측자 위치는 52S DG 289 944, 거리 약 4.3km. 유지 중임."
낙탄 보고,2025년 11월 3일 6시 40분,52S DG 281 984 일대에서 탄착 흔적과 소규모 폭파 흔적이 관측되었음. 관측자 52S DG 268 972 기준 약 8.8km 거리임. 유지 중임.
낙탄 보고,2025년 11월 3일 7시 7분,52S DG 271 955 일대에서 탄착 흔적과 소규모 폭파 흔적이 관측되었음. 관측자 52S DG 269 955 기준 약 6.5km 거리임. 평가됨.
낙탄 보고,2025년 11월 3일 13시 11분,"관측자 52S DG 266 982이(가) 52S DG 294 964 근처에서 낙탄 탄착을 포착, 파편 분포 제한적임. 거리 약 2.8km. 확인됨."
낙탄 보고,2025년 11월 3일 22시 33분,52S DG 291 974 일대에서 탄착 흔적과 소규모 폭파 흔적이 관측되었음. 관측자 52S DG 277 971 기준 약 4.3km 거리임. 판단됨.
낙탄 보고,2025년 11월 4일 5시 52분,52S DG 267 944 일대에서 탄착 흔적과 소규모 폭파 흔적이 관측되었음. 관측자 52S DG 291 960 기준 약 9.2km 거리임. 판단됨.
낙탄 보고,2025년 11월 4일 6시 20분,52S DG 276 966 일대에서 탄착 흔적과 소규모 폭파 흔적이 관측되었음. 관측자 52S DG 275 951 기준 약 0.7km 거리임. 관찰됨.
낙탄 보고,2025년 11월 4일 11시 15분,"52S DG 275 946 주변에서 폭파구 확인, 인근에 추가 낙탄 징후 존재. 관측자 위치는 52S DG 292 950, 거리 약 4.2km. 추정됨."
낙탄 보고,2025년 11월 4일 13시 16분,"관측자 52S DG 264 950이(가) 52S DG 270 949 근처에서 낙탄 탄착을 포착, 파편 분포 제한적임. 거리 약 2.2km. 확인됨."
낙탄 보고,2025년 11월 4일 18시 58분,"관측자 52S DG 291 971이(가) 52S DG 271 958 근처에서 낙탄 탄착을 포착, 파편 분포 제한적임. 거리 약 0.5km. 식별됨."
낙탄 보고,2025년 11월 5일 7시 2분,52S DG 265 945 일대에서 탄착 흔적과 소규모 폭파 흔적이 관측되었음. 관측자 52S DG 282 963 기준 약 4.9km 거리임. 판단됨.
낙탄 보고,2025년 11월 5일 9시 9분,"52S DG 282 960 주변에서 폭파구 확인, 인근에 추가 낙탄 징후 존재. 관측자 위치는 52S DG 274 984, 거리 약 7.9km. 보고됨."
낙탄 보고,2025년 11월 5일 13시 59분,52S DG 268 966 일대에서 탄착 흔적과 소규모 폭파 흔적이 관측되었음. 관측자 52S DG 287 948 기준 약 9.1km 거리임. 보고됨.
낙탄 보고,2025년 11월 5일 16시 26분,52S DG 276 972 일대에서 탄착 흔적과 소규모 폭파 흔적이 관측되었음. 관측자 52S DG 293 966 기준 약 4.4km 거리임. 식별됨.
낙탄 보고,2025년 11월 5일 17시 50분,52S DG 273 982 일대에서 탄착 흔적과 소규모 폭파 흔적이 관측되었음. 관측자 52S DG 284 980 기준 약 1.1km 거리임. 평가됨.
낙탄 보고,2025년 11월 6일 1시 21분,52S DG 280 965 일대에서 탄착 흔적과 소규모 폭파 흔적이 관측되었음. 관측자 52S DG 275 969 기준 약 0.8km 거리임. 추정됨.
낙탄 보고,2025년 11월 6일 2시 13분,52S DG 282 969 일대에서 탄착 흔적과 소규모 폭파 흔적이 관측되었음. 관측자 52S DG 273 969 기준 약 4.2km 거리임. 유지 중임.
낙탄 보고,2025년 11월 6일 5시 11분,"52S DG 281 974 주변에서 폭파구 확인, 인근에 추가 낙탄 징후 존재. 관측자 위치는 52S DG 281 955, 거리 약 2.2km. 추정됨."
낙탄 보고,2025년 11월 6일 9시 5분,"52S DG 266 971 주변에서 폭파구 확인, 인근에 추가 낙탄 징후 존재. 관측자 위치는 52S DG 279 948, 거리 약 8.2km. 추정됨."
낙탄 보고,2025년 11월 6일 11시 43분,52S DG 288 961 일대에서 탄착 흔적과 소규모 폭파 흔적이 관측되었음. 관측자 52S DG 287 958 기준 약 2.5km 거리임. 평가됨.
낙탄 보고,2025년 11월 6일 15시 11분,"관측자 52S DG 271 951이(가) 52S DG 289 964 근처에서 낙탄 탄착을 포착, 파편 분포 제한적임. 거리 약 0.4km. 평가됨."
낙탄 보고,2025년 11월 6일 15시 37분,52S DG 290 961 일대에서 탄착 흔적과 소규모 폭파 흔적이 관측되었음. 관측자 52S DG 293 964 기준 약 0.4km 거리임. 유지 중임.
낙탄 보고,2025년 11월 6일 19시 57분,"52S DG 292 949 주변에서 폭파구 확인, 인근에 추가 낙탄 징후 존재. 관측자 위치는 52S DG 283 957, 거리 약 0.5km. 보고됨."
낙탄 보고,2025년 11월 6일 20시 1분,52S DG 293 948 일대에서 탄착 흔적과 소규모 폭파 흔적이 관측되었음. 관측자 52S DG 270 956 기준 약 8.3km 거리임. 관찰됨.
낙탄 보고,2025년 11월 7일 1시 44분,"52S DG 291 948 주변에서 폭파구 확인, 인근에 추가 낙탄 징후 존재. 관측자 위치는 52S DG 271 976, 거리 약 3.5km. 평가됨."
낙탄 보고,2025년 11월 7일 1시 51분,"관측자 52S DG 290 973이(가) 52S DG 279 974 근처에서 낙탄 탄착을 포착, 파편 분포 제한적임. 거리 약 5.9km. 식별됨."
낙탄 보고,2025년 11월 7일 3시 29분,"관측자 52S DG 287 984이(가) 52S DG 281 971 근처에서 낙탄 탄착을 포착, 파편 분포 제한적임. 거리 약 5.9km. 식별됨."
낙탄 보고,2025년 11월 7일 4시 49분,52S DG 278 961 일대에서 탄착 흔적과 소규모 폭파 흔적이 관측되었음. 관측자 52S DG 273 949 기준 약 6.1km 거리임. 추정됨.
낙탄 보고,2025년 11월 7일 5시 31분,"관측자 52S DG 286 969이(가) 52S DG 292 984 근처에서 낙탄 탄착을 포착, 파편 분포 제한적임. 거리 약 4.9km. 유지 중임."
낙탄 보고,2025년 11월 7일 10시 56분,"관측자 52S DG 284 970이(가) 52S DG 271 969 근처에서 낙탄 탄착을 포착, 파편 분포 제한적임. 거리 약 1.8km. 보고됨."
낙탄 보고,2025년 11월 7일 17시 14분,"52S DG 284 960 주변에서 폭파구 확인, 인근에 추가 낙탄 징후 존재. 관측자 위치는 52S DG 277 964, 거리 약 2.0km. 유지 중임."
낙탄 보고,2025년 11월 8일 5시 13분,"관측자 52S DG 267 981이(가) 52S DG 294 945 근처에서 낙탄 탄착을 포착, 파편 분포 제한적임. 거리 약 5.4km. 평가됨."
낙탄 보고,2025년 11월 8일 8시 37분,52S DG 293 954 일대에서 탄착 흔적과 소규모 폭파 흔적이 관측되었음. 관측자 52S DG 281 966 기준 약 4.5km 거리임. 유지 중임.
낙탄 보고,2025년 11월 8일 13시 29분,"관측자 52S DG 288 983이(가) 52S DG 275 958 근처에서 낙탄 탄착을 포착, 파편 분포 제한적임. 거리 약 8.5km. 보고됨."
낙탄 보고,2025년 11월 8일 14시 43분,"관측자 52S DG 293 959이(가) 52S DG 264 966 근처에서 낙탄 탄착을 포착, 파편 분포 제한적임. 거리 약 5.0km. 유지 중임."
낙탄 보고,2025년 11월 8일 16시 10분,52S DG 293 963 일대에서 탄착 흔적과 소규모 폭파 흔적이 관측되었음. 관측자 52S DG 280 982 기준 약 3.3km 거리임. 유지 중임.
낙탄 보고,2025년 11월 8일 17시 8분,52S DG 269 984 일대에서 탄착 흔적과 소규모 폭파 흔적이 관측되었음. 관측자 52S DG 288 970 기준 약 5.0km 거리임. 평가됨.
낙탄 보고,2025년 11월 8일 22시 6분,"관측자 52S DG 270 984이(가) 52S DG 285 959 근처에서 낙탄 탄착을 포착, 파편 분포 제한적임. 거리 약 2.7km. 관찰됨."
낙탄 보고,2025년 11월 9일 0시 36분,52S DG 268 962 일대에서 탄착 흔적과 소규모 폭파 흔적이 관측되었음. 관측자 52S DG 284 974 기준 약 2.9km 거리임. 유지 중임.
낙탄 보고,2025년 11월 9일 1시 16분,52S DG 273 948 일대에서 탄착 흔적과 소규모 폭파 흔적이 관측되었음. 관측자 52S DG 270 966 기준 약 1.9km 거리임. 관찰됨.
낙탄 보고,2025년 11월 9일 2시 58분,"52S DG 280 983 주변에서 폭파구 확인, 인근에 추가 낙탄 징후 존재. 관측자 위치는 52S DG 290 960, 거리 약 8.6km. 판단됨."
낙탄 보고,2025년 11월 9일 8시 47분,52S DG 281 948 일대에서 탄착 흔적과 소규모 폭파 흔적이 관측되었음. 관측자 52S DG 293 977 기준 약 1.4km 거리임. 평가됨.
낙탄 보고,2025년 11월 9일 20시 36분,"52S DG 267 973 주변에서 폭파구 확인, 인근에 추가 낙탄 징후 존재. 관측자 위치는 52S DG 276 970, 거리 약 8.8km. 확인됨."
낙탄 보고,2025년 11월 10일 2시 18분,"관측자 52S DG 286 980이(가) 52S DG 284 952 근처에서 낙탄 탄착을 포착, 파편 분포 제한적임. 거리 약 5.3km. 보고됨."
낙탄 보고,2025년 11월 10일 5시 44분,52S DG 266 948 일대에서 탄착 흔적과 소규모 폭파 흔적이 관측되었음. 관측자 52S DG 268 963 기준 약 5.0km 거리임. 유지 중임.
낙탄 보고,2025년 11월 10일 6시 4분,52S DG 289 985 일대에서 탄착 흔적과 소규모 폭파 흔적이 관측되었음. 관측자 52S DG 290 959 기준 약 8.0km 거리임. 확인됨.
낙탄 보고,2025년 11월 10일 6시 41분,"52S DG 270 986 주변에서 폭파구 확인, 인근에 추가 낙탄 징후 존재. 관측자 위치는 52S DG 284 957, 거리 약 3.2km. 평가됨."
낙탄 보고,2025년 11월 10일 14시 47분,52S DG 289 983 일대에서 탄착 흔적과 소규모 폭파 흔적이 관측되었음. 관측자 52S DG 289 954 기준 약 0.6km 거리임. 확인됨.
낙탄 보고,2025년 11월 10일 16시 16분,"관측자 52S DG 273 967이(가) 52S DG 271 972 근처에서 낙탄 탄착을 포착, 파편 분포 제한적임. 거리 약 2.1km. 확인됨."
낙탄 보고,2025년 11월 10일 21시 38분,"52S DG 267 968 주변에서 폭파구 확인, 인근에 추가 낙탄 징후 존재. 관측자 위치는 52S DG 294 958, 거리 약 0.8km. 유지 중임."
낙탄 보고,2025년 11월 10일 23시 41분,52S DG 273 953 일대에서 탄착 흔적과 소규모 폭파 흔적이 관측되었음. 관측자 52S DG 271 974 기준 약 9.2km 거리임. 보고됨.
낙탄 보고,2025년 11월 11일 0시 1분,"관측자 52S DG 265 966이(가) 52S DG 291 971 근처에서 낙탄 탄착을 포착, 파편 분포 제한적임. 거리 약 9.5km. 식별됨."
낙탄 보고,2025년 11월 11일 4시 20분,"관측자 52S DG 290 955이(가) 52S DG 276 957 근처에서 낙탄 탄착을 포착, 파편 분포 제한적임. 거리 약 7.0km. 식별됨."
낙탄 보고,2025년 11월 11일 4시 38분,52S DG 292 959 일대에서 탄착 흔적과 소규모 폭파 흔적이 관측되었음. 관측자 52S DG 281 950 기준 약 7.6km 거리임. 보고됨.
낙탄 보고,2025년 11월 11일 10시 14분,"52S DG 289 965 주변에서 폭파구 확인, 인근에 추가 낙탄 징후 존재. 관측자 위치는 52S DG 264 984, 거리 약 5.2km. 확인됨."
낙탄 보고,2025년 11월 11일 10시 27분,52S DG 275 981 일대에서 탄착 흔적과 소규모 폭파 흔적이 관측되었음. 관측자 52S DG 279 946 기준 약 6.6km 거리임. 평가됨.
낙탄 보고,2025년 11월 11일 11시 10분,"52S DG 269 966 주변에서 폭파구 확인, 인근에 추가 낙탄 징후 존재. 관측자 위치는 52S DG 267 957, 거리 약 5.7km. 평가됨."
낙탄 보고,2025년 11월 11일 11시 38분,"52S DG 288 968 주변에서 폭파구 확인, 인근에 추가 낙탄 징후 존재. 관측자 위치는 52S DG 285 968, 거리 약 0.7km. 식별됨."
낙탄 보고,2025년 11월 11일 12시 4분,"52S DG 269 965 주변에서 폭파구 확인, 인근에 추가 낙탄 징후 존재. 관측자 위치는 52S DG 284 968, 거리 약 0.6km. 유지 중임."
낙탄 보고,2025년 11월 11일 15시 33분,"관측자 52S DG 271 985이(가) 52S DG 278 970 근처에서 낙탄 탄착을 포착, 파편 분포 제한적임. 거리 약 8.5km. 관찰됨."
낙탄 보고,2025년 11월 11일 16시 17분,52S DG 283 945 일대에서 탄착 흔적과 소규모 폭파 흔적이 관측되었음. 관측자 52S DG 265 963 기준 약 4.5km 거리임. 확인됨.
낙탄 보고,2025년 11월 11일 18시 20분,"52S DG 280 972 주변에서 폭파구 확인, 인근에 추가 낙탄 징후 존재. 관측자 위치는 52S DG 278 980, 거리 약 3.9km. 보고됨."
낙탄 보고,2025년 11월 11일 20시 50분,"52S DG 270 986 주변에서 폭파구 확인, 인근에 추가 낙탄 징후 존재. 관측자 위치는 52S DG 264 974, 거리 약 1.5km. 확인됨."
낙탄 보고,2025년 11월 11일 22시 34분,"52S DG 275 978 주변에서 폭파구 확인, 인근에 추가 낙탄 징후 존재. 관측자 위치는 52S DG 273 985, 거리 약 6.0km. 식별됨."
낙탄 보고,2025년 11월 12일 9시 12분,52S DG 284 965 일대에서 탄착 흔적과 소규모 폭파 흔적이 관측되었음. 관측자 52S DG 294 972 기준 약 6.1km 거리임. 보고됨.
낙탄 보고,2025년 11월 12일 9시 19분,"52S DG 281 983 주변에서 폭파구 확인, 인근에 추가 낙탄 징후 존재. 관측자 위치는 52S DG 269 947, 거리 약 1.3km. 관찰됨."
낙탄 보고,2025년 11월 12일 15시 7분,52S DG 287 984 일대에서 탄착 흔적과 소규모 폭파 흔적이 관측되었음. 관측자 52S DG 294 944 기준 약 9.2km 거리임. 평가됨.
낙탄 보고,2025년 11월 12일 17시 30분,"52S DG 269 971 주변에서 폭파구 확인, 인근에 추가 낙탄 징후 존재. 관측자 위치는 52S DG 267 965, 거리 약 8.5km. 식별됨."
낙탄 보고,2025년 11월 12일 21시 14분,52S DG 266 983 일대에서 탄착 흔적과 소규모 폭파 흔적이 관측되었음. 관측자 52S DG 270 944 기준 약 3.6km 거리임. 관찰됨.
낙탄 보고,2025년 11월 13일 0시 10분,"52S DG 279 972 주변에서 폭파구 확인, 인근에 추가 낙탄 징후 존재. 관측자 위치는 52S DG 265 967, 거리 약 0.6km. 확인됨."
낙탄 보고,2025년 11월 13일 13시 29분,"관측자 52S DG 288 971이(가) 52S DG 265 960 근처에서 낙탄 탄착을 포착, 파편 분포 제한적임. 거리 약 9.4km. 평가됨."
낙탄 보고,2025년 11월 13일 15시 14분,"52S DG 269 949 주변에서 폭파구 확인, 인근에 추가 낙탄 징후 존재. 관측자 위치는 52S DG 283 950, 거리 약 1.6km. 유지 중임."
낙탄 보고,2025년 11월 13일 19시 15분,52S DG 272 965 일대에서 탄착 흔적과 소규모 폭파 흔적이 관측되었음. 관측자 52S DG 278 947 기준 약 3.5km 거리임. 관찰됨.
낙탄 보고,2025년 11월 13일 19시 37분,52S DG 267 975 일대에서 탄착 흔적과 소규모 폭파 흔적이 관측되었음. 관측자 52S DG 280 944 기준 약 0.8km 거리임. 유지 중임.
낙탄 보고,2025년 11월 13일 20시 56분,"52S DG 266 962 주변에서 폭파구 확인, 인근에 추가 낙탄 징후 존재. 관측자 위치는 52S DG 270 951, 거리 약 0.7km. 보고됨."
낙탄 보고,2025년 11월 14일 1시 28분,"52S DG 283 957 주변에서 폭파구 확인, 인근에 추가 낙탄 징후 존재. 관측자 위치는 52S DG 292 975, 거리 약 8.6km. 추정됨."
낙탄 보고,2025년 11월 15일 5시 7분,"52S DG 292 974 주변에서 폭파구 확인, 인근에 추가 낙탄 징후 존재. 관측자 위치는 52S DG 277 949, 거리 약 6.5km. 식별됨."
낙탄 보고,2025년 11월 15일 11시 5분,"52S DG 277 965 주변에서 폭파구 확인, 인근에 추가 낙탄 징후 존재. 관측자 위치는 52S DG 272 983, 거리 약 0.3km. 유지 중임."
낙탄 보고,2025년 11월 15일 17시 25분,52S DG 273 952 일대에서 탄착 흔적과 소규모 폭파 흔적이 관측되었음. 관측자 52S DG 272 983 기준 약 6.5km 거리임. 추정됨.
낙탄 보고,2025년 11월 15일 20시 17분,"52S DG 291 979 주변에서 폭파구 확인, 인근에 추가 낙탄 징후 존재. 관측자 위치는 52S DG 278 949, 거리 약 1.7km. 식별됨."
낙탄 보고,2025년 11월 16일 3시 42분,"관측자 52S DG 290 975이(가) 52S DG 289 984 근처에서 낙탄 탄착을 포착, 파편 분포 제한적임. 거리 약 4.6km. 관찰됨."
낙탄 보고,2025년 11월 16일 10시 2분,"관측자 52S DG 291 950이(가) 52S DG 292 966 근처에서 낙탄 탄착을 포착, 파편 분포 제한적임. 거리 약 4.6km. 식별됨."
낙탄 보고,2025년 11월 16일 14시 38분,52S DG 288 948 일대에서 탄착 흔적과 소규모 폭파 흔적이 관측되었음. 관측자 52S DG 290 961 기준 약 8.6km 거리임. 판단됨.
낙탄 보고,2025년 11월 17일 2시 33분,"52S DG 279 968 주변에서 폭파구 확인, 인근에 추가 낙탄 징후 존재. 관측자 위치는 52S DG 294 959, 거리 약 1.1km. 보고됨."
낙탄 보고,2025년 11월 17일 6시 46분,52S DG 294 971 일대에서 탄착 흔적과 소규모 폭파 흔적이 관측되었음. 관측자 52S DG 293 985 기준 약 9.9km 거리임. 보고됨.
낙탄 보고,2025년 11월 17일 8시 51분,52S DG 291 979 일대에서 탄착 흔적과 소규모 폭파 흔적이 관측되었음. 관측자 52S DG 277 966 기준 약 3.6km 거리임. 판단됨.
낙탄 보고,2025년 11월 17일 10시 23분,"52S DG 277 959 주변에서 폭파구 확인, 인근에 추가 낙탄 징후 존재. 관측자 위치는 52S DG 285 959, 거리 약 1.4km. 식별됨."
낙탄 보고,2025년 11월 17일 10시 35분,"관측자 52S DG 277 961이(가) 52S DG 270 952 근처에서 낙탄 탄착을 포착, 파편 분포 제한적임. 거리 약 8.1km. 평가됨."
낙탄 보고,2025년 11월 17일 11시 48분,52S DG 276 954 일대에서 탄착 흔적과 소규모 폭파 흔적이 관측되었음. 관측자 52S DG 267 960 기준 약 7.1km 거리임. 관찰됨.
낙탄 보고,2025년 11월 17일 12시 21분,52S DG 288 972 일대에서 탄착 흔적과 소규모 폭파 흔적이 관측되었음. 관측자 52S DG 287 962 기준 약 0.6km 거리임. 추정됨.
낙탄 보고,2025년 11월 17일 20시 53분,"관측자 52S DG 285 944이(가) 52S DG 289 979 근처에서 낙탄 탄착을 포착, 파편 분포 제한적임. 거리 약 6.4km. 보고됨."
낙탄 보고,2025년 11월 18일 1시 4분,"52S DG 270 961 주변에서 폭파구 확인, 인근에 추가 낙탄 징후 존재. 관측자 위치는 52S DG 275 979, 거리 약 3.8km. 식별됨."
낙탄 보고,2025년 11월 18일 1시 57분,52S DG 291 964 일대에서 탄착 흔적과 소규모 폭파 흔적이 관측되었음. 관측자 52S DG 268 977 기준 약 9.3km 거리임. 유지 중임.
낙탄 보고,2025년 11월 18일 4시 1분,52S DG 276 969 일대에서 탄착 흔적과 소규모 폭파 흔적이 관측되었음. 관측자 52S DG 278 968 기준 약 2.8km 거리임. 식별됨.
낙탄 보고,2025년 11월 18일 5시 7분,"52S DG 276 956 주변에서 폭파구 확인, 인근에 추가 낙탄 징후 존재. 관측자 위치는 52S DG 272 974, 거리 약 6.0km. 평가됨."
낙탄 보고,2025년 11월 18일 5시 51분,"52S DG 283 981 주변에서 폭파구 확인, 인근에 추가 낙탄 징후 존재. 관측자 위치는 52S DG 282 977, 거리 약 4.3km. 보고됨."
낙탄 보고,2025년 11월 18일 8시 30분,52S DG 267 969 일대에서 탄착 흔적과 소규모 폭파 흔적이 관측되었음. 관측자 52S DG 293 972 기준 약 7.4km 거리임. 추정됨.
낙탄 보고,2025년 11월 18일 14시 52분,"52S DG 283 981 주변에서 폭파구 확인, 인근에 추가 낙탄 징후 존재. 관측자 위치는 52S DG 274 948, 거리 약 2.0km. 관찰됨."
낙탄 보고,2025년 11월 19일 0시 45분,"관측자 52S DG 264 976이(가) 52S DG 279 962 근처에서 낙탄 탄착을 포착, 파편 분포 제한적임. 거리 약 5.5km. 확인됨."
낙탄 보고,2025년 11월 19일 3시 19분,52S DG 287 966 일대에서 탄착 흔적과 소규모 폭파 흔적이 관측되었음. 관측자 52S DG 288 975 기준 약 6.0km 거리임. 평가됨.
낙탄 보고,2025년 11월 19일 3시 38분,"관측자 52S DG 267 951이(가) 52S DG 271 959 근처에서 낙탄 탄착을 포착, 파편 분포 제한적임. 거리 약 9.2km. 추정됨."
낙탄 보고,2025년 11월 19일 10시 50분,"관측자 52S DG 287 964이(가) 52S DG 289 981 근처에서 낙탄 탄착을 포착, 파편 분포 제한적임. 거리 약 0.4km. 판단됨."
낙탄 보고,2025년 11월 19일 13시 15분,"52S DG 287 964 주변에서 폭파구 확인, 인근에 추가 낙탄 징후 존재. 관측자 위치는 52S DG 277 944, 거리 약 4.2km. 식별됨."
낙탄 보고,2025년 11월 19일 13시 36분,"52S DG 283 951 주변에서 폭파구 확인, 인근에 추가 낙탄 징후 존재. 관측자 위치는 52S DG 277 975, 거리 약 3.6km. 식별됨."
낙탄 보고,2025년 11월 19일 14시 41분,"52S DG 284 970 주변에서 폭파구 확인, 인근에 추가 낙탄 징후 존재. 관측자 위치는 52S DG 289 965, 거리 약 1.9km. 판단됨."
낙탄 보고,2025년 11월 19일 21시 34분,52S DG 277 967 일대에서 탄착 흔적과 소규모 폭파 흔적이 관측되었음. 관측자 52S DG 286 963 기준 약 9.1km 거리임. 확인됨.
낙탄 보고,2025년 11월 20일 1시 7분,"관측자 52S DG 267 971이(가) 52S DG 265 963 근처에서 낙탄 탄착을 포착, 파편 분포 제한적임. 거리 약 0.7km. 식별됨."
낙탄 보고,2025년 11월 20일 6시 32분,"52S DG 291 960 주변에서 폭파구 확인, 인근에 추가 낙탄 징후 존재. 관측자 위치는 52S DG 273 954, 거리 약 4.8km. 식별됨."
낙탄 보고,2025년 11월 20일 10시 22분,52S DG 291 950 일대에서 탄착 흔적과 소규모 폭파 흔적이 관측되었음. 관측자 52S DG 283 959 기준 약 6.0km 거리임. 판단됨.
낙탄 보고,2025년 11월 20일 20시 35분,52S DG 286 945 일대에서 탄착 흔적과 소규모 폭파 흔적이 관측되었음. 관측자 52S DG 293 982 기준 약 3.8km 거리임. 식별됨.
낙탄 보고,2025년 11월 21일 3시 10분,"관측자 52S DG 280 980이(가) 52S DG 279 964 근처에서 낙탄 탄착을 포착, 파편 분포 제한적임. 거리 약 6.0km. 평가됨."
낙탄 보고,2025년 11월 21일 4시 44분,52S DG 294 981 일대에서 탄착 흔적과 소규모 폭파 흔적이 관측되었음. 관측자 52S DG 277 962 기준 약 9.8km 거리임. 판단됨.
낙탄 보고,2025년 11월 21일 5시 13분,"관측자 52S DG 291 966이(가) 52S DG 292 951 근처에서 낙탄 탄착을 포착, 파편 분포 제한적임. 거리 약 1.2km. 확인됨."
낙탄 보고,2025년 11월 21일 5시 28분,52S DG 281 970 일대에서 탄착 흔적과 소규모 폭파 흔적이 관측되었음. 관측자 52S DG 272 944 기준 약 1.2km 거리임. 식별됨.
낙탄 보고,2025년 11월 21일 11시 39분,"52S DG 267 953 주변에서 폭파구 확인, 인근에 추가 낙탄 징후 존재. 관측자 위치는 52S DG 291 986, 거리 약 8.1km. 관찰됨."
낙탄 보고,2025년 11월 21일 17시 38분,"관측자 52S DG 276 977이(가) 52S DG 273 960 근처에서 낙탄 탄착을 포착, 파편 분포 제한적임. 거리 약 1.2km. 확인됨."
낙탄 보고,2025년 11월 21일 19시 8분,"관측자 52S DG 293 966이(가) 52S DG 293 954 근처에서 낙탄 탄착을 포착, 파편 분포 제한적임. 거리 약 8.0km. 판단됨."
낙탄 보고,2025년 11월 22일 0시 39분,52S DG 286 963 일대에서 탄착 흔적과 소규모 폭파 흔적이 관측되었음. 관측자 52S DG 286 981 기준 약 6.4km 거리임. 추정됨.
낙탄 보고,2025년 11월 22일 5시 34분,52S DG 266 968 일대에서 탄착 흔적과 소규모 폭파 흔적이 관측되었음. 관측자 52S DG 286 956 기준 약 5.4km 거리임. 관찰됨.
낙탄 보고,2025년 11월 22일 6시 7분,"관측자 52S DG 291 973이(가) 52S DG 272 983 근처에서 낙탄 탄착을 포착, 파편 분포 제한적임. 거리 약 0.2km. 평가됨."
낙탄 보고,2025년 11월 22일 12시 51분,"관측자 52S DG 283 955이(가) 52S DG 291 985 근처에서 낙탄 탄착을 포착, 파편 분포 제한적임. 거리 약 8.0km. 평가됨."
낙탄 보고,2025년 11월 22일 14시 4분,52S DG 265 946 일대에서 탄착 흔적과 소규모 폭파 흔적이 관측되었음. 관측자 52S DG 269 965 기준 약 4.9km 거리임. 확인됨.
낙탄 보고,2025년 11월 22일 17시 11분,"52S DG 264 945 주변에서 폭파구 확인, 인근에 추가 낙탄 징후 존재. 관측자 위치는 52S DG 277 944, 거리 약 7.8km. 관찰됨."
낙탄 보고,2025년 11월 22일 17시 23분,"52S DG 292 978 주변에서 폭파구 확인, 인근에 추가 낙탄 징후 존재. 관측자 위치는 52S DG 274 984, 거리 약 0.3km. 판단됨."
낙탄 보고,2025년 11월 22일 22시 58분,52S DG 280 964 일대에서 탄착 흔적과 소규모 폭파 흔적이 관측되었음. 관측자 52S DG 275 970 기준 약 7.0km 거리임. 추정됨.
낙탄 보고,2025년 11월 23일 4시 12분,52S DG 292 955 일대에서 탄착 흔적과 소규모 폭파 흔적이 관측되었음. 관측자 52S DG 291 948 기준 약 2.0km 거리임. 식별됨.
낙탄 보고,2025년 11월 23일 5시 34분,"52S DG 278 963 주변에서 폭파구 확인, 인근에 추가 낙탄 징후 존재. 관측자 위치는 52S DG 281 959, 거리 약 7.9km. 관찰됨."
낙탄 보고,2025년 11월 23일 5시 40분,52S DG 275 982 일대에서 탄착 흔적과 소규모 폭파 흔적이 관측되었음. 관측자 52S DG 279 956 기준 약 5.8km 거리임. 보고됨.
낙탄 보고,2025년 11월 23일 9시 3분,"52S DG 288 975 주변에서 폭파구 확인, 인근에 추가 낙탄 징후 존재. 관측자 위치는 52S DG 276 960, 거리 약 8.5km. 관찰됨."
낙탄 보고,2025년 11월 23일 9시 10분,"52S DG 280 969 주변에서 폭파구 확인, 인근에 추가 낙탄 징후 존재. 관측자 위치는 52S DG 275 975, 거리 약 9.9km. 판단됨."
낙탄 보고,2025년 11월 23일 17시 26분,"관측자 52S DG 264 950이(가) 52S DG 283 981 근처에서 낙탄 탄착을 포착, 파편 분포 제한적임. 거리 약 0.4km. 보고됨."
낙탄 보고,2025년 11월 24일 5시 11분,"관측자 52S DG 270 980이(가) 52S DG 268 971 근처에서 낙탄 탄착을 포착, 파편 분포 제한적임. 거리 약 5.5km. 확인됨."
낙탄 보고,2025년 11월 24일 5시 29분,52S DG 275 973 일대에서 탄착 흔적과 소규모 폭파 흔적이 관측되었음. 관측자 52S DG 273 964 기준 약 5.0km 거리임. 판단됨.
낙탄 보고,2025년 11월 24일 6시 13분,52S DG 264 979 일대에서 탄착 흔적과 소규모 폭파 흔적이 관측되었음. 관측자 52S DG 294 978 기준 약 9.0km 거리임. 보고됨.
낙탄 보고,2025년 11월 24일 7시 39분,"52S DG 274 948 주변에서 폭파구 확인, 인근에 추가 낙탄 징후 존재. 관측자 위치는 52S DG 283 965, 거리 약 7.5km. 식별됨."
낙탄 보고,2025년 11월 24일 9시 16분,52S DG 287 951 일대에서 탄착 흔적과 소규모 폭파 흔적이 관측되었음. 관측자 52S DG 286 946 기준 약 2.8km 거리임. 추정됨.
낙탄 보고,2025년 11월 24일 9시 51분,"관측자 52S DG 273 947이(가) 52S DG 271 983 근처에서 낙탄 탄착을 포착, 파편 분포 제한적임. 거리 약 1.0km. 식별됨."
낙탄 보고,2025년 11월 24일 12시 12분,"관측자 52S DG 278 963이(가) 52S DG 269 966 근처에서 낙탄 탄착을 포착, 파편 분포 제한적임. 거리 약 5.3km. 식별됨."
낙탄 보고,2025년 11월 24일 14시 10분,"관측자 52S DG 278 946이(가) 52S DG 271 953 근처에서 낙탄 탄착을 포착, 파편 분포 제한적임. 거리 약 0.2km. 보고됨."
낙탄 보고,2025년 11월 24일 18시 28분,"52S DG 292 973 주변에서 폭파구 확인, 인근에 추가 낙탄 징후 존재. 관측자 위치는 52S DG 277 963, 거리 약 6.0km. 보고됨."
낙탄 보고,2025년 11월 24일 20시 12분,"52S DG 282 957 주변에서 폭파구 확인, 인근에 추가 낙탄 징후 존재. 관측자 위치는 52S DG 283 967, 거리 약 8.8km. 보고됨."
낙탄 보고,2025년 11월 24일 21시 53분,"관측자 52S DG 268 962이(가) 52S DG 268 953 근처에서 낙탄 탄착을 포착, 파편 분포 제한적임. 거리 약 4.3km. 유지 중임."
낙탄 보고,2025년 11월 25일 2시 28분,"52S DG 283 963 주변에서 폭파구 확인, 인근에 추가 낙탄 징후 존재. 관측자 위치는 52S DG 294 947, 거리 약 1.8km. 추정됨."
낙탄 보고,2025년 11월 25일 5시 27분,"52S DG 290 984 주변에서 폭파구 확인, 인근에 추가 낙탄 징후 존재. 관측자 위치는 52S DG 284 948, 거리 약 7.9km. 유지 중임."
낙탄 보고,2025년 11월 25일 6시 24분,"52S DG 278 970 주변에서 폭파구 확인, 인근에 추가 낙탄 징후 존재. 관측자 위치는 52S DG 290 986, 거리 약 6.6km. 판단됨."
낙탄 보고,2025년 11월 25일 11시 34분,52S DG 275 986 일대에서 탄착 흔적과 소규모 폭파 흔적이 관측되었음. 관측자 52S DG 264 954 기준 약 4.8km 거리임. 관찰됨.
낙탄 보고,2025년 11월 25일 23시 18분,52S DG 277 979 일대에서 탄착 흔적과 소규모 폭파 흔적이 관측되었음. 관측자 52S DG 288 947 기준 약 3.4km 거리임. 판단됨.
낙탄 보고,2025년 11월 26일 1시 1분,52S DG 285 965 일대에서 탄착 흔적과 소규모 폭파 흔적이 관측되었음. 관측자 52S DG 279 974 기준 약 2.7km 거리임. 식별됨.
낙탄 보고,2025년 11월 26일 2시 5분,"52S DG 264 960 주변에서 폭파구 확인, 인근에 추가 낙탄 징후 존재. 관측자 위치는 52S DG 289 959, 거리 약 0.3km. 판단됨."
낙탄 보고,2025년 11월 26일 2시 33분,"52S DG 264 945 주변에서 폭파구 확인, 인근에 추가 낙탄 징후 존재. 관측자 위치는 52S DG 274 978, 거리 약 1.2km. 추정됨."
낙탄 보고,2025년 11월 26일 3시 29분,52S DG 279 946 일대에서 탄착 흔적과 소규모 폭파 흔적이 관측되었음. 관측자 52S DG 282 986 기준 약 6.2km 거리임. 확인됨.
낙탄 보고,2025년 11월 26일 16시 57분,52S DG 278 983 일대에서 탄착 흔적과 소규모 폭파 흔적이 관측되었음. 관측자 52S DG 281 963 기준 약 8.7km 거리임. 보고됨.
낙탄 보고,2025년 11월 27일 10시 21분,52S DG 284 984 일대에서 탄착 흔적과 소규모 폭파 흔적이 관측되었음. 관측자 52S DG 273 978 기준 약 1.2km 거리임. 보고됨.
낙탄 보고,2025년 11월 27일 10시 44분,52S DG 275 970 일대에서 탄착 흔적과 소규모 폭파 흔적이 관측되었음. 관측자 52S DG 266 983 기준 약 4.1km 거리임. 평가됨.
낙탄 보고,2025년 11월 27일 12시 10분,"52S DG 290 982 주변에서 폭파구 확인, 인근에 추가 낙탄 징후 존재. 관측자 위치는 52S DG 269 983, 거리 약 7.8km. 보고됨."
낙탄 보고,2025년 11월 27일 15시 5분,52S DG 265 977 일대에서 탄착 흔적과 소규모 폭파 흔적이 관측되었음. 관측자 52S DG 276 952 기준 약 9.4km 거리임. 평가됨.
낙탄 보고,2025년 11월 27일 16시 22분,52S DG 279 950 일대에서 탄착 흔적과 소규모 폭파 흔적이 관측되었음. 관측자 52S DG 279 958 기준 약 9.8km 거리임. 평가됨.
낙탄 보고,2025년 11월 27일 16시 33분,"52S DG 277 945 주변에서 폭파구 확인, 인근에 추가 낙탄 징후 존재. 관측자 위치는 52S DG 282 981, 거리 약 8.2km. 평가됨."
낙탄 보고,2025년 11월 27일 16시 55분,"52S DG 280 981 주변에서 폭파구 확인, 인근에 추가 낙탄 징후 존재. 관측자 위치는 52S DG 287 949, 거리 약 8.9km. 평가됨."
낙탄 보고,2025년 11월 27일 20시 18분,52S DG 271 954 일대에서 탄착 흔적과 소규모 폭파 흔적이 관측되었음. 관측자 52S DG 278 972 기준 약 3.7km 거리임. 식별됨.
낙탄 보고,2025년 11월 27일 21시 18분,"관측자 52S DG 269 959이(가) 52S DG 264 983 근처에서 낙탄 탄착을 포착, 파편 분포 제한적임. 거리 약 3.6km. 평가됨."
낙탄 보고,2025년 11월 27일 21시 41분,"52S DG 289 947 주변에서 폭파구 확인, 인근에 추가 낙탄 징후 존재. 관측자 위치는 52S DG 289 976, 거리 약 9.2km. 판단됨."
낙탄 보고,2025년 11월 27일 21시 45분,"관측자 52S DG 285 974이(가) 52S DG 264 952 근처에서 낙탄 탄착을 포착, 파편 분포 제한적임. 거리 약 4.8km. 판단됨."
낙탄 보고,2025년 11월 27일 22시 6분,"관측자 52S DG 291 951이(가) 52S DG 287 977 근처에서 낙탄 탄착을 포착, 파편 분포 제한적임. 거리 약 6.8km. 식별됨."
낙탄 보고,2025년 11월 27일 22시 44분,"52S DG 266 979 주변에서 폭파구 확인, 인근에 추가 낙탄 징후 존재. 관측자 위치는 52S DG 276 964, 거리 약 0.1km. 유지 중임."
낙탄 보고,2025년 11월 28일 2시 23분,52S DG 294 982 일대에서 탄착 흔적과 소규모 폭파 흔적이 관측되었음. 관측자 52S DG 293 955 기준 약 2.9km 거리임. 보고됨.
낙탄 보고,2025년 11월 28일 11시 57분,"52S DG 286 945 주변에서 폭파구 확인, 인근에 추가 낙탄 징후 존재. 관측자 위치는 52S DG 280 951, 거리 약 5.7km. 추정됨."
낙탄 보고,2025년 11월 28일 15시 1분,"52S DG 267 963 주변에서 폭파구 확인, 인근에 추가 낙탄 징후 존재. 관측자 위치는 52S DG 269 957, 거리 약 3.1km. 식별됨."
낙탄 보고,2025년 11월 28일 18시 13분,52S DG 267 954 일대에서 탄착 흔적과 소규모 폭파 흔적이 관측되었음. 관측자 52S DG 294 975 기준 약 9.2km 거리임. 보고됨.
낙탄 보고,2025년 11월 28일 20시 2분,52S DG 276 985 일대에서 탄착 흔적과 소규모 폭파 흔적이 관측되었음. 관측자 52S DG 266 968 기준 약 9.7km 거리임. 관찰됨.
낙탄 보고,2025년 11월 28일 22시 24분,52S DG 289 972 일대에서 탄착 흔적과 소규모 폭파 흔적이 관측되었음. 관측자 52S DG 289 972 기준 약 1.2km 거리임. 보고됨.
낙탄 보고,2025년 11월 29일 0시 32분,"52S DG 292 971 주변에서 폭파구 확인, 인근에 추가 낙탄 징후 존재. 관측자 위치는 52S DG 275 958, 거리 약 8.6km. 평가됨."
사격 요청 보고,2025년 10월 29일 7시 25분,"52S DG 269 971 현장 부근 기준 포병 중대 표적이 이동중 상태로 식별되어 미확인 사격 1발 권고, 사격 지속 6시간 관찰됨."
사격 요청 보고,2025년 10월 29일 11시 12분,"52S DG 269 984 관측 구역 공격중 중인 전차 소대 표적에 대해 박격포 사격 5발 요청, 지속시간 6시간으로 보고됨."
사격 요청 보고,2025년 10월 29일 11시 31분,"52S DG 281 965 좌표 부근 집결중 중인 고사포 단 표적에 대해 야포 사격 6발 요청, 지속시간 5시간으로 포착됨."
사격 요청 보고,2025년 10월 29일 14시 14분,"건물 소대 규모 이동중 표적이 52S DG 272 984 관측 구역 내에서 활동 중으로 관찰됨. 야포 사격 3발 요청, 예상 1시간."
사격 요청 보고,2025년 10월 29일 14시 21분,52S DG 281 951 좌표 부근 다중로켓발사대 연대 표적이 집결중 중이며 미확인 지원 10발 요구됨. 사격 지속 약 4시간 관찰됨.
사격 요청 보고,2025년 10월 29일 16시 2분,"댐 소대급 표적이 52S DG 270 975 관측 구역에서 공격중 상태로 평가됨. 박격포 사격 2발 필요, 사격 지속 6시간 예정."
사격 요청 보고,2025년 10월 29일 17시 6분,"52S DG 270 970 작전지역 내 이동중 중인 장비 분대 표적에 대해 함포 사격 2발 요청, 지속시간 3시간으로 포착됨."
사격 요청 보고,2025년 10월 29일 17시 13분,"52S DG 270 977 좌표 기준에서 무기 중대 표적이 이동중 상태로 관측되어 야포 사격 10발 요청, 사격 지속 4시간으로 식별됨."
사격 요청 보고,2025년 10월 29일 18시 21분,"52S DG 287 964 관측 구역 이동중 중인 무기 분대 표적에 대해 헬기 사격 6발 요청, 지속시간 6시간으로 식별됨."
사격 요청 보고,2025년 10월 29일 18시 23분,"C4I 시설 중대 규모 이동중 표적이 52S DG 290 986 관측 구역 내에서 활동 중으로 평가됨. 미확인 사격 2발 요청, 예상 6시간."
사격 요청 보고,2025년 10월 29일 19시 48분,"적방어시설 군단 표적이 52S DG 278 944 작전지역 내 일대에서 북동 방면으로 36km/h 전개 중으로 보고됨. 박격포 사격 9발 요청, 지속 1시간."
사격 요청 보고,2025년 10월 29일 20시 25분,"52S DG 266 954 지역 일대에서 교량 단 표적이 북서 방향으로 약 68km/h 속도로 이동 중인 것이 식별됨. 함포 사격 4발 요청, 지속시간 2시간."
사격 요청 보고,2025년 10월 29일 23시 50분,"52S DG 265 970 작전지역 내에서 관찰된 교량 소대 목표, 현재 집결중 상태로 평가됨. 전투기 사격 5발 요청, 지속 4시간."
사격 요청 보고,2025년 10월 30일 2시 31분,52S DG 278 970 지역 일대 댐 미식별 표적이 공격중 중이며 전투기 지원 10발 요구됨. 사격 지속 약 3시간 식별됨.
사격 요청 보고,2025년 10월 30일 5시 21분,"52S DG 279 967 좌표 기준에서 관찰된 무기 중대 목표, 현재 집결중 상태로 평가됨. 미확인 사격 4발 요청, 지속 2시간."
사격 요청 보고,2025년 10월 30일 5시 28분,"52S DG 269 984 지역 일대 남서 방향으로 34km/h 이동 중인 C4I 시설 여단 표적 포착, 함포 사격 9발 권고, 사격 지속 6시간."
사격 요청 보고,2025년 10월 30일 7시 43분,"다중로켓발사대 사단 표적이 52S DG 289 946 좌표 부근 일대에서 남 방면으로 14km/h 전개 중으로 확인됨. 박격포 사격 3발 요청, 지속 3시간."
사격 요청 보고,2025년 10월 30일 7시 56분,"공격중 중인 교량 소대 표적이 52S DG 289 947 좌표 부근에 포착됨. 박격포 화력 5발 지원 요청, 사격 예상 1시간."
사격 요청 보고,2025년 10월 30일 8시 11분,52S DG 273 973 좌표 부근 지휘소 사단 표적이 집결중 중이며 전투기 지원 6발 요구됨. 사격 지속 약 2시간 관찰됨.
사격 요청 보고,2025년 10월 30일 8시 19분,"52S DG 292 953 관측 구역 동 방향으로 26km/h 이동 중인 지형특징 연대 표적 포착, 박격포 사격 9발 권고, 사격 지속 2시간."
사격 요청 보고,2025년 10월 30일 8시 52분,"교량 군단급 표적이 52S DG 284 956 지역 일대에서 집결중 상태로 판단됨. 미확인 사격 4발 필요, 사격 지속 2시간 예정."
사격 요청 보고,2025년 10월 30일 10시 39분,"집결중 중인 건물 미식별 표적이 52S DG 274 947 작전지역 내에 포착됨. 박격포 화력 9발 지원 요청, 사격 예상 1시간."
사격 요청 보고,2025년 10월 30일 10시 55분,52S DG 282 976 지역 일대 보급소 단 표적이 공격중 중이며 함포 지원 6발 요구됨. 사격 지속 약 5시간 평가됨.
사격 요청 보고,2025년 10월 30일 11시 39분,"52S DG 275 985 관측 구역에서 지휘소 소대 표적이 이동중 상태로 관측되어 헬기 사격 3발 요청, 사격 지속 1시간으로 관찰됨."
사격 요청 보고,2025년 10월 30일 11시 51분,"52S DG 267 954 좌표 기준 집결중 중인 적방어시설 사단 표적에 대해 박격포 사격 1발 요청, 지속시간 5시간으로 포착됨."
사격 요청 보고,2025년 10월 30일 12시 2분,"이동중 중인 C4I 시설 사단 표적이 52S DG 266 973 작전지역 내에 포착됨. 야포 화력 4발 지원 요청, 사격 예상 5시간."
사격 요청 보고,2025년 10월 30일 13시 26분,"병력 단급 표적이 52S DG 266 970 좌표 부근 기준 남 방면으로 30km/h로 이동 중임이 평가됨. 야포 사격 9발 요청, 예상 3시간."
사격 요청 보고,2025년 10월 30일 14시 20분,"무기 분대급 표적이 52S DG 288 981 좌표 부근에서 집결중 상태로 평가됨. 박격포 사격 8발 필요, 사격 지속 5시간 예정."
사격 요청 보고,2025년 10월 30일 14시 46분,"항공기 단 표적이 52S DG 285 956 현장 부근 일대에서 남서 방면으로 78km/h 전개 중으로 식별됨. 야포 사격 4발 요청, 지속 2시간."
사격 요청 보고,2025년 10월 30일 14시 50분,52S DG 270 976 지역 일대 건물 중대 표적이 집결중 중이며 전투기 지원 9발 요구됨. 사격 지속 약 6시간 보고됨.
사격 요청 보고,2025년 10월 30일 15시 30분,52S DG 283 957 관측 구역 고사총 단 표적이 이동중 중이며 박격포 지원 2발 요구됨. 사격 지속 약 5시간 평가됨.
사격 요청 보고,2025년 10월 30일 16시 38분,"포병 중대 표적이 52S DG 287 977 좌표 부근 일대에서 남 방면으로 64km/h 전개 중으로 판단됨. 헬기 사격 7발 요청, 지속 2시간."
사격 요청 보고,2025년 10월 30일 17시 37분,"52S DG 267 946 작전지역 내에서 관찰된 댐 여단 목표, 현재 집결중 상태로 평가됨. 박격포 사격 5발 요청, 지속 6시간."
사격 요청 보고,2025년 10월 30일 17시 54분,고사포 분대급 이동중 표적이 52S DG 266 967 좌표 부근에서 관측되어 박격포 6발 사격 요청됨. 예상 사격 1시간.
사격 요청 보고,2025년 10월 30일 17시 57분,"52S DG 266 946 작전지역 내 집결중 중인 교량 분대 표적에 대해 미확인 사격 9발 요청, 지속시간 4시간으로 평가됨."
사격 요청 보고,2025년 10월 30일 19시 19분,"52S DG 286 956 관측 구역 기준 편대 대대 표적이 이동중 상태로 식별되어 미확인 사격 3발 권고, 사격 지속 4시간 보고됨."
사격 요청 보고,2025년 10월 30일 20시 45분,"52S DG 270 983 관측 구역에서 관찰된 고사포 사단 목표, 현재 집결중 상태로 평가됨. 야포 사격 1발 요청, 지속 3시간."
사격 요청 보고,2025년 10월 30일 21시 51분,"병력 여단급 표적이 52S DG 271 985 좌표 기준에서 집결중 상태로 평가됨. 박격포 사격 5발 필요, 사격 지속 1시간 예정."
사격 요청 보고,2025년 10월 30일 21시 53분,"52S DG 271 975 좌표 기준에서 관찰된 다중로켓발사대 사단 목표, 현재 이동중 상태로 평가됨. 미확인 사격 5발 요청, 지속 3시간."
사격 요청 보고,2025년 10월 30일 22시 10분,"선박 연대 규모 집결중 표적이 52S DG 279 952 현장 부근 내에서 활동 중으로 판단됨. 박격포 사격 2발 요청, 예상 3시간."
사격 요청 보고,2025년 10월 30일 23시 59분,"52S DG 272 961 지역 일대에서 관찰된 연결지역 사단 목표, 현재 집결중 상태로 평가됨. 헬기 사격 10발 요청, 지속 2시간."
사격 요청 보고,2025년 10월 31일 2시 23분,52S DG 279 972 좌표 부근 고사포 단 표적이 이동중 중이며 야포 지원 6발 요구됨. 사격 지속 약 1시간 판단됨.
사격 요청 보고,2025년 10월 31일 2시 37분,"52S DG 273 957 현장 부근 부근 서 방면으로 이동 중인 병력 대대 목표가 30km/h 속도로 확인되어 전투기 사격 2발 필요, 지속 1시간."
사격 요청 보고,2025년 10월 31일 3시 20분,"집결중 중인 다중로켓발사대 사단 표적이 52S DG 293 969 관측 구역에 포착됨. 헬기 화력 1발 지원 요청, 사격 예상 3시간."
사격 요청 보고,2025년 10월 31일 3시 37분,"52S DG 294 965 좌표 기준 기준 차량 연대 표적이 공격중 상태로 식별되어 헬기 사격 1발 권고, 사격 지속 4시간 식별됨."
사격 요청 보고,2025년 10월 31일 6시 4분,댐 단급 집결중 표적이 52S DG 294 983 현장 부근에서 관측되어 야포 10발 사격 요청됨. 예상 사격 4시간.
사격 요청 보고,2025년 10월 31일 6시 7분,"52S DG 270 944 지역 일대 기준 다중로켓발사대 단 표적이 공격중 상태로 식별되어 함포 사격 10발 권고, 사격 지속 5시간 관찰됨."
사격 요청 보고,2025년 10월 31일 7시 49분,"52S DG 270 970 좌표 부근에서 관찰된 교량 연대 목표, 현재 공격중 상태로 평가됨. 헬기 사격 3발 요청, 지속 4시간."
사격 요청 보고,2025년 10월 31일 8시 5분,"52S DG 271 964 지역 일대에서 차량 사단 규모 표적이 집결중 중인 것으로 평가됨. 박격포 화력 투입 9발 요청, 예상 지속시간 1시간."
사격 요청 보고,2025년 10월 31일 8시 44분,"지휘소 소대 규모 집결중 표적이 52S DG 274 945 좌표 기준 내에서 활동 중으로 관찰됨. 야포 사격 2발 요청, 예상 4시간."
사격 요청 보고,2025년 10월 31일 9시 7분,"선박 여단 규모 집결중 표적이 52S DG 282 948 현장 부근 내에서 활동 중으로 보고됨. 박격포 사격 3발 요청, 예상 6시간."
사격 요청 보고,2025년 10월 31일 11시 1분,"52S DG 267 948 좌표 기준에서 항공기 분대 규모 표적이 이동중 중인 것으로 평가됨. 미확인 화력 투입 10발 요청, 예상 지속시간 2시간."
사격 요청 보고,2025년 10월 31일 11시 2분,"집결중 중인 포병 대대 표적이 52S DG 272 974 좌표 부근에 포착됨. 함포 화력 4발 지원 요청, 사격 예상 3시간."
사격 요청 보고,2025년 10월 31일 15시 10분,"52S DG 266 980 작전지역 내 부근 남서 방면으로 이동 중인 지휘소 군단 목표가 16km/h 속도로 확인되어 박격포 사격 5발 필요, 지속 4시간."
사격 요청 보고,2025년 10월 31일 15시 11분,"52S DG 286 961 관측 구역에서 건물 미식별 표적이 집결중 상태로 관측되어 야포 사격 7발 요청, 사격 지속 5시간으로 보고됨."
사격 요청 보고,2025년 10월 31일 15시 41분,"52S DG 290 953 지역 일대 기준 C4I 시설 연대 표적이 집결중 상태로 식별되어 헬기 사격 9발 권고, 사격 지속 6시간 판단됨."
사격 요청 보고,2025년 10월 31일 17시 53분,"공격중 중인 댐 중대 표적이 52S DG 292 978 지역 일대에 포착됨. 야포 화력 5발 지원 요청, 사격 예상 2시간."
사격 요청 보고,2025년 10월 31일 18시 50분,"52S DG 293 971 현장 부근 부근 북동 방면으로 이동 중인 전차 중대 목표가 38km/h 속도로 확인되어 헬기 사격 3발 필요, 지속 2시간."
사격 요청 보고,2025년 10월 31일 19시 2분,52S DG 272 953 작전지역 내 편대 군단 표적이 이동중 중이며 함포 지원 5발 요구됨. 사격 지속 약 4시간 포착됨.
사격 요청 보고,2025년 10월 31일 23시 10분,"52S DG 273 968 지역 일대 이동중 중인 C4I 시설 사단 표적에 대해 헬기 사격 9발 요청, 지속시간 4시간으로 평가됨."
사격 요청 보고,2025년 10월 31일 23시 24분,"52S DG 273 974 작전지역 내에서 고사포 군단 표적이 남서 방향으로 약 30km/h 속도로 이동 중인 것이 판단됨. 전투기 사격 8발 요청, 지속시간 1시간."
사격 요청 보고,2025년 10월 31일 23시 59분,"공격중 중인 C4I 시설 대대 표적이 52S DG 265 972 작전지역 내에 포착됨. 미확인 화력 7발 지원 요청, 사격 예상 4시간."
사격 요청 보고,2025년 11월 1일 0시 57분,"교량 소대급 표적이 52S DG 274 983 작전지역 내에서 공격중 상태로 평가됨. 야포 사격 3발 필요, 사격 지속 6시간 예정."
사격 요청 보고,2025년 11월 1일 2시 0분,"52S DG 285 980 좌표 부근에서 관찰된 선박 분대 목표, 현재 이동중 상태로 평가됨. 헬기 사격 6발 요청, 지속 2시간."
사격 요청 보고,2025년 11월 1일 3시 28분,"52S DG 278 976 관측 구역에서 관찰된 전차 대대 목표, 현재 공격중 상태로 평가됨. 함포 사격 2발 요청, 지속 1시간."
사격 요청 보고,2025년 11월 1일 3시 41분,"고사총 미식별 규모 이동중 표적이 52S DG 292 985 좌표 기준 내에서 활동 중으로 판단됨. 헬기 사격 3발 요청, 예상 1시간."
사격 요청 보고,2025년 11월 1일 3시 46분,고사총 소대급 이동중 표적이 52S DG 268 952 지역 일대에서 관측되어 야포 4발 사격 요청됨. 예상 사격 6시간.
사격 요청 보고,2025년 11월 1일 3시 55분,52S DG 264 970 현장 부근 전차 연대 표적이 이동중 중이며 박격포 지원 5발 요구됨. 사격 지속 약 4시간 식별됨.
사격 요청 보고,2025년 11월 1일 5시 44분,"52S DG 279 968 좌표 부근 공격중 중인 연결지역 군단 표적에 대해 야포 사격 4발 요청, 지속시간 4시간으로 식별됨."
사격 요청 보고,2025년 11월 1일 7시 1분,"교량 대대 규모 집결중 표적이 52S DG 273 961 현장 부근 내에서 활동 중으로 관찰됨. 전투기 사격 9발 요청, 예상 6시간."
사격 요청 보고,2025년 11월 1일 9시 29분,"52S DG 265 970 지역 일대에서 관찰된 지휘소 사단 목표, 현재 이동중 상태로 평가됨. 전투기 사격 5발 요청, 지속 1시간."
사격 요청 보고,2025년 11월 1일 10시 5분,"52S DG 288 971 좌표 기준 기준 지휘소 중대 표적이 이동중 상태로 식별되어 전투기 사격 5발 권고, 사격 지속 3시간 판단됨."
사격 요청 보고,2025년 11월 1일 14시 39분,선박 미식별급 이동중 표적이 52S DG 268 956 관측 구역에서 관측되어 헬기 9발 사격 요청됨. 예상 사격 4시간.
사격 요청 보고,2025년 11월 1일 14시 59분,"52S DG 265 982 현장 부근 기준 댐 소대 표적이 공격중 상태로 식별되어 야포 사격 9발 권고, 사격 지속 4시간 포착됨."
사격 요청 보고,2025년 11월 1일 15시 37분,"장비 대대급 표적이 52S DG 265 980 좌표 부근에서 공격중 상태로 포착됨. 함포 사격 9발 필요, 사격 지속 5시간 예정."
사격 요청 보고,2025년 11월 1일 16시 6분,"52S DG 271 974 좌표 기준에서 장갑차 여단 표적이 집결중 상태로 관측되어 미확인 사격 5발 요청, 사격 지속 1시간으로 관찰됨."
사격 요청 보고,2025년 11월 1일 17시 30분,52S DG 292 955 좌표 기준 차량 중대 표적이 집결중 중이며 미확인 지원 4발 요구됨. 사격 지속 약 6시간 식별됨.
사격 요청 보고,2025년 11월 1일 18시 53분,"52S DG 278 956 현장 부근에서 장비 소대 표적이 남동 방향으로 약 33km/h 속도로 이동 중인 것이 포착됨. 야포 사격 9발 요청, 지속시간 5시간."
사격 요청 보고,2025년 11월 1일 19시 3분,댐 사단급 이동중 표적이 52S DG 277 966 현장 부근에서 관측되어 함포 1발 사격 요청됨. 예상 사격 1시간.
사격 요청 보고,2025년 11월 1일 20시 7분,"52S DG 290 972 작전지역 내에서 연결지역 분대 규모 표적이 공격중 중인 것으로 확인됨. 함포 화력 투입 7발 요청, 예상 지속시간 6시간."
사격 요청 보고,2025년 11월 1일 20시 27분,"집결중 중인 병력 사단 표적이 52S DG 268 972 작전지역 내에 포착됨. 함포 화력 2발 지원 요청, 사격 예상 4시간."
사격 요청 보고,2025년 11월 1일 21시 1분,보급소 대대급 집결중 표적이 52S DG 273 977 좌표 부근에서 관측되어 미확인 6발 사격 요청됨. 예상 사격 6시간.
사격 요청 보고,2025년 11월 1일 21시 18분,"52S DG 267 976 현장 부근에서 관찰된 고사포 여단 목표, 현재 집결중 상태로 평가됨. 박격포 사격 10발 요청, 지속 5시간."
사격 요청 보고,2025년 11월 1일 22시 36분,"52S DG 291 986 작전지역 내에서 관찰된 지휘소 중대 목표, 현재 이동중 상태로 평가됨. 전투기 사격 1발 요청, 지속 6시간."
사격 요청 보고,2025년 11월 1일 22시 39분,52S DG 265 964 좌표 부근 보급소 소대 표적이 공격중 중이며 헬기 지원 9발 요구됨. 사격 지속 약 5시간 확인됨.
사격 요청 보고,2025년 11월 1일 23시 25분,"52S DG 268 957 지역 일대 공격중 중인 편대 사단 표적에 대해 야포 사격 9발 요청, 지속시간 3시간으로 포착됨."
사격 요청 보고,2025년 11월 2일 0시 45분,"무기 대대급 표적이 52S DG 288 983 좌표 부근에서 공격중 상태로 식별됨. 박격포 사격 1발 필요, 사격 지속 3시간 예정."
사격 요청 보고,2025년 11월 2일 2시 7분,"52S DG 274 973 관측 구역에서 장갑차 여단 규모 표적이 집결중 중인 것으로 보고됨. 함포 화력 투입 8발 요청, 예상 지속시간 6시간."
사격 요청 보고,2025년 11월 2일 2시 20분,52S DG 286 978 현장 부근 적방어시설 대대 표적이 이동중 중이며 함포 지원 9발 요구됨. 사격 지속 약 1시간 평가됨.
사격 요청 보고,2025년 11월 2일 3시 12분,"집결중 중인 차량 군단 표적이 52S DG 266 952 현장 부근에 포착됨. 함포 화력 8발 지원 요청, 사격 예상 1시간."
사격 요청 보고,2025년 11월 2일 3시 52분,52S DG 270 968 지역 일대 편대 소대 표적이 공격중 중이며 함포 지원 4발 요구됨. 사격 지속 약 1시간 관찰됨.
사격 요청 보고,2025년 11월 2일 4시 2분,52S DG 280 960 지역 일대 장비 중대 표적이 이동중 중이며 야포 지원 7발 요구됨. 사격 지속 약 4시간 식별됨.
사격 요청 보고,2025년 11월 2일 4시 30분,"편대 단 규모 공격중 표적이 52S DG 293 952 현장 부근 내에서 활동 중으로 관찰됨. 헬기 사격 3발 요청, 예상 1시간."
사격 요청 보고,2025년 11월 2일 4시 44분,"52S DG 264 977 현장 부근 기준 C4I 시설 군단 표적이 이동중 상태로 식별되어 박격포 사격 5발 권고, 사격 지속 2시간 확인됨."
사격 요청 보고,2025년 11월 2일 5시 52분,"연결지역 여단급 표적이 52S DG 268 951 관측 구역에서 공격중 상태로 포착됨. 야포 사격 7발 필요, 사격 지속 1시간 예정."
사격 요청 보고,2025년 11월 2일 8시 0분,52S DG 278 973 작전지역 내 항공기 대대 표적이 공격중 중이며 전투기 지원 2발 요구됨. 사격 지속 약 3시간 포착됨.
사격 요청 보고,2025년 11월 2일 10시 50분,"52S DG 274 978 좌표 기준에서 연결지역 중대 규모 표적이 이동중 중인 것으로 포착됨. 함포 화력 투입 4발 요청, 예상 지속시간 5시간."
사격 요청 보고,2025년 11월 2일 11시 5분,"52S DG 275 956 관측 구역 공격중 중인 로켓/미사일 미식별 표적에 대해 헬기 사격 5발 요청, 지속시간 3시간으로 확인됨."
사격 요청 보고,2025년 11월 2일 12시 8분,"52S DG 290 984 현장 부근에서 다중로켓발사대 단 표적이 이동중 상태로 관측되어 박격포 사격 7발 요청, 사격 지속 3시간으로 포착됨."
사격 요청 보고,2025년 11월 2일 12시 12분,52S DG 286 972 좌표 부근 보급소 소대 표적이 이동중 중이며 박격포 지원 1발 요구됨. 사격 지속 약 5시간 보고됨.
사격 요청 보고,2025년 11월 2일 12시 39분,"52S DG 279 958 좌표 기준에서 장비 소대 표적이 북 방향으로 약 16km/h 속도로 이동 중인 것이 확인됨. 헬기 사격 10발 요청, 지속시간 1시간."
사격 요청 보고,2025년 11월 2일 12시 56분,"52S DG 290 952 좌표 부근 기준 연결지역 군단 표적이 집결중 상태로 식별되어 함포 사격 2발 권고, 사격 지속 3시간 식별됨."
사격 요청 보고,2025년 11월 2일 13시 52분,"52S DG 278 967 현장 부근에서 로켓/미사일 연대 규모 표적이 집결중 중인 것으로 포착됨. 박격포 화력 투입 6발 요청, 예상 지속시간 1시간."
사격 요청 보고,2025년 11월 2일 16시 24분,"52S DG 281 947 좌표 기준에서 항공기 군단 규모 표적이 집결중 중인 것으로 확인됨. 박격포 화력 투입 1발 요청, 예상 지속시간 2시간."
사격 요청 보고,2025년 11월 2일 17시 38분,"52S DG 275 982 지역 일대 기준 고사포 연대 표적이 공격중 상태로 식별되어 박격포 사격 7발 권고, 사격 지속 2시간 보고됨."
사격 요청 보고,2025년 11월 2일 18시 58분,"이동중 중인 장갑차 군단 표적이 52S DG 288 952 좌표 부근에 포착됨. 야포 화력 2발 지원 요청, 사격 예상 5시간."
사격 요청 보고,2025년 11월 2일 19시 0분,"차량 연대 규모 집결중 표적이 52S DG 266 959 지역 일대 내에서 활동 중으로 판단됨. 전투기 사격 1발 요청, 예상 1시간."
사격 요청 보고,2025년 11월 2일 19시 9분,"52S DG 285 985 관측 구역에서 관찰된 전차 분대 목표, 현재 집결중 상태로 평가됨. 함포 사격 2발 요청, 지속 1시간."
사격 요청 보고,2025년 11월 2일 19시 15분,"52S DG 270 952 관측 구역 기준 장갑차 여단 표적이 이동중 상태로 식별되어 미확인 사격 10발 권고, 사격 지속 1시간 평가됨."
사격 요청 보고,2025년 11월 2일 20시 1분,52S DG 281 946 관측 구역 건물 여단 표적이 집결중 중이며 함포 지원 8발 요구됨. 사격 지속 약 6시간 판단됨.
사격 요청 보고,2025년 11월 2일 20시 17분,"52S DG 274 947 좌표 기준에서 적방어시설 사단 규모 표적이 집결중 중인 것으로 포착됨. 함포 화력 투입 7발 요청, 예상 지속시간 5시간."
사격 요청 보고,2025년 11월 2일 22시 13분,"병력 단급 표적이 52S DG 264 986 좌표 부근에서 공격중 상태로 관찰됨. 야포 사격 7발 필요, 사격 지속 1시간 예정."
사격 요청 보고,2025년 11월 3일 0시 5분,포병 중대급 집결중 표적이 52S DG 278 975 현장 부근에서 관측되어 헬기 6발 사격 요청됨. 예상 사격 1시간.
사격 요청 보고,2025년 11월 3일 0시 13분,52S DG 277 966 작전지역 내 고사포 소대 표적이 공격중 중이며 헬기 지원 3발 요구됨. 사격 지속 약 2시간 식별됨.
사격 요청 보고,2025년 11월 3일 1시 16분,"집결중 중인 보급소 여단 표적이 52S DG 280 948 현장 부근에 포착됨. 미확인 화력 9발 지원 요청, 사격 예상 3시간."
사격 요청 보고,2025년 11월 3일 1시 17분,"52S DG 290 961 관측 구역 공격중 중인 무기 연대 표적에 대해 야포 사격 10발 요청, 지속시간 5시간으로 평가됨."
사격 요청 보고,2025년 11월 3일 1시 22분,"공격중 중인 박격포 여단 표적이 52S DG 271 976 현장 부근에 포착됨. 함포 화력 3발 지원 요청, 사격 예상 1시간."
사격 요청 보고,2025년 11월 3일 3시 17분,"52S DG 278 981 좌표 기준 부근 북 방면으로 이동 중인 적방어시설 대대 목표가 33km/h 속도로 확인되어 함포 사격 8발 필요, 지속 6시간."
사격 요청 보고,2025년 11월 3일 3시 34분,선박 사단급 이동중 표적이 52S DG 279 975 현장 부근에서 관측되어 미확인 3발 사격 요청됨. 예상 사격 5시간.
사격 요청 보고,2025년 11월 3일 3시 46분,"52S DG 270 954 작전지역 내에서 로켓/미사일 소대 규모 표적이 이동중 중인 것으로 관찰됨. 전투기 화력 투입 1발 요청, 예상 지속시간 4시간."
사격 요청 보고,2025년 11월 3일 5시 11분,"52S DG 287 963 좌표 부근에서 관찰된 선박 분대 목표, 현재 이동중 상태로 평가됨. 함포 사격 2발 요청, 지속 1시간."
사격 요청 보고,2025년 11월 3일 6시 18분,52S DG 292 955 좌표 기준 선박 중대 표적이 공격중 중이며 미확인 지원 3발 요구됨. 사격 지속 약 3시간 평가됨.
사격 요청 보고,2025년 11월 3일 6시 50분,"52S DG 266 957 좌표 기준 기준 연결지역 소대 표적이 집결중 상태로 식별되어 미확인 사격 7발 권고, 사격 지속 2시간 확인됨."
사격 요청 보고,2025년 11월 3일 7시 30분,"지형특징 미식별급 표적이 52S DG 274 979 작전지역 내에서 공격중 상태로 평가됨. 미확인 사격 10발 필요, 사격 지속 1시간 예정."
사격 요청 보고,2025년 11월 3일 10시 14분,"52S DG 269 982 현장 부근 기준 포병 여단 표적이 이동중 상태로 식별되어 미확인 사격 7발 권고, 사격 지속 2시간 평가됨."
사격 요청 보고,2025년 11월 3일 10시 19분,"52S DG 291 953 좌표 부근 공격중 중인 로켓/미사일 대대 표적에 대해 함포 사격 1발 요청, 지속시간 4시간으로 식별됨."
사격 요청 보고,2025년 11월 3일 13시 3분,"공격중 중인 고사포 분대 표적이 52S DG 294 949 좌표 부근에 포착됨. 헬기 화력 7발 지원 요청, 사격 예상 5시간."
사격 요청 보고,2025년 11월 3일 13시 12분,"박격포 단 규모 집결중 표적이 52S DG 289 956 작전지역 내 내에서 활동 중으로 관찰됨. 야포 사격 8발 요청, 예상 1시간."
사격 요청 보고,2025년 11월 3일 13시 13분,52S DG 294 961 현장 부근 지휘소 미식별 표적이 이동중 중이며 헬기 지원 8발 요구됨. 사격 지속 약 5시간 보고됨.
사격 요청 보고,2025년 11월 3일 13시 21분,"52S DG 293 978 관측 구역에서 관찰된 포병 군단 목표, 현재 공격중 상태로 평가됨. 헬기 사격 3발 요청, 지속 2시간."
사격 요청 보고,2025년 11월 3일 13시 31분,"52S DG 270 954 지역 일대에서 관찰된 장갑차 중대 목표, 현재 이동중 상태로 평가됨. 헬기 사격 8발 요청, 지속 4시간."
사격 요청 보고,2025년 11월 3일 14시 45분,"52S DG 273 972 좌표 부근 공격중 중인 병력 단 표적에 대해 전투기 사격 2발 요청, 지속시간 1시간으로 관찰됨."
사격 요청 보고,2025년 11월 3일 14시 51분,"52S DG 291 976 지역 일대 기준 선박 중대 표적이 이동중 상태로 식별되어 야포 사격 3발 권고, 사격 지속 1시간 판단됨."
사격 요청 보고,2025년 11월 3일 15시 37분,"항공기 소대급 표적이 52S DG 289 983 현장 부근에서 집결중 상태로 평가됨. 함포 사격 2발 필요, 사격 지속 1시간 예정."
사격 요청 보고,2025년 11월 3일 15시 46분,"교량 대대 규모 집결중 표적이 52S DG 276 961 좌표 기준 내에서 활동 중으로 관찰됨. 미확인 사격 1발 요청, 예상 4시간."
사격 요청 보고,2025년 11월 3일 16시 29분,"52S DG 265 966 지역 일대 기준 차량 여단 표적이 집결중 상태로 식별되어 미확인 사격 5발 권고, 사격 지속 1시간 식별됨."
사격 요청 보고,2025년 11월 3일 16시 54분,"52S DG 290 966 작전지역 내 서 방향으로 60km/h 이동 중인 장비 단 표적 포착, 야포 사격 5발 권고, 사격 지속 2시간."
사격 요청 보고,2025년 11월 3일 16시 58분,"52S DG 280 945 지역 일대에서 선박 여단 규모 표적이 공격중 중인 것으로 포착됨. 야포 화력 투입 9발 요청, 예상 지속시간 4시간."
사격 요청 보고,2025년 11월 3일 17시 1분,"52S DG 283 947 지역 일대 남동 방향으로 76km/h 이동 중인 고사총 여단 표적 포착, 전투기 사격 6발 권고, 사격 지속 6시간."
사격 요청 보고,2025년 11월 3일 17시 5분,"고사총 미식별급 표적이 52S DG 279 964 관측 구역에서 공격중 상태로 식별됨. 미확인 사격 3발 필요, 사격 지속 6시간 예정."
사격 요청 보고,2025년 11월 3일 17시 8분,"52S DG 269 956 작전지역 내에서 박격포 연대 규모 표적이 집결중 중인 것으로 확인됨. 헬기 화력 투입 3발 요청, 예상 지속시간 1시간."
사격 요청 보고,2025년 11월 3일 17시 11분,"52S DG 265 977 좌표 기준에서 관찰된 차량 여단 목표, 현재 공격중 상태로 평가됨. 헬기 사격 8발 요청, 지속 1시간."
사격 요청 보고,2025년 11월 3일 17시 17분,"52S DG 291 955 현장 부근에서 차량 연대 규모 표적이 집결중 중인 것으로 평가됨. 함포 화력 투입 3발 요청, 예상 지속시간 5시간."
사격 요청 보고,2025년 11월 3일 18시 14분,"박격포 군단 규모 공격중 표적이 52S DG 292 971 현장 부근 내에서 활동 중으로 보고됨. 야포 사격 7발 요청, 예상 5시간."
사격 요청 보고,2025년 11월 3일 18시 27분,"52S DG 273 961 현장 부근 이동중 중인 연결지역 단 표적에 대해 헬기 사격 6발 요청, 지속시간 4시간으로 포착됨."
사격 요청 보고,2025년 11월 3일 18시 31분,"52S DG 289 971 좌표 부근에서 차량 소대 표적이 이동중 상태로 관측되어 미확인 사격 8발 요청, 사격 지속 3시간으로 판단됨."
사격 요청 보고,2025년 11월 3일 23시 48분,무기 연대급 공격중 표적이 52S DG 273 952 지역 일대에서 관측되어 박격포 3발 사격 요청됨. 예상 사격 6시간.
사격 요청 보고,2025년 11월 4일 0시 6분,"공격중 중인 차량 단 표적이 52S DG 280 961 지역 일대에 포착됨. 야포 화력 3발 지원 요청, 사격 예상 1시간."
사격 요청 보고,2025년 11월 4일 1시 31분,"교량 소대급 표적이 52S DG 279 969 작전지역 내에서 공격중 상태로 확인됨. 미확인 사격 7발 필요, 사격 지속 6시간 예정."
사격 요청 보고,2025년 11월 4일 2시 10분,"52S DG 278 971 좌표 부근에서 다중로켓발사대 중대 표적이 이동중 상태로 관측되어 전투기 사격 9발 요청, 사격 지속 6시간으로 판단됨."
사격 요청 보고,2025년 11월 4일 3시 16분,"적방어시설 미식별급 표적이 52S DG 270 955 현장 부근 기준 동 방면으로 61km/h로 이동 중임이 포착됨. 전투기 사격 2발 요청, 예상 2시간."
사격 요청 보고,2025년 11월 4일 3시 44분,"52S DG 293 970 작전지역 내에서 장비 분대 표적이 이동중 상태로 관측되어 박격포 사격 7발 요청, 사격 지속 2시간으로 확인됨."
사격 요청 보고,2025년 11월 4일 4시 10분,52S DG 265 949 현장 부근 포병 여단 표적이 이동중 중이며 박격포 지원 7발 요구됨. 사격 지속 약 5시간 식별됨.
사격 요청 보고,2025년 11월 4일 4시 37분,"52S DG 265 950 관측 구역에서 연결지역 사단 표적이 이동중 상태로 관측되어 함포 사격 10발 요청, 사격 지속 6시간으로 확인됨."
사격 요청 보고,2025년 11월 4일 5시 43분,"52S DG 287 981 작전지역 내 집결중 중인 전차 소대 표적에 대해 함포 사격 2발 요청, 지속시간 6시간으로 관찰됨."
사격 요청 보고,2025년 11월 4일 6시 6분,"52S DG 291 968 지역 일대에서 박격포 분대 표적이 집결중 상태로 관측되어 함포 사격 2발 요청, 사격 지속 4시간으로 평가됨."
사격 요청 보고,2025년 11월 4일 6시 13분,"보급소 단급 표적이 52S DG 272 972 현장 부근에서 집결중 상태로 판단됨. 함포 사격 9발 필요, 사격 지속 3시간 예정."
사격 요청 보고,2025년 11월 4일 7시 26분,"52S DG 281 979 관측 구역 집결중 중인 항공기 단 표적에 대해 박격포 사격 8발 요청, 지속시간 4시간으로 관찰됨."
사격 요청 보고,2025년 11월 4일 8시 42분,52S DG 281 974 작전지역 내 지휘소 소대 표적이 공격중 중이며 박격포 지원 1발 요구됨. 사격 지속 약 3시간 관찰됨.
사격 요청 보고,2025년 11월 4일 8시 51분,"댐 중대급 표적이 52S DG 292 982 좌표 기준에서 공격중 상태로 보고됨. 헬기 사격 4발 필요, 사격 지속 4시간 예정."
사격 요청 보고,2025년 11월 4일 9시 19분,"52S DG 276 961 관측 구역에서 항공기 군단 표적이 공격중 상태로 관측되어 미확인 사격 3발 요청, 사격 지속 5시간으로 식별됨."
사격 요청 보고,2025년 11월 4일 11시 49분,"52S DG 274 986 지역 일대에서 선박 단 규모 표적이 이동중 중인 것으로 보고됨. 박격포 화력 투입 5발 요청, 예상 지속시간 3시간."
사격 요청 보고,2025년 11월 4일 12시 14분,"52S DG 294 973 관측 구역에서 병력 대대 규모 표적이 집결중 중인 것으로 확인됨. 헬기 화력 투입 3발 요청, 예상 지속시간 4시간."
사격 요청 보고,2025년 11월 4일 12시 22분,52S DG 281 970 좌표 부근 고사총 단 표적이 집결중 중이며 헬기 지원 8발 요구됨. 사격 지속 약 2시간 포착됨.
사격 요청 보고,2025년 11월 4일 12시 40분,"집결중 중인 병력 소대 표적이 52S DG 281 956 관측 구역에 포착됨. 함포 화력 5발 지원 요청, 사격 예상 4시간."
사격 요청 보고,2025년 11월 4일 13시 6분,"52S DG 280 953 현장 부근에서 포병 중대 표적이 이동중 상태로 관측되어 미확인 사격 6발 요청, 사격 지속 4시간으로 포착됨."
사격 요청 보고,2025년 11월 4일 13시 45분,"52S DG 276 955 현장 부근에서 박격포 군단 표적이 남동 방향으로 약 53km/h 속도로 이동 중인 것이 보고됨. 박격포 사격 1발 요청, 지속시간 1시간."
사격 요청 보고,2025년 11월 4일 13시 49분,"52S DG 278 964 작전지역 내 부근 동 방면으로 이동 중인 병력 미식별 목표가 67km/h 속도로 확인되어 박격포 사격 3발 필요, 지속 3시간."
사격 요청 보고,2025년 11월 4일 15시 9분,"52S DG 276 945 관측 구역 공격중 중인 포병 연대 표적에 대해 헬기 사격 9발 요청, 지속시간 5시간으로 판단됨."
사격 요청 보고,2025년 11월 4일 17시 26분,"52S DG 266 970 지역 일대 부근 동 방면으로 이동 중인 병력 중대 목표가 34km/h 속도로 확인되어 전투기 사격 1발 필요, 지속 4시간."
사격 요청 보고,2025년 11월 4일 18시 24분,"52S DG 271 947 관측 구역에서 관찰된 보급소 대대 목표, 현재 공격중 상태로 평가됨. 전투기 사격 4발 요청, 지속 1시간."
사격 요청 보고,2025년 11월 4일 18시 46분,52S DG 271 977 관측 구역 로켓/미사일 대대 표적이 이동중 중이며 박격포 지원 9발 요구됨. 사격 지속 약 2시간 관찰됨.
사격 요청 보고,2025년 11월 4일 19시 33분,"52S DG 283 969 현장 부근 집결중 중인 교량 단 표적에 대해 미확인 사격 10발 요청, 지속시간 1시간으로 확인됨."
사격 요청 보고,2025년 11월 4일 19시 42분,"집결중 중인 고사총 여단 표적이 52S DG 279 949 좌표 기준에 포착됨. 박격포 화력 10발 지원 요청, 사격 예상 2시간."
사격 요청 보고,2025년 11월 4일 19시 52분,"52S DG 276 980 관측 구역에서 지휘소 군단 표적이 이동중 상태로 관측되어 야포 사격 6발 요청, 사격 지속 5시간으로 보고됨."
사격 요청 보고,2025년 11월 4일 21시 27분,"52S DG 283 973 관측 구역에서 편대 미식별 표적이 남서 방향으로 약 70km/h 속도로 이동 중인 것이 평가됨. 전투기 사격 4발 요청, 지속시간 6시간."
사격 요청 보고,2025년 11월 4일 21시 43분,"C4I 시설 여단 규모 집결중 표적이 52S DG 273 954 현장 부근 내에서 활동 중으로 포착됨. 함포 사격 7발 요청, 예상 5시간."
사격 요청 보고,2025년 11월 4일 21시 46분,"52S DG 277 979 지역 일대 기준 연결지역 연대 표적이 이동중 상태로 식별되어 헬기 사격 2발 권고, 사격 지속 4시간 보고됨."
사격 요청 보고,2025년 11월 4일 22시 26분,"다중로켓발사대 분대급 표적이 52S DG 285 962 관측 구역에서 공격중 상태로 관찰됨. 박격포 사격 9발 필요, 사격 지속 4시간 예정."
사격 요청 보고,2025년 11월 4일 22시 48분,"전차 중대급 표적이 52S DG 285 983 작전지역 내에서 집결중 상태로 평가됨. 전투기 사격 2발 필요, 사격 지속 5시간 예정."
사격 요청 보고,2025년 11월 4일 23시 21분,"박격포 군단 표적이 52S DG 285 958 좌표 부근 일대에서 서 방면으로 44km/h 전개 중으로 판단됨. 미확인 사격 10발 요청, 지속 3시간."
사격 요청 보고,2025년 11월 5일 0시 15분,"고사총 여단 표적이 52S DG 265 967 좌표 부근 일대에서 남 방면으로 70km/h 전개 중으로 판단됨. 헬기 사격 9발 요청, 지속 3시간."
사격 요청 보고,2025년 11월 5일 0시 32분,"52S DG 288 974 지역 일대에서 병력 단 표적이 집결중 상태로 관측되어 전투기 사격 1발 요청, 사격 지속 5시간으로 평가됨."
사격 요청 보고,2025년 11월 5일 0시 32분,항공기 군단급 이동중 표적이 52S DG 269 979 관측 구역에서 관측되어 미확인 1발 사격 요청됨. 예상 사격 4시간.
사격 요청 보고,2025년 11월 5일 1시 14분,"공격중 중인 지휘소 여단 표적이 52S DG 264 969 좌표 부근에 포착됨. 야포 화력 10발 지원 요청, 사격 예상 3시간."
사격 요청 보고,2025년 11월 5일 2시 2분,"공격중 중인 건물 사단 표적이 52S DG 270 958 좌표 기준에 포착됨. 전투기 화력 4발 지원 요청, 사격 예상 2시간."
사격 요청 보고,2025년 11월 5일 6시 3분,"52S DG 292 976 좌표 기준 기준 연결지역 단 표적이 공격중 상태로 식별되어 전투기 사격 5발 권고, 사격 지속 3시간 판단됨."
사격 요청 보고,2025년 11월 5일 6시 18분,52S DG 268 963 현장 부근 병력 미식별 표적이 집결중 중이며 함포 지원 6발 요구됨. 사격 지속 약 2시간 판단됨.
사격 요청 보고,2025년 11월 5일 8시 5분,"선박 사단 규모 집결중 표적이 52S DG 268 984 좌표 기준 내에서 활동 중으로 확인됨. 박격포 사격 5발 요청, 예상 6시간."
사격 요청 보고,2025년 11월 5일 8시 16분,장비 여단급 이동중 표적이 52S DG 265 965 좌표 부근에서 관측되어 야포 9발 사격 요청됨. 예상 사격 3시간.
사격 요청 보고,2025년 11월 5일 8시 19분,"52S DG 290 964 지역 일대에서 관찰된 보급소 군단 목표, 현재 이동중 상태로 평가됨. 헬기 사격 5발 요청, 지속 6시간."
사격 요청 보고,2025년 11월 5일 10시 20분,"52S DG 283 986 관측 구역 이동중 중인 항공기 미식별 표적에 대해 헬기 사격 8발 요청, 지속시간 4시간으로 평가됨."
사격 요청 보고,2025년 11월 5일 11시 33분,"52S DG 293 974 좌표 기준 이동중 중인 C4I 시설 미식별 표적에 대해 함포 사격 9발 요청, 지속시간 4시간으로 식별됨."
사격 요청 보고,2025년 11월 5일 11시 43분,"52S DG 294 969 관측 구역에서 장갑차 미식별 규모 표적이 집결중 중인 것으로 관찰됨. 미확인 화력 투입 8발 요청, 예상 지속시간 2시간."
사격 요청 보고,2025년 11월 5일 13시 33분,"52S DG 289 970 지역 일대에서 교량 중대 규모 표적이 집결중 중인 것으로 포착됨. 전투기 화력 투입 10발 요청, 예상 지속시간 2시간."
사격 요청 보고,2025년 11월 5일 14시 4분,"편대 분대급 표적이 52S DG 273 953 작전지역 내 기준 북 방면으로 17km/h로 이동 중임이 확인됨. 헬기 사격 1발 요청, 예상 4시간."
사격 요청 보고,2025년 11월 5일 14시 21분,"집결중 중인 차량 소대 표적이 52S DG 283 945 작전지역 내에 포착됨. 함포 화력 7발 지원 요청, 사격 예상 6시간."
사격 요청 보고,2025년 11월 5일 15시 9분,"52S DG 290 983 관측 구역에서 적방어시설 대대 표적이 공격중 상태로 관측되어 박격포 사격 6발 요청, 사격 지속 4시간으로 평가됨."
사격 요청 보고,2025년 11월 5일 15시 30분,"52S DG 273 975 좌표 기준에서 항공기 연대 규모 표적이 집결중 중인 것으로 포착됨. 야포 화력 투입 10발 요청, 예상 지속시간 6시간."
사격 요청 보고,2025년 11월 5일 16시 7분,52S DG 269 967 작전지역 내 적방어시설 단 표적이 이동중 중이며 미확인 지원 2발 요구됨. 사격 지속 약 1시간 평가됨.
사격 요청 보고,2025년 11월 5일 16시 8분,"공격중 중인 포병 중대 표적이 52S DG 277 982 좌표 부근에 포착됨. 헬기 화력 9발 지원 요청, 사격 예상 1시간."
사격 요청 보고,2025년 11월 5일 16시 42분,"52S DG 269 945 관측 구역 공격중 중인 고사포 단 표적에 대해 전투기 사격 9발 요청, 지속시간 5시간으로 확인됨."
사격 요청 보고,2025년 11월 5일 17시 4분,"고사총 단 규모 집결중 표적이 52S DG 285 958 작전지역 내 내에서 활동 중으로 식별됨. 전투기 사격 7발 요청, 예상 5시간."
사격 요청 보고,2025년 11월 5일 17시 47분,"52S DG 292 974 작전지역 내에서 관찰된 댐 미식별 목표, 현재 공격중 상태로 평가됨. 전투기 사격 4발 요청, 지속 3시간."
사격 요청 보고,2025년 11월 5일 18시 20분,"52S DG 264 966 작전지역 내 공격중 중인 C4I 시설 여단 표적에 대해 야포 사격 10발 요청, 지속시간 1시간으로 보고됨."
사격 요청 보고,2025년 11월 5일 18시 26분,"52S DG 272 985 지역 일대에서 관찰된 박격포 중대 목표, 현재 집결중 상태로 평가됨. 헬기 사격 5발 요청, 지속 3시간."
사격 요청 보고,2025년 11월 5일 18시 33분,"52S DG 276 950 작전지역 내에서 차량 단 표적이 남서 방향으로 약 65km/h 속도로 이동 중인 것이 보고됨. 함포 사격 8발 요청, 지속시간 3시간."
사격 요청 보고,2025년 11월 5일 19시 13분,"52S DG 272 986 지역 일대 공격중 중인 차량 군단 표적에 대해 박격포 사격 7발 요청, 지속시간 6시간으로 포착됨."
사격 요청 보고,2025년 11월 5일 20시 48분,"52S DG 289 944 현장 부근에서 장비 연대 규모 표적이 집결중 중인 것으로 확인됨. 함포 화력 투입 1발 요청, 예상 지속시간 3시간."
사격 요청 보고,2025년 11월 5일 21시 51분,"52S DG 272 973 좌표 부근 이동중 중인 고사포 군단 표적에 대해 헬기 사격 2발 요청, 지속시간 2시간으로 관찰됨."
사격 요청 보고,2025년 11월 5일 22시 45분,"이동중 중인 무기 단 표적이 52S DG 292 957 좌표 기준에 포착됨. 전투기 화력 3발 지원 요청, 사격 예상 2시간."
사격 요청 보고,2025년 11월 5일 23시 23분,"박격포 군단급 표적이 52S DG 282 956 지역 일대에서 집결중 상태로 평가됨. 미확인 사격 8발 필요, 사격 지속 2시간 예정."
사격 요청 보고,2025년 11월 5일 23시 59분,"52S DG 287 951 관측 구역에서 항공기 중대 표적이 남동 방향으로 약 35km/h 속도로 이동 중인 것이 판단됨. 미확인 사격 6발 요청, 지속시간 1시간."
사격 요청 보고,2025년 11월 6일 1시 4분,"무기 분대 규모 집결중 표적이 52S DG 290 977 작전지역 내 내에서 활동 중으로 식별됨. 헬기 사격 8발 요청, 예상 1시간."
사격 요청 보고,2025년 11월 6일 1시 51분,교량 중대급 공격중 표적이 52S DG 292 978 현장 부근에서 관측되어 미확인 3발 사격 요청됨. 예상 사격 3시간.
사격 요청 보고,2025년 11월 6일 4시 55분,"박격포 단급 표적이 52S DG 285 961 지역 일대에서 집결중 상태로 보고됨. 헬기 사격 3발 필요, 사격 지속 4시간 예정."
사격 요청 보고,2025년 11월 6일 9시 34분,"52S DG 266 975 작전지역 내에서 연결지역 군단 규모 표적이 집결중 중인 것으로 보고됨. 함포 화력 투입 6발 요청, 예상 지속시간 4시간."
사격 요청 보고,2025년 11월 6일 10시 21분,"52S DG 282 966 작전지역 내에서 C4I 시설 중대 표적이 집결중 상태로 관측되어 박격포 사격 2발 요청, 사격 지속 5시간으로 포착됨."
사격 요청 보고,2025년 11월 6일 11시 28분,"52S DG 283 957 관측 구역에서 포병 대대 표적이 집결중 상태로 관측되어 헬기 사격 4발 요청, 사격 지속 3시간으로 평가됨."
사격 요청 보고,2025년 11월 6일 12시 3분,"공격중 중인 지형특징 미식별 표적이 52S DG 278 969 좌표 기준에 포착됨. 야포 화력 9발 지원 요청, 사격 예상 4시간."
사격 요청 보고,2025년 11월 6일 12시 58분,"선박 미식별 규모 공격중 표적이 52S DG 283 950 작전지역 내 내에서 활동 중으로 확인됨. 야포 사격 8발 요청, 예상 6시간."
사격 요청 보고,2025년 11월 6일 13시 48분,"52S DG 294 976 좌표 부근 기준 다중로켓발사대 중대 표적이 집결중 상태로 식별되어 헬기 사격 3발 권고, 사격 지속 1시간 포착됨."
사격 요청 보고,2025년 11월 6일 14시 52분,"52S DG 281 985 좌표 부근 부근 동 방면으로 이동 중인 댐 중대 목표가 61km/h 속도로 확인되어 함포 사격 4발 필요, 지속 1시간."
사격 요청 보고,2025년 11월 6일 15시 59분,"52S DG 292 950 작전지역 내 남동 방향으로 44km/h 이동 중인 보급소 대대 표적 포착, 헬기 사격 4발 권고, 사격 지속 5시간."
사격 요청 보고,2025년 11월 6일 16시 6분,포병 연대급 공격중 표적이 52S DG 271 955 관측 구역에서 관측되어 박격포 6발 사격 요청됨. 예상 사격 5시간.
사격 요청 보고,2025년 11월 6일 16시 43분,"52S DG 282 983 관측 구역에서 관찰된 항공기 중대 목표, 현재 집결중 상태로 평가됨. 미확인 사격 1발 요청, 지속 5시간."
사격 요청 보고,2025년 11월 6일 16시 49분,"52S DG 273 979 관측 구역 집결중 중인 장비 미식별 표적에 대해 함포 사격 10발 요청, 지속시간 5시간으로 평가됨."
사격 요청 보고,2025년 11월 6일 17시 8분,"52S DG 272 955 지역 일대에서 관찰된 로켓/미사일 분대 목표, 현재 집결중 상태로 평가됨. 미확인 사격 4발 요청, 지속 1시간."
사격 요청 보고,2025년 11월 6일 17시 30분,"52S DG 264 964 좌표 부근에서 지휘소 대대 규모 표적이 공격중 중인 것으로 보고됨. 헬기 화력 투입 5발 요청, 예상 지속시간 4시간."
사격 요청 보고,2025년 11월 6일 18시 31분,"52S DG 275 948 관측 구역 집결중 중인 건물 여단 표적에 대해 함포 사격 8발 요청, 지속시간 3시간으로 포착됨."
사격 요청 보고,2025년 11월 6일 20시 13분,고사포 여단급 이동중 표적이 52S DG 272 952 작전지역 내에서 관측되어 전투기 2발 사격 요청됨. 예상 사격 3시간.
사격 요청 보고,2025년 11월 6일 20시 36분,"52S DG 287 977 현장 부근에서 무기 대대 규모 표적이 집결중 중인 것으로 식별됨. 미확인 화력 투입 6발 요청, 예상 지속시간 4시간."
사격 요청 보고,2025년 11월 7일 0시 6분,"52S DG 270 969 현장 부근 집결중 중인 댐 중대 표적에 대해 전투기 사격 1발 요청, 지속시간 6시간으로 관찰됨."
사격 요청 보고,2025년 11월 7일 1시 26분,"52S DG 269 971 현장 부근에서 관찰된 연결지역 사단 목표, 현재 이동중 상태로 평가됨. 함포 사격 6발 요청, 지속 1시간."
사격 요청 보고,2025년 11월 7일 7시 2분,"항공기 연대급 표적이 52S DG 285 977 지역 일대에서 집결중 상태로 판단됨. 헬기 사격 5발 필요, 사격 지속 1시간 예정."
사격 요청 보고,2025년 11월 7일 8시 23분,"고사포 사단급 표적이 52S DG 290 949 작전지역 내에서 이동중 상태로 확인됨. 미확인 사격 10발 필요, 사격 지속 4시간 예정."
사격 요청 보고,2025년 11월 7일 8시 58분,"52S DG 264 955 관측 구역 기준 건물 대대 표적이 공격중 상태로 식별되어 전투기 사격 5발 권고, 사격 지속 5시간 식별됨."
사격 요청 보고,2025년 11월 7일 9시 21분,"이동중 중인 장갑차 중대 표적이 52S DG 267 954 관측 구역에 포착됨. 함포 화력 10발 지원 요청, 사격 예상 1시간."
사격 요청 보고,2025년 11월 7일 9시 42분,"52S DG 286 981 작전지역 내에서 전차 연대 표적이 공격중 상태로 관측되어 미확인 사격 7발 요청, 사격 지속 1시간으로 판단됨."
사격 요청 보고,2025년 11월 7일 10시 49분,"52S DG 282 968 현장 부근 공격중 중인 로켓/미사일 여단 표적에 대해 미확인 사격 3발 요청, 지속시간 5시간으로 확인됨."
사격 요청 보고,2025년 11월 7일 14시 51분,"52S DG 281 966 좌표 기준 기준 연결지역 여단 표적이 공격중 상태로 식별되어 함포 사격 8발 권고, 사격 지속 3시간 판단됨."
사격 요청 보고,2025년 11월 7일 15시 41분,적방어시설 소대급 공격중 표적이 52S DG 275 944 좌표 부근에서 관측되어 헬기 8발 사격 요청됨. 예상 사격 2시간.
사격 요청 보고,2025년 11월 7일 19시 5분,"52S DG 268 970 지역 일대 기준 적방어시설 여단 표적이 공격중 상태로 식별되어 미확인 사격 3발 권고, 사격 지속 6시간 식별됨."
사격 요청 보고,2025년 11월 7일 19시 48분,"박격포 여단 표적이 52S DG 282 961 현장 부근 일대에서 북서 방면으로 13km/h 전개 중으로 평가됨. 미확인 사격 7발 요청, 지속 3시간."
사격 요청 보고,2025년 11월 7일 22시 47분,"52S DG 282 980 작전지역 내에서 무기 단 규모 표적이 공격중 중인 것으로 평가됨. 야포 화력 투입 4발 요청, 예상 지속시간 5시간."
사격 요청 보고,2025년 11월 7일 23시 39분,"52S DG 282 970 좌표 부근 기준 박격포 대대 표적이 집결중 상태로 식별되어 헬기 사격 5발 권고, 사격 지속 3시간 판단됨."
사격 요청 보고,2025년 11월 8일 0시 47분,"52S DG 275 965 작전지역 내 기준 지형특징 연대 표적이 집결중 상태로 식별되어 헬기 사격 5발 권고, 사격 지속 4시간 판단됨."
사격 요청 보고,2025년 11월 8일 1시 23분,다중로켓발사대 사단급 공격중 표적이 52S DG 292 968 좌표 부근에서 관측되어 함포 9발 사격 요청됨. 예상 사격 6시간.
사격 요청 보고,2025년 11월 8일 2시 21분,"52S DG 284 950 현장 부근에서 로켓/미사일 단 규모 표적이 이동중 중인 것으로 확인됨. 전투기 화력 투입 3발 요청, 예상 지속시간 6시간."
사격 요청 보고,2025년 11월 8일 4시 19분,"52S DG 266 985 현장 부근에서 선박 단 규모 표적이 이동중 중인 것으로 관찰됨. 미확인 화력 투입 7발 요청, 예상 지속시간 3시간."
사격 요청 보고,2025년 11월 8일 5시 21분,"52S DG 277 975 관측 구역에서 다중로켓발사대 여단 표적이 집결중 상태로 관측되어 야포 사격 5발 요청, 사격 지속 1시간으로 판단됨."
사격 요청 보고,2025년 11월 8일 5시 53분,"52S DG 285 967 작전지역 내 북서 방향으로 9km/h 이동 중인 지형특징 군단 표적 포착, 헬기 사격 6발 권고, 사격 지속 5시간."
사격 요청 보고,2025년 11월 8일 7시 54분,"52S DG 273 961 관측 구역 기준 차량 연대 표적이 집결중 상태로 식별되어 함포 사격 4발 권고, 사격 지속 1시간 포착됨."
사격 요청 보고,2025년 11월 8일 8시 13분,"장비 중대 규모 공격중 표적이 52S DG 268 986 좌표 부근 내에서 활동 중으로 확인됨. 전투기 사격 8발 요청, 예상 3시간."
사격 요청 보고,2025년 11월 8일 8시 29분,"C4I 시설 군단 규모 공격중 표적이 52S DG 275 950 관측 구역 내에서 활동 중으로 판단됨. 박격포 사격 7발 요청, 예상 4시간."
사격 요청 보고,2025년 11월 8일 9시 57분,"지형특징 중대급 표적이 52S DG 276 974 현장 부근에서 공격중 상태로 평가됨. 함포 사격 4발 필요, 사격 지속 3시간 예정."
사격 요청 보고,2025년 11월 8일 10시 34분,"52S DG 292 986 좌표 기준에서 교량 소대 표적이 북 방향으로 약 76km/h 속도로 이동 중인 것이 평가됨. 박격포 사격 4발 요청, 지속시간 3시간."
사격 요청 보고,2025년 11월 8일 14시 57분,"52S DG 266 944 현장 부근에서 로켓/미사일 미식별 표적이 공격중 상태로 관측되어 박격포 사격 10발 요청, 사격 지속 5시간으로 평가됨."
사격 요청 보고,2025년 11월 8일 16시 44분,"집결중 중인 병력 미식별 표적이 52S DG 274 959 좌표 기준에 포착됨. 야포 화력 3발 지원 요청, 사격 예상 1시간."
사격 요청 보고,2025년 11월 8일 18시 16분,"52S DG 278 953 좌표 기준 기준 포병 대대 표적이 공격중 상태로 식별되어 전투기 사격 10발 권고, 사격 지속 1시간 확인됨."
사격 요청 보고,2025년 11월 8일 19시 27분,지형특징 중대급 공격중 표적이 52S DG 282 955 좌표 기준에서 관측되어 박격포 7발 사격 요청됨. 예상 사격 4시간.
사격 요청 보고,2025년 11월 8일 19시 54분,"52S DG 269 952 관측 구역 기준 지휘소 군단 표적이 공격중 상태로 식별되어 전투기 사격 4발 권고, 사격 지속 5시간 판단됨."
사격 요청 보고,2025년 11월 8일 20시 30분,"52S DG 266 946 작전지역 내 이동중 중인 포병 연대 표적에 대해 박격포 사격 3발 요청, 지속시간 1시간으로 관찰됨."
사격 요청 보고,2025년 11월 8일 20시 30분,"52S DG 278 974 작전지역 내 기준 전차 사단 표적이 이동중 상태로 식별되어 헬기 사격 5발 권고, 사격 지속 6시간 판단됨."
사격 요청 보고,2025년 11월 8일 20시 50분,"장갑차 대대 규모 집결중 표적이 52S DG 269 968 현장 부근 내에서 활동 중으로 판단됨. 야포 사격 1발 요청, 예상 5시간."
사격 요청 보고,2025년 11월 8일 21시 59분,"지휘소 대대 규모 공격중 표적이 52S DG 270 965 좌표 기준 내에서 활동 중으로 포착됨. 박격포 사격 7발 요청, 예상 2시간."
사격 요청 보고,2025년 11월 9일 1시 13분,"집결중 중인 적방어시설 사단 표적이 52S DG 267 955 좌표 부근에 포착됨. 전투기 화력 4발 지원 요청, 사격 예상 2시간."
사격 요청 보고,2025년 11월 9일 1시 51분,"적방어시설 소대 규모 이동중 표적이 52S DG 283 950 좌표 부근 내에서 활동 중으로 관찰됨. 전투기 사격 1발 요청, 예상 3시간."
사격 요청 보고,2025년 11월 9일 2시 4분,"52S DG 271 971 관측 구역 기준 박격포 미식별 표적이 집결중 상태로 식별되어 헬기 사격 8발 권고, 사격 지속 1시간 식별됨."
사격 요청 보고,2025년 11월 9일 2시 13분,"52S DG 264 975 지역 일대에서 관찰된 선박 대대 목표, 현재 공격중 상태로 평가됨. 야포 사격 3발 요청, 지속 6시간."
사격 요청 보고,2025년 11월 9일 3시 29분,"다중로켓발사대 분대급 표적이 52S DG 267 959 좌표 부근에서 집결중 상태로 보고됨. 박격포 사격 10발 필요, 사격 지속 5시간 예정."
사격 요청 보고,2025년 11월 9일 3시 31분,"지휘소 분대급 표적이 52S DG 264 956 관측 구역에서 공격중 상태로 관찰됨. 헬기 사격 2발 필요, 사격 지속 2시간 예정."
사격 요청 보고,2025년 11월 9일 4시 23분,"52S DG 274 971 좌표 부근 기준 고사총 연대 표적이 공격중 상태로 식별되어 야포 사격 4발 권고, 사격 지속 3시간 관찰됨."
사격 요청 보고,2025년 11월 9일 6시 38분,"52S DG 275 947 현장 부근 공격중 중인 장갑차 군단 표적에 대해 미확인 사격 7발 요청, 지속시간 5시간으로 보고됨."
사격 요청 보고,2025년 11월 9일 7시 14분,"52S DG 272 946 현장 부근 집결중 중인 차량 사단 표적에 대해 헬기 사격 3발 요청, 지속시간 1시간으로 확인됨."
사격 요청 보고,2025년 11월 9일 8시 22분,"52S DG 283 978 관측 구역에서 고사총 대대 표적이 공격중 상태로 관측되어 미확인 사격 8발 요청, 사격 지속 2시간으로 보고됨."
사격 요청 보고,2025년 11월 9일 8시 28분,"52S DG 271 959 관측 구역에서 관찰된 보급소 사단 목표, 현재 집결중 상태로 평가됨. 헬기 사격 2발 요청, 지속 4시간."
사격 요청 보고,2025년 11월 9일 8시 47분,"52S DG 284 975 지역 일대 북동 방향으로 5km/h 이동 중인 병력 분대 표적 포착, 박격포 사격 10발 권고, 사격 지속 1시간."
사격 요청 보고,2025년 11월 9일 8시 55분,"52S DG 283 954 좌표 기준에서 관찰된 차량 여단 목표, 현재 공격중 상태로 평가됨. 헬기 사격 4발 요청, 지속 3시간."
사격 요청 보고,2025년 11월 9일 10시 46분,무기 단급 이동중 표적이 52S DG 283 956 좌표 부근에서 관측되어 헬기 3발 사격 요청됨. 예상 사격 3시간.
사격 요청 보고,2025년 11월 9일 12시 6분,"52S DG 281 973 현장 부근 기준 무기 중대 표적이 이동중 상태로 식별되어 전투기 사격 10발 권고, 사격 지속 2시간 확인됨."
사격 요청 보고,2025년 11월 9일 13시 6분,차량 미식별급 집결중 표적이 52S DG 288 946 현장 부근에서 관측되어 박격포 2발 사격 요청됨. 예상 사격 1시간.
사격 요청 보고,2025년 11월 9일 13시 13분,52S DG 278 955 지역 일대 장갑차 미식별 표적이 이동중 중이며 전투기 지원 2발 요구됨. 사격 지속 약 2시간 식별됨.
사격 요청 보고,2025년 11월 9일 13시 41분,52S DG 279 962 현장 부근 로켓/미사일 대대 표적이 공격중 중이며 미확인 지원 2발 요구됨. 사격 지속 약 6시간 보고됨.
사격 요청 보고,2025년 11월 9일 14시 32분,"52S DG 264 967 현장 부근에서 장비 중대 표적이 집결중 상태로 관측되어 함포 사격 6발 요청, 사격 지속 4시간으로 관찰됨."
사격 요청 보고,2025년 11월 9일 15시 14분,"52S DG 289 944 관측 구역에서 병력 대대 규모 표적이 집결중 중인 것으로 평가됨. 함포 화력 투입 6발 요청, 예상 지속시간 2시간."
사격 요청 보고,2025년 11월 9일 15시 49분,"장갑차 분대급 표적이 52S DG 289 973 좌표 기준에서 집결중 상태로 식별됨. 미확인 사격 3발 필요, 사격 지속 2시간 예정."
사격 요청 보고,2025년 11월 9일 17시 49분,"항공기 사단급 표적이 52S DG 264 983 현장 부근에서 공격중 상태로 포착됨. 헬기 사격 2발 필요, 사격 지속 5시간 예정."
사격 요청 보고,2025년 11월 9일 18시 27분,"공격중 중인 적방어시설 중대 표적이 52S DG 288 978 현장 부근에 포착됨. 헬기 화력 8발 지원 요청, 사격 예상 3시간."
사격 요청 보고,2025년 11월 9일 20시 30분,"52S DG 282 944 좌표 부근에서 관찰된 박격포 중대 목표, 현재 이동중 상태로 평가됨. 함포 사격 8발 요청, 지속 1시간."
사격 요청 보고,2025년 11월 9일 22시 57분,"52S DG 292 949 좌표 부근 서 방향으로 7km/h 이동 중인 적방어시설 사단 표적 포착, 헬기 사격 9발 권고, 사격 지속 5시간."
사격 요청 보고,2025년 11월 10일 0시 31분,"52S DG 282 965 관측 구역에서 관찰된 장갑차 군단 목표, 현재 공격중 상태로 평가됨. 미확인 사격 2발 요청, 지속 2시간."
사격 요청 보고,2025년 11월 10일 1시 21분,"52S DG 275 984 지역 일대 공격중 중인 차량 미식별 표적에 대해 함포 사격 3발 요청, 지속시간 4시간으로 식별됨."
사격 요청 보고,2025년 11월 10일 1시 38분,"집결중 중인 보급소 소대 표적이 52S DG 294 964 좌표 부근에 포착됨. 헬기 화력 7발 지원 요청, 사격 예상 4시간."
사격 요청 보고,2025년 11월 10일 2시 11분,52S DG 280 977 좌표 기준 지휘소 여단 표적이 집결중 중이며 야포 지원 4발 요구됨. 사격 지속 약 4시간 확인됨.
사격 요청 보고,2025년 11월 10일 2시 29분,52S DG 288 981 작전지역 내 연결지역 여단 표적이 공격중 중이며 함포 지원 8발 요구됨. 사격 지속 약 2시간 평가됨.
사격 요청 보고,2025년 11월 10일 5시 9분,"52S DG 294 951 지역 일대에서 교량 미식별 표적이 집결중 상태로 관측되어 함포 사격 10발 요청, 사격 지속 3시간으로 확인됨."
사격 요청 보고,2025년 11월 10일 5시 30분,고사총 군단급 집결중 표적이 52S DG 264 955 지역 일대에서 관측되어 박격포 4발 사격 요청됨. 예상 사격 1시간.
사격 요청 보고,2025년 11월 10일 5시 57분,"52S DG 277 977 현장 부근 기준 교량 사단 표적이 공격중 상태로 식별되어 박격포 사격 9발 권고, 사격 지속 1시간 관찰됨."
사격 요청 보고,2025년 11월 10일 7시 21분,"52S DG 294 974 현장 부근 남서 방향으로 80km/h 이동 중인 차량 중대 표적 포착, 야포 사격 3발 권고, 사격 지속 4시간."
사격 요청 보고,2025년 11월 10일 9시 32분,"이동중 중인 로켓/미사일 연대 표적이 52S DG 286 977 작전지역 내에 포착됨. 전투기 화력 2발 지원 요청, 사격 예상 1시간."
사격 요청 보고,2025년 11월 10일 12시 13분,"52S DG 288 983 좌표 부근 동 방향으로 66km/h 이동 중인 편대 군단 표적 포착, 함포 사격 7발 권고, 사격 지속 3시간."
사격 요청 보고,2025년 11월 10일 12시 26분,"52S DG 287 944 지역 일대 기준 무기 미식별 표적이 집결중 상태로 식별되어 야포 사격 3발 권고, 사격 지속 3시간 판단됨."
사격 요청 보고,2025년 11월 10일 12시 41분,"집결중 중인 지휘소 단 표적이 52S DG 278 955 관측 구역에 포착됨. 박격포 화력 9발 지원 요청, 사격 예상 1시간."
사격 요청 보고,2025년 11월 10일 13시 20분,"C4I 시설 단 규모 집결중 표적이 52S DG 270 962 현장 부근 내에서 활동 중으로 판단됨. 미확인 사격 3발 요청, 예상 3시간."
사격 요청 보고,2025년 11월 10일 13시 26분,"52S DG 276 965 관측 구역 기준 전차 중대 표적이 집결중 상태로 식별되어 헬기 사격 7발 권고, 사격 지속 2시간 판단됨."
사격 요청 보고,2025년 11월 10일 14시 18분,"고사포 대대 표적이 52S DG 284 958 관측 구역 일대에서 남 방면으로 39km/h 전개 중으로 확인됨. 헬기 사격 4발 요청, 지속 1시간."
사격 요청 보고,2025년 11월 10일 15시 17분,"52S DG 286 968 좌표 부근에서 장비 미식별 표적이 북 방향으로 약 7km/h 속도로 이동 중인 것이 포착됨. 야포 사격 9발 요청, 지속시간 3시간."
사격 요청 보고,2025년 11월 10일 15시 49분,"52S DG 269 951 좌표 부근에서 관찰된 교량 연대 목표, 현재 공격중 상태로 평가됨. 헬기 사격 8발 요청, 지속 1시간."
사격 요청 보고,2025년 11월 10일 16시 11분,"장비 단 규모 이동중 표적이 52S DG 287 978 좌표 부근 내에서 활동 중으로 확인됨. 헬기 사격 2발 요청, 예상 4시간."
사격 요청 보고,2025년 11월 10일 16시 53분,"52S DG 291 967 작전지역 내에서 병력 미식별 규모 표적이 집결중 중인 것으로 평가됨. 박격포 화력 투입 2발 요청, 예상 지속시간 4시간."
사격 요청 보고,2025년 11월 10일 19시 37분,"52S DG 291 958 좌표 부근 공격중 중인 건물 미식별 표적에 대해 전투기 사격 6발 요청, 지속시간 5시간으로 식별됨."
사격 요청 보고,2025년 11월 10일 20시 12분,"52S DG 285 985 현장 부근 부근 서 방면으로 이동 중인 차량 단 목표가 68km/h 속도로 확인되어 박격포 사격 3발 필요, 지속 5시간."
사격 요청 보고,2025년 11월 10일 20시 51분,"무기 사단 표적이 52S DG 285 971 관측 구역 일대에서 동 방면으로 40km/h 전개 중으로 확인됨. 미확인 사격 6발 요청, 지속 3시간."
사격 요청 보고,2025년 11월 10일 22시 13분,"52S DG 285 945 관측 구역에서 C4I 시설 군단 표적이 이동중 상태로 관측되어 헬기 사격 9발 요청, 사격 지속 5시간으로 보고됨."
사격 요청 보고,2025년 11월 10일 22시 21분,"무기 단급 표적이 52S DG 289 959 좌표 기준에서 이동중 상태로 관찰됨. 헬기 사격 6발 필요, 사격 지속 4시간 예정."
사격 요청 보고,2025년 11월 10일 22시 47분,"52S DG 287 955 작전지역 내에서 지휘소 단 표적이 집결중 상태로 관측되어 헬기 사격 9발 요청, 사격 지속 3시간으로 포착됨."
사격 요청 보고,2025년 11월 11일 0시 38분,"52S DG 282 982 작전지역 내 부근 남 방면으로 이동 중인 로켓/미사일 군단 목표가 19km/h 속도로 확인되어 박격포 사격 9발 필요, 지속 6시간."
사격 요청 보고,2025년 11월 11일 2시 16분,"집결중 중인 지휘소 분대 표적이 52S DG 264 975 좌표 기준에 포착됨. 박격포 화력 1발 지원 요청, 사격 예상 4시간."
사격 요청 보고,2025년 11월 11일 2시 43분,"52S DG 276 977 작전지역 내에서 선박 중대 규모 표적이 이동중 중인 것으로 보고됨. 전투기 화력 투입 3발 요청, 예상 지속시간 6시간."
사격 요청 보고,2025년 11월 11일 4시 5분,"52S DG 274 954 작전지역 내에서 건물 분대 규모 표적이 공격중 중인 것으로 관찰됨. 야포 화력 투입 1발 요청, 예상 지속시간 1시간."
사격 요청 보고,2025년 11월 11일 4시 13분,"52S DG 266 949 지역 일대에서 무기 중대 규모 표적이 집결중 중인 것으로 판단됨. 헬기 화력 투입 1발 요청, 예상 지속시간 2시간."
사격 요청 보고,2025년 11월 11일 4시 32분,"로켓/미사일 소대급 표적이 52S DG 274 960 현장 부근에서 집결중 상태로 식별됨. 박격포 사격 1발 필요, 사격 지속 3시간 예정."
사격 요청 보고,2025년 11월 11일 6시 11분,"52S DG 278 948 관측 구역 기준 선박 군단 표적이 집결중 상태로 식별되어 헬기 사격 4발 권고, 사격 지속 3시간 포착됨."
사격 요청 보고,2025년 11월 11일 7시 6분,"로켓/미사일 중대 규모 이동중 표적이 52S DG 289 946 현장 부근 내에서 활동 중으로 포착됨. 전투기 사격 2발 요청, 예상 4시간."
사격 요청 보고,2025년 11월 11일 7시 13분,"52S DG 276 958 관측 구역에서 지휘소 단 규모 표적이 이동중 중인 것으로 식별됨. 헬기 화력 투입 9발 요청, 예상 지속시간 5시간."
사격 요청 보고,2025년 11월 11일 8시 29분,적방어시설 미식별급 집결중 표적이 52S DG 280 957 지역 일대에서 관측되어 박격포 6발 사격 요청됨. 예상 사격 6시간.
사격 요청 보고,2025년 11월 11일 10시 49분,52S DG 275 955 현장 부근 선박 여단 표적이 공격중 중이며 전투기 지원 2발 요구됨. 사격 지속 약 4시간 판단됨.
사격 요청 보고,2025년 11월 11일 11시 25분,"고사총 군단 규모 공격중 표적이 52S DG 291 968 지역 일대 내에서 활동 중으로 판단됨. 미확인 사격 9발 요청, 예상 6시간."
사격 요청 보고,2025년 11월 11일 11시 46분,"지형특징 미식별급 표적이 52S DG 291 954 지역 일대 기준 동 방면으로 45km/h로 이동 중임이 판단됨. 전투기 사격 10발 요청, 예상 4시간."
사격 요청 보고,2025년 11월 11일 13시 2분,장비 단급 공격중 표적이 52S DG 280 960 관측 구역에서 관측되어 함포 6발 사격 요청됨. 예상 사격 4시간.
사격 요청 보고,2025년 11월 11일 13시 45분,"보급소 여단급 표적이 52S DG 273 957 작전지역 내에서 집결중 상태로 포착됨. 함포 사격 7발 필요, 사격 지속 4시간 예정."
사격 요청 보고,2025년 11월 11일 14시 43분,"52S DG 288 951 현장 부근 집결중 중인 댐 사단 표적에 대해 야포 사격 1발 요청, 지속시간 3시간으로 보고됨."
사격 요청 보고,2025년 11월 11일 15시 0분,고사포 여단급 공격중 표적이 52S DG 292 957 현장 부근에서 관측되어 미확인 5발 사격 요청됨. 예상 사격 5시간.
사격 요청 보고,2025년 11월 11일 15시 19분,"52S DG 271 958 좌표 부근 기준 로켓/미사일 연대 표적이 공격중 상태로 식별되어 함포 사격 9발 권고, 사격 지속 4시간 관찰됨."
사격 요청 보고,2025년 11월 11일 16시 51분,"박격포 분대급 표적이 52S DG 280 960 지역 일대에서 공격중 상태로 식별됨. 함포 사격 6발 필요, 사격 지속 5시간 예정."
사격 요청 보고,2025년 11월 11일 17시 24분,"52S DG 284 949 좌표 기준 기준 병력 군단 표적이 집결중 상태로 식별되어 전투기 사격 2발 권고, 사격 지속 5시간 확인됨."
사격 요청 보고,2025년 11월 11일 17시 56분,"52S DG 270 976 좌표 기준 기준 항공기 군단 표적이 집결중 상태로 식별되어 박격포 사격 1발 권고, 사격 지속 6시간 확인됨."
사격 요청 보고,2025년 11월 11일 18시 35분,52S DG 270 954 좌표 기준 C4I 시설 연대 표적이 공격중 중이며 함포 지원 3발 요구됨. 사격 지속 약 3시간 식별됨.
사격 요청 보고,2025년 11월 11일 18시 49분,"고사총 연대 규모 공격중 표적이 52S DG 275 981 지역 일대 내에서 활동 중으로 판단됨. 전투기 사격 3발 요청, 예상 5시간."
사격 요청 보고,2025년 11월 11일 19시 26분,"52S DG 291 968 작전지역 내 부근 남 방면으로 이동 중인 장갑차 군단 목표가 73km/h 속도로 확인되어 미확인 사격 8발 필요, 지속 6시간."
사격 요청 보고,2025년 11월 11일 20시 18분,"52S DG 265 980 현장 부근 집결중 중인 항공기 여단 표적에 대해 전투기 사격 7발 요청, 지속시간 5시간으로 관찰됨."
사격 요청 보고,2025년 11월 11일 20시 26분,"다중로켓발사대 사단 규모 공격중 표적이 52S DG 269 969 현장 부근 내에서 활동 중으로 관찰됨. 야포 사격 7발 요청, 예상 1시간."
사격 요청 보고,2025년 11월 11일 20시 51분,"선박 여단급 표적이 52S DG 277 948 관측 구역에서 공격중 상태로 판단됨. 미확인 사격 8발 필요, 사격 지속 5시간 예정."
사격 요청 보고,2025년 11월 11일 21시 23분,52S DG 266 947 좌표 부근 적방어시설 분대 표적이 이동중 중이며 전투기 지원 5발 요구됨. 사격 지속 약 2시간 보고됨.
사격 요청 보고,2025년 11월 11일 21시 23분,"이동중 중인 고사총 미식별 표적이 52S DG 270 973 관측 구역에 포착됨. 함포 화력 5발 지원 요청, 사격 예상 5시간."
사격 요청 보고,2025년 11월 11일 21시 28분,"집결중 중인 포병 대대 표적이 52S DG 287 953 지역 일대에 포착됨. 함포 화력 1발 지원 요청, 사격 예상 2시간."
사격 요청 보고,2025년 11월 11일 22시 19분,"52S DG 264 960 지역 일대 기준 병력 미식별 표적이 집결중 상태로 식별되어 박격포 사격 6발 권고, 사격 지속 4시간 식별됨."
사격 요청 보고,2025년 11월 11일 22시 36분,"52S DG 293 978 현장 부근 기준 편대 대대 표적이 공격중 상태로 식별되어 전투기 사격 9발 권고, 사격 지속 6시간 판단됨."
사격 요청 보고,2025년 11월 11일 22시 44분,"52S DG 276 948 지역 일대에서 관찰된 건물 단 목표, 현재 공격중 상태로 평가됨. 헬기 사격 10발 요청, 지속 2시간."
사격 요청 보고,2025년 11월 11일 23시 18분,"52S DG 285 947 좌표 기준 이동중 중인 교량 분대 표적에 대해 헬기 사격 8발 요청, 지속시간 2시간으로 평가됨."
사격 요청 보고,2025년 11월 12일 1시 23분,"52S DG 281 972 좌표 기준 공격중 중인 댐 대대 표적에 대해 함포 사격 8발 요청, 지속시간 2시간으로 포착됨."
사격 요청 보고,2025년 11월 12일 3시 57분,"지형특징 군단 표적이 52S DG 272 978 좌표 기준 일대에서 남서 방면으로 58km/h 전개 중으로 확인됨. 전투기 사격 1발 요청, 지속 6시간."
사격 요청 보고,2025년 11월 12일 4시 42분,"집결중 중인 로켓/미사일 미식별 표적이 52S DG 270 954 작전지역 내에 포착됨. 헬기 화력 9발 지원 요청, 사격 예상 3시간."
사격 요청 보고,2025년 11월 12일 4시 43분,"이동중 중인 연결지역 미식별 표적이 52S DG 270 961 관측 구역에 포착됨. 박격포 화력 4발 지원 요청, 사격 예상 5시간."
사격 요청 보고,2025년 11월 12일 5시 33분,"52S DG 279 957 좌표 부근에서 C4I 시설 군단 표적이 집결중 상태로 관측되어 함포 사격 2발 요청, 사격 지속 4시간으로 포착됨."
사격 요청 보고,2025년 11월 12일 5시 41분,52S DG 281 983 현장 부근 항공기 여단 표적이 집결중 중이며 미확인 지원 10발 요구됨. 사격 지속 약 3시간 식별됨.
사격 요청 보고,2025년 11월 12일 7시 12분,"52S DG 266 970 지역 일대 남서 방향으로 27km/h 이동 중인 병력 군단 표적 포착, 박격포 사격 7발 권고, 사격 지속 6시간."
사격 요청 보고,2025년 11월 12일 7시 18분,"선박 여단 규모 집결중 표적이 52S DG 294 959 관측 구역 내에서 활동 중으로 평가됨. 박격포 사격 4발 요청, 예상 2시간."
사격 요청 보고,2025년 11월 12일 9시 12분,"52S DG 279 969 현장 부근에서 병력 사단 규모 표적이 집결중 중인 것으로 관찰됨. 미확인 화력 투입 7발 요청, 예상 지속시간 6시간."
사격 요청 보고,2025년 11월 12일 11시 52분,댐 대대급 집결중 표적이 52S DG 279 961 관측 구역에서 관측되어 미확인 4발 사격 요청됨. 예상 사격 4시간.
사격 요청 보고,2025년 11월 12일 13시 9분,52S DG 280 946 현장 부근 전차 미식별 표적이 집결중 중이며 헬기 지원 7발 요구됨. 사격 지속 약 2시간 관찰됨.
사격 요청 보고,2025년 11월 12일 13시 13분,"52S DG 271 971 지역 일대에서 관찰된 고사총 여단 목표, 현재 공격중 상태로 평가됨. 함포 사격 2발 요청, 지속 3시간."
사격 요청 보고,2025년 11월 12일 14시 9분,편대 연대급 공격중 표적이 52S DG 282 978 좌표 기준에서 관측되어 박격포 8발 사격 요청됨. 예상 사격 4시간.
사격 요청 보고,2025년 11월 12일 14시 36분,"52S DG 293 965 작전지역 내에서 보급소 연대 규모 표적이 집결중 중인 것으로 평가됨. 함포 화력 투입 8발 요청, 예상 지속시간 4시간."
사격 요청 보고,2025년 11월 12일 16시 10분,"무기 분대급 표적이 52S DG 292 961 관측 구역에서 공격중 상태로 판단됨. 야포 사격 6발 필요, 사격 지속 6시간 예정."
사격 요청 보고,2025년 11월 12일 16시 26분,전차 단급 공격중 표적이 52S DG 268 965 좌표 기준에서 관측되어 헬기 6발 사격 요청됨. 예상 사격 6시간.
사격 요청 보고,2025년 11월 12일 16시 36분,"52S DG 278 968 관측 구역 집결중 중인 고사총 연대 표적에 대해 함포 사격 5발 요청, 지속시간 4시간으로 확인됨."
사격 요청 보고,2025년 11월 12일 16시 54분,"52S DG 269 971 좌표 기준 부근 서 방면으로 이동 중인 연결지역 소대 목표가 56km/h 속도로 확인되어 전투기 사격 5발 필요, 지속 1시간."
사격 요청 보고,2025년 11월 12일 17시 32분,장갑차 단급 공격중 표적이 52S DG 287 966 작전지역 내에서 관측되어 야포 8발 사격 요청됨. 예상 사격 4시간.
사격 요청 보고,2025년 11월 12일 17시 59분,"공격중 중인 편대 사단 표적이 52S DG 292 979 지역 일대에 포착됨. 헬기 화력 7발 지원 요청, 사격 예상 6시간."
사격 요청 보고,2025년 11월 12일 18시 10분,"52S DG 281 986 지역 일대 이동중 중인 장갑차 미식별 표적에 대해 미확인 사격 10발 요청, 지속시간 1시간으로 보고됨."
사격 요청 보고,2025년 11월 12일 19시 19분,"52S DG 268 983 작전지역 내에서 관찰된 연결지역 사단 목표, 현재 공격중 상태로 평가됨. 박격포 사격 4발 요청, 지속 4시간."
사격 요청 보고,2025년 11월 12일 19시 29분,"52S DG 268 953 지역 일대에서 항공기 대대 규모 표적이 이동중 중인 것으로 포착됨. 미확인 화력 투입 2발 요청, 예상 지속시간 3시간."
사격 요청 보고,2025년 11월 12일 20시 21분,52S DG 279 980 작전지역 내 차량 중대 표적이 이동중 중이며 미확인 지원 9발 요구됨. 사격 지속 약 1시간 평가됨.
사격 요청 보고,2025년 11월 12일 20시 21분,"항공기 소대급 표적이 52S DG 287 953 작전지역 내에서 공격중 상태로 판단됨. 헬기 사격 9발 필요, 사격 지속 1시간 예정."
사격 요청 보고,2025년 11월 12일 22시 9분,"52S DG 265 982 지역 일대 기준 다중로켓발사대 대대 표적이 이동중 상태로 식별되어 함포 사격 2발 권고, 사격 지속 2시간 확인됨."
사격 요청 보고,2025년 11월 12일 22시 19분,"52S DG 276 962 작전지역 내 공격중 중인 전차 단 표적에 대해 함포 사격 6발 요청, 지속시간 4시간으로 평가됨."
사격 요청 보고,2025년 11월 12일 22시 28분,52S DG 286 951 관측 구역 지휘소 소대 표적이 공격중 중이며 헬기 지원 4발 요구됨. 사격 지속 약 5시간 포착됨.
사격 요청 보고,2025년 11월 12일 22시 40분,52S DG 269 979 관측 구역 적방어시설 소대 표적이 집결중 중이며 전투기 지원 4발 요구됨. 사격 지속 약 5시간 관찰됨.
사격 요청 보고,2025년 11월 12일 23시 24분,"52S DG 285 946 현장 부근에서 관찰된 고사포 군단 목표, 현재 공격중 상태로 평가됨. 야포 사격 6발 요청, 지속 2시간."
사격 요청 보고,2025년 11월 12일 23시 47분,"52S DG 268 963 지역 일대에서 박격포 군단 표적이 집결중 상태로 관측되어 전투기 사격 4발 요청, 사격 지속 6시간으로 포착됨."
사격 요청 보고,2025년 11월 13일 0시 45분,"항공기 대대급 표적이 52S DG 269 952 좌표 기준에서 집결중 상태로 보고됨. 야포 사격 1발 필요, 사격 지속 3시간 예정."
사격 요청 보고,2025년 11월 13일 0시 53분,"편대 미식별 규모 집결중 표적이 52S DG 282 970 좌표 부근 내에서 활동 중으로 확인됨. 헬기 사격 1발 요청, 예상 6시간."
사격 요청 보고,2025년 11월 13일 3시 53분,"52S DG 289 981 관측 구역에서 차량 군단 표적이 집결중 상태로 관측되어 미확인 사격 8발 요청, 사격 지속 6시간으로 판단됨."
사격 요청 보고,2025년 11월 13일 5시 27분,"병력 군단 규모 집결중 표적이 52S DG 267 982 좌표 부근 내에서 활동 중으로 확인됨. 헬기 사격 10발 요청, 예상 3시간."
사격 요청 보고,2025년 11월 13일 5시 44분,"52S DG 272 972 현장 부근 기준 다중로켓발사대 대대 표적이 공격중 상태로 식별되어 박격포 사격 8발 권고, 사격 지속 2시간 식별됨."
사격 요청 보고,2025년 11월 13일 6시 52분,"52S DG 280 964 관측 구역에서 관찰된 고사총 단 목표, 현재 공격중 상태로 평가됨. 함포 사격 6발 요청, 지속 3시간."
사격 요청 보고,2025년 11월 13일 8시 17분,장비 대대급 이동중 표적이 52S DG 280 966 현장 부근에서 관측되어 야포 6발 사격 요청됨. 예상 사격 6시간.
사격 요청 보고,2025년 11월 13일 8시 54분,52S DG 281 982 좌표 부근 지휘소 사단 표적이 공격중 중이며 함포 지원 8발 요구됨. 사격 지속 약 5시간 판단됨.
사격 요청 보고,2025년 11월 13일 10시 47분,"집결중 중인 교량 대대 표적이 52S DG 279 975 좌표 부근에 포착됨. 미확인 화력 5발 지원 요청, 사격 예상 6시간."
사격 요청 보고,2025년 11월 13일 10시 54분,"선박 대대급 표적이 52S DG 265 983 관측 구역에서 공격중 상태로 보고됨. 박격포 사격 8발 필요, 사격 지속 6시간 예정."
사격 요청 보고,2025년 11월 13일 11시 23분,"52S DG 281 956 좌표 부근에서 선박 단 표적이 공격중 상태로 관측되어 야포 사격 6발 요청, 사격 지속 5시간으로 보고됨."
사격 요청 보고,2025년 11월 13일 12시 52분,"52S DG 266 975 현장 부근에서 장갑차 연대 표적이 남동 방향으로 약 6km/h 속도로 이동 중인 것이 식별됨. 헬기 사격 2발 요청, 지속시간 4시간."
사격 요청 보고,2025년 11월 13일 13시 46분,"52S DG 276 978 작전지역 내 이동중 중인 항공기 분대 표적에 대해 함포 사격 10발 요청, 지속시간 1시간으로 관찰됨."
사격 요청 보고,2025년 11월 13일 14시 45분,"52S DG 267 981 지역 일대 이동중 중인 고사포 사단 표적에 대해 박격포 사격 10발 요청, 지속시간 5시간으로 평가됨."
사격 요청 보고,2025년 11월 13일 14시 54분,"52S DG 270 946 지역 일대에서 관찰된 댐 사단 목표, 현재 이동중 상태로 평가됨. 헬기 사격 1발 요청, 지속 3시간."
사격 요청 보고,2025년 11월 13일 15시 19분,52S DG 289 979 작전지역 내 C4I 시설 대대 표적이 공격중 중이며 전투기 지원 6발 요구됨. 사격 지속 약 2시간 식별됨.
사격 요청 보고,2025년 11월 13일 17시 9분,52S DG 270 952 좌표 부근 C4I 시설 대대 표적이 집결중 중이며 전투기 지원 10발 요구됨. 사격 지속 약 6시간 보고됨.
사격 요청 보고,2025년 11월 13일 18시 41분,"52S DG 272 955 좌표 부근 이동중 중인 고사포 소대 표적에 대해 박격포 사격 7발 요청, 지속시간 4시간으로 평가됨."
사격 요청 보고,2025년 11월 13일 19시 18분,52S DG 280 977 관측 구역 박격포 사단 표적이 집결중 중이며 헬기 지원 9발 요구됨. 사격 지속 약 4시간 보고됨.
사격 요청 보고,2025년 11월 13일 19시 20분,"52S DG 272 976 좌표 기준에서 관찰된 병력 군단 목표, 현재 이동중 상태로 평가됨. 미확인 사격 7발 요청, 지속 4시간."
사격 요청 보고,2025년 11월 13일 19시 24분,"적방어시설 군단 표적이 52S DG 265 957 관측 구역 일대에서 남동 방면으로 31km/h 전개 중으로 포착됨. 박격포 사격 10발 요청, 지속 1시간."
사격 요청 보고,2025년 11월 13일 19시 34분,"52S DG 285 986 좌표 부근에서 지형특징 미식별 표적이 북동 방향으로 약 79km/h 속도로 이동 중인 것이 식별됨. 헬기 사격 10발 요청, 지속시간 6시간."
사격 요청 보고,2025년 11월 13일 22시 46분,"보급소 사단급 표적이 52S DG 285 980 좌표 기준에서 이동중 상태로 보고됨. 미확인 사격 4발 필요, 사격 지속 6시간 예정."
사격 요청 보고,2025년 11월 14일 1시 48분,항공기 대대급 이동중 표적이 52S DG 273 950 관측 구역에서 관측되어 함포 6발 사격 요청됨. 예상 사격 3시간.
사격 요청 보고,2025년 11월 14일 1시 55분,"52S DG 274 955 현장 부근에서 관찰된 교량 여단 목표, 현재 이동중 상태로 평가됨. 박격포 사격 2발 요청, 지속 1시간."
사격 요청 보고,2025년 11월 14일 3시 45분,"52S DG 278 981 현장 부근 부근 북동 방면으로 이동 중인 선박 사단 목표가 79km/h 속도로 확인되어 미확인 사격 5발 필요, 지속 2시간."
사격 요청 보고,2025년 11월 14일 4시 35분,"교량 여단급 표적이 52S DG 291 952 관측 구역에서 집결중 상태로 평가됨. 헬기 사격 4발 필요, 사격 지속 3시간 예정."
사격 요청 보고,2025년 11월 14일 4시 36분,"건물 미식별급 표적이 52S DG 293 945 작전지역 내에서 이동중 상태로 평가됨. 미확인 사격 4발 필요, 사격 지속 3시간 예정."
사격 요청 보고,2025년 11월 14일 5시 22분,"항공기 사단 표적이 52S DG 291 952 관측 구역 일대에서 남동 방면으로 67km/h 전개 중으로 확인됨. 박격포 사격 4발 요청, 지속 1시간."
사격 요청 보고,2025년 11월 14일 5시 23분,"52S DG 288 961 현장 부근에서 전차 사단 규모 표적이 공격중 중인 것으로 관찰됨. 함포 화력 투입 2발 요청, 예상 지속시간 4시간."
사격 요청 보고,2025년 11월 14일 6시 34분,"52S DG 283 969 좌표 기준 이동중 중인 항공기 여단 표적에 대해 박격포 사격 1발 요청, 지속시간 3시간으로 식별됨."
사격 요청 보고,2025년 11월 14일 8시 4분,"52S DG 272 973 현장 부근 기준 건물 사단 표적이 집결중 상태로 식별되어 함포 사격 4발 권고, 사격 지속 3시간 판단됨."
사격 요청 보고,2025년 11월 14일 8시 26분,"52S DG 268 951 관측 구역 기준 고사총 여단 표적이 공격중 상태로 식별되어 박격포 사격 3발 권고, 사격 지속 1시간 평가됨."
사격 요청 보고,2025년 11월 14일 10시 5분,"52S DG 289 980 작전지역 내 기준 장갑차 단 표적이 공격중 상태로 식별되어 박격포 사격 5발 권고, 사격 지속 4시간 확인됨."
사격 요청 보고,2025년 11월 14일 11시 6분,"52S DG 287 970 관측 구역 기준 지휘소 단 표적이 집결중 상태로 식별되어 함포 사격 10발 권고, 사격 지속 1시간 확인됨."
사격 요청 보고,2025년 11월 14일 12시 42분,"52S DG 266 966 좌표 기준 집결중 중인 적방어시설 소대 표적에 대해 헬기 사격 10발 요청, 지속시간 6시간으로 보고됨."
사격 요청 보고,2025년 11월 14일 12시 44분,"집결중 중인 장비 대대 표적이 52S DG 288 959 작전지역 내에 포착됨. 전투기 화력 2발 지원 요청, 사격 예상 2시간."
사격 요청 보고,2025년 11월 14일 12시 44분,"건물 대대급 표적이 52S DG 292 983 작전지역 내에서 공격중 상태로 확인됨. 전투기 사격 8발 필요, 사격 지속 1시간 예정."
사격 요청 보고,2025년 11월 14일 17시 21분,"공격중 중인 장갑차 대대 표적이 52S DG 279 949 지역 일대에 포착됨. 박격포 화력 1발 지원 요청, 사격 예상 1시간."
사격 요청 보고,2025년 11월 14일 17시 27분,"52S DG 271 972 작전지역 내 남서 방향으로 34km/h 이동 중인 차량 군단 표적 포착, 전투기 사격 6발 권고, 사격 지속 6시간."
사격 요청 보고,2025년 11월 14일 17시 46분,"집결중 중인 건물 군단 표적이 52S DG 276 972 작전지역 내에 포착됨. 함포 화력 10발 지원 요청, 사격 예상 2시간."
사격 요청 보고,2025년 11월 14일 20시 11분,"52S DG 264 959 좌표 기준에서 관찰된 적방어시설 연대 목표, 현재 집결중 상태로 평가됨. 헬기 사격 8발 요청, 지속 3시간."
사격 요청 보고,2025년 11월 14일 20시 58분,"교량 단 규모 공격중 표적이 52S DG 273 952 관측 구역 내에서 활동 중으로 평가됨. 미확인 사격 3발 요청, 예상 1시간."
사격 요청 보고,2025년 11월 14일 22시 13분,"52S DG 270 974 좌표 기준에서 관찰된 장갑차 소대 목표, 현재 집결중 상태로 평가됨. 박격포 사격 4발 요청, 지속 1시간."
사격 요청 보고,2025년 11월 14일 22시 16분,"편대 미식별 표적이 52S DG 265 967 관측 구역 일대에서 남동 방면으로 15km/h 전개 중으로 관찰됨. 헬기 사격 10발 요청, 지속 2시간."
사격 요청 보고,2025년 11월 14일 23시 30분,"연결지역 군단급 표적이 52S DG 287 960 현장 부근에서 공격중 상태로 포착됨. 함포 사격 3발 필요, 사격 지속 3시간 예정."
사격 요청 보고,2025년 11월 15일 0시 17분,"52S DG 288 973 좌표 기준에서 건물 대대 표적이 이동중 상태로 관측되어 야포 사격 10발 요청, 사격 지속 3시간으로 판단됨."
사격 요청 보고,2025년 11월 15일 1시 43분,52S DG 264 982 지역 일대 보급소 여단 표적이 공격중 중이며 박격포 지원 5발 요구됨. 사격 지속 약 6시간 판단됨.
사격 요청 보고,2025년 11월 15일 1시 43분,"52S DG 287 945 좌표 부근 기준 고사총 소대 표적이 집결중 상태로 식별되어 헬기 사격 8발 권고, 사격 지속 3시간 포착됨."
사격 요청 보고,2025년 11월 15일 1시 53분,"52S DG 282 974 작전지역 내에서 지휘소 소대 규모 표적이 공격중 중인 것으로 식별됨. 미확인 화력 투입 3발 요청, 예상 지속시간 3시간."
사격 요청 보고,2025년 11월 15일 2시 1분,52S DG 267 949 현장 부근 장갑차 단 표적이 공격중 중이며 야포 지원 3발 요구됨. 사격 지속 약 5시간 확인됨.
사격 요청 보고,2025년 11월 15일 3시 40분,"52S DG 272 958 좌표 기준 기준 편대 군단 표적이 공격중 상태로 식별되어 박격포 사격 6발 권고, 사격 지속 2시간 판단됨."
사격 요청 보고,2025년 11월 15일 4시 35분,"52S DG 268 971 좌표 기준 기준 병력 단 표적이 집결중 상태로 식별되어 야포 사격 4발 권고, 사격 지속 1시간 관찰됨."
사격 요청 보고,2025년 11월 15일 5시 49분,52S DG 268 965 관측 구역 포병 단 표적이 집결중 중이며 미확인 지원 5발 요구됨. 사격 지속 약 5시간 판단됨.
사격 요청 보고,2025년 11월 15일 6시 5분,"52S DG 289 955 좌표 기준에서 포병 연대 표적이 집결중 상태로 관측되어 함포 사격 6발 요청, 사격 지속 3시간으로 보고됨."
사격 요청 보고,2025년 11월 15일 6시 29분,"52S DG 271 977 좌표 부근 이동중 중인 고사총 연대 표적에 대해 함포 사격 10발 요청, 지속시간 3시간으로 평가됨."
사격 요청 보고,2025년 11월 15일 8시 50분,"52S DG 291 973 좌표 기준에서 병력 단 표적이 북 방향으로 약 28km/h 속도로 이동 중인 것이 평가됨. 함포 사격 2발 요청, 지속시간 4시간."
사격 요청 보고,2025년 11월 15일 8시 56분,"52S DG 264 984 작전지역 내에서 박격포 소대 규모 표적이 공격중 중인 것으로 확인됨. 야포 화력 투입 4발 요청, 예상 지속시간 1시간."
사격 요청 보고,2025년 11월 15일 11시 48분,"집결중 중인 건물 대대 표적이 52S DG 277 966 지역 일대에 포착됨. 박격포 화력 5발 지원 요청, 사격 예상 1시간."
사격 요청 보고,2025년 11월 15일 12시 37분,"이동중 중인 댐 군단 표적이 52S DG 282 957 지역 일대에 포착됨. 헬기 화력 7발 지원 요청, 사격 예상 2시간."
사격 요청 보고,2025년 11월 15일 16시 50분,"52S DG 265 956 관측 구역에서 댐 분대 표적이 이동중 상태로 관측되어 함포 사격 3발 요청, 사격 지속 5시간으로 포착됨."
사격 요청 보고,2025년 11월 15일 18시 12분,건물 군단급 집결중 표적이 52S DG 286 954 좌표 부근에서 관측되어 헬기 7발 사격 요청됨. 예상 사격 6시간.
사격 요청 보고,2025년 11월 15일 19시 8분,항공기 중대급 공격중 표적이 52S DG 276 968 좌표 부근에서 관측되어 야포 6발 사격 요청됨. 예상 사격 5시간.
사격 요청 보고,2025년 11월 15일 19시 30분,"장갑차 군단 규모 공격중 표적이 52S DG 267 947 현장 부근 내에서 활동 중으로 보고됨. 전투기 사격 6발 요청, 예상 4시간."
사격 요청 보고,2025년 11월 15일 21시 5분,적방어시설 연대급 공격중 표적이 52S DG 291 963 작전지역 내에서 관측되어 미확인 7발 사격 요청됨. 예상 사격 3시간.
사격 요청 보고,2025년 11월 15일 22시 0분,"52S DG 273 962 지역 일대에서 차량 미식별 규모 표적이 공격중 중인 것으로 평가됨. 야포 화력 투입 10발 요청, 예상 지속시간 6시간."
사격 요청 보고,2025년 11월 15일 22시 12분,"52S DG 276 973 좌표 부근 공격중 중인 무기 분대 표적에 대해 헬기 사격 2발 요청, 지속시간 3시간으로 평가됨."
사격 요청 보고,2025년 11월 15일 22시 50분,"52S DG 280 977 좌표 기준에서 박격포 사단 표적이 집결중 상태로 관측되어 함포 사격 9발 요청, 사격 지속 6시간으로 포착됨."
사격 요청 보고,2025년 11월 15일 23시 27분,"52S DG 284 960 지역 일대 부근 북동 방면으로 이동 중인 연결지역 군단 목표가 40km/h 속도로 확인되어 박격포 사격 8발 필요, 지속 4시간."
사격 요청 보고,2025년 11월 16일 0시 16분,52S DG 289 944 좌표 기준 장갑차 단 표적이 집결중 중이며 헬기 지원 8발 요구됨. 사격 지속 약 1시간 평가됨.
사격 요청 보고,2025년 11월 16일 0시 18분,"52S DG 279 982 관측 구역에서 관찰된 댐 미식별 목표, 현재 이동중 상태로 평가됨. 함포 사격 9발 요청, 지속 6시간."
사격 요청 보고,2025년 11월 16일 1시 18분,52S DG 285 945 현장 부근 건물 대대 표적이 공격중 중이며 미확인 지원 10발 요구됨. 사격 지속 약 6시간 판단됨.
사격 요청 보고,2025년 11월 16일 1시 45분,"집결중 중인 항공기 사단 표적이 52S DG 287 980 지역 일대에 포착됨. 미확인 화력 5발 지원 요청, 사격 예상 6시간."
사격 요청 보고,2025년 11월 16일 2시 47분,"52S DG 270 946 현장 부근 집결중 중인 항공기 분대 표적에 대해 헬기 사격 1발 요청, 지속시간 4시간으로 확인됨."
사격 요청 보고,2025년 11월 16일 2시 48분,"52S DG 284 966 좌표 부근 이동중 중인 적방어시설 분대 표적에 대해 미확인 사격 2발 요청, 지속시간 2시간으로 판단됨."
사격 요청 보고,2025년 11월 16일 3시 4분,"52S DG 277 980 좌표 기준에서 연결지역 미식별 표적이 집결중 상태로 관측되어 함포 사격 1발 요청, 사격 지속 3시간으로 포착됨."
사격 요청 보고,2025년 11월 16일 5시 18분,"52S DG 285 984 좌표 부근 기준 고사총 중대 표적이 집결중 상태로 식별되어 함포 사격 3발 권고, 사격 지속 2시간 식별됨."
사격 요청 보고,2025년 11월 16일 7시 5분,"댐 소대급 표적이 52S DG 294 980 관측 구역에서 집결중 상태로 판단됨. 전투기 사격 10발 필요, 사격 지속 2시간 예정."
사격 요청 보고,2025년 11월 16일 10시 26분,"52S DG 294 945 좌표 부근에서 선박 군단 표적이 집결중 상태로 관측되어 헬기 사격 9발 요청, 사격 지속 1시간으로 확인됨."
사격 요청 보고,2025년 11월 16일 11시 41분,"52S DG 276 968 현장 부근에서 편대 군단 표적이 공격중 상태로 관측되어 야포 사격 10발 요청, 사격 지속 6시간으로 포착됨."
사격 요청 보고,2025년 11월 16일 12시 11분,"52S DG 277 963 작전지역 내 이동중 중인 건물 사단 표적에 대해 헬기 사격 7발 요청, 지속시간 2시간으로 식별됨."
사격 요청 보고,2025년 11월 16일 12시 57분,"52S DG 274 962 관측 구역 부근 동 방면으로 이동 중인 전차 미식별 목표가 64km/h 속도로 확인되어 전투기 사격 10발 필요, 지속 2시간."
사격 요청 보고,2025년 11월 16일 14시 12분,"52S DG 269 952 관측 구역에서 관찰된 지형특징 군단 목표, 현재 공격중 상태로 평가됨. 박격포 사격 10발 요청, 지속 2시간."
사격 요청 보고,2025년 11월 16일 16시 40분,"다중로켓발사대 분대 규모 집결중 표적이 52S DG 291 951 좌표 기준 내에서 활동 중으로 평가됨. 박격포 사격 9발 요청, 예상 3시간."
사격 요청 보고,2025년 11월 16일 16시 57분,박격포 사단급 집결중 표적이 52S DG 267 972 작전지역 내에서 관측되어 미확인 3발 사격 요청됨. 예상 사격 4시간.
사격 요청 보고,2025년 11월 16일 17시 37분,"52S DG 274 982 좌표 기준 공격중 중인 교량 여단 표적에 대해 전투기 사격 1발 요청, 지속시간 4시간으로 평가됨."
사격 요청 보고,2025년 11월 16일 19시 2분,52S DG 277 949 작전지역 내 장갑차 소대 표적이 이동중 중이며 함포 지원 5발 요구됨. 사격 지속 약 3시간 관찰됨.
사격 요청 보고,2025년 11월 16일 20시 19분,"52S DG 284 951 현장 부근에서 관찰된 포병 연대 목표, 현재 이동중 상태로 평가됨. 미확인 사격 8발 요청, 지속 2시간."
사격 요청 보고,2025년 11월 16일 20시 19분,지휘소 미식별급 공격중 표적이 52S DG 291 969 관측 구역에서 관측되어 미확인 1발 사격 요청됨. 예상 사격 5시간.
사격 요청 보고,2025년 11월 17일 0시 16분,"52S DG 277 966 좌표 부근에서 장비 여단 규모 표적이 집결중 중인 것으로 평가됨. 박격포 화력 투입 5발 요청, 예상 지속시간 6시간."
사격 요청 보고,2025년 11월 17일 0시 42분,"집결중 중인 선박 사단 표적이 52S DG 286 946 지역 일대에 포착됨. 박격포 화력 7발 지원 요청, 사격 예상 5시간."
사격 요청 보고,2025년 11월 17일 0시 44분,"52S DG 268 980 좌표 부근에서 항공기 단 표적이 공격중 상태로 관측되어 야포 사격 8발 요청, 사격 지속 2시간으로 판단됨."
사격 요청 보고,2025년 11월 17일 1시 48분,52S DG 294 953 좌표 부근 병력 연대 표적이 집결중 중이며 야포 지원 3발 요구됨. 사격 지속 약 6시간 확인됨.
사격 요청 보고,2025년 11월 17일 2시 18분,"52S DG 287 981 작전지역 내에서 지휘소 연대 규모 표적이 이동중 중인 것으로 포착됨. 전투기 화력 투입 6발 요청, 예상 지속시간 4시간."
사격 요청 보고,2025년 11월 17일 3시 52분,"52S DG 279 944 관측 구역에서 장갑차 중대 표적이 집결중 상태로 관측되어 헬기 사격 1발 요청, 사격 지속 4시간으로 포착됨."
사격 요청 보고,2025년 11월 17일 4시 34분,다중로켓발사대 분대급 이동중 표적이 52S DG 277 981 현장 부근에서 관측되어 박격포 4발 사격 요청됨. 예상 사격 3시간.
사격 요청 보고,2025년 11월 17일 5시 32분,"공격중 중인 장비 중대 표적이 52S DG 282 964 좌표 기준에 포착됨. 미확인 화력 10발 지원 요청, 사격 예상 4시간."
사격 요청 보고,2025년 11월 17일 6시 38분,"52S DG 265 965 좌표 부근 남 방향으로 15km/h 이동 중인 장비 사단 표적 포착, 함포 사격 2발 권고, 사격 지속 2시간."
사격 요청 보고,2025년 11월 17일 9시 36분,"이동중 중인 연결지역 중대 표적이 52S DG 280 955 좌표 기준에 포착됨. 미확인 화력 6발 지원 요청, 사격 예상 5시간."
사격 요청 보고,2025년 11월 17일 13시 14분,"이동중 중인 장갑차 연대 표적이 52S DG 289 980 관측 구역에 포착됨. 미확인 화력 9발 지원 요청, 사격 예상 2시간."
사격 요청 보고,2025년 11월 17일 13시 19분,"52S DG 273 946 지역 일대에서 관찰된 장갑차 연대 목표, 현재 집결중 상태로 평가됨. 함포 사격 8발 요청, 지속 6시간."
사격 요청 보고,2025년 11월 17일 14시 11분,"52S DG 279 956 작전지역 내에서 박격포 분대 표적이 공격중 상태로 관측되어 함포 사격 2발 요청, 사격 지속 3시간으로 판단됨."
사격 요청 보고,2025년 11월 17일 17시 18분,"교량 미식별 규모 공격중 표적이 52S DG 294 967 좌표 부근 내에서 활동 중으로 확인됨. 박격포 사격 8발 요청, 예상 5시간."
사격 요청 보고,2025년 11월 17일 17시 24분,"52S DG 281 967 좌표 기준 기준 포병 여단 표적이 공격중 상태로 식별되어 전투기 사격 8발 권고, 사격 지속 5시간 판단됨."
사격 요청 보고,2025년 11월 17일 18시 14분,52S DG 264 944 작전지역 내 댐 군단 표적이 공격중 중이며 박격포 지원 9발 요구됨. 사격 지속 약 3시간 식별됨.
사격 요청 보고,2025년 11월 17일 20시 29분,"52S DG 269 960 좌표 기준에서 관찰된 지휘소 여단 목표, 현재 집결중 상태로 평가됨. 미확인 사격 4발 요청, 지속 5시간."
사격 요청 보고,2025년 11월 17일 20시 54분,"52S DG 264 954 좌표 부근에서 장비 대대 규모 표적이 공격중 중인 것으로 관찰됨. 박격포 화력 투입 5발 요청, 예상 지속시간 5시간."
사격 요청 보고,2025년 11월 17일 22시 33분,"댐 분대급 표적이 52S DG 267 980 관측 구역 기준 북동 방면으로 21km/h로 이동 중임이 보고됨. 미확인 사격 4발 요청, 예상 4시간."
사격 요청 보고,2025년 11월 17일 23시 25분,"차량 소대 규모 공격중 표적이 52S DG 286 944 지역 일대 내에서 활동 중으로 판단됨. 박격포 사격 6발 요청, 예상 3시간."
사격 요청 보고,2025년 11월 17일 23시 56분,"52S DG 286 979 현장 부근 공격중 중인 박격포 여단 표적에 대해 야포 사격 3발 요청, 지속시간 3시간으로 포착됨."
사격 요청 보고,2025년 11월 18일 0시 9분,"고사포 단 표적이 52S DG 285 980 지역 일대 일대에서 서 방면으로 52km/h 전개 중으로 식별됨. 헬기 사격 3발 요청, 지속 1시간."
사격 요청 보고,2025년 11월 18일 0시 27분,52S DG 275 952 작전지역 내 포병 중대 표적이 공격중 중이며 전투기 지원 5발 요구됨. 사격 지속 약 1시간 식별됨.
사격 요청 보고,2025년 11월 18일 0시 50분,52S DG 287 971 지역 일대 보급소 군단 표적이 이동중 중이며 야포 지원 8발 요구됨. 사격 지속 약 3시간 판단됨.
사격 요청 보고,2025년 11월 18일 1시 42분,52S DG 281 945 관측 구역 교량 소대 표적이 집결중 중이며 박격포 지원 4발 요구됨. 사격 지속 약 2시간 평가됨.
사격 요청 보고,2025년 11월 18일 2시 27분,항공기 대대급 집결중 표적이 52S DG 283 982 좌표 부근에서 관측되어 전투기 10발 사격 요청됨. 예상 사격 2시간.
사격 요청 보고,2025년 11월 18일 3시 34분,"52S DG 288 980 좌표 기준 이동중 중인 병력 대대 표적에 대해 야포 사격 9발 요청, 지속시간 2시간으로 확인됨."
사격 요청 보고,2025년 11월 18일 3시 51분,"52S DG 273 980 작전지역 내 기준 고사포 소대 표적이 공격중 상태로 식별되어 함포 사격 3발 권고, 사격 지속 6시간 보고됨."
사격 요청 보고,2025년 11월 18일 5시 14분,"52S DG 274 958 좌표 부근에서 지휘소 미식별 표적이 동 방향으로 약 16km/h 속도로 이동 중인 것이 판단됨. 함포 사격 6발 요청, 지속시간 5시간."
상황 보고,2025년 10월 29일 6시 26분,현재 아군 부대가 축성중 상태로 52S DG 293 956 좌표 기준 내에서 작전 중 보고됨.
상황 보고,2025년 10월 29일 6시 39분,"52S DG 290 959 작전 구역 기준, 아군 부대 연막차장중 상황이 관찰됨."
상황 보고,2025년 10월 29일 7시 3분,방어중 중인 아군이 52S DG 280 969 관측 구역에 배치된 것으로 확인됨.
상황 보고,2025년 10월 29일 7시 42분,현재 아군 부대가 정비중 상태로 52S DG 288 984 지역 일대 내에서 작전 중 추정됨.
상황 보고,2025년 10월 29일 8시 3분,우회중 중인 아군이 북서으로 42km/h로 이동하며 52S DG 266 973 작전지역 내을(를) 통과 중 관찰됨.
상황 보고,2025년 10월 29일 8시 36분,52S DG 279 945 관측 구역 내 아군 퇴각중 진행 중 추정됨.
상황 보고,2025년 10월 29일 9시 57분,아군 부대가 52S DG 283 953 지역 일대에서 수색중 중으로 확인됨.
상황 보고,2025년 10월 29일 10시 14분,아군 부대 방어중 수행 중으로 52S DG 274 971 좌표 부근 일대에서 관찰 판단됨.
상황 보고,2025년 10월 29일 10시 22분,52S DG 289 953 좌표 기준에서 아군이 퇴각중 수행 중이며 지속 중임.
상황 보고,2025년 10월 29일 10시 27분,아군 부대 확보중 수행 중으로 52S DG 283 980 현장 부근 일대에서 관찰 식별됨.
상황 보고,2025년 10월 29일 11시 52분,현재 아군 부대가 확보중 상태로 52S DG 294 947 작전 구역 내에서 작전 중 관찰됨.
상황 보고,2025년 10월 29일 12시 45분,퇴각중 상황이 52S DG 286 984 좌표 기준에서 관찰되어 추정됨.
상황 보고,2025년 10월 29일 12시 50분,"52S DG 281 957 좌표 부근 기준, 아군 부대가 북서 방향으로 전개 중이며 속도 약 58km/h로 판단됨."
상황 보고,2025년 10월 29일 13시 18분,52S DG 287 970 좌표 부근 내 아군 지뢰 제거중 진행 중 관찰됨.
상황 보고,2025년 10월 29일 14시 9분,52S DG 273 978 지역 일대에서 아군이 축성중 수행 중이며 보고됨.
상황 보고,2025년 10월 29일 14시 25분,확보중 상황이 52S DG 289 964 좌표 기준에서 관찰되어 식별됨.
상황 보고,2025년 10월 29일 14시 30분,공격중 상황이 52S DG 290 964 좌표 부근에서 관찰되어 평가됨.
상황 보고,2025년 10월 29일 15시 19분,교전중 중인 아군이 52S DG 281 985 현장 부근에 배치된 것으로 평가됨.
상황 보고,2025년 10월 29일 16시 1분,아군이 수색중 수행 중이며 52S DG 276 973 지역 일대 부근에서 활동 지속 확인됨.
상황 보고,2025년 10월 29일 16시 16분,엄호중 상황이 52S DG 271 960 작전 구역에서 관찰되어 관찰됨.
상황 보고,2025년 10월 29일 16시 49분,52S DG 285 955 현장 부근 내 아군 이동중 진행 중 추정됨.
상황 보고,2025년 10월 29일 17시 35분,아군 부대 확보중 수행 중으로 52S DG 278 962 작전지역 내 일대에서 관찰 평가됨.
상황 보고,2025년 10월 29일 18시 32분,아군이 집결중 수행 중이며 52S DG 287 967 좌표 기준 부근에서 활동 지속 식별됨.
상황 보고,2025년 10월 29일 21시 32분,축성중 정황이 52S DG 274 963 좌표 기준에서 식별되어 확인됨.
상황 보고,2025년 10월 29일 21시 46분,아군 부대 퇴각중 수행 중으로 52S DG 293 971 관측 구역 일대에서 관찰 지속 중임.
상황 보고,2025년 10월 29일 22시 0분,52S DG 284 963 좌표 기준 내 아군 축성중 진행 중 보고됨.
상황 보고,2025년 10월 29일 22시 20분,아군이 연막차장중 수행 중이며 52S DG 266 975 지역 일대 부근에서 활동 지속 식별됨.
상황 보고,2025년 10월 29일 23시 18분,수색중 정황이 52S DG 291 947 좌표 기준에서 식별되어 보고됨.
상황 보고,2025년 10월 29일 23시 49분,도하중 중인 아군이 남으로 56km/h로 이동하며 52S DG 278 973 작전 구역을(를) 통과 중 확인됨.
상황 보고,2025년 10월 30일 0시 19분,우회중 정황이 52S DG 277 974 현장 부근에서 식별되어 추정됨.
상황 보고,2025년 10월 30일 1시 11분,아군 부대 퇴각중 수행 중으로 52S DG 280 947 현장 부근 일대에서 관찰 추정됨.
상황 보고,2025년 10월 30일 2시 31분,52S DG 293 953 좌표 부근에서 아군이 공격중 수행 중이며 보고됨.
상황 보고,2025년 10월 30일 2시 33분,현재 아군 부대가 수색중 상태로 52S DG 283 950 지역 일대 내에서 작전 중 확인됨.
상황 보고,2025년 10월 30일 2시 34분,52S DG 277 957 좌표 기준 내 아군 도하중 진행 중 평가됨.
상황 보고,2025년 10월 30일 3시 11분,52S DG 266 979 작전지역 내에서 아군이 관측중 수행 중이며 추정됨.
상황 보고,2025년 10월 30일 4시 15분,"52S DG 271 961 작전지역 내 기준, 아군 부대가 동 방향으로 전개 중이며 속도 약 48km/h로 식별됨."
상황 보고,2025년 10월 30일 5시 21분,"52S DG 279 967 좌표 부근 기준, 아군 부대 방어중 상황이 관찰됨."
상황 보고,2025년 10월 30일 6시 40분,52S DG 293 976 지역 일대 내 아군 공격중 진행 중 추정됨.
상황 보고,2025년 10월 30일 7시 10분,아군 부대 엄호중 수행 중으로 52S DG 281 955 현장 부근 일대에서 관찰 보고됨.
상황 보고,2025년 10월 30일 8시 11분,현재 아군 부대가 엄호중 상태로 52S DG 273 973 현장 부근 내에서 작전 중 판단됨.
상황 보고,2025년 10월 30일 8시 14분,공격중 상황이 52S DG 268 965 지역 일대에서 관찰되어 확인됨.
상황 보고,2025년 10월 30일 8시 28분,아군 부대가 52S DG 289 971 좌표 부근에서 사격지원중 중으로 평가됨.
상황 보고,2025년 10월 30일 9시 29분,현재 아군 부대가 공격개시선 통과 중 상태로 52S DG 274 978 관측 구역 내에서 작전 중 평가됨.
상황 보고,2025년 10월 30일 9시 57분,52S DG 266 981 관측 구역 내 아군 지뢰 매설중 진행 중 관찰됨.
상황 보고,2025년 10월 30일 10시 28분,아군 부대가 52S DG 284 967 작전 구역에서 관측중 중으로 지속 중임.
상황 보고,2025년 10월 30일 11시 36분,교전중 상황이 52S DG 285 973 현장 부근에서 관찰되어 추정됨.
상황 보고,2025년 10월 30일 11시 59분,현재 아군 부대가 지뢰 제거중 상태로 52S DG 273 963 현장 부근 내에서 작전 중 판단됨.
상황 보고,2025년 10월 30일 12시 28분,아군 부대 연막차장중 수행 중으로 52S DG 268 981 지역 일대 일대에서 관찰 판단됨.
상황 보고,2025년 10월 30일 12시 55분,방어중 상황이 52S DG 264 955 좌표 기준에서 관찰되어 추정됨.
상황 보고,2025년 10월 30일 13시 5분,현재 아군 부대가 연막차장중 상태로 52S DG 292 948 지역 일대 내에서 작전 중 확인됨.
상황 보고,2025년 10월 30일 14시 0분,현재 아군 부대가 사격지원중 상태로 52S DG 290 983 지역 일대 내에서 작전 중 보고됨.
상황 보고,2025년 10월 30일 14시 7분,현재 아군 부대가 퇴각중 상태로 52S DG 290 974 작전지역 내 내에서 작전 중 확인됨.
상황 보고,2025년 10월 30일 16시 32분,아군 부대 확보중 수행 중으로 52S DG 274 953 작전 구역 일대에서 관찰 확인됨.
상황 보고,2025년 10월 30일 18시 1분,52S DG 266 952 현장 부근 부근에서 아군이 남동 방면으로 58km/h로 전개 중 평가됨.
상황 보고,2025년 10월 30일 20시 37분,우회중 중인 아군이 남동으로 10km/h로 이동하며 52S DG 266 946 작전 구역을(를) 통과 중 평가됨.
상황 보고,2025년 10월 30일 21시 22분,52S DG 291 965 관측 구역에서 아군이 이동중 수행 중이며 보고됨.
상황 보고,2025년 10월 30일 22시 8분,"52S DG 273 968 좌표 기준 기준, 아군 부대 확보중 상황이 지속 중임."
상황 보고,2025년 10월 30일 22시 17분,공격개시선 통과 중 정황이 52S DG 270 948 관측 구역에서 식별되어 판단됨.
상황 보고,2025년 10월 30일 22시 22분,52S DG 274 961 작전지역 내 내 아군 연막차장중 진행 중 평가됨.
상황 보고,2025년 10월 31일 0시 55분,52S DG 268 959 관측 구역에서 아군이 우회중 수행 중이며 추정됨.
상황 보고,2025년 10월 31일 1시 4분,아군이 연막차장중 수행 중이며 52S DG 293 968 관측 구역 부근에서 활동 지속 추정됨.
상황 보고,2025년 10월 31일 2시 7분,아군 부대가 52S DG 293 981 작전지역 내에서 공격개시선 통과 중 중으로 평가됨.
상황 보고,2025년 10월 31일 2시 15분,아군 부대 엄호중 수행 중으로 52S DG 289 949 작전지역 내 일대에서 관찰 확인됨.
상황 보고,2025년 10월 31일 2시 57분,아군이 확보중 수행 중이며 52S DG 294 968 좌표 부근 부근에서 활동 지속 보고됨.
상황 보고,2025년 10월 31일 4시 53분,아군 부대가 52S DG 286 946 좌표 기준에서 지뢰 매설중 중으로 판단됨.
상황 보고,2025년 10월 31일 5시 16분,52S DG 285 979 작전 구역에서 아군이 도하중 수행 중이며 추정됨.
상황 보고,2025년 10월 31일 5시 19분,아군 부대가 52S DG 289 986 좌표 부근에서 공격중 중으로 평가됨.
상황 보고,2025년 10월 31일 5시 44분,아군 부대가 52S DG 271 952 현장 부근에서 정비중 중으로 판단됨.
상황 보고,2025년 10월 31일 7시 49분,지뢰 매설중 중인 아군이 52S DG 270 970 좌표 기준에 배치된 것으로 판단됨.
상황 보고,2025년 10월 31일 7시 53분,현재 아군 부대가 축성중 상태로 52S DG 280 974 지역 일대 내에서 작전 중 평가됨.
상황 보고,2025년 10월 31일 8시 5분,52S DG 271 964 좌표 기준 내 아군 축성중 진행 중 확인됨.
상황 보고,2025년 10월 31일 8시 10분,퇴각중 중인 아군이 52S DG 293 986 현장 부근에 배치된 것으로 지속 중임.
상황 보고,2025년 10월 31일 8시 14분,52S DG 269 953 좌표 부근에서 아군이 축성중 수행 중이며 확인됨.
상황 보고,2025년 10월 31일 8시 37분,축성중 상황이 52S DG 292 975 작전지역 내에서 관찰되어 평가됨.
상황 보고,2025년 10월 31일 9시 52분,확보중 정황이 52S DG 288 980 관측 구역에서 식별되어 보고됨.
상황 보고,2025년 10월 31일 11시 27분,도하중 중인 아군이 52S DG 270 958 관측 구역에 배치된 것으로 확인됨.
상황 보고,2025년 10월 31일 11시 58분,지뢰 매설중 중인 아군이 52S DG 264 985 작전 구역에 배치된 것으로 판단됨.
상황 보고,2025년 10월 31일 13시 40분,확보중 중인 아군이 52S DG 284 962 관측 구역에 배치된 것으로 추정됨.
상황 보고,2025년 10월 31일 14시 45분,집결중 상황이 52S DG 280 956 좌표 부근에서 관찰되어 관찰됨.
상황 보고,2025년 10월 31일 15시 15분,"52S DG 287 974 작전지역 내 기준, 아군 부대 수색중 상황이 평가됨."
상황 보고,2025년 10월 31일 15시 46분,확보중 중인 아군이 52S DG 278 961 현장 부근에 배치된 것으로 확인됨.
상황 보고,2025년 10월 31일 17시 16분,공격중 중인 아군이 52S DG 274 967 좌표 기준에 배치된 것으로 관찰됨.
상황 보고,2025년 10월 31일 17시 20분,지뢰 제거중 정황이 52S DG 272 957 작전지역 내에서 식별되어 보고됨.
상황 보고,2025년 10월 31일 18시 3분,연막차장중 정황이 52S DG 291 952 작전 구역에서 식별되어 지속 중임.
상황 보고,2025년 10월 31일 18시 50분,관측중 상황이 52S DG 293 971 지역 일대에서 관찰되어 식별됨.
상황 보고,2025년 10월 31일 20시 17분,우회중 중인 아군이 52S DG 271 957 작전 구역에 배치된 것으로 지속 중임.
상황 보고,2025년 10월 31일 20시 21분,현재 아군 부대가 집결중 상태로 52S DG 294 966 작전 구역 내에서 작전 중 식별됨.
상황 보고,2025년 10월 31일 21시 47분,공격중 상황이 52S DG 288 978 좌표 부근에서 관찰되어 보고됨.
상황 보고,2025년 10월 31일 22시 15분,현재 아군 부대가 관측중 상태로 52S DG 287 950 작전 구역 내에서 작전 중 관찰됨.
상황 보고,2025년 10월 31일 22시 40분,방어중 상황이 52S DG 269 959 좌표 기준에서 관찰되어 확인됨.
상황 보고,2025년 10월 31일 23시 16분,아군 부대가 52S DG 266 950 좌표 기준에서 남동 방향으로 약 32km/h 속도로 이동 중인 것으로 보고됨.
상황 보고,2025년 10월 31일 23시 59분,축성중 정황이 52S DG 265 972 좌표 부근에서 식별되어 평가됨.
상황 보고,2025년 11월 1일 0시 58분,아군이 수색중 수행 중이며 52S DG 271 975 좌표 부근 부근에서 활동 지속 확인됨.
상황 보고,2025년 11월 1일 1시 39분,정비중 정황이 52S DG 280 975 좌표 기준에서 식별되어 추정됨.
상황 보고,2025년 11월 1일 2시 6분,52S DG 274 955 작전지역 내에서 아군이 공격중 수행 중이며 판단됨.
상황 보고,2025년 11월 1일 4시 49분,이동중 상황이 52S DG 281 986 좌표 기준에서 관찰되어 확인됨.
상황 보고,2025년 11월 1일 5시 16분,우회중 정황이 52S DG 293 974 좌표 부근에서 식별되어 확인됨.
상황 보고,2025년 11월 1일 7시 7분,지뢰 매설중 정황이 52S DG 277 968 현장 부근에서 식별되어 관찰됨.
상황 보고,2025년 11월 1일 8시 12분,퇴각중 중인 아군이 52S DG 265 955 현장 부근에 배치된 것으로 지속 중임.
상황 보고,2025년 11월 1일 10시 9분,현재 아군 부대가 관측중 상태로 52S DG 270 970 현장 부근 내에서 작전 중 확인됨.
상황 보고,2025년 11월 1일 10시 25분,도하중 중인 아군이 서으로 19km/h로 이동하며 52S DG 280 973 현장 부근을(를) 통과 중 확인됨.
상황 보고,2025년 11월 1일 10시 28분,지뢰 매설중 중인 아군이 52S DG 281 960 작전 구역에 배치된 것으로 식별됨.
상황 보고,2025년 11월 1일 10시 51분,아군 부대가 52S DG 282 948 작전 구역에서 북 방향으로 약 43km/h 속도로 이동 중인 것으로 추정됨.
상황 보고,2025년 11월 1일 11시 25분,52S DG 287 975 좌표 기준 내 아군 지뢰 매설중 진행 중 추정됨.
상황 보고,2025년 11월 1일 12시 26분,아군이 집결중 수행 중이며 52S DG 265 958 좌표 부근 부근에서 활동 지속 확인됨.
상황 보고,2025년 11월 1일 12시 46분,아군이 연막차장중 수행 중이며 52S DG 279 952 현장 부근 부근에서 활동 지속 식별됨.
상황 보고,2025년 11월 1일 13시 24분,확보중 정황이 52S DG 281 957 좌표 부근에서 식별되어 판단됨.
상황 보고,2025년 11월 1일 14시 50분,현재 아군 부대가 도하중 상태로 52S DG 292 947 지역 일대 내에서 작전 중 판단됨.
상황 보고,2025년 11월 1일 14시 56분,아군이 연막차장중 수행 중이며 52S DG 275 947 좌표 기준 부근에서 활동 지속 판단됨.
상황 보고,2025년 11월 1일 15시 10분,"52S DG 272 952 지역 일대 기준, 아군 부대 지뢰 제거중 상황이 관찰됨."
상황 보고,2025년 11월 1일 17시 0분,"52S DG 267 979 관측 구역 기준, 아군 부대 공격개시선 통과 중 상황이 확인됨."
상황 보고,2025년 11월 1일 17시 19분,방어중 정황이 52S DG 290 966 좌표 부근에서 식별되어 확인됨.
상황 보고,2025년 11월 1일 17시 43분,아군이 관측중 수행 중이며 52S DG 279 983 작전지역 내 부근에서 활동 지속 평가됨.
상황 보고,2025년 11월 1일 18시 12분,52S DG 264 954 현장 부근에서 아군이 이동중 수행 중이며 판단됨.
상황 보고,2025년 11월 1일 18시 16분,52S DG 276 959 작전 구역에서 아군이 축성중 수행 중이며 보고됨.
상황 보고,2025년 11월 1일 18시 59분,"52S DG 286 952 작전지역 내 기준, 아군 부대 지뢰 매설중 상황이 판단됨."
상황 보고,2025년 11월 1일 19시 43분,현재 아군 부대가 지뢰 매설중 상태로 52S DG 270 959 작전지역 내 내에서 작전 중 확인됨.
상황 보고,2025년 11월 1일 22시 12분,52S DG 281 985 지역 일대 내 아군 확보중 진행 중 평가됨.
상황 보고,2025년 11월 1일 23시 29분,우회중 중인 아군이 52S DG 279 950 좌표 부근에 배치된 것으로 평가됨.
상황 보고,2025년 11월 1일 23시 44분,아군 부대가 52S DG 291 951 지역 일대에서 지뢰 매설중 중으로 보고됨.
상황 보고,2025년 11월 2일 0시 27분,현재 아군 부대가 퇴각중 상태로 52S DG 293 986 현장 부근 내에서 작전 중 확인됨.
상황 보고,2025년 11월 2일 0시 45분,방어중 중인 아군이 52S DG 288 983 지역 일대에 배치된 것으로 보고됨.
상황 보고,2025년 11월 2일 1시 9분,관측중 정황이 52S DG 283 984 작전 구역에서 식별되어 확인됨.
상황 보고,2025년 11월 2일 1시 24분,아군이 퇴각중 수행 중이며 52S DG 267 977 작전지역 내 부근에서 활동 지속 지속 중임.
상황 보고,2025년 11월 2일 1시 28분,공격개시선 통과 중 상황이 52S DG 276 953 지역 일대에서 관찰되어 보고됨.
상황 보고,2025년 11월 2일 2시 10분,방어중 정황이 52S DG 294 978 좌표 부근에서 식별되어 식별됨.
상황 보고,2025년 11월 2일 2시 20분,아군 부대 확보중 수행 중으로 52S DG 284 983 관측 구역 일대에서 관찰 확인됨.
상황 보고,2025년 11월 2일 2시 49분,52S DG 268 954 좌표 부근에서 아군이 엄호중 수행 중이며 식별됨.
상황 보고,2025년 11월 2일 3시 41분,축성중 상황이 52S DG 284 968 지역 일대에서 관찰되어 관찰됨.
상황 보고,2025년 11월 2일 4시 2분,수색중 중인 아군이 52S DG 280 960 작전 구역에 배치된 것으로 판단됨.
상황 보고,2025년 11월 2일 4시 7분,아군이 정비중 수행 중이며 52S DG 280 983 지역 일대 부근에서 활동 지속 식별됨.
상황 보고,2025년 11월 2일 4시 26분,공격중 상황이 52S DG 268 952 현장 부근에서 관찰되어 보고됨.
상황 보고,2025년 11월 2일 4시 44분,아군 부대가 52S DG 264 977 작전 구역에서 수색중 중으로 지속 중임.
상황 보고,2025년 11월 2일 6시 21분,아군 부대가 52S DG 287 970 작전 구역에서 정비중 중으로 추정됨.
상황 보고,2025년 11월 2일 7시 7분,아군이 지뢰 제거중 수행 중이며 52S DG 281 960 현장 부근 부근에서 활동 지속 판단됨.
상황 보고,2025년 11월 2일 9시 13분,아군 부대 연막차장중 수행 중으로 52S DG 266 946 작전 구역 일대에서 관찰 확인됨.
상황 보고,2025년 11월 2일 9시 42분,"52S DG 288 951 현장 부근 기준, 아군 부대가 남서 방향으로 전개 중이며 속도 약 28km/h로 지속 중임."
상황 보고,2025년 11월 2일 10시 24분,아군이 집결중 수행 중이며 52S DG 269 960 현장 부근 부근에서 활동 지속 관찰됨.
상황 보고,2025년 11월 2일 11시 4분,아군 부대가 52S DG 279 969 관측 구역에서 수색중 중으로 지속 중임.
상황 보고,2025년 11월 2일 15시 4분,아군 부대 도하중 수행 중으로 52S DG 277 972 관측 구역 일대에서 관찰 확인됨.
상황 보고,2025년 11월 2일 15시 12분,52S DG 280 959 좌표 부근에서 아군이 관측중 수행 중이며 식별됨.
상황 보고,2025년 11월 2일 16시 33분,아군이 사격지원중 수행 중이며 52S DG 287 962 작전 구역 부근에서 활동 지속 보고됨.
상황 보고,2025년 11월 2일 17시 1분,지뢰 매설중 중인 아군이 52S DG 271 976 좌표 부근에 배치된 것으로 추정됨.
상황 보고,2025년 11월 2일 18시 17분,아군 부대 축성중 수행 중으로 52S DG 284 967 작전 구역 일대에서 관찰 관찰됨.
상황 보고,2025년 11월 2일 18시 45분,우회중 정황이 52S DG 279 962 지역 일대에서 식별되어 추정됨.
상황 보고,2025년 11월 2일 19시 28분,아군이 엄호중 수행 중이며 52S DG 288 947 지역 일대 부근에서 활동 지속 판단됨.
상황 보고,2025년 11월 2일 20시 48분,아군 부대 도하중 수행 중으로 52S DG 280 956 현장 부근 일대에서 관찰 보고됨.
상황 보고,2025년 11월 2일 20시 53분,"52S DG 266 959 현장 부근 기준, 아군 부대가 동 방향으로 전개 중이며 속도 약 54km/h로 평가됨."
상황 보고,2025년 11월 2일 21시 44분,방어중 정황이 52S DG 273 952 좌표 기준에서 식별되어 확인됨.
상황 보고,2025년 11월 2일 22시 17분,아군 부대 수색중 수행 중으로 52S DG 278 974 작전 구역 일대에서 관찰 보고됨.
상황 보고,2025년 11월 2일 22시 45분,연막차장중 상황이 52S DG 266 947 작전지역 내에서 관찰되어 식별됨.
상황 보고,2025년 11월 2일 23시 57분,아군 부대가 52S DG 292 967 현장 부근에서 엄호중 중으로 추정됨.
상황 보고,2025년 11월 3일 1시 46분,아군이 수색중 수행 중이며 52S DG 282 973 현장 부근 부근에서 활동 지속 평가됨.
상황 보고,2025년 11월 3일 3시 41분,아군이 축성중 수행 중이며 52S DG 292 946 좌표 부근 부근에서 활동 지속 확인됨.
상황 보고,2025년 11월 3일 3시 46분,남서 방면으로 26km/h 속도로 이동 중인 아군 부대가 52S DG 280 980 좌표 기준 부근에서 관찰되어 식별됨.
상황 보고,2025년 11월 3일 3시 59분,우회중 정황이 52S DG 269 964 지역 일대에서 식별되어 추정됨.
상황 보고,2025년 11월 3일 4시 7분,엄호중 중인 아군이 52S DG 293 979 지역 일대에 배치된 것으로 확인됨.
상황 보고,2025년 11월 3일 7시 1분,"52S DG 264 945 현장 부근 기준, 아군 부대 사격지원중 상황이 지속 중임."
상황 보고,2025년 11월 3일 7시 27분,도하중 정황이 52S DG 276 944 좌표 기준에서 식별되어 보고됨.
상황 보고,2025년 11월 3일 7시 58분,아군 부대 퇴각중 수행 중으로 52S DG 278 970 좌표 부근 일대에서 관찰 확인됨.
상황 보고,2025년 11월 3일 9시 3분,아군이 우회중 수행 중이며 52S DG 282 957 좌표 부근 부근에서 활동 지속 평가됨.
상황 보고,2025년 11월 3일 10시 1분,아군 부대가 52S DG 292 963 현장 부근에서 지뢰 제거중 중으로 확인됨.
상황 보고,2025년 11월 3일 10시 45분,수색중 정황이 52S DG 282 978 작전지역 내에서 식별되어 추정됨.
상황 보고,2025년 11월 3일 13시 0분,지뢰 매설중 중인 아군이 52S DG 267 964 작전 구역에 배치된 것으로 식별됨.
상황 보고,2025년 11월 3일 14시 16분,교전중 중인 아군이 52S DG 266 981 좌표 기준에 배치된 것으로 보고됨.
상황 보고,2025년 11월 3일 16시 28분,52S DG 273 982 관측 구역에서 아군이 확보중 수행 중이며 확인됨.
상황 보고,2025년 11월 3일 16시 28분,방어중 정황이 52S DG 270 965 관측 구역에서 식별되어 판단됨.
상황 보고,2025년 11월 3일 16시 32분,지뢰 매설중 중인 아군이 52S DG 279 969 현장 부근에 배치된 것으로 식별됨.
상황 보고,2025년 11월 3일 18시 10분,"52S DG 272 968 작전지역 내 기준, 아군 부대 관측중 상황이 보고됨."
상황 보고,2025년 11월 3일 18시 13분,북 방면으로 13km/h 속도로 이동 중인 아군 부대가 52S DG 289 958 작전지역 내 부근에서 관찰되어 판단됨.
상황 보고,2025년 11월 3일 21시 2분,"52S DG 269 985 관측 구역 기준, 아군 부대 공격중 상황이 확인됨."
상황 보고,2025년 11월 3일 23시 29분,아군 부대 축성중 수행 중으로 52S DG 264 982 작전 구역 일대에서 관찰 추정됨.
상황 보고,2025년 11월 4일 0시 6분,52S DG 280 961 현장 부근에서 아군이 축성중 수행 중이며 평가됨.
상황 보고,2025년 11월 4일 0시 8분,아군 부대가 52S DG 283 961 좌표 부근에서 집결중 중으로 관찰됨.
상황 보고,2025년 11월 4일 2시 29분,아군이 연막차장중 수행 중이며 52S DG 266 967 좌표 기준 부근에서 활동 지속 평가됨.
상황 보고,2025년 11월 4일 2시 47분,연막차장중 중인 아군이 52S DG 291 963 좌표 기준에 배치된 것으로 보고됨.
상황 보고,2025년 11월 4일 3시 31분,아군 부대 교전중 수행 중으로 52S DG 287 971 작전지역 내 일대에서 관찰 확인됨.
상황 보고,2025년 11월 4일 4시 10분,아군 부대가 52S DG 271 968 좌표 부근에서 연막차장중 중으로 평가됨.
상황 보고,2025년 11월 4일 4시 16분,아군이 연막차장중 수행 중이며 52S DG 267 976 지역 일대 부근에서 활동 지속 추정됨.
상황 보고,2025년 11월 4일 4시 58분,52S DG 284 948 작전 구역에서 아군이 공격중 수행 중이며 평가됨.
상황 보고,2025년 11월 4일 5시 20분,52S DG 274 970 작전지역 내에서 아군이 연막차장중 수행 중이며 추정됨.
상황 보고,2025년 11월 4일 6시 13분,52S DG 272 972 작전지역 내 내 아군 연막차장중 진행 중 추정됨.
상황 보고,2025년 11월 4일 9시 28분,52S DG 281 959 현장 부근에서 아군이 이동중 수행 중이며 보고됨.
상황 보고,2025년 11월 4일 10시 10분,북서 방면으로 45km/h 속도로 이동 중인 아군 부대가 52S DG 265 950 작전지역 내 부근에서 관찰되어 확인됨.
상황 보고,2025년 11월 4일 10시 52분,"52S DG 267 985 관측 구역 기준, 아군 부대 연막차장중 상황이 보고됨."
상황 보고,2025년 11월 4일 11시 32분,52S DG 292 966 작전지역 내에서 아군이 지뢰 매설중 수행 중이며 지속 중임.
상황 보고,2025년 11월 4일 11시 49분,아군 부대 사격지원중 수행 중으로 52S DG 274 986 작전지역 내 일대에서 관찰 지속 중임.
상황 보고,2025년 11월 4일 12시 8분,아군이 지뢰 매설중 수행 중이며 52S DG 277 965 좌표 기준 부근에서 활동 지속 보고됨.
상황 보고,2025년 11월 4일 12시 55분,52S DG 274 980 작전지역 내에서 아군이 공격개시선 통과 중 수행 중이며 평가됨.
상황 보고,2025년 11월 4일 12시 57분,52S DG 277 964 지역 일대 내 아군 퇴각중 진행 중 식별됨.
상황 보고,2025년 11월 4일 13시 48분,아군이 수색중 수행 중이며 52S DG 282 967 좌표 부근 부근에서 활동 지속 보고됨.
상황 보고,2025년 11월 4일 14시 22분,아군 부대 지뢰 제거중 수행 중으로 52S DG 274 962 지역 일대 일대에서 관찰 추정됨.
상황 보고,2025년 11월 4일 14시 26분,"52S DG 286 947 관측 구역 기준, 아군 부대가 남동 방향으로 전개 중이며 속도 약 37km/h로 판단됨."
상황 보고,2025년 11월 4일 14시 51분,아군 부대가 52S DG 281 980 좌표 부근에서 수색중 중으로 판단됨.
상황 보고,2025년 11월 4일 17시 26분,아군 부대 공격중 수행 중으로 52S DG 266 970 지역 일대 일대에서 관찰 판단됨.
상황 보고,2025년 11월 4일 18시 23분,연막차장중 중인 아군이 52S DG 283 948 작전 구역에 배치된 것으로 추정됨.
상황 보고,2025년 11월 4일 18시 25분,현재 아군 부대가 집결중 상태로 52S DG 285 976 지역 일대 내에서 작전 중 관찰됨.
상황 보고,2025년 11월 4일 18시 57분,아군이 사격지원중 수행 중이며 52S DG 267 948 작전 구역 부근에서 활동 지속 보고됨.
상황 보고,2025년 11월 4일 19시 17분,아군이 교전중 수행 중이며 52S DG 284 955 관측 구역 부근에서 활동 지속 확인됨.
상황 보고,2025년 11월 4일 19시 24분,축성중 상황이 52S DG 287 954 작전 구역에서 관찰되어 보고됨.
상황 보고,2025년 11월 4일 19시 53분,축성중 정황이 52S DG 292 956 작전 구역에서 식별되어 판단됨.
상황 보고,2025년 11월 4일 22시 26분,52S DG 281 956 관측 구역에서 아군이 관측중 수행 중이며 판단됨.
상황 보고,2025년 11월 4일 22시 36분,도하중 중인 아군이 52S DG 270 949 지역 일대에 배치된 것으로 판단됨.
상황 보고,2025년 11월 4일 23시 1분,사격지원중 상황이 52S DG 270 946 좌표 기준에서 관찰되어 평가됨.
상황 보고,2025년 11월 4일 23시 15분,아군 부대가 52S DG 275 951 작전 구역에서 도하중 중으로 평가됨.
상황 보고,2025년 11월 4일 23시 40분,아군 부대가 52S DG 285 968 지역 일대에서 지뢰 제거중 중으로 확인됨.
상황 보고,2025년 11월 5일 1시 57분,아군 부대 우회중 수행 중으로 52S DG 270 945 지역 일대 일대에서 관찰 식별됨.
상황 보고,2025년 11월 5일 2시 3분,정비중 상황이 52S DG 292 973 지역 일대에서 관찰되어 평가됨.
상황 보고,2025년 11월 5일 2시 12분,이동중 정황이 52S DG 275 971 현장 부근에서 식별되어 관찰됨.
상황 보고,2025년 11월 5일 4시 9분,이동중 중인 아군이 52S DG 283 969 좌표 부근에 배치된 것으로 관찰됨.
상황 보고,2025년 11월 5일 5시 8분,현재 아군 부대가 사격지원중 상태로 52S DG 280 960 좌표 부근 내에서 작전 중 확인됨.
상황 보고,2025년 11월 5일 5시 42분,52S DG 293 955 현장 부근에서 아군이 관측중 수행 중이며 판단됨.
상황 보고,2025년 11월 5일 6시 13분,52S DG 275 984 작전 구역 내 아군 교전중 진행 중 관찰됨.
상황 보고,2025년 11월 5일 8시 39분,아군 부대 축성중 수행 중으로 52S DG 279 957 관측 구역 일대에서 관찰 지속 중임.
상황 보고,2025년 11월 5일 9시 2분,아군 부대가 52S DG 267 982 좌표 기준에서 교전중 중으로 평가됨.
상황 보고,2025년 11월 5일 9시 13분,아군이 방어중 수행 중이며 52S DG 265 961 지역 일대 부근에서 활동 지속 보고됨.
상황 보고,2025년 11월 5일 9시 18분,확보중 상황이 52S DG 266 984 작전 구역에서 관찰되어 평가됨.
상황 보고,2025년 11월 5일 10시 7분,52S DG 269 983 좌표 부근에서 아군이 집결중 수행 중이며 관찰됨.
상황 보고,2025년 11월 5일 10시 19분,현재 아군 부대가 공격개시선 통과 중 상태로 52S DG 277 955 작전 구역 내에서 작전 중 지속 중임.
상황 보고,2025년 11월 5일 10시 30분,아군 부대 공격중 수행 중으로 52S DG 269 947 좌표 기준 일대에서 관찰 관찰됨.
상황 보고,2025년 11월 5일 11시 0분,"52S DG 289 960 작전지역 내 기준, 아군 부대 지뢰 제거중 상황이 확인됨."
상황 보고,2025년 11월 5일 11시 22분,현재 아군 부대가 공격개시선 통과 중 상태로 52S DG 264 979 좌표 기준 내에서 작전 중 지속 중임.
상황 보고,2025년 11월 5일 14시 25분,관측중 상황이 52S DG 273 948 좌표 부근에서 관찰되어 확인됨.
상황 보고,2025년 11월 5일 14시 33분,방어중 중인 아군이 52S DG 291 967 관측 구역에 배치된 것으로 추정됨.
상황 보고,2025년 11월 5일 15시 17분,52S DG 293 949 작전지역 내 내 아군 지뢰 매설중 진행 중 식별됨.
상황 보고,2025년 11월 5일 15시 20분,52S DG 278 969 좌표 기준에서 아군이 집결중 수행 중이며 확인됨.
상황 보고,2025년 11월 5일 17시 9분,아군 부대 관측중 수행 중으로 52S DG 267 960 관측 구역 일대에서 관찰 관찰됨.
상황 보고,2025년 11월 5일 17시 22분,52S DG 274 961 좌표 기준에서 아군이 확보중 수행 중이며 식별됨.
상황 보고,2025년 11월 5일 17시 37분,아군 부대가 52S DG 286 985 좌표 부근에서 남동 방향으로 약 56km/h 속도로 이동 중인 것으로 보고됨.
상황 보고,2025년 11월 5일 18시 10분,52S DG 275 945 좌표 기준에서 아군이 엄호중 수행 중이며 지속 중임.
상황 보고,2025년 11월 5일 18시 26분,교전중 상황이 52S DG 272 985 작전지역 내에서 관찰되어 확인됨.
상황 보고,2025년 11월 5일 18시 43분,"52S DG 276 953 현장 부근 기준, 아군 부대 수색중 상황이 식별됨."
상황 보고,2025년 11월 5일 19시 29분,아군이 정비중 수행 중이며 52S DG 274 971 작전지역 내 부근에서 활동 지속 판단됨.
상황 보고,2025년 11월 5일 19시 48분,축성중 중인 아군이 52S DG 268 972 관측 구역에 배치된 것으로 식별됨.
상황 보고,2025년 11월 5일 19시 56분,아군 부대 축성중 수행 중으로 52S DG 265 986 작전지역 내 일대에서 관찰 판단됨.
상황 보고,2025년 11월 5일 20시 48분,아군 부대가 52S DG 289 944 관측 구역에서 수색중 중으로 추정됨.
상황 보고,2025년 11월 5일 21시 45분,현재 아군 부대가 정비중 상태로 52S DG 265 975 현장 부근 내에서 작전 중 판단됨.
상황 보고,2025년 11월 5일 22시 4분,52S DG 293 981 좌표 부근 부근에서 아군이 북 방면으로 16km/h로 전개 중 식별됨.
상황 보고,2025년 11월 5일 22시 7분,확보중 상황이 52S DG 264 980 작전지역 내에서 관찰되어 평가됨.
상황 보고,2025년 11월 5일 22시 16분,아군이 지뢰 제거중 수행 중이며 52S DG 268 969 작전지역 내 부근에서 활동 지속 확인됨.
상황 보고,2025년 11월 6일 1시 4분,아군이 방어중 수행 중이며 52S DG 290 977 작전지역 내 부근에서 활동 지속 식별됨.
상황 보고,2025년 11월 6일 1시 14분,52S DG 282 976 작전 구역에서 아군이 사격지원중 수행 중이며 추정됨.
상황 보고,2025년 11월 6일 1시 51분,아군 부대가 52S DG 293 985 작전지역 내에서 정비중 중으로 추정됨.
상황 보고,2025년 11월 6일 2시 40분,아군 부대 축성중 수행 중으로 52S DG 287 972 현장 부근 일대에서 관찰 확인됨.
상황 보고,2025년 11월 6일 3시 53분,52S DG 281 979 지역 일대 내 아군 공격중 진행 중 보고됨.
상황 보고,2025년 11월 6일 4시 21분,"52S DG 272 958 관측 구역 기준, 아군 부대 엄호중 상황이 식별됨."
상황 보고,2025년 11월 6일 6시 30분,축성중 중인 아군이 52S DG 284 980 작전 구역에 배치된 것으로 평가됨.
상황 보고,2025년 11월 6일 6시 32분,52S DG 279 972 지역 일대에서 아군이 공격개시선 통과 중 수행 중이며 지속 중임.
상황 보고,2025년 11월 6일 6시 38분,확보중 상황이 52S DG 264 970 관측 구역에서 관찰되어 지속 중임.
상황 보고,2025년 11월 6일 6시 53분,아군 부대 교전중 수행 중으로 52S DG 267 981 좌표 부근 일대에서 관찰 추정됨.
상황 보고,2025년 11월 6일 7시 33분,아군이 방어중 수행 중이며 52S DG 285 963 작전지역 내 부근에서 활동 지속 지속 중임.
상황 보고,2025년 11월 6일 7시 40분,정비중 상황이 52S DG 279 956 좌표 부근에서 관찰되어 지속 중임.
상황 보고,2025년 11월 6일 8시 23분,축성중 중인 아군이 52S DG 280 986 작전지역 내에 배치된 것으로 지속 중임.
상황 보고,2025년 11월 6일 11시 4분,아군이 우회중 수행 중이며 52S DG 284 978 좌표 부근 부근에서 활동 지속 식별됨.
상황 보고,2025년 11월 6일 11시 27분,52S DG 293 983 작전지역 내에서 아군이 관측중 수행 중이며 평가됨.
상황 보고,2025년 11월 6일 11시 54분,아군이 관측중 수행 중이며 52S DG 274 985 좌표 기준 부근에서 활동 지속 보고됨.
상황 보고,2025년 11월 6일 13시 10분,교전중 상황이 52S DG 282 981 좌표 부근에서 관찰되어 보고됨.
상황 보고,2025년 11월 6일 13시 17분,아군이 퇴각중 수행 중이며 52S DG 268 986 작전지역 내 부근에서 활동 지속 확인됨.
상황 보고,2025년 11월 6일 13시 51분,사격지원중 상황이 52S DG 264 967 현장 부근에서 관찰되어 판단됨.
상황 보고,2025년 11월 6일 15시 35분,정비중 상황이 52S DG 282 971 작전 구역에서 관찰되어 관찰됨.
상황 보고,2025년 11월 6일 16시 19분,방어중 정황이 52S DG 279 968 작전지역 내에서 식별되어 관찰됨.
상황 보고,2025년 11월 6일 16시 31분,사격지원중 정황이 52S DG 292 958 현장 부근에서 식별되어 판단됨.
상황 보고,2025년 11월 6일 16시 34분,아군 부대가 52S DG 279 970 작전지역 내에서 집결중 중으로 평가됨.
상황 보고,2025년 11월 6일 16시 37분,북 방면으로 46km/h 속도로 이동 중인 아군 부대가 52S DG 284 964 좌표 부근 부근에서 관찰되어 관찰됨.
상황 보고,2025년 11월 6일 17시 51분,현재 아군 부대가 우회중 상태로 52S DG 286 953 지역 일대 내에서 작전 중 확인됨.
상황 보고,2025년 11월 6일 18시 18분,아군이 엄호중 수행 중이며 52S DG 285 963 지역 일대 부근에서 활동 지속 평가됨.
상황 보고,2025년 11월 6일 20시 36분,현재 아군 부대가 방어중 상태로 52S DG 287 977 좌표 부근 내에서 작전 중 평가됨.
상황 보고,2025년 11월 6일 22시 19분,52S DG 277 950 작전지역 내에서 아군이 퇴각중 수행 중이며 식별됨.
상황 보고,2025년 11월 6일 23시 38분,아군 부대 지뢰 제거중 수행 중으로 52S DG 276 951 작전지역 내 일대에서 관찰 식별됨.
상황 보고,2025년 11월 6일 23시 57분,현재 아군 부대가 이동중 상태로 52S DG 266 947 관측 구역 내에서 작전 중 평가됨.
상황 보고,2025년 11월 7일 0시 6분,아군 부대가 52S DG 270 969 현장 부근에서 지뢰 매설중 중으로 확인됨.
상황 보고,2025년 11월 7일 0시 35분,아군이 관측중 수행 중이며 52S DG 283 977 작전지역 내 부근에서 활동 지속 관찰됨.
상황 보고,2025년 11월 7일 1시 49분,아군 부대 공격개시선 통과 중 수행 중으로 52S DG 278 975 지역 일대 일대에서 관찰 평가됨.
상황 보고,2025년 11월 7일 2시 1분,지뢰 제거중 정황이 52S DG 272 983 현장 부근에서 식별되어 추정됨.
상황 보고,2025년 11월 7일 2시 48분,아군 부대가 52S DG 285 948 지역 일대에서 퇴각중 중으로 평가됨.
상황 보고,2025년 11월 7일 3시 6분,52S DG 267 980 작전지역 내 부근에서 아군이 남 방면으로 44km/h로 전개 중 보고됨.
상황 보고,2025년 11월 7일 4시 6분,52S DG 283 978 관측 구역 내 아군 도하중 진행 중 관찰됨.
상황 보고,2025년 11월 7일 5시 3분,52S DG 272 981 현장 부근에서 아군이 사격지원중 수행 중이며 추정됨.
상황 보고,2025년 11월 7일 5시 54분,아군이 확보중 수행 중이며 52S DG 266 975 관측 구역 부근에서 활동 지속 관찰됨.
상황 보고,2025년 11월 7일 5시 57분,아군 부대 지뢰 매설중 수행 중으로 52S DG 274 970 현장 부근 일대에서 관찰 지속 중임.
상황 보고,2025년 11월 7일 5시 58분,퇴각중 정황이 52S DG 267 985 지역 일대에서 식별되어 지속 중임.
상황 보고,2025년 11월 7일 6시 18분,52S DG 282 947 좌표 기준에서 아군이 우회중 수행 중이며 보고됨.
상황 보고,2025년 11월 7일 7시 45분,축성중 상황이 52S DG 276 952 작전지역 내에서 관찰되어 추정됨.
상황 보고,2025년 11월 7일 10시 13분,아군이 수색중 수행 중이며 52S DG 281 948 좌표 부근 부근에서 활동 지속 추정됨.
상황 보고,2025년 11월 7일 11시 31분,이동중 중인 아군이 52S DG 291 981 작전 구역에 배치된 것으로 평가됨.
상황 보고,2025년 11월 7일 11시 37분,"52S DG 271 963 작전지역 내 기준, 아군 부대 이동중 상황이 추정됨."
상황 보고,2025년 11월 7일 12시 2분,"52S DG 287 953 현장 부근 기준, 아군 부대 이동중 상황이 평가됨."
상황 보고,2025년 11월 7일 12시 2분,아군이 수색중 수행 중이며 52S DG 265 962 작전지역 내 부근에서 활동 지속 관찰됨.
상황 보고,2025년 11월 7일 12시 4분,"52S DG 283 949 작전 구역 기준, 아군 부대 집결중 상황이 판단됨."
상황 보고,2025년 11월 7일 12시 30분,52S DG 265 973 지역 일대에서 아군이 공격개시선 통과 중 수행 중이며 추정됨.
상황 보고,2025년 11월 7일 12시 46분,아군 부대가 52S DG 269 982 작전지역 내에서 공격개시선 통과 중 중으로 평가됨.
상황 보고,2025년 11월 7일 13시 28분,퇴각중 상황이 52S DG 294 973 작전 구역에서 관찰되어 관찰됨.
상황 보고,2025년 11월 7일 14시 18분,아군 부대 확보중 수행 중으로 52S DG 289 966 좌표 기준 일대에서 관찰 관찰됨.
상황 보고,2025년 11월 7일 14시 21분,아군 부대가 52S DG 284 972 작전 구역에서 남서 방향으로 약 56km/h 속도로 이동 중인 것으로 확인됨.
상황 보고,2025년 11월 7일 17시 16분,수색중 중인 아군이 52S DG 268 980 관측 구역에 배치된 것으로 추정됨.
상황 보고,2025년 11월 7일 17시 32분,이동중 정황이 52S DG 292 979 작전지역 내에서 식별되어 관찰됨.
상황 보고,2025년 11월 7일 18시 4분,퇴각중 상황이 52S DG 266 970 작전 구역에서 관찰되어 평가됨.
상황 보고,2025년 11월 7일 18시 34분,아군이 지뢰 제거중 수행 중이며 52S DG 266 955 관측 구역 부근에서 활동 지속 지속 중임.
상황 보고,2025년 11월 7일 19시 23분,"52S DG 284 956 작전지역 내 기준, 아군 부대 공격중 상황이 확인됨."
상황 보고,2025년 11월 7일 19시 31분,이동중 상황이 52S DG 282 983 작전 구역에서 관찰되어 보고됨.
상황 보고,2025년 11월 7일 20시 15분,"52S DG 288 964 좌표 기준 기준, 아군 부대 집결중 상황이 판단됨."
상황 보고,2025년 11월 7일 20시 27분,아군이 집결중 수행 중이며 52S DG 268 945 작전지역 내 부근에서 활동 지속 확인됨.
상황 보고,2025년 11월 7일 21시 13분,관측중 중인 아군이 52S DG 269 967 작전 구역에 배치된 것으로 확인됨.
상황 보고,2025년 11월 7일 21시 13분,52S DG 280 971 현장 부근 내 아군 수색중 진행 중 보고됨.
상황 보고,2025년 11월 7일 21시 13분,정비중 상황이 52S DG 294 966 좌표 기준에서 관찰되어 관찰됨.
상황 보고,2025년 11월 7일 22시 1분,방어중 상황이 52S DG 292 944 작전지역 내에서 관찰되어 평가됨.
상황 보고,2025년 11월 7일 22시 41분,우회중 중인 아군이 동으로 51km/h로 이동하며 52S DG 292 954 현장 부근을(를) 통과 중 판단됨.
상황 보고,2025년 11월 7일 23시 8분,52S DG 291 970 관측 구역에서 아군이 확보중 수행 중이며 확인됨.
상황 보고,2025년 11월 7일 23시 22분,52S DG 273 962 지역 일대에서 아군이 공격개시선 통과 중 수행 중이며 관찰됨.
상황 보고,2025년 11월 8일 0시 10분,52S DG 281 970 좌표 기준에서 아군이 정비중 수행 중이며 평가됨.
상황 보고,2025년 11월 8일 0시 30분,현재 아군 부대가 연막차장중 상태로 52S DG 290 982 관측 구역 내에서 작전 중 판단됨.
상황 보고,2025년 11월 8일 0시 37분,도하중 중인 아군이 52S DG 266 981 좌표 부근에 배치된 것으로 관찰됨.
상황 보고,2025년 11월 8일 1시 4분,아군 부대가 52S DG 270 945 관측 구역에서 확보중 중으로 식별됨.
상황 보고,2025년 11월 8일 1시 14분,아군이 교전중 수행 중이며 52S DG 281 967 작전 구역 부근에서 활동 지속 추정됨.
상황 보고,2025년 11월 8일 1시 25분,이동중 상황이 52S DG 293 959 좌표 부근에서 관찰되어 보고됨.
상황 보고,2025년 11월 8일 4시 7분,"52S DG 268 964 현장 부근 기준, 아군 부대 지뢰 제거중 상황이 추정됨."
상황 보고,2025년 11월 8일 5시 53분,아군 부대가 52S DG 285 967 관측 구역에서 확보중 중으로 추정됨.
상황 보고,2025년 11월 8일 6시 45분,교전중 상황이 52S DG 279 973 좌표 부근에서 관찰되어 관찰됨.
상황 보고,2025년 11월 8일 7시 32분,아군 부대가 52S DG 288 956 관측 구역에서 정비중 중으로 판단됨.
상황 보고,2025년 11월 8일 8시 7분,"52S DG 281 946 관측 구역 기준, 아군 부대 엄호중 상황이 식별됨."
상황 보고,2025년 11월 8일 8시 28분,아군이 연막차장중 수행 중이며 52S DG 290 971 좌표 부근 부근에서 활동 지속 추정됨.
상황 보고,2025년 11월 8일 8시 29분,아군 부대가 52S DG 277 985 현장 부근에서 엄호중 중으로 지속 중임.
상황 보고,2025년 11월 8일 8시 29분,축성중 정황이 52S DG 275 950 좌표 기준에서 식별되어 추정됨.
상황 보고,2025년 11월 8일 10시 40분,아군 부대 교전중 수행 중으로 52S DG 278 958 작전 구역 일대에서 관찰 식별됨.
상황 보고,2025년 11월 8일 11시 5분,아군 부대가 52S DG 272 970 관측 구역에서 퇴각중 중으로 추정됨.
상황 보고,2025년 11월 8일 11시 6분,아군이 공격중 수행 중이며 52S DG 283 976 좌표 부근 부근에서 활동 지속 식별됨.
상황 보고,2025년 11월 8일 11시 14분,아군 부대 공격중 수행 중으로 52S DG 270 974 관측 구역 일대에서 관찰 보고됨.
상황 보고,2025년 11월 8일 12시 9분,52S DG 274 984 작전 구역 내 아군 집결중 진행 중 지속 중임.
상황 보고,2025년 11월 8일 12시 11분,공격중 정황이 52S DG 281 967 관측 구역에서 식별되어 식별됨.
상황 보고,2025년 11월 8일 12시 44분,엄호중 상황이 52S DG 269 944 좌표 기준에서 관찰되어 지속 중임.
상황 보고,2025년 11월 8일 12시 57분,공격개시선 통과 중 정황이 52S DG 290 963 좌표 부근에서 식별되어 식별됨.
상황 보고,2025년 11월 8일 13시 49분,정비중 상황이 52S DG 266 968 작전 구역에서 관찰되어 추정됨.
상황 보고,2025년 11월 8일 14시 23분,아군이 사격지원중 수행 중이며 52S DG 287 970 현장 부근 부근에서 활동 지속 추정됨.
상황 보고,2025년 11월 8일 14시 58분,엄호중 중인 아군이 52S DG 289 979 현장 부근에 배치된 것으로 확인됨.
상황 보고,2025년 11월 8일 15시 49분,52S DG 287 973 현장 부근에서 아군이 퇴각중 수행 중이며 확인됨.
상황 보고,2025년 11월 8일 16시 29분,아군이 연막차장중 수행 중이며 52S DG 282 961 작전지역 내 부근에서 활동 지속 판단됨.
상황 보고,2025년 11월 8일 17시 14분,수색중 상황이 52S DG 269 981 좌표 기준에서 관찰되어 지속 중임.
상황 보고,2025년 11월 8일 17시 30분,아군이 정비중 수행 중이며 52S DG 293 962 작전 구역 부근에서 활동 지속 지속 중임.
상황 보고,2025년 11월 8일 17시 46분,52S DG 282 955 작전지역 내에서 아군이 도하중 수행 중이며 지속 중임.
상황 보고,2025년 11월 8일 18시 58분,아군 부대가 52S DG 271 961 지역 일대에서 공격개시선 통과 중 중으로 보고됨.
상황 보고,2025년 11월 8일 19시 40분,아군 부대 정비중 수행 중으로 52S DG 272 955 지역 일대 일대에서 관찰 확인됨.
상황 보고,2025년 11월 8일 20시 2분,현재 아군 부대가 교전중 상태로 52S DG 273 982 작전지역 내 내에서 작전 중 관찰됨.
상황 보고,2025년 11월 8일 20시 24분,아군 부대 이동중 수행 중으로 52S DG 265 975 작전 구역 일대에서 관찰 보고됨.
상황 보고,2025년 11월 8일 20시 50분,아군 부대가 52S DG 269 968 작전지역 내에서 우회중 중으로 관찰됨.
상황 보고,2025년 11월 8일 21시 28분,52S DG 270 964 현장 부근 내 아군 이동중 진행 중 관찰됨.
상황 보고,2025년 11월 8일 22시 1분,지뢰 제거중 중인 아군이 52S DG 289 952 작전지역 내에 배치된 것으로 지속 중임.
상황 보고,2025년 11월 8일 22시 26분,52S DG 279 970 좌표 기준 내 아군 지뢰 매설중 진행 중 판단됨.
상황 보고,2025년 11월 8일 23시 54분,52S DG 270 961 지역 일대에서 아군이 수색중 수행 중이며 확인됨.
상황 보고,2025년 11월 9일 1시 8분,"52S DG 294 981 현장 부근 기준, 아군 부대 우회중 상황이 확인됨."
상황 보고,2025년 11월 9일 2시 16분,도하중 상황이 52S DG 268 981 관측 구역에서 관찰되어 식별됨.
상황 보고,2025년 11월 9일 2시 40분,현재 아군 부대가 지뢰 매설중 상태로 52S DG 292 951 좌표 부근 내에서 작전 중 식별됨.
상황 보고,2025년 11월 9일 3시 0분,"52S DG 264 970 작전 구역 기준, 아군 부대 관측중 상황이 확인됨."
상황 보고,2025년 11월 9일 3시 12분,집결중 정황이 52S DG 290 973 작전 구역에서 식별되어 판단됨.
상황 보고,2025년 11월 9일 5시 14분,52S DG 271 963 지역 일대에서 아군이 집결중 수행 중이며 관찰됨.
상황 보고,2025년 11월 9일 5시 28분,52S DG 290 958 좌표 부근 내 아군 수색중 진행 중 확인됨.
상황 보고,2025년 11월 9일 5시 43분,"52S DG 285 965 좌표 기준 기준, 아군 부대가 북 방향으로 전개 중이며 속도 약 57km/h로 식별됨."
상황 보고,2025년 11월 9일 6시 7분,아군 부대 교전중 수행 중으로 52S DG 291 957 지역 일대 일대에서 관찰 판단됨.
상황 보고,2025년 11월 9일 6시 9분,축성중 정황이 52S DG 292 974 좌표 부근에서 식별되어 확인됨.
상황 보고,2025년 11월 9일 6시 16분,52S DG 280 972 좌표 기준에서 아군이 이동중 수행 중이며 확인됨.
상황 보고,2025년 11월 9일 7시 14분,축성중 중인 아군이 52S DG 272 946 작전 구역에 배치된 것으로 확인됨.
상황 보고,2025년 11월 9일 7시 17분,축성중 상황이 52S DG 282 981 관측 구역에서 관찰되어 확인됨.
상황 보고,2025년 11월 9일 7시 45분,서 방면으로 13km/h 속도로 이동 중인 아군 부대가 52S DG 266 982 관측 구역 부근에서 관찰되어 관찰됨.
상황 보고,2025년 11월 9일 7시 59분,52S DG 269 979 작전지역 내 내 아군 집결중 진행 중 추정됨.
상황 보고,2025년 11월 9일 8시 16분,아군 부대가 52S DG 277 958 관측 구역에서 수색중 중으로 보고됨.
상황 보고,2025년 11월 9일 8시 43분,아군이 관측중 수행 중이며 52S DG 282 967 관측 구역 부근에서 활동 지속 추정됨.
상황 보고,2025년 11월 9일 8시 55분,52S DG 283 954 현장 부근 내 아군 축성중 진행 중 보고됨.
상황 보고,2025년 11월 9일 9시 14분,공격중 상황이 52S DG 274 973 지역 일대에서 관찰되어 확인됨.
상황 보고,2025년 11월 9일 10시 24분,아군 부대가 52S DG 290 949 지역 일대에서 이동중 중으로 평가됨.
상황 보고,2025년 11월 9일 10시 36분,아군이 정비중 수행 중이며 52S DG 273 951 현장 부근 부근에서 활동 지속 관찰됨.
상황 보고,2025년 11월 9일 10시 41분,52S DG 270 955 지역 일대에서 아군이 엄호중 수행 중이며 판단됨.
상황 보고,2025년 11월 9일 13시 5분,공격개시선 통과 중 중인 아군이 52S DG 273 944 좌표 기준에 배치된 것으로 관찰됨.
상황 보고,2025년 11월 9일 13시 27분,아군 부대가 52S DG 292 954 지역 일대에서 지뢰 매설중 중으로 확인됨.
상황 보고,2025년 11월 9일 14시 18분,공격개시선 통과 중 정황이 52S DG 275 984 현장 부근에서 식별되어 판단됨.
상황 보고,2025년 11월 9일 15시 25분,현재 아군 부대가 교전중 상태로 52S DG 287 951 좌표 부근 내에서 작전 중 판단됨.
상황 보고,2025년 11월 9일 18시 15분,공격개시선 통과 중 상황이 52S DG 274 972 좌표 기준에서 관찰되어 보고됨.
상황 보고,2025년 11월 9일 18시 27분,아군이 퇴각중 수행 중이며 52S DG 288 978 작전지역 내 부근에서 활동 지속 식별됨.
상황 보고,2025년 11월 9일 18시 56분,우회중 정황이 52S DG 278 953 좌표 기준에서 식별되어 확인됨.
상황 보고,2025년 11월 9일 19시 17분,아군 부대 퇴각중 수행 중으로 52S DG 289 947 작전 구역 일대에서 관찰 관찰됨.
상황 보고,2025년 11월 9일 19시 28분,수색중 정황이 52S DG 284 948 관측 구역에서 식별되어 식별됨.
상황 보고,2025년 11월 9일 20시 7분,동 방면으로 42km/h 속도로 이동 중인 아군 부대가 52S DG 273 976 현장 부근 부근에서 관찰되어 추정됨.
상황 보고,2025년 11월 9일 20시 15분,아군 부대 수색중 수행 중으로 52S DG 274 975 현장 부근 일대에서 관찰 추정됨.
상황 보고,2025년 11월 9일 21시 5분,아군이 축성중 수행 중이며 52S DG 266 981 좌표 기준 부근에서 활동 지속 관찰됨.
상황 보고,2025년 11월 9일 22시 16분,52S DG 271 944 현장 부근 내 아군 퇴각중 진행 중 판단됨.
상황 보고,2025년 11월 10일 0시 37분,도하중 정황이 52S DG 291 968 작전 구역에서 식별되어 지속 중임.
상황 보고,2025년 11월 10일 0시 42분,아군 부대 우회중 수행 중으로 52S DG 280 951 작전지역 내 일대에서 관찰 식별됨.
상황 보고,2025년 11월 10일 1시 21분,"52S DG 275 984 작전 구역 기준, 아군 부대 축성중 상황이 추정됨."
상황 보고,2025년 11월 10일 1시 34분,52S DG 276 959 지역 일대에서 아군이 방어중 수행 중이며 보고됨.
상황 보고,2025년 11월 10일 1시 57분,아군 부대 축성중 수행 중으로 52S DG 288 969 관측 구역 일대에서 관찰 관찰됨.
상황 보고,2025년 11월 10일 3시 13분,아군이 지뢰 매설중 수행 중이며 52S DG 271 980 지역 일대 부근에서 활동 지속 지속 중임.
상황 보고,2025년 11월 10일 4시 55분,현재 아군 부대가 방어중 상태로 52S DG 283 949 좌표 부근 내에서 작전 중 확인됨.
상황 보고,2025년 11월 10일 5시 9분,지뢰 매설중 중인 아군이 52S DG 294 951 좌표 부근에 배치된 것으로 지속 중임.
상황 보고,2025년 11월 10일 6시 24분,아군 부대가 52S DG 271 975 현장 부근에서 엄호중 중으로 식별됨.
상황 보고,2025년 11월 10일 6시 48분,아군 부대가 52S DG 294 957 현장 부근에서 공격중 중으로 지속 중임.
상황 보고,2025년 11월 10일 6시 56분,방어중 정황이 52S DG 272 965 좌표 기준에서 식별되어 보고됨.
상황 보고,2025년 11월 10일 7시 45분,관측중 상황이 52S DG 283 980 관측 구역에서 관찰되어 추정됨.
상황 보고,2025년 11월 10일 8시 21분,아군 부대 사격지원중 수행 중으로 52S DG 270 977 좌표 기준 일대에서 관찰 평가됨.
상황 보고,2025년 11월 10일 8시 40분,관측중 중인 아군이 52S DG 267 980 작전지역 내에 배치된 것으로 판단됨.
상황 보고,2025년 11월 10일 9시 19분,아군이 사격지원중 수행 중이며 52S DG 270 967 작전 구역 부근에서 활동 지속 식별됨.
상황 보고,2025년 11월 10일 9시 45분,52S DG 275 976 작전지역 내 부근에서 아군이 동 방면으로 49km/h로 전개 중 보고됨.
상황 보고,2025년 11월 10일 10시 28분,52S DG 284 967 좌표 기준 내 아군 축성중 진행 중 평가됨.
상황 보고,2025년 11월 10일 11시 43분,현재 아군 부대가 축성중 상태로 52S DG 275 954 작전 구역 내에서 작전 중 추정됨.
상황 보고,2025년 11월 10일 11시 44분,아군 부대 수색중 수행 중으로 52S DG 279 976 관측 구역 일대에서 관찰 보고됨.
상황 보고,2025년 11월 10일 12시 22분,아군이 축성중 수행 중이며 52S DG 282 965 좌표 기준 부근에서 활동 지속 식별됨.
상황 보고,2025년 11월 10일 12시 31분,수색중 중인 아군이 52S DG 273 945 작전지역 내에 배치된 것으로 식별됨.
상황 보고,2025년 11월 10일 12시 37분,지뢰 제거중 중인 아군이 52S DG 291 950 작전지역 내에 배치된 것으로 평가됨.
상황 보고,2025년 11월 10일 12시 41분,52S DG 278 955 현장 부근 내 아군 엄호중 진행 중 확인됨.
상황 보고,2025년 11월 10일 12시 46분,아군이 지뢰 제거중 수행 중이며 52S DG 284 961 작전 구역 부근에서 활동 지속 지속 중임.
상황 보고,2025년 11월 10일 13시 17분,수색중 정황이 52S DG 286 986 관측 구역에서 식별되어 관찰됨.
상황 보고,2025년 11월 10일 13시 25분,52S DG 272 947 현장 부근 부근에서 아군이 남 방면으로 37km/h로 전개 중 판단됨.
상황 보고,2025년 11월 10일 13시 38분,52S DG 270 981 좌표 기준 내 아군 관측중 진행 중 보고됨.
상황 보고,2025년 11월 10일 14시 42분,52S DG 279 959 작전 구역 내 아군 공격개시선 통과 중 진행 중 관찰됨.
상황 보고,2025년 11월 10일 15시 38분,현재 아군 부대가 지뢰 매설중 상태로 52S DG 282 968 지역 일대 내에서 작전 중 관찰됨.
상황 보고,2025년 11월 10일 16시 9분,"52S DG 291 967 좌표 부근 기준, 아군 부대 관측중 상황이 판단됨."
상황 보고,2025년 11월 10일 18시 17분,52S DG 273 945 지역 일대 내 아군 수색중 진행 중 확인됨.
상황 보고,2025년 11월 10일 18시 35분,아군이 지뢰 제거중 수행 중이며 52S DG 268 945 작전지역 내 부근에서 활동 지속 추정됨.
상황 보고,2025년 11월 10일 18시 56분,집결중 정황이 52S DG 278 946 현장 부근에서 식별되어 평가됨.
상황 보고,2025년 11월 10일 22시 13분,52S DG 285 945 작전지역 내에서 아군이 정비중 수행 중이며 식별됨.
상황 보고,2025년 11월 11일 0시 58분,아군이 이동중 수행 중이며 52S DG 269 969 작전지역 내 부근에서 활동 지속 관찰됨.
상황 보고,2025년 11월 11일 1시 16분,현재 아군 부대가 축성중 상태로 52S DG 286 949 좌표 부근 내에서 작전 중 관찰됨.
상황 보고,2025년 11월 11일 1시 23분,아군 부대가 52S DG 275 973 작전지역 내에서 공격중 중으로 관찰됨.
상황 보고,2025년 11월 11일 2시 32분,아군 부대가 52S DG 293 944 관측 구역에서 관측중 중으로 확인됨.
상황 보고,2025년 11월 11일 2시 44분,확보중 상황이 52S DG 285 983 좌표 기준에서 관찰되어 지속 중임.
상황 보고,2025년 11월 11일 3시 1분,52S DG 272 952 작전지역 내에서 아군이 축성중 수행 중이며 판단됨.
상황 보고,2025년 11월 11일 3시 24분,아군 부대 엄호중 수행 중으로 52S DG 285 970 좌표 부근 일대에서 관찰 추정됨.
상황 보고,2025년 11월 11일 4시 25분,현재 아군 부대가 확보중 상태로 52S DG 272 965 작전 구역 내에서 작전 중 지속 중임.
상황 보고,2025년 11월 11일 4시 39분,"52S DG 292 945 관측 구역 기준, 아군 부대 축성중 상황이 판단됨."
상황 보고,2025년 11월 11일 5시 40분,도하중 상황이 52S DG 269 948 작전지역 내에서 관찰되어 추정됨.
상황 보고,2025년 11월 11일 6시 16분,52S DG 285 949 좌표 기준 내 아군 우회중 진행 중 평가됨.
상황 보고,2025년 11월 11일 7시 48분,52S DG 289 966 관측 구역 내 아군 엄호중 진행 중 식별됨.
상황 보고,2025년 11월 11일 8시 7분,축성중 중인 아군이 52S DG 272 948 좌표 부근에 배치된 것으로 평가됨.
상황 보고,2025년 11월 11일 8시 16분,52S DG 267 953 작전지역 내 내 아군 사격지원중 진행 중 판단됨.
상황 보고,2025년 11월 11일 9시 35분,연막차장중 정황이 52S DG 280 964 작전지역 내에서 식별되어 확인됨.
상황 보고,2025년 11월 11일 10시 23분,축성중 정황이 52S DG 267 979 작전지역 내에서 식별되어 판단됨.
상황 보고,2025년 11월 11일 10시 39분,사격지원중 정황이 52S DG 283 974 지역 일대에서 식별되어 지속 중임.
상황 보고,2025년 11월 11일 11시 26분,아군이 관측중 수행 중이며 52S DG 294 946 좌표 부근 부근에서 활동 지속 평가됨.
상황 보고,2025년 11월 11일 12시 46분,아군 부대 지뢰 매설중 수행 중으로 52S DG 277 945 관측 구역 일대에서 관찰 확인됨.
상황 보고,2025년 11월 11일 12시 47분,아군이 관측중 수행 중이며 52S DG 266 970 지역 일대 부근에서 활동 지속 확인됨.
상황 보고,2025년 11월 11일 13시 26분,아군 부대가 52S DG 286 968 좌표 기준에서 집결중 중으로 지속 중임.
상황 보고,2025년 11월 11일 13시 28분,확보중 상황이 52S DG 279 971 작전지역 내에서 관찰되어 보고됨.
상황 보고,2025년 11월 11일 13시 34분,아군이 사격지원중 수행 중이며 52S DG 291 947 좌표 기준 부근에서 활동 지속 추정됨.
상황 보고,2025년 11월 11일 14시 25분,이동중 정황이 52S DG 285 948 지역 일대에서 식별되어 관찰됨.
상황 보고,2025년 11월 11일 14시 38분,52S DG 288 968 지역 일대에서 아군이 확보중 수행 중이며 평가됨.
상황 보고,2025년 11월 11일 14시 44분,아군 부대가 52S DG 277 982 지역 일대에서 정비중 중으로 지속 중임.
상황 보고,2025년 11월 11일 14시 51분,아군이 사격지원중 수행 중이며 52S DG 274 968 관측 구역 부근에서 활동 지속 추정됨.
상황 보고,2025년 11월 11일 15시 21분,아군 부대가 52S DG 290 982 작전 구역에서 정비중 중으로 판단됨.
상황 보고,2025년 11월 11일 15시 38분,"52S DG 279 973 현장 부근 기준, 아군 부대 우회중 상황이 관찰됨."
상황 보고,2025년 11월 11일 15시 39분,수색중 중인 아군이 52S DG 290 950 좌표 부근에 배치된 것으로 보고됨.
상황 보고,2025년 11월 11일 15시 52분,현재 아군 부대가 공격중 상태로 52S DG 268 968 지역 일대 내에서 작전 중 추정됨.
상황 보고,2025년 11월 11일 17시 17분,52S DG 267 964 현장 부근에서 아군이 퇴각중 수행 중이며 추정됨.
상황 보고,2025년 11월 11일 17시 56분,집결중 상황이 52S DG 270 976 관측 구역에서 관찰되어 확인됨.
상황 보고,2025년 11월 11일 18시 11분,52S DG 288 957 좌표 부근 내 아군 집결중 진행 중 판단됨.
상황 보고,2025년 11월 11일 18시 48분,공격중 상황이 52S DG 294 958 지역 일대에서 관찰되어 관찰됨.
상황 보고,2025년 11월 11일 19시 11분,현재 아군 부대가 정비중 상태로 52S DG 275 952 좌표 기준 내에서 작전 중 식별됨.
상황 보고,2025년 11월 11일 21시 58분,아군이 수색중 수행 중이며 52S DG 267 984 작전 구역 부근에서 활동 지속 지속 중임.
상황 보고,2025년 11월 11일 22시 8분,지뢰 제거중 중인 아군이 52S DG 284 946 현장 부근에 배치된 것으로 추정됨.
상황 보고,2025년 11월 11일 22시 19분,현재 아군 부대가 공격중 상태로 52S DG 264 960 작전지역 내 내에서 작전 중 지속 중임.
상황 보고,2025년 11월 11일 22시 35분,아군 부대가 52S DG 282 971 좌표 부근에서 엄호중 중으로 평가됨.
상황 보고,2025년 11월 11일 23시 6분,아군이 확보중 수행 중이며 52S DG 273 957 작전 구역 부근에서 활동 지속 지속 중임.
상황 보고,2025년 11월 12일 0시 2분,"52S DG 292 985 현장 부근 기준, 아군 부대 공격개시선 통과 중 상황이 식별됨."
상황 보고,2025년 11월 12일 0시 35분,우회중 중인 아군이 동으로 17km/h로 이동하며 52S DG 271 953 관측 구역을(를) 통과 중 판단됨.
상황 보고,2025년 11월 12일 1시 33분,아군 부대 교전중 수행 중으로 52S DG 264 956 지역 일대 일대에서 관찰 관찰됨.
상황 보고,2025년 11월 12일 3시 24분,현재 아군 부대가 연막차장중 상태로 52S DG 276 986 관측 구역 내에서 작전 중 추정됨.
상황 보고,2025년 11월 12일 3시 32분,연막차장중 정황이 52S DG 283 960 작전 구역에서 식별되어 확인됨.
상황 보고,2025년 11월 12일 4시 38분,52S DG 273 955 좌표 부근에서 아군이 수색중 수행 중이며 보고됨.
상황 보고,2025년 11월 12일 4시 51분,사격지원중 중인 아군이 52S DG 283 962 좌표 기준에 배치된 것으로 추정됨.
상황 보고,2025년 11월 12일 4시 51분,공격중 상황이 52S DG 279 951 지역 일대에서 관찰되어 판단됨.
상황 보고,2025년 11월 12일 5시 0분,확보중 정황이 52S DG 277 945 좌표 기준에서 식별되어 평가됨.
상황 보고,2025년 11월 12일 5시 12분,아군이 지뢰 제거중 수행 중이며 52S DG 292 973 현장 부근 부근에서 활동 지속 평가됨.
상황 보고,2025년 11월 12일 5시 12분,52S DG 288 965 좌표 부근 내 아군 사격지원중 진행 중 판단됨.
상황 보고,2025년 11월 12일 6시 35분,공격개시선 통과 중 중인 아군이 52S DG 284 963 현장 부근에 배치된 것으로 평가됨.
상황 보고,2025년 11월 12일 8시 40분,현재 아군 부대가 집결중 상태로 52S DG 270 947 좌표 기준 내에서 작전 중 판단됨.
상황 보고,2025년 11월 12일 9시 11분,아군 부대 연막차장중 수행 중으로 52S DG 269 945 현장 부근 일대에서 관찰 지속 중임.
상황 보고,2025년 11월 12일 9시 37분,아군 부대 이동중 수행 중으로 52S DG 273 961 현장 부근 일대에서 관찰 확인됨.
상황 보고,2025년 11월 12일 10시 46분,아군이 연막차장중 수행 중이며 52S DG 282 955 작전 구역 부근에서 활동 지속 관찰됨.
상황 보고,2025년 11월 12일 10시 53분,현재 아군 부대가 지뢰 매설중 상태로 52S DG 264 958 작전지역 내 내에서 작전 중 확인됨.
상황 보고,2025년 11월 12일 12시 9분,52S DG 289 983 좌표 부근 내 아군 정비중 진행 중 확인됨.
상황 보고,2025년 11월 12일 12시 54분,남 방면으로 37km/h 속도로 이동 중인 아군 부대가 52S DG 272 961 작전 구역 부근에서 관찰되어 추정됨.
상황 보고,2025년 11월 12일 13시 7분,현재 아군 부대가 수색중 상태로 52S DG 266 984 관측 구역 내에서 작전 중 평가됨.
상황 보고,2025년 11월 12일 13시 9분,"52S DG 280 946 관측 구역 기준, 아군 부대 관측중 상황이 판단됨."
상황 보고,2025년 11월 12일 14시 52분,아군 부대가 52S DG 278 949 지역 일대에서 공격중 중으로 보고됨.
상황 보고,2025년 11월 12일 15시 47분,52S DG 290 981 현장 부근에서 아군이 집결중 수행 중이며 보고됨.
상황 보고,2025년 11월 12일 15시 52분,현재 아군 부대가 정비중 상태로 52S DG 283 974 현장 부근 내에서 작전 중 확인됨.
상황 보고,2025년 11월 12일 16시 40분,52S DG 274 979 좌표 기준에서 아군이 퇴각중 수행 중이며 확인됨.
상황 보고,2025년 11월 12일 16시 57분,교전중 상황이 52S DG 268 986 지역 일대에서 관찰되어 추정됨.
상황 보고,2025년 11월 12일 17시 15분,지뢰 매설중 상황이 52S DG 281 962 작전 구역에서 관찰되어 추정됨.
상황 보고,2025년 11월 12일 18시 22분,현재 아군 부대가 이동중 상태로 52S DG 290 978 좌표 기준 내에서 작전 중 판단됨.
상황 보고,2025년 11월 12일 19시 16분,아군 부대 관측중 수행 중으로 52S DG 274 946 현장 부근 일대에서 관찰 평가됨.
상황 보고,2025년 11월 12일 19시 29분,엄호중 정황이 52S DG 268 953 좌표 부근에서 식별되어 확인됨.
상황 보고,2025년 11월 12일 21시 20분,52S DG 280 976 작전 구역 내 아군 공격중 진행 중 관찰됨.
상황 보고,2025년 11월 12일 21시 26분,축성중 정황이 52S DG 271 975 작전 구역에서 식별되어 판단됨.
상황 보고,2025년 11월 12일 21시 37분,"52S DG 294 956 관측 구역 기준, 아군 부대가 남동 방향으로 전개 중이며 속도 약 13km/h로 식별됨."
상황 보고,2025년 11월 12일 22시 36분,"52S DG 285 944 작전 구역 기준, 아군 부대 지뢰 제거중 상황이 식별됨."
상황 보고,2025년 11월 12일 23시 47분,"52S DG 268 963 현장 부근 기준, 아군 부대 교전중 상황이 식별됨."
상황 보고,2025년 11월 13일 1시 22분,아군이 이동중 수행 중이며 52S DG 292 982 작전 구역 부근에서 활동 지속 판단됨.
상황 보고,2025년 11월 13일 2시 5분,52S DG 272 972 작전 구역에서 아군이 확보중 수행 중이며 관찰됨.
상황 보고,2025년 11월 13일 2시 45분,52S DG 275 961 관측 구역 부근에서 아군이 남동 방면으로 31km/h로 전개 중 판단됨.
상황 보고,2025년 11월 13일 3시 47분,"52S DG 269 981 지역 일대 기준, 아군 부대 연막차장중 상황이 판단됨."
상황 보고,2025년 11월 13일 4시 32분,아군이 확보중 수행 중이며 52S DG 288 981 좌표 기준 부근에서 활동 지속 추정됨.
상황 보고,2025년 11월 13일 4시 48분,52S DG 269 972 작전지역 내에서 아군이 연막차장중 수행 중이며 관찰됨.
상황 보고,2025년 11월 13일 5시 26분,아군 부대 수색중 수행 중으로 52S DG 276 951 작전 구역 일대에서 관찰 관찰됨.
위치 보고,2025년 10월 30일 6시 33분,"52S DG 294 957 기준 부대가 동으로 전진 중이며 속도 104km/h, 고도 2980M에서 안정적 전개 중임."
위치 보고,2025년 10월 30일 11시 25분,"52S DG 264 961 기준 부대가 북동으로 전진 중이며 속도 108km/h, 고도 18622M에서 안정적 전개 중임."
위치 보고,2025년 10월 30일 21시 36분,"52S DG 266 952 기준 부대가 동으로 전진 중이며 속도 35km/h, 고도 11054M에서 안정적 전개 중임."
위치 보고,2025년 10월 30일 21시 50분,52S DG 285 974 부근에서 부대가 남 방면으로 약 38km/h 속도로 이동 중이며 현재 고도는 1000M 수준으로 확인됨.
위치 보고,2025년 10월 31일 4시 4분,52S DG 278 976 부근에서 부대가 북서 방면으로 약 91km/h 속도로 이동 중이며 현재 고도는 13908M 수준으로 확인됨.
위치 보고,2025년 10월 31일 8시 44분,"관측결과 52S DG 285 963 일대에 전개된 부대는 남동 방향으로 진행 중, 평균 속도 약 79km/h, 고도 2227M로 파악됨."
위치 보고,2025년 10월 31일 13시 28분,"관측결과 52S DG 264 979 일대에 전개된 부대는 서 방향으로 진행 중, 평균 속도 약 86km/h, 고도 13373M로 파악됨."
위치 보고,2025년 10월 31일 16시 9분,"52S DG 270 979 기준 부대가 서으로 전진 중이며 속도 114km/h, 고도 6024M에서 안정적 전개 중임."
위치 보고,2025년 10월 31일 18시 40분,"관측결과 52S DG 291 970 일대에 전개된 부대는 북동 방향으로 진행 중, 평균 속도 약 82km/h, 고도 3921M로 파악됨."
위치 보고,2025년 11월 1일 7시 57분,"관측결과 52S DG 278 985 일대에 전개된 부대는 남동 방향으로 진행 중, 평균 속도 약 104km/h, 고도 17276M로 파악됨."
위치 보고,2025년 11월 1일 11시 26분,52S DG 271 945 부근에서 부대가 북서 방면으로 약 53km/h 속도로 이동 중이며 현재 고도는 6274M 수준으로 확인됨.
위치 보고,2025년 11월 2일 0시 55분,"52S DG 280 952 기준 부대가 북으로 전진 중이며 속도 111km/h, 고도 5260M에서 안정적 전개 중임."
위치 보고,2025년 11월 2일 2시 4분,"관측결과 52S DG 285 962 일대에 전개된 부대는 북 방향으로 진행 중, 평균 속도 약 84km/h, 고도 5501M로 파악됨."
위치 보고,2025년 11월 2일 2시 11분,"52S DG 270 968 기준 부대가 남으로 전진 중이며 속도 29km/h, 고도 45M에서 안정적 전개 중임."
위치 보고,2025년 11월 2일 15시 3분,"관측결과 52S DG 282 976 일대에 전개된 부대는 북동 방향으로 진행 중, 평균 속도 약 11km/h, 고도 16099M로 파악됨."
위치 보고,2025년 11월 2일 15시 3분,"관측결과 52S DG 293 978 일대에 전개된 부대는 북 방향으로 진행 중, 평균 속도 약 81km/h, 고도 12920M로 파악됨."
위치 보고,2025년 11월 2일 23시 10분,"52S DG 267 978 기준 부대가 동으로 전진 중이며 속도 20km/h, 고도 1222M에서 안정적 전개 중임."
위치 보고,2025년 11월 3일 0시 41분,"52S DG 277 978 기준 부대가 북동으로 전진 중이며 속도 56km/h, 고도 12227M에서 안정적 전개 중임."
위치 보고,2025년 11월 3일 3시 24분,"52S DG 269 959 기준 부대가 북으로 전진 중이며 속도 21km/h, 고도 13889M에서 안정적 전개 중임."
위치 보고,2025년 11월 3일 9시 23분,52S DG 265 976 부근에서 부대가 남서 방면으로 약 65km/h 속도로 이동 중이며 현재 고도는 16064M 수준으로 확인됨.
위치 보고,2025년 11월 3일 10시 55분,"관측결과 52S DG 270 960 일대에 전개된 부대는 북 방향으로 진행 중, 평균 속도 약 74km/h, 고도 1856M로 파악됨."
위치 보고,2025년 11월 3일 17시 2분,"관측결과 52S DG 280 968 일대에 전개된 부대는 남 방향으로 진행 중, 평균 속도 약 72km/h, 고도 2452M로 파악됨."
위치 보고,2025년 11월 4일 9시 58분,"관측결과 52S DG 271 959 일대에 전개된 부대는 남서 방향으로 진행 중, 평균 속도 약 97km/h, 고도 3668M로 파악됨."
위치 보고,2025년 11월 4일 14시 45분,"52S DG 273 954 기준 부대가 남서으로 전진 중이며 속도 63km/h, 고도 2475M에서 안정적 전개 중임."
위치 보고,2025년 11월 4일 15시 0분,"관측결과 52S DG 293 957 일대에 전개된 부대는 북 방향으로 진행 중, 평균 속도 약 109km/h, 고도 19526M로 파악됨."
위치 보고,2025년 11월 4일 17시 58분,52S DG 289 958 부근에서 부대가 동 방면으로 약 26km/h 속도로 이동 중이며 현재 고도는 13552M 수준으로 확인됨.
위치 보고,2025년 11월 5일 2시 52분,52S DG 279 954 부근에서 부대가 남동 방면으로 약 120km/h 속도로 이동 중이며 현재 고도는 16904M 수준으로 확인됨.
위치 보고,2025년 11월 5일 3시 4분,"52S DG 281 985 기준 부대가 북서으로 전진 중이며 속도 104km/h, 고도 15473M에서 안정적 전개 중임."
위치 보고,2025년 11월 5일 16시 53분,"52S DG 270 966 기준 부대가 남동으로 전진 중이며 속도 85km/h, 고도 7968M에서 안정적 전개 중임."
위치 보고,2025년 11월 5일 18시 31분,52S DG 279 980 부근에서 부대가 남동 방면으로 약 29km/h 속도로 이동 중이며 현재 고도는 1894M 수준으로 확인됨.
위치 보고,2025년 11월 5일 21시 40분,52S DG 273 960 부근에서 부대가 북 방면으로 약 113km/h 속도로 이동 중이며 현재 고도는 11165M 수준으로 확인됨.
위치 보고,2025년 11월 5일 22시 26분,52S DG 292 974 부근에서 부대가 북 방면으로 약 68km/h 속도로 이동 중이며 현재 고도는 19409M 수준으로 확인됨.
위치 보고,2025년 11월 6일 6시 11분,52S DG 287 968 부근에서 부대가 남 방면으로 약 119km/h 속도로 이동 중이며 현재 고도는 17664M 수준으로 확인됨.
위치 보고,2025년 11월 6일 6시 15분,"52S DG 276 983 기준 부대가 북동으로 전진 중이며 속도 55km/h, 고도 3982M에서 안정적 전개 중임."
위치 보고,2025년 11월 6일 9시 11분,"52S DG 280 971 기준 부대가 북으로 전진 중이며 속도 63km/h, 고도 14102M에서 안정적 전개 중임."
위치 보고,2025년 11월 6일 10시 11분,52S DG 270 966 부근에서 부대가 서 방면으로 약 22km/h 속도로 이동 중이며 현재 고도는 1532M 수준으로 확인됨.
위치 보고,2025년 11월 6일 14시 19분,52S DG 271 952 부근에서 부대가 서 방면으로 약 83km/h 속도로 이동 중이며 현재 고도는 3781M 수준으로 확인됨.
위치 보고,2025년 11월 6일 15시 24분,"52S DG 283 985 기준 부대가 북으로 전진 중이며 속도 46km/h, 고도 7450M에서 안정적 전개 중임."
위치 보고,2025년 11월 6일 18시 0분,"52S DG 277 974 기준 부대가 서으로 전진 중이며 속도 70km/h, 고도 9593M에서 안정적 전개 중임."
위치 보고,2025년 11월 6일 19시 23분,"관측결과 52S DG 287 965 일대에 전개된 부대는 남 방향으로 진행 중, 평균 속도 약 39km/h, 고도 17827M로 파악됨."
위치 보고,2025년 11월 6일 19시 37분,"52S DG 272 963 기준 부대가 남서으로 전진 중이며 속도 59km/h, 고도 4838M에서 안정적 전개 중임."
위치 보고,2025년 11월 6일 21시 40분,"관측결과 52S DG 287 982 일대에 전개된 부대는 북동 방향으로 진행 중, 평균 속도 약 90km/h, 고도 16147M로 파악됨."
위치 보고,2025년 11월 7일 12시 55분,"관측결과 52S DG 281 979 일대에 전개된 부대는 동 방향으로 진행 중, 평균 속도 약 70km/h, 고도 18114M로 파악됨."
위치 보고,2025년 11월 7일 13시 3분,"관측결과 52S DG 289 979 일대에 전개된 부대는 동 방향으로 진행 중, 평균 속도 약 99km/h, 고도 1293M로 파악됨."
위치 보고,2025년 11월 7일 14시 19분,"관측결과 52S DG 283 955 일대에 전개된 부대는 남동 방향으로 진행 중, 평균 속도 약 67km/h, 고도 12033M로 파악됨."
위치 보고,2025년 11월 7일 17시 12분,"관측결과 52S DG 268 981 일대에 전개된 부대는 북동 방향으로 진행 중, 평균 속도 약 50km/h, 고도 7984M로 파악됨."
위치 보고,2025년 11월 7일 20시 24분,"관측결과 52S DG 289 961 일대에 전개된 부대는 남 방향으로 진행 중, 평균 속도 약 41km/h, 고도 18267M로 파악됨."
위치 보고,2025년 11월 8일 0시 9분,"52S DG 271 980 기준 부대가 북서으로 전진 중이며 속도 65km/h, 고도 15630M에서 안정적 전개 중임."
위치 보고,2025년 11월 8일 8시 49분,"52S DG 266 975 기준 부대가 남서으로 전진 중이며 속도 43km/h, 고도 4304M에서 안정적 전개 중임."
위치 보고,2025년 11월 8일 9시 43분,"관측결과 52S DG 284 981 일대에 전개된 부대는 북 방향으로 진행 중, 평균 속도 약 103km/h, 고도 1932M로 파악됨."
위치 보고,2025년 11월 8일 11시 19분,52S DG 268 956 부근에서 부대가 북동 방면으로 약 120km/h 속도로 이동 중이며 현재 고도는 515M 수준으로 확인됨.
위치 보고,2025년 11월 8일 16시 22분,52S DG 278 944 부근에서 부대가 남서 방면으로 약 99km/h 속도로 이동 중이며 현재 고도는 3640M 수준으로 확인됨.
위치 보고,2025년 11월 9일 1시 6분,52S DG 282 951 부근에서 부대가 남서 방면으로 약 105km/h 속도로 이동 중이며 현재 고도는 7577M 수준으로 확인됨.
위치 보고,2025년 11월 9일 4시 59분,52S DG 264 969 부근에서 부대가 동 방면으로 약 95km/h 속도로 이동 중이며 현재 고도는 17613M 수준으로 확인됨.
위치 보고,2025년 11월 9일 8시 39분,52S DG 291 984 부근에서 부대가 서 방면으로 약 107km/h 속도로 이동 중이며 현재 고도는 17962M 수준으로 확인됨.
위치 보고,2025년 11월 9일 12시 18분,"52S DG 288 960 기준 부대가 남서으로 전진 중이며 속도 59km/h, 고도 14546M에서 안정적 전개 중임."
위치 보고,2025년 11월 9일 23시 15분,"52S DG 281 962 기준 부대가 북동으로 전진 중이며 속도 101km/h, 고도 10930M에서 안정적 전개 중임."
위치 보고,2025년 11월 10일 16시 45분,"52S DG 264 985 기준 부대가 북동으로 전진 중이며 속도 58km/h, 고도 8282M에서 안정적 전개 중임."
위치 보고,2025년 11월 10일 23시 38분,"52S DG 269 965 기준 부대가 북동으로 전진 중이며 속도 65km/h, 고도 6384M에서 안정적 전개 중임."
위치 보고,2025년 11월 11일 0시 54분,"52S DG 269 969 기준 부대가 북으로 전진 중이며 속도 69km/h, 고도 3604M에서 안정적 전개 중임."
위치 보고,2025년 11월 11일 10시 31분,"관측결과 52S DG 286 975 일대에 전개된 부대는 남동 방향으로 진행 중, 평균 속도 약 94km/h, 고도 12183M로 파악됨."
위치 보고,2025년 11월 11일 11시 42분,"52S DG 284 962 기준 부대가 북동으로 전진 중이며 속도 74km/h, 고도 4598M에서 안정적 전개 중임."
위치 보고,2025년 11월 11일 14시 18분,52S DG 290 974 부근에서 부대가 남동 방면으로 약 34km/h 속도로 이동 중이며 현재 고도는 8910M 수준으로 확인됨.
위치 보고,2025년 11월 11일 17시 38분,52S DG 276 944 부근에서 부대가 북 방면으로 약 51km/h 속도로 이동 중이며 현재 고도는 11942M 수준으로 확인됨.
위치 보고,2025년 11월 12일 1시 41분,52S DG 269 976 부근에서 부대가 북동 방면으로 약 87km/h 속도로 이동 중이며 현재 고도는 16184M 수준으로 확인됨.
위치 보고,2025년 11월 12일 6시 0분,52S DG 274 947 부근에서 부대가 북서 방면으로 약 38km/h 속도로 이동 중이며 현재 고도는 16271M 수준으로 확인됨.
위치 보고,2025년 11월 12일 8시 41분,"52S DG 276 963 기준 부대가 북서으로 전진 중이며 속도 22km/h, 고도 931M에서 안정적 전개 중임."
위치 보고,2025년 11월 12일 10시 20분,52S DG 289 947 부근에서 부대가 서 방면으로 약 87km/h 속도로 이동 중이며 현재 고도는 5592M 수준으로 확인됨.
위치 보고,2025년 11월 12일 13시 44분,52S DG 268 952 부근에서 부대가 동 방면으로 약 14km/h 속도로 이동 중이며 현재 고도는 10727M 수준으로 확인됨.
위치 보고,2025년 11월 12일 15시 2분,"52S DG 279 955 기준 부대가 남으로 전진 중이며 속도 91km/h, 고도 6512M에서 안정적 전개 중임."
위치 보고,2025년 11월 12일 21시 6분,52S DG 285 957 부근에서 부대가 남동 방면으로 약 42km/h 속도로 이동 중이며 현재 고도는 14922M 수준으로 확인됨.
위치 보고,2025년 11월 12일 21시 32분,52S DG 266 957 부근에서 부대가 남서 방면으로 약 60km/h 속도로 이동 중이며 현재 고도는 18597M 수준으로 확인됨.
위치 보고,2025년 11월 12일 22시 38분,52S DG 282 957 부근에서 부대가 서 방면으로 약 77km/h 속도로 이동 중이며 현재 고도는 623M 수준으로 확인됨.
위치 보고,2025년 11월 12일 23시 59분,52S DG 293 966 부근에서 부대가 남동 방면으로 약 44km/h 속도로 이동 중이며 현재 고도는 3248M 수준으로 확인됨.
위치 보고,2025년 11월 13일 2시 6분,"관측결과 52S DG 283 950 일대에 전개된 부대는 동 방향으로 진행 중, 평균 속도 약 70km/h, 고도 17879M로 파악됨."
위치 보고,2025년 11월 13일 3시 22분,52S DG 272 960 부근에서 부대가 남동 방면으로 약 88km/h 속도로 이동 중이며 현재 고도는 1597M 수준으로 확인됨.
위치 보고,2025년 11월 13일 7시 40분,52S DG 277 975 부근에서 부대가 남동 방면으로 약 28km/h 속도로 이동 중이며 현재 고도는 3806M 수준으로 확인됨.
위치 보고,2025년 11월 14일 6시 52분,52S DG 272 985 부근에서 부대가 동 방면으로 약 68km/h 속도로 이동 중이며 현재 고도는 8082M 수준으로 확인됨.
위치 보고,2025년 11월 14일 9시 52분,52S DG 271 945 부근에서 부대가 동 방면으로 약 106km/h 속도로 이동 중이며 현재 고도는 5851M 수준으로 확인됨.
위치 보고,2025년 11월 14일 9시 55분,52S DG 271 974 부근에서 부대가 북 방면으로 약 57km/h 속도로 이동 중이며 현재 고도는 3124M 수준으로 확인됨.
위치 보고,2025년 11월 14일 10시 56분,"52S DG 281 984 기준 부대가 북동으로 전진 중이며 속도 90km/h, 고도 5159M에서 안정적 전개 중임."
위치 보고,2025년 11월 14일 11시 11분,"관측결과 52S DG 282 945 일대에 전개된 부대는 북동 방향으로 진행 중, 평균 속도 약 10km/h, 고도 10833M로 파악됨."
위치 보고,2025년 11월 14일 15시 29분,"관측결과 52S DG 283 977 일대에 전개된 부대는 북동 방향으로 진행 중, 평균 속도 약 50km/h, 고도 8628M로 파악됨."
위치 보고,2025년 11월 15일 8시 27분,"관측결과 52S DG 276 954 일대에 전개된 부대는 남서 방향으로 진행 중, 평균 속도 약 73km/h, 고도 1180M로 파악됨."
위치 보고,2025년 11월 15일 11시 34분,"관측결과 52S DG 268 960 일대에 전개된 부대는 북동 방향으로 진행 중, 평균 속도 약 10km/h, 고도 9277M로 파악됨."
위치 보고,2025년 11월 16일 5시 2분,52S DG 281 984 부근에서 부대가 남동 방면으로 약 107km/h 속도로 이동 중이며 현재 고도는 15647M 수준으로 확인됨.
위치 보고,2025년 11월 16일 8시 26분,52S DG 284 978 부근에서 부대가 서 방면으로 약 44km/h 속도로 이동 중이며 현재 고도는 13310M 수준으로 확인됨.
위치 보고,2025년 11월 16일 14시 50분,"52S DG 282 960 기준 부대가 북으로 전진 중이며 속도 97km/h, 고도 6498M에서 안정적 전개 중임."
위치 보고,2025년 11월 16일 15시 21분,"52S DG 264 948 기준 부대가 동으로 전진 중이며 속도 115km/h, 고도 10529M에서 안정적 전개 중임."
위치 보고,2025년 11월 16일 17시 16분,"관측결과 52S DG 284 972 일대에 전개된 부대는 북동 방향으로 진행 중, 평균 속도 약 87km/h, 고도 9673M로 파악됨."
위치 보고,2025년 11월 16일 19시 7분,"관측결과 52S DG 282 983 일대에 전개된 부대는 북동 방향으로 진행 중, 평균 속도 약 38km/h, 고도 2925M로 파악됨."
위치 보고,2025년 11월 16일 19시 53분,"관측결과 52S DG 273 969 일대에 전개된 부대는 남 방향으로 진행 중, 평균 속도 약 39km/h, 고도 19926M로 파악됨."
위치 보고,2025년 11월 16일 22시 24분,"관측결과 52S DG 265 945 일대에 전개된 부대는 북 방향으로 진행 중, 평균 속도 약 67km/h, 고도 11125M로 파악됨."
위치 보고,2025년 11월 17일 2시 9분,52S DG 288 976 부근에서 부대가 북서 방면으로 약 50km/h 속도로 이동 중이며 현재 고도는 10364M 수준으로 확인됨.
위치 보고,2025년 11월 17일 10시 10분,52S DG 279 970 부근에서 부대가 남서 방면으로 약 92km/h 속도로 이동 중이며 현재 고도는 3371M 수준으로 확인됨.
위치 보고,2025년 11월 17일 11시 19분,"52S DG 276 964 기준 부대가 북서으로 전진 중이며 속도 18km/h, 고도 3284M에서 안정적 전개 중임."
위치 보고,2025년 11월 18일 11시 34분,52S DG 267 946 부근에서 부대가 남 방면으로 약 36km/h 속도로 이동 중이며 현재 고도는 9637M 수준으로 확인됨.
위치 보고,2025년 11월 18일 13시 7분,"52S DG 292 960 기준 부대가 남으로 전진 중이며 속도 90km/h, 고도 12454M에서 안정적 전개 중임."
위치 보고,2025년 11월 18일 17시 4분,"관측결과 52S DG 287 968 일대에 전개된 부대는 북 방향으로 진행 중, 평균 속도 약 29km/h, 고도 19301M로 파악됨."
위치 보고,2025년 11월 19일 1시 50분,"52S DG 288 959 기준 부대가 북서으로 전진 중이며 속도 28km/h, 고도 5876M에서 안정적 전개 중임."
이동 보고,2025년 10월 30일 10시 4분,"52S DG 279 947 기준 기계화 소대이 남으로 이동 중, 현재 속도 약 92km/h로 안정적 전진 중임."
이동 보고,2025년 10월 30일 12시 5분,"52S DG 285 954 기준 보급 부대이 남으로 이동 중, 현재 속도 약 25km/h로 안정적 전진 중임."
이동 보고,2025년 10월 30일 12시 59분,52S DG 274 972에서 52S DG 293 955로 기계화 소대이 남 방향으로 약 27km/h 속도로 이동 중이며 전개 계속 중임.
이동 보고,2025년 10월 30일 14시 25분,"기계화 소대이 52S DG 281 975 출발하여 북 방면으로 전진, 예상 속도 약 120km/h로 52S DG 275 958 부근 통과 예정."
이동 보고,2025년 10월 30일 16시 5분,52S DG 280 949에서 52S DG 270 948로 기계화 소대이 북서 방향으로 약 32km/h 속도로 이동 중이며 전개 계속 중임.
이동 보고,2025년 10월 30일 17시 51분,"기계화 소대이 52S DG 275 965 출발하여 북동 방면으로 전진, 예상 속도 약 39km/h로 52S DG 266 954 부근 통과 예정."
이동 보고,2025년 10월 30일 22시 25분,"보급 부대이 52S DG 270 969 출발하여 동 방면으로 전진, 예상 속도 약 99km/h로 52S DG 273 975 부근 통과 예정."
이동 보고,2025년 10월 30일 22시 44분,"52S DG 270 970 기준 전차 중대이 남서으로 이동 중, 현재 속도 약 49km/h로 안정적 전진 중임."
이동 보고,2025년 10월 30일 22시 47분,"52S DG 286 974 기준 보급 부대이 남으로 이동 중, 현재 속도 약 12km/h로 안정적 전진 중임."
이동 보고,2025년 10월 31일 1시 28분,"차량 행렬이 52S DG 276 960 출발하여 남서 방면으로 전진, 예상 속도 약 76km/h로 52S DG 284 969 부근 통과 예정."
이동 보고,2025년 10월 31일 3시 34분,"52S DG 289 961 기준 차량 행렬이 남서으로 이동 중, 현재 속도 약 29km/h로 안정적 전진 중임."
이동 보고,2025년 10월 31일 3시 43분,"보병 대대이 52S DG 267 957 출발하여 북 방면으로 전진, 예상 속도 약 18km/h로 52S DG 291 946 부근 통과 예정."
이동 보고,2025년 10월 31일 3시 45분,"보병 대대이 52S DG 274 944 출발하여 북서 방면으로 전진, 예상 속도 약 26km/h로 52S DG 282 980 부근 통과 예정."
이동 보고,2025년 10월 31일 3시 55분,52S DG 278 967에서 52S DG 269 970로 차량 행렬이 동 방향으로 약 36km/h 속도로 이동 중이며 전개 계속 중임.
이동 보고,2025년 10월 31일 3시 55분,"52S DG 288 965 기준 기계화 소대이 남동으로 이동 중, 현재 속도 약 35km/h로 안정적 전진 중임."
이동 보고,2025년 10월 31일 5시 38분,52S DG 286 956에서 52S DG 268 956로 보병 대대이 북 방향으로 약 109km/h 속도로 이동 중이며 전개 계속 중임.
이동 보고,2025년 10월 31일 9시 15분,52S DG 282 957에서 52S DG 294 984로 기계화 소대이 동 방향으로 약 45km/h 속도로 이동 중이며 전개 계속 중임.
이동 보고,2025년 10월 31일 9시 26분,"전차 중대이 52S DG 272 978 출발하여 북동 방면으로 전진, 예상 속도 약 45km/h로 52S DG 283 981 부근 통과 예정."
이동 보고,2025년 10월 31일 9시 47분,"52S DG 281 953 기준 보병 대대이 북으로 이동 중, 현재 속도 약 40km/h로 안정적 전진 중임."
이동 보고,2025년 10월 31일 10시 27분,"기계화 소대이 52S DG 278 957 출발하여 동 방면으로 전진, 예상 속도 약 48km/h로 52S DG 274 948 부근 통과 예정."
이동 보고,2025년 10월 31일 11시 7분,"보병 대대이 52S DG 270 978 출발하여 북 방면으로 전진, 예상 속도 약 56km/h로 52S DG 266 963 부근 통과 예정."
이동 보고,2025년 10월 31일 11시 45분,52S DG 266 969에서 52S DG 288 969로 보병 대대이 북동 방향으로 약 56km/h 속도로 이동 중이며 전개 계속 중임.
이동 보고,2025년 10월 31일 12시 4분,"차량 행렬이 52S DG 282 965 출발하여 동 방면으로 전진, 예상 속도 약 20km/h로 52S DG 277 945 부근 통과 예정."
이동 보고,2025년 10월 31일 12시 31분,52S DG 266 981에서 52S DG 268 961로 보급 부대이 서 방향으로 약 41km/h 속도로 이동 중이며 전개 계속 중임.
이동 보고,2025년 10월 31일 14시 45분,52S DG 268 972에서 52S DG 281 966로 기계화 소대이 남서 방향으로 약 90km/h 속도로 이동 중이며 전개 계속 중임.
이동 보고,2025년 10월 31일 15시 48분,"기계화 소대이 52S DG 265 966 출발하여 남서 방면으로 전진, 예상 속도 약 89km/h로 52S DG 287 959 부근 통과 예정."
이동 보고,2025년 10월 31일 19시 4분,"기계화 소대이 52S DG 281 956 출발하여 동 방면으로 전진, 예상 속도 약 41km/h로 52S DG 264 957 부근 통과 예정."
이동 보고,2025년 10월 31일 19시 39분,"보병 대대이 52S DG 294 950 출발하여 남동 방면으로 전진, 예상 속도 약 27km/h로 52S DG 294 962 부근 통과 예정."
이동 보고,2025년 10월 31일 21시 52분,"전차 중대이 52S DG 273 957 출발하여 남서 방면으로 전진, 예상 속도 약 92km/h로 52S DG 283 953 부근 통과 예정."
이동 보고,2025년 10월 31일 22시 19분,52S DG 274 978에서 52S DG 292 979로 보병 대대이 남동 방향으로 약 75km/h 속도로 이동 중이며 전개 계속 중임.
이동 보고,2025년 10월 31일 22시 31분,"52S DG 269 954 기준 보급 부대이 남으로 이동 중, 현재 속도 약 62km/h로 안정적 전진 중임."
이동 보고,2025년 10월 31일 23시 6분,"52S DG 287 981 기준 전차 중대이 북서으로 이동 중, 현재 속도 약 102km/h로 안정적 전진 중임."
이동 보고,2025년 10월 31일 23시 15분,52S DG 280 972에서 52S DG 268 966로 보병 대대이 남동 방향으로 약 115km/h 속도로 이동 중이며 전개 계속 중임.
이동 보고,2025년 11월 1일 0시 53분,"전차 중대이 52S DG 275 970 출발하여 남 방면으로 전진, 예상 속도 약 92km/h로 52S DG 271 981 부근 통과 예정."
이동 보고,2025년 11월 1일 1시 18분,52S DG 277 955에서 52S DG 267 962로 보급 부대이 서 방향으로 약 95km/h 속도로 이동 중이며 전개 계속 중임.
이동 보고,2025년 11월 1일 1시 56분,"보급 부대이 52S DG 292 961 출발하여 북 방면으로 전진, 예상 속도 약 102km/h로 52S DG 272 968 부근 통과 예정."
이동 보고,2025년 11월 1일 2시 26분,"52S DG 268 970 기준 기계화 소대이 동으로 이동 중, 현재 속도 약 22km/h로 안정적 전진 중임."
이동 보고,2025년 11월 1일 4시 20분,52S DG 277 980에서 52S DG 275 962로 차량 행렬이 북 방향으로 약 97km/h 속도로 이동 중이며 전개 계속 중임.
이동 보고,2025년 11월 1일 5시 0분,"52S DG 283 950 기준 기계화 소대이 서으로 이동 중, 현재 속도 약 75km/h로 안정적 전진 중임."
이동 보고,2025년 11월 1일 5시 1분,"52S DG 281 949 기준 기계화 소대이 북으로 이동 중, 현재 속도 약 21km/h로 안정적 전진 중임."
이동 보고,2025년 11월 1일 8시 4분,52S DG 289 963에서 52S DG 293 957로 보병 대대이 북서 방향으로 약 63km/h 속도로 이동 중이며 전개 계속 중임.
이동 보고,2025년 11월 1일 8시 38분,"전차 중대이 52S DG 293 980 출발하여 북 방면으로 전진, 예상 속도 약 40km/h로 52S DG 264 950 부근 통과 예정."
이동 보고,2025년 11월 1일 9시 36분,"52S DG 272 948 기준 기계화 소대이 남동으로 이동 중, 현재 속도 약 45km/h로 안정적 전진 중임."
이동 보고,2025년 11월 1일 9시 36분,"보병 대대이 52S DG 273 959 출발하여 남동 방면으로 전진, 예상 속도 약 72km/h로 52S DG 283 975 부근 통과 예정."
이동 보고,2025년 11월 1일 13시 2분,52S DG 286 964에서 52S DG 281 956로 기계화 소대이 북동 방향으로 약 14km/h 속도로 이동 중이며 전개 계속 중임.
이동 보고,2025년 11월 1일 17시 18분,"전차 중대이 52S DG 275 968 출발하여 서 방면으로 전진, 예상 속도 약 20km/h로 52S DG 274 978 부근 통과 예정."
이동 보고,2025년 11월 1일 20시 49분,"전차 중대이 52S DG 289 963 출발하여 남동 방면으로 전진, 예상 속도 약 118km/h로 52S DG 273 965 부근 통과 예정."
이동 보고,2025년 11월 1일 21시 7분,52S DG 273 946에서 52S DG 286 981로 보급 부대이 북서 방향으로 약 76km/h 속도로 이동 중이며 전개 계속 중임.
이동 보고,2025년 11월 1일 22시 12분,"52S DG 280 980 기준 전차 중대이 서으로 이동 중, 현재 속도 약 13km/h로 안정적 전진 중임."
이동 보고,2025년 11월 1일 22시 43분,"보병 대대이 52S DG 292 957 출발하여 서 방면으로 전진, 예상 속도 약 88km/h로 52S DG 294 965 부근 통과 예정."
이동 보고,2025년 11월 2일 0시 4분,52S DG 288 948에서 52S DG 280 950로 기계화 소대이 남동 방향으로 약 50km/h 속도로 이동 중이며 전개 계속 중임.
이동 보고,2025년 11월 2일 0시 26분,"보병 대대이 52S DG 273 968 출발하여 동 방면으로 전진, 예상 속도 약 54km/h로 52S DG 282 974 부근 통과 예정."
이동 보고,2025년 11월 2일 3시 47분,"52S DG 282 950 기준 보병 대대이 남동으로 이동 중, 현재 속도 약 100km/h로 안정적 전진 중임."
이동 보고,2025년 11월 2일 4시 44분,52S DG 267 986에서 52S DG 286 949로 보병 대대이 서 방향으로 약 36km/h 속도로 이동 중이며 전개 계속 중임.
이동 보고,2025년 11월 2일 4시 49분,52S DG 273 983에서 52S DG 265 978로 기계화 소대이 남동 방향으로 약 105km/h 속도로 이동 중이며 전개 계속 중임.
이동 보고,2025년 11월 2일 6시 33분,52S DG 276 982에서 52S DG 291 976로 보병 대대이 북 방향으로 약 30km/h 속도로 이동 중이며 전개 계속 중임.
이동 보고,2025년 11월 2일 9시 54분,"보병 대대이 52S DG 270 979 출발하여 남 방면으로 전진, 예상 속도 약 118km/h로 52S DG 285 955 부근 통과 예정."
이동 보고,2025년 11월 2일 10시 57분,"보급 부대이 52S DG 287 958 출발하여 남서 방면으로 전진, 예상 속도 약 74km/h로 52S DG 277 976 부근 통과 예정."
이동 보고,2025년 11월 2일 11시 1분,"52S DG 287 956 기준 기계화 소대이 북서으로 이동 중, 현재 속도 약 107km/h로 안정적 전진 중임."
이동 보고,2025년 11월 2일 15시 48분,"차량 행렬이 52S DG 265 948 출발하여 북서 방면으로 전진, 예상 속도 약 51km/h로 52S DG 278 956 부근 통과 예정."
이동 보고,2025년 11월 2일 19시 40분,"차량 행렬이 52S DG 268 972 출발하여 북서 방면으로 전진, 예상 속도 약 44km/h로 52S DG 277 958 부근 통과 예정."
이동 보고,2025년 11월 2일 22시 50분,52S DG 270 956에서 52S DG 267 955로 차량 행렬이 동 방향으로 약 53km/h 속도로 이동 중이며 전개 계속 중임.
이동 보고,2025년 11월 2일 23시 40분,52S DG 272 976에서 52S DG 283 955로 기계화 소대이 서 방향으로 약 41km/h 속도로 이동 중이며 전개 계속 중임.
이동 보고,2025년 11월 3일 0시 50분,"52S DG 276 976 기준 전차 중대이 동으로 이동 중, 현재 속도 약 59km/h로 안정적 전진 중임."
이동 보고,2025년 11월 3일 2시 10분,"52S DG 264 984 기준 전차 중대이 남서으로 이동 중, 현재 속도 약 34km/h로 안정적 전진 중임."
이동 보고,2025년 11월 3일 3시 24분,"보급 부대이 52S DG 265 971 출발하여 서 방면으로 전진, 예상 속도 약 16km/h로 52S DG 291 946 부근 통과 예정."
이동 보고,2025년 11월 3일 3시 56분,"보급 부대이 52S DG 282 970 출발하여 북 방면으로 전진, 예상 속도 약 59km/h로 52S DG 279 978 부근 통과 예정."
이동 보고,2025년 11월 3일 6시 27분,"차량 행렬이 52S DG 277 977 출발하여 서 방면으로 전진, 예상 속도 약 103km/h로 52S DG 268 962 부근 통과 예정."
이동 보고,2025년 11월 3일 8시 37분,"보급 부대이 52S DG 283 967 출발하여 북서 방면으로 전진, 예상 속도 약 44km/h로 52S DG 290 981 부근 통과 예정."
이동 보고,2025년 11월 3일 13시 5분,"보급 부대이 52S DG 282 977 출발하여 남동 방면으로 전진, 예상 속도 약 107km/h로 52S DG 267 970 부근 통과 예정."
이동 보고,2025년 11월 3일 13시 13분,52S DG 279 958에서 52S DG 275 971로 보병 대대이 북 방향으로 약 114km/h 속도로 이동 중이며 전개 계속 중임.
이동 보고,2025년 11월 3일 13시 14분,"52S DG 285 971 기준 기계화 소대이 남동으로 이동 중, 현재 속도 약 77km/h로 안정적 전진 중임."
이동 보고,2025년 11월 3일 16시 20분,52S DG 287 985에서 52S DG 267 975로 차량 행렬이 북서 방향으로 약 108km/h 속도로 이동 중이며 전개 계속 중임.
이동 보고,2025년 11월 3일 22시 26분,"보급 부대이 52S DG 264 977 출발하여 남 방면으로 전진, 예상 속도 약 15km/h로 52S DG 279 952 부근 통과 예정."
이동 보고,2025년 11월 3일 22시 46분,"보병 대대이 52S DG 281 949 출발하여 남동 방면으로 전진, 예상 속도 약 17km/h로 52S DG 267 952 부근 통과 예정."
이동 보고,2025년 11월 3일 23시 10분,"기계화 소대이 52S DG 281 968 출발하여 동 방면으로 전진, 예상 속도 약 42km/h로 52S DG 285 985 부근 통과 예정."
이동 보고,2025년 11월 4일 1시 0분,52S DG 294 973에서 52S DG 269 979로 차량 행렬이 남서 방향으로 약 111km/h 속도로 이동 중이며 전개 계속 중임.
이동 보고,2025년 11월 4일 2시 26분,52S DG 267 973에서 52S DG 280 949로 보급 부대이 남 방향으로 약 58km/h 속도로 이동 중이며 전개 계속 중임.
이동 보고,2025년 11월 4일 3시 21분,52S DG 286 978에서 52S DG 274 945로 보병 대대이 북동 방향으로 약 26km/h 속도로 이동 중이며 전개 계속 중임.
이동 보고,2025년 11월 4일 7시 28분,"52S DG 289 969 기준 차량 행렬이 남으로 이동 중, 현재 속도 약 119km/h로 안정적 전진 중임."
이동 보고,2025년 11월 4일 12시 26분,"52S DG 275 980 기준 기계화 소대이 동으로 이동 중, 현재 속도 약 70km/h로 안정적 전진 중임."
이동 보고,2025년 11월 4일 12시 28분,"52S DG 285 959 기준 차량 행렬이 남서으로 이동 중, 현재 속도 약 77km/h로 안정적 전진 중임."
이동 보고,2025년 11월 4일 14시 32분,"보병 대대이 52S DG 270 977 출발하여 남 방면으로 전진, 예상 속도 약 19km/h로 52S DG 277 979 부근 통과 예정."
이동 보고,2025년 11월 4일 15시 57분,"52S DG 283 974 기준 기계화 소대이 남으로 이동 중, 현재 속도 약 63km/h로 안정적 전진 중임."
이동 보고,2025년 11월 4일 17시 26분,"52S DG 275 954 기준 보급 부대이 북서으로 이동 중, 현재 속도 약 24km/h로 안정적 전진 중임."
이동 보고,2025년 11월 4일 20시 0분,52S DG 279 957에서 52S DG 291 965로 전차 중대이 동 방향으로 약 112km/h 속도로 이동 중이며 전개 계속 중임.
이동 보고,2025년 11월 4일 20시 9분,"기계화 소대이 52S DG 267 969 출발하여 북 방면으로 전진, 예상 속도 약 38km/h로 52S DG 285 973 부근 통과 예정."
이동 보고,2025년 11월 5일 0시 7분,"52S DG 289 957 기준 전차 중대이 남동으로 이동 중, 현재 속도 약 117km/h로 안정적 전진 중임."
이동 보고,2025년 11월 5일 1시 1분,"차량 행렬이 52S DG 281 956 출발하여 남서 방면으로 전진, 예상 속도 약 31km/h로 52S DG 285 953 부근 통과 예정."
이동 보고,2025년 11월 5일 1시 10분,52S DG 282 983에서 52S DG 264 959로 보급 부대이 북서 방향으로 약 14km/h 속도로 이동 중이며 전개 계속 중임.
이동 보고,2025년 11월 5일 1시 13분,"52S DG 287 956 기준 보병 대대이 서으로 이동 중, 현재 속도 약 116km/h로 안정적 전진 중임."
이동 보고,2025년 11월 5일 3시 1분,"52S DG 271 958 기준 보병 대대이 남동으로 이동 중, 현재 속도 약 64km/h로 안정적 전진 중임."
이동 보고,2025년 11월 5일 4시 36분,52S DG 264 955에서 52S DG 272 952로 보병 대대이 남서 방향으로 약 63km/h 속도로 이동 중이며 전개 계속 중임.
이동 보고,2025년 11월 5일 6시 2분,52S DG 265 956에서 52S DG 271 986로 전차 중대이 남동 방향으로 약 47km/h 속도로 이동 중이며 전개 계속 중임.
이동 보고,2025년 11월 5일 7시 12분,"기계화 소대이 52S DG 283 984 출발하여 서 방면으로 전진, 예상 속도 약 55km/h로 52S DG 280 952 부근 통과 예정."
이동 보고,2025년 11월 5일 7시 32분,"52S DG 289 946 기준 보병 대대이 북으로 이동 중, 현재 속도 약 117km/h로 안정적 전진 중임."
이동 보고,2025년 11월 5일 10시 6분,"기계화 소대이 52S DG 280 968 출발하여 북 방면으로 전진, 예상 속도 약 54km/h로 52S DG 283 951 부근 통과 예정."
이동 보고,2025년 11월 5일 10시 20분,52S DG 292 951에서 52S DG 275 975로 보병 대대이 남서 방향으로 약 110km/h 속도로 이동 중이며 전개 계속 중임.
이동 보고,2025년 11월 5일 11시 25분,52S DG 277 969에서 52S DG 271 961로 전차 중대이 남서 방향으로 약 119km/h 속도로 이동 중이며 전개 계속 중임.
이동 보고,2025년 11월 5일 13시 26분,52S DG 269 948에서 52S DG 265 974로 전차 중대이 북 방향으로 약 39km/h 속도로 이동 중이며 전개 계속 중임.
이동 보고,2025년 11월 5일 13시 39분,52S DG 277 945에서 52S DG 291 982로 전차 중대이 북 방향으로 약 20km/h 속도로 이동 중이며 전개 계속 중임.
이동 보고,2025년 11월 5일 13시 39분,"52S DG 288 950 기준 보병 대대이 북동으로 이동 중, 현재 속도 약 54km/h로 안정적 전진 중임."
이동 보고,2025년 11월 5일 16시 25분,"52S DG 268 954 기준 차량 행렬이 남동으로 이동 중, 현재 속도 약 77km/h로 안정적 전진 중임."
이동 보고,2025년 11월 5일 17시 34분,52S DG 284 970에서 52S DG 276 947로 전차 중대이 남동 방향으로 약 26km/h 속도로 이동 중이며 전개 계속 중임.
이동 보고,2025년 11월 5일 18시 19분,"차량 행렬이 52S DG 285 944 출발하여 남동 방면으로 전진, 예상 속도 약 11km/h로 52S DG 271 970 부근 통과 예정."
이동 보고,2025년 11월 5일 23시 10분,"차량 행렬이 52S DG 265 978 출발하여 남동 방면으로 전진, 예상 속도 약 92km/h로 52S DG 292 986 부근 통과 예정."
이동 보고,2025년 11월 5일 23시 50분,52S DG 273 957에서 52S DG 285 985로 전차 중대이 북서 방향으로 약 18km/h 속도로 이동 중이며 전개 계속 중임.
이동 보고,2025년 11월 6일 3시 48분,"52S DG 282 967 기준 차량 행렬이 북동으로 이동 중, 현재 속도 약 119km/h로 안정적 전진 중임."
이동 보고,2025년 11월 6일 4시 44분,52S DG 273 978에서 52S DG 267 961로 보급 부대이 북 방향으로 약 55km/h 속도로 이동 중이며 전개 계속 중임.
이동 보고,2025년 11월 6일 4시 59분,"전차 중대이 52S DG 288 982 출발하여 남동 방면으로 전진, 예상 속도 약 119km/h로 52S DG 292 952 부근 통과 예정."
이동 보고,2025년 11월 6일 5시 33분,"52S DG 273 980 기준 전차 중대이 북서으로 이동 중, 현재 속도 약 45km/h로 안정적 전진 중임."
이동 보고,2025년 11월 6일 5시 52분,52S DG 277 979에서 52S DG 276 978로 보병 대대이 북서 방향으로 약 50km/h 속도로 이동 중이며 전개 계속 중임.
이동 보고,2025년 11월 6일 6시 36분,"차량 행렬이 52S DG 274 968 출발하여 북동 방면으로 전진, 예상 속도 약 26km/h로 52S DG 287 946 부근 통과 예정."
이동 보고,2025년 11월 6일 7시 18분,"전차 중대이 52S DG 286 980 출발하여 동 방면으로 전진, 예상 속도 약 72km/h로 52S DG 267 981 부근 통과 예정."
이동 보고,2025년 11월 6일 8시 7분,"52S DG 272 950 기준 기계화 소대이 동으로 이동 중, 현재 속도 약 53km/h로 안정적 전진 중임."
이동 보고,2025년 11월 6일 11시 19분,52S DG 274 980에서 52S DG 288 986로 보급 부대이 서 방향으로 약 79km/h 속도로 이동 중이며 전개 계속 중임.
이동 보고,2025년 11월 6일 12시 37분,"차량 행렬이 52S DG 290 966 출발하여 북동 방면으로 전진, 예상 속도 약 73km/h로 52S DG 281 951 부근 통과 예정."
이동 보고,2025년 11월 6일 13시 31분,52S DG 270 971에서 52S DG 277 974로 전차 중대이 남서 방향으로 약 105km/h 속도로 이동 중이며 전개 계속 중임.
이동 보고,2025년 11월 6일 16시 35분,"52S DG 287 962 기준 차량 행렬이 남서으로 이동 중, 현재 속도 약 75km/h로 안정적 전진 중임."
이동 보고,2025년 11월 6일 16시 52분,"52S DG 290 985 기준 보병 대대이 북으로 이동 중, 현재 속도 약 43km/h로 안정적 전진 중임."
이동 보고,2025년 11월 6일 16시 56분,"전차 중대이 52S DG 285 957 출발하여 남서 방면으로 전진, 예상 속도 약 93km/h로 52S DG 281 957 부근 통과 예정."
이동 보고,2025년 11월 6일 17시 23분,"52S DG 278 962 기준 기계화 소대이 남으로 이동 중, 현재 속도 약 85km/h로 안정적 전진 중임."
이동 보고,2025년 11월 6일 19시 1분,"52S DG 291 944 기준 차량 행렬이 남으로 이동 중, 현재 속도 약 112km/h로 안정적 전진 중임."
이동 보고,2025년 11월 6일 19시 23분,"52S DG 280 946 기준 차량 행렬이 남으로 이동 중, 현재 속도 약 73km/h로 안정적 전진 중임."
이동 보고,2025년 11월 6일 21시 9분,52S DG 290 950에서 52S DG 290 965로 차량 행렬이 남서 방향으로 약 65km/h 속도로 이동 중이며 전개 계속 중임.
이동 보고,2025년 11월 7일 0시 36분,"차량 행렬이 52S DG 269 976 출발하여 서 방면으로 전진, 예상 속도 약 111km/h로 52S DG 285 951 부근 통과 예정."
이동 보고,2025년 11월 7일 1시 14분,"52S DG 278 947 기준 보병 대대이 북서으로 이동 중, 현재 속도 약 110km/h로 안정적 전진 중임."
이동 보고,2025년 11월 7일 7시 38분,"전차 중대이 52S DG 289 958 출발하여 남 방면으로 전진, 예상 속도 약 53km/h로 52S DG 294 980 부근 통과 예정."
이동 보고,2025년 11월 7일 8시 23분,52S DG 271 956에서 52S DG 277 969로 보병 대대이 북서 방향으로 약 27km/h 속도로 이동 중이며 전개 계속 중임.
이동 보고,2025년 11월 7일 11시 5분,"52S DG 286 950 기준 전차 중대이 남동으로 이동 중, 현재 속도 약 53km/h로 안정적 전진 중임."
이동 보고,2025년 11월 7일 14시 40분,"차량 행렬이 52S DG 279 954 출발하여 서 방면으로 전진, 예상 속도 약 48km/h로 52S DG 273 946 부근 통과 예정."
이동 보고,2025년 11월 7일 15시 52분,"52S DG 276 959 기준 보병 대대이 동으로 이동 중, 현재 속도 약 14km/h로 안정적 전진 중임."
이동 보고,2025년 11월 7일 17시 11분,"차량 행렬이 52S DG 272 952 출발하여 동 방면으로 전진, 예상 속도 약 109km/h로 52S DG 281 960 부근 통과 예정."
이동 보고,2025년 11월 7일 18시 34분,52S DG 264 964에서 52S DG 264 952로 차량 행렬이 북동 방향으로 약 103km/h 속도로 이동 중이며 전개 계속 중임.
이동 보고,2025년 11월 7일 19시 7분,"52S DG 279 949 기준 보급 부대이 북으로 이동 중, 현재 속도 약 16km/h로 안정적 전진 중임."
이동 보고,2025년 11월 7일 19시 21분,52S DG 284 959에서 52S DG 278 970로 보급 부대이 남 방향으로 약 52km/h 속도로 이동 중이며 전개 계속 중임.
이동 보고,2025년 11월 7일 19시 47분,"차량 행렬이 52S DG 267 957 출발하여 북서 방면으로 전진, 예상 속도 약 104km/h로 52S DG 290 980 부근 통과 예정."
이동 보고,2025년 11월 7일 19시 58분,52S DG 271 976에서 52S DG 271 985로 전차 중대이 북서 방향으로 약 83km/h 속도로 이동 중이며 전개 계속 중임.
이동 보고,2025년 11월 7일 20시 21분,"전차 중대이 52S DG 268 966 출발하여 남동 방면으로 전진, 예상 속도 약 10km/h로 52S DG 264 973 부근 통과 예정."
이동 보고,2025년 11월 7일 21시 58분,"전차 중대이 52S DG 270 963 출발하여 북 방면으로 전진, 예상 속도 약 27km/h로 52S DG 276 980 부근 통과 예정."
이동 보고,2025년 11월 7일 22시 49분,"52S DG 269 968 기준 전차 중대이 서으로 이동 중, 현재 속도 약 102km/h로 안정적 전진 중임."
이동 보고,2025년 11월 8일 1시 58분,52S DG 287 953에서 52S DG 292 945로 차량 행렬이 북서 방향으로 약 30km/h 속도로 이동 중이며 전개 계속 중임.
이동 보고,2025년 11월 8일 2시 42분,"52S DG 271 944 기준 전차 중대이 남으로 이동 중, 현재 속도 약 29km/h로 안정적 전진 중임."
이동 보고,2025년 11월 8일 6시 16분,52S DG 272 961에서 52S DG 279 945로 전차 중대이 남 방향으로 약 93km/h 속도로 이동 중이며 전개 계속 중임.
이동 보고,2025년 11월 8일 10시 29분,52S DG 285 978에서 52S DG 264 967로 기계화 소대이 남서 방향으로 약 39km/h 속도로 이동 중이며 전개 계속 중임.
이동 보고,2025년 11월 8일 13시 3분,52S DG 287 972에서 52S DG 285 944로 보급 부대이 남서 방향으로 약 40km/h 속도로 이동 중이며 전개 계속 중임.
이동 보고,2025년 11월 8일 15시 8분,52S DG 271 957에서 52S DG 294 955로 기계화 소대이 동 방향으로 약 106km/h 속도로 이동 중이며 전개 계속 중임.
이동 보고,2025년 11월 8일 18시 56분,"보급 부대이 52S DG 289 981 출발하여 서 방면으로 전진, 예상 속도 약 85km/h로 52S DG 277 967 부근 통과 예정."
이동 보고,2025년 11월 8일 19시 11분,"52S DG 272 948 기준 보급 부대이 북으로 이동 중, 현재 속도 약 25km/h로 안정적 전진 중임."
이동 보고,2025년 11월 8일 23시 50분,"전차 중대이 52S DG 274 948 출발하여 북서 방면으로 전진, 예상 속도 약 72km/h로 52S DG 294 976 부근 통과 예정."
이동 보고,2025년 11월 9일 4시 19분,"52S DG 277 982 기준 기계화 소대이 북동으로 이동 중, 현재 속도 약 99km/h로 안정적 전진 중임."
이동 보고,2025년 11월 9일 7시 46분,"52S DG 275 968 기준 보급 부대이 북으로 이동 중, 현재 속도 약 93km/h로 안정적 전진 중임."
이동 보고,2025년 11월 9일 8시 4분,52S DG 290 952에서 52S DG 269 980로 차량 행렬이 남 방향으로 약 107km/h 속도로 이동 중이며 전개 계속 중임.
이동 보고,2025년 11월 9일 8시 46분,"52S DG 277 959 기준 전차 중대이 동으로 이동 중, 현재 속도 약 88km/h로 안정적 전진 중임."
이동 보고,2025년 11월 9일 9시 5분,52S DG 289 967에서 52S DG 264 980로 전차 중대이 남 방향으로 약 83km/h 속도로 이동 중이며 전개 계속 중임.
이동 보고,2025년 11월 9일 13시 6분,"52S DG 291 973 기준 보병 대대이 북으로 이동 중, 현재 속도 약 95km/h로 안정적 전진 중임."
이동 보고,2025년 11월 9일 16시 2분,"전차 중대이 52S DG 275 960 출발하여 남서 방면으로 전진, 예상 속도 약 67km/h로 52S DG 289 983 부근 통과 예정."
이동 보고,2025년 11월 9일 16시 15분,"기계화 소대이 52S DG 278 976 출발하여 서 방면으로 전진, 예상 속도 약 102km/h로 52S DG 292 981 부근 통과 예정."
이동 보고,2025년 11월 9일 23시 1분,52S DG 287 950에서 52S DG 292 964로 보병 대대이 남 방향으로 약 70km/h 속도로 이동 중이며 전개 계속 중임.
이동 보고,2025년 11월 10일 4시 8분,"기계화 소대이 52S DG 267 946 출발하여 북동 방면으로 전진, 예상 속도 약 25km/h로 52S DG 264 946 부근 통과 예정."
이동 보고,2025년 11월 10일 6시 41분,"52S DG 271 975 기준 차량 행렬이 남동으로 이동 중, 현재 속도 약 15km/h로 안정적 전진 중임."
이동 보고,2025년 11월 10일 7시 46분,"52S DG 288 954 기준 전차 중대이 남서으로 이동 중, 현재 속도 약 64km/h로 안정적 전진 중임."
이동 보고,2025년 11월 10일 8시 51분,"보병 대대이 52S DG 273 981 출발하여 남동 방면으로 전진, 예상 속도 약 47km/h로 52S DG 277 947 부근 통과 예정."
이동 보고,2025년 11월 10일 12시 5분,52S DG 277 976에서 52S DG 269 977로 보급 부대이 남동 방향으로 약 78km/h 속도로 이동 중이며 전개 계속 중임.
이동 보고,2025년 11월 10일 13시 20분,"전차 중대이 52S DG 275 979 출발하여 북동 방면으로 전진, 예상 속도 약 109km/h로 52S DG 270 971 부근 통과 예정."
이동 보고,2025년 11월 10일 18시 15분,"52S DG 266 949 기준 기계화 소대이 북으로 이동 중, 현재 속도 약 117km/h로 안정적 전진 중임."
이동 보고,2025년 11월 10일 19시 36분,52S DG 270 960에서 52S DG 280 965로 전차 중대이 남 방향으로 약 10km/h 속도로 이동 중이며 전개 계속 중임.
이동 보고,2025년 11월 11일 0시 45분,"차량 행렬이 52S DG 284 978 출발하여 남 방면으로 전진, 예상 속도 약 115km/h로 52S DG 265 951 부근 통과 예정."
이동 보고,2025년 11월 11일 3시 7분,"52S DG 264 952 기준 보병 대대이 남으로 이동 중, 현재 속도 약 78km/h로 안정적 전진 중임."
이동 보고,2025년 11월 11일 3시 20분,52S DG 265 964에서 52S DG 277 952로 보병 대대이 서 방향으로 약 79km/h 속도로 이동 중이며 전개 계속 중임.
이동 보고,2025년 11월 11일 6시 29분,"52S DG 279 957 기준 보급 부대이 서으로 이동 중, 현재 속도 약 82km/h로 안정적 전진 중임."
이동 보고,2025년 11월 11일 7시 12분,"보병 대대이 52S DG 291 968 출발하여 북 방면으로 전진, 예상 속도 약 76km/h로 52S DG 272 979 부근 통과 예정."
이동 보고,2025년 11월 11일 9시 4분,"52S DG 275 956 기준 기계화 소대이 남동으로 이동 중, 현재 속도 약 41km/h로 안정적 전진 중임."
이동 보고,2025년 11월 11일 9시 47분,"52S DG 288 981 기준 전차 중대이 북동으로 이동 중, 현재 속도 약 119km/h로 안정적 전진 중임."
이동 보고,2025년 11월 11일 10시 4분,"52S DG 279 965 기준 보병 대대이 남동으로 이동 중, 현재 속도 약 88km/h로 안정적 전진 중임."
이동 보고,2025년 11월 11일 11시 46분,52S DG 269 977에서 52S DG 269 979로 보급 부대이 남서 방향으로 약 83km/h 속도로 이동 중이며 전개 계속 중임.
이동 보고,2025년 11월 11일 13시 32분,"52S DG 286 954 기준 기계화 소대이 북서으로 이동 중, 현재 속도 약 47km/h로 안정적 전진 중임."
이동 보고,2025년 11월 11일 14시 29분,52S DG 286 958에서 52S DG 281 953로 차량 행렬이 북동 방향으로 약 49km/h 속도로 이동 중이며 전개 계속 중임.
이동 보고,2025년 11월 11일 15시 7분,"52S DG 289 955 기준 기계화 소대이 북동으로 이동 중, 현재 속도 약 69km/h로 안정적 전진 중임."
이동 보고,2025년 11월 11일 16시 41분,"52S DG 269 965 기준 전차 중대이 동으로 이동 중, 현재 속도 약 53km/h로 안정적 전진 중임."
이동 보고,2025년 11월 11일 17시 1분,52S DG 265 976에서 52S DG 292 955로 차량 행렬이 서 방향으로 약 44km/h 속도로 이동 중이며 전개 계속 중임.
이동 보고,2025년 11월 11일 17시 16분,"52S DG 267 985 기준 전차 중대이 북서으로 이동 중, 현재 속도 약 111km/h로 안정적 전진 중임."
이동 보고,2025년 11월 11일 20시 2분,52S DG 266 981에서 52S DG 281 971로 전차 중대이 동 방향으로 약 20km/h 속도로 이동 중이며 전개 계속 중임.
이동 보고,2025년 11월 11일 23시 31분,"52S DG 274 966 기준 보급 부대이 서으로 이동 중, 현재 속도 약 45km/h로 안정적 전진 중임."
이동 보고,2025년 11월 12일 0시 7분,"52S DG 267 981 기준 전차 중대이 동으로 이동 중, 현재 속도 약 90km/h로 안정적 전진 중임."
이동 보고,2025년 11월 12일 5시 25분,"보병 대대이 52S DG 273 973 출발하여 북동 방면으로 전진, 예상 속도 약 76km/h로 52S DG 270 957 부근 통과 예정."
이동 보고,2025년 11월 12일 8시 1분,52S DG 272 983에서 52S DG 268 960로 차량 행렬이 북서 방향으로 약 11km/h 속도로 이동 중이며 전개 계속 중임.
이동 보고,2025년 11월 12일 8시 9분,52S DG 267 979에서 52S DG 283 965로 전차 중대이 남동 방향으로 약 59km/h 속도로 이동 중이며 전개 계속 중임.
이동 보고,2025년 11월 12일 11시 36분,"52S DG 268 948 기준 전차 중대이 남으로 이동 중, 현재 속도 약 77km/h로 안정적 전진 중임."
이동 보고,2025년 11월 12일 11시 58분,"기계화 소대이 52S DG 271 951 출발하여 동 방면으로 전진, 예상 속도 약 119km/h로 52S DG 288 975 부근 통과 예정."
이동 보고,2025년 11월 12일 12시 24분,"전차 중대이 52S DG 282 974 출발하여 남동 방면으로 전진, 예상 속도 약 59km/h로 52S DG 266 973 부근 통과 예정."
이동 보고,2025년 11월 12일 13시 8분,"52S DG 290 960 기준 기계화 소대이 서으로 이동 중, 현재 속도 약 33km/h로 안정적 전진 중임."
이동 보고,2025년 11월 12일 14시 40분,"52S DG 277 955 기준 차량 행렬이 서으로 이동 중, 현재 속도 약 92km/h로 안정적 전진 중임."
이동 보고,2025년 11월 12일 17시 40분,"차량 행렬이 52S DG 278 945 출발하여 서 방면으로 전진, 예상 속도 약 43km/h로 52S DG 264 974 부근 통과 예정."
이동 보고,2025년 11월 12일 18시 21분,"기계화 소대이 52S DG 275 952 출발하여 남동 방면으로 전진, 예상 속도 약 48km/h로 52S DG 293 956 부근 통과 예정."
이동 보고,2025년 11월 12일 18시 31분,"보급 부대이 52S DG 288 958 출발하여 남서 방면으로 전진, 예상 속도 약 46km/h로 52S DG 278 970 부근 통과 예정."
이동 보고,2025년 11월 12일 21시 28분,52S DG 287 961에서 52S DG 287 960로 차량 행렬이 남서 방향으로 약 107km/h 속도로 이동 중이며 전개 계속 중임.
이동 보고,2025년 11월 12일 21시 37분,52S DG 288 963에서 52S DG 281 962로 보병 대대이 남동 방향으로 약 102km/h 속도로 이동 중이며 전개 계속 중임.
이동 보고,2025년 11월 12일 23시 3분,52S DG 281 985에서 52S DG 264 955로 기계화 소대이 북 방향으로 약 13km/h 속도로 이동 중이며 전개 계속 중임.
이동 보고,2025년 11월 13일 0시 33분,"보급 부대이 52S DG 273 963 출발하여 남동 방면으로 전진, 예상 속도 약 68km/h로 52S DG 286 971 부근 통과 예정."
이동 보고,2025년 11월 13일 2시 43분,52S DG 291 954에서 52S DG 283 984로 차량 행렬이 북서 방향으로 약 29km/h 속도로 이동 중이며 전개 계속 중임.
이동 보고,2025년 11월 13일 3시 23분,52S DG 272 982에서 52S DG 282 955로 보급 부대이 북동 방향으로 약 29km/h 속도로 이동 중이며 전개 계속 중임.
이동 보고,2025년 11월 13일 7시 59분,"기계화 소대이 52S DG 266 967 출발하여 동 방면으로 전진, 예상 속도 약 69km/h로 52S DG 278 958 부근 통과 예정."
이동 보고,2025년 11월 13일 8시 13분,52S DG 285 962에서 52S DG 284 969로 기계화 소대이 북 방향으로 약 93km/h 속도로 이동 중이며 전개 계속 중임.
이동 보고,2025년 11월 13일 12시 54분,"52S DG 265 952 기준 기계화 소대이 북으로 이동 중, 현재 속도 약 34km/h로 안정적 전진 중임."
이동 보고,2025년 11월 13일 14시 58분,"보병 대대이 52S DG 287 966 출발하여 남서 방면으로 전진, 예상 속도 약 52km/h로 52S DG 289 961 부근 통과 예정."
이동 보고,2025년 11월 13일 15시 26분,"전차 중대이 52S DG 285 982 출발하여 북동 방면으로 전진, 예상 속도 약 46km/h로 52S DG 274 963 부근 통과 예정."
이동 보고,2025년 11월 13일 15시 38분,"52S DG 275 959 기준 기계화 소대이 남동으로 이동 중, 현재 속도 약 101km/h로 안정적 전진 중임."
이동 보고,2025년 11월 13일 16시 57분,"보병 대대이 52S DG 291 962 출발하여 동 방면으로 전진, 예상 속도 약 100km/h로 52S DG 294 981 부근 통과 예정."
이동 보고,2025년 11월 13일 17시 41분,"52S DG 275 956 기준 전차 중대이 동으로 이동 중, 현재 속도 약 39km/h로 안정적 전진 중임."
이동 보고,2025년 11월 13일 18시 20분,"52S DG 267 960 기준 기계화 소대이 남동으로 이동 중, 현재 속도 약 44km/h로 안정적 전진 중임."
이동 보고,2025년 11월 13일 18시 56분,"52S DG 287 970 기준 차량 행렬이 북동으로 이동 중, 현재 속도 약 59km/h로 안정적 전진 중임."
이동 보고,2025년 11월 13일 22시 0분,52S DG 265 945에서 52S DG 282 954로 차량 행렬이 남 방향으로 약 38km/h 속도로 이동 중이며 전개 계속 중임.
이동 보고,2025년 11월 13일 22시 43분,52S DG 274 968에서 52S DG 283 979로 보급 부대이 동 방향으로 약 105km/h 속도로 이동 중이며 전개 계속 중임.
이동 보고,2025년 11월 14일 1시 14분,"기계화 소대이 52S DG 286 978 출발하여 서 방면으로 전진, 예상 속도 약 103km/h로 52S DG 273 970 부근 통과 예정."
이동 보고,2025년 11월 14일 2시 53분,"52S DG 265 979 기준 차량 행렬이 북동으로 이동 중, 현재 속도 약 111km/h로 안정적 전진 중임."
이동 보고,2025년 11월 14일 3시 3분,52S DG 287 958에서 52S DG 287 950로 전차 중대이 서 방향으로 약 85km/h 속도로 이동 중이며 전개 계속 중임.
이동 보고,2025년 11월 14일 6시 4분,"52S DG 293 986 기준 차량 행렬이 북서으로 이동 중, 현재 속도 약 11km/h로 안정적 전진 중임."
이동 보고,2025년 11월 14일 8시 9분,"52S DG 292 947 기준 기계화 소대이 남서으로 이동 중, 현재 속도 약 76km/h로 안정적 전진 중임."
이동 보고,2025년 11월 14일 8시 33분,"52S DG 275 976 기준 보병 대대이 동으로 이동 중, 현재 속도 약 69km/h로 안정적 전진 중임."
이동 보고,2025년 11월 14일 9시 0분,"보급 부대이 52S DG 273 960 출발하여 북서 방면으로 전진, 예상 속도 약 26km/h로 52S DG 287 954 부근 통과 예정."
이동 보고,2025년 11월 14일 10시 31분,52S DG 286 977에서 52S DG 289 949로 보병 대대이 남 방향으로 약 39km/h 속도로 이동 중이며 전개 계속 중임.
이동 보고,2025년 11월 14일 12시 23분,52S DG 273 956에서 52S DG 267 963로 차량 행렬이 남서 방향으로 약 13km/h 속도로 이동 중이며 전개 계속 중임.
이동 보고,2025년 11월 14일 13시 51분,"기계화 소대이 52S DG 288 983 출발하여 동 방면으로 전진, 예상 속도 약 10km/h로 52S DG 284 956 부근 통과 예정."
이동 보고,2025년 11월 14일 17시 32분,"차량 행렬이 52S DG 273 980 출발하여 북동 방면으로 전진, 예상 속도 약 79km/h로 52S DG 293 956 부근 통과 예정."
이동 보고,2025년 11월 14일 18시 32분,"52S DG 274 974 기준 차량 행렬이 남서으로 이동 중, 현재 속도 약 77km/h로 안정적 전진 중임."
이동 보고,2025년 11월 14일 20시 50분,"전차 중대이 52S DG 270 966 출발하여 남 방면으로 전진, 예상 속도 약 107km/h로 52S DG 272 955 부근 통과 예정."
이동 보고,2025년 11월 14일 22시 16분,"52S DG 265 980 기준 전차 중대이 북서으로 이동 중, 현재 속도 약 24km/h로 안정적 전진 중임."
이동 보고,2025년 11월 14일 22시 47분,"전차 중대이 52S DG 275 974 출발하여 남 방면으로 전진, 예상 속도 약 96km/h로 52S DG 269 945 부근 통과 예정."
이동 보고,2025년 11월 14일 22시 52분,"보급 부대이 52S DG 291 986 출발하여 남 방면으로 전진, 예상 속도 약 40km/h로 52S DG 269 979 부근 통과 예정."
이동 보고,2025년 11월 15일 1시 10분,52S DG 283 977에서 52S DG 287 973로 보병 대대이 북서 방향으로 약 47km/h 속도로 이동 중이며 전개 계속 중임.
이동 보고,2025년 11월 15일 2시 59분,52S DG 284 959에서 52S DG 289 958로 기계화 소대이 서 방향으로 약 50km/h 속도로 이동 중이며 전개 계속 중임.
이동 보고,2025년 11월 15일 3시 8분,"보급 부대이 52S DG 277 982 출발하여 동 방면으로 전진, 예상 속도 약 38km/h로 52S DG 273 958 부근 통과 예정."
이동 보고,2025년 11월 15일 4시 14분,"보병 대대이 52S DG 288 985 출발하여 북 방면으로 전진, 예상 속도 약 65km/h로 52S DG 266 957 부근 통과 예정."
이동 보고,2025년 11월 15일 5시 34분,52S DG 273 977에서 52S DG 285 978로 전차 중대이 남동 방향으로 약 20km/h 속도로 이동 중이며 전개 계속 중임.
이동 보고,2025년 11월 15일 6시 23분,"차량 행렬이 52S DG 268 975 출발하여 동 방면으로 전진, 예상 속도 약 54km/h로 52S DG 287 978 부근 통과 예정."
이동 보고,2025년 11월 15일 7시 52분,"보급 부대이 52S DG 272 958 출발하여 서 방면으로 전진, 예상 속도 약 82km/h로 52S DG 270 953 부근 통과 예정."
이동 보고,2025년 11월 15일 8시 7분,"전차 중대이 52S DG 281 968 출발하여 동 방면으로 전진, 예상 속도 약 45km/h로 52S DG 268 952 부근 통과 예정."
이동 보고,2025년 11월 15일 12시 25분,"52S DG 274 975 기준 차량 행렬이 남서으로 이동 중, 현재 속도 약 92km/h로 안정적 전진 중임."
이동 보고,2025년 11월 15일 13시 2분,52S DG 284 956에서 52S DG 283 957로 보병 대대이 북동 방향으로 약 68km/h 속도로 이동 중이며 전개 계속 중임.
이동 보고,2025년 11월 15일 13시 27분,"보병 대대이 52S DG 282 973 출발하여 동 방면으로 전진, 예상 속도 약 18km/h로 52S DG 289 964 부근 통과 예정."
이동 보고,2025년 11월 15일 13시 34분,52S DG 286 972에서 52S DG 266 963로 보병 대대이 남동 방향으로 약 75km/h 속도로 이동 중이며 전개 계속 중임.
이동 보고,2025년 11월 15일 15시 25분,52S DG 289 956에서 52S DG 290 950로 전차 중대이 남 방향으로 약 14km/h 속도로 이동 중이며 전개 계속 중임.
이동 보고,2025년 11월 15일 17시 21분,52S DG 278 947에서 52S DG 277 954로 전차 중대이 남동 방향으로 약 26km/h 속도로 이동 중이며 전개 계속 중임.
이동 보고,2025년 11월 15일 20시 25분,"52S DG 280 956 기준 보병 대대이 북동으로 이동 중, 현재 속도 약 83km/h로 안정적 전진 중임."
이동 보고,2025년 11월 15일 20시 31분,"52S DG 284 973 기준 차량 행렬이 서으로 이동 중, 현재 속도 약 64km/h로 안정적 전진 중임."
이동 보고,2025년 11월 15일 21시 7분,"52S DG 280 947 기준 기계화 소대이 남으로 이동 중, 현재 속도 약 80km/h로 안정적 전진 중임."
이동 보고,2025년 11월 15일 23시 45분,52S DG 267 982에서 52S DG 267 981로 전차 중대이 남 방향으로 약 49km/h 속도로 이동 중이며 전개 계속 중임.
이동 보고,2025년 11월 16일 0시 23분,"52S DG 278 976 기준 보병 대대이 남서으로 이동 중, 현재 속도 약 54km/h로 안정적 전진 중임."
이동 보고,2025년 11월 16일 2시 42분,"보급 부대이 52S DG 287 979 출발하여 남 방면으로 전진, 예상 속도 약 22km/h로 52S DG 278 975 부근 통과 예정."
이동 보고,2025년 11월 16일 3시 56분,"기계화 소대이 52S DG 291 953 출발하여 북동 방면으로 전진, 예상 속도 약 30km/h로 52S DG 281 958 부근 통과 예정."
이동 보고,2025년 11월 16일 4시 44분,"보병 대대이 52S DG 276 972 출발하여 남동 방면으로 전진, 예상 속도 약 66km/h로 52S DG 286 966 부근 통과 예정."
이동 보고,2025년 11월 16일 5시 14분,"52S DG 275 967 기준 전차 중대이 북서으로 이동 중, 현재 속도 약 91km/h로 안정적 전진 중임."
이동 보고,2025년 11월 16일 5시 54분,"보병 대대이 52S DG 289 953 출발하여 북 방면으로 전진, 예상 속도 약 47km/h로 52S DG 290 945 부근 통과 예정."
이동 보고,2025년 11월 16일 6시 12분,"보병 대대이 52S DG 293 947 출발하여 남동 방면으로 전진, 예상 속도 약 84km/h로 52S DG 276 945 부근 통과 예정."
이동 보고,2025년 11월 16일 6시 12분,"차량 행렬이 52S DG 277 968 출발하여 서 방면으로 전진, 예상 속도 약 65km/h로 52S DG 279 979 부근 통과 예정."
이동 보고,2025년 11월 16일 6시 34분,"52S DG 292 985 기준 보급 부대이 남동으로 이동 중, 현재 속도 약 70km/h로 안정적 전진 중임."
이동 보고,2025년 11월 16일 6시 52분,"보급 부대이 52S DG 282 963 출발하여 동 방면으로 전진, 예상 속도 약 114km/h로 52S DG 270 966 부근 통과 예정."
이동 보고,2025년 11월 16일 7시 31분,52S DG 292 974에서 52S DG 290 953로 보병 대대이 동 방향으로 약 20km/h 속도로 이동 중이며 전개 계속 중임.
이동 보고,2025년 11월 16일 7시 32분,"기계화 소대이 52S DG 289 962 출발하여 남동 방면으로 전진, 예상 속도 약 53km/h로 52S DG 266 962 부근 통과 예정."
이동 보고,2025년 11월 16일 10시 6분,"52S DG 291 972 기준 보급 부대이 남서으로 이동 중, 현재 속도 약 25km/h로 안정적 전진 중임."
이동 보고,2025년 11월 16일 10시 18분,52S DG 289 957에서 52S DG 264 949로 차량 행렬이 남서 방향으로 약 43km/h 속도로 이동 중이며 전개 계속 중임.
이동 보고,2025년 11월 16일 11시 38분,"전차 중대이 52S DG 293 946 출발하여 서 방면으로 전진, 예상 속도 약 15km/h로 52S DG 264 963 부근 통과 예정."
이동 보고,2025년 11월 16일 13시 11분,"52S DG 294 959 기준 차량 행렬이 동으로 이동 중, 현재 속도 약 21km/h로 안정적 전진 중임."
이동 보고,2025년 11월 16일 13시 26분,"52S DG 266 984 기준 기계화 소대이 동으로 이동 중, 현재 속도 약 76km/h로 안정적 전진 중임."
이동 보고,2025년 11월 16일 13시 33분,"52S DG 288 961 기준 기계화 소대이 남동으로 이동 중, 현재 속도 약 57km/h로 안정적 전진 중임."
이동 보고,2025년 11월 16일 13시 51분,"52S DG 267 981 기준 보병 대대이 북서으로 이동 중, 현재 속도 약 34km/h로 안정적 전진 중임."
이동 보고,2025년 11월 16일 14시 23분,"52S DG 266 970 기준 보병 대대이 동으로 이동 중, 현재 속도 약 106km/h로 안정적 전진 중임."
이동 보고,2025년 11월 16일 18시 0분,"보급 부대이 52S DG 264 965 출발하여 북 방면으로 전진, 예상 속도 약 15km/h로 52S DG 267 963 부근 통과 예정."
이동 보고,2025년 11월 17일 2시 17분,"기계화 소대이 52S DG 287 983 출발하여 서 방면으로 전진, 예상 속도 약 41km/h로 52S DG 282 977 부근 통과 예정."
이동 보고,2025년 11월 17일 4시 6분,"52S DG 287 984 기준 보급 부대이 남서으로 이동 중, 현재 속도 약 99km/h로 안정적 전진 중임."
이동 보고,2025년 11월 17일 4시 41분,"보병 대대이 52S DG 272 957 출발하여 남동 방면으로 전진, 예상 속도 약 91km/h로 52S DG 278 964 부근 통과 예정."
이동 보고,2025년 11월 17일 7시 55분,"차량 행렬이 52S DG 292 962 출발하여 남서 방면으로 전진, 예상 속도 약 85km/h로 52S DG 294 951 부근 통과 예정."
이동 보고,2025년 11월 17일 8시 15분,"기계화 소대이 52S DG 273 946 출발하여 북 방면으로 전진, 예상 속도 약 45km/h로 52S DG 271 950 부근 통과 예정."
이동 보고,2025년 11월 17일 10시 7분,52S DG 283 945에서 52S DG 265 956로 전차 중대이 남 방향으로 약 118km/h 속도로 이동 중이며 전개 계속 중임.
이동 보고,2025년 11월 17일 13시 6분,52S DG 288 960에서 52S DG 294 979로 전차 중대이 북서 방향으로 약 33km/h 속도로 이동 중이며 전개 계속 중임.
이동 보고,2025년 11월 17일 14시 25분,52S DG 294 975에서 52S DG 281 952로 보급 부대이 남 방향으로 약 83km/h 속도로 이동 중이며 전개 계속 중임.
이동 보고,2025년 11월 17일 17시 9분,52S DG 267 954에서 52S DG 288 979로 차량 행렬이 남동 방향으로 약 119km/h 속도로 이동 중이며 전개 계속 중임.
이동 보고,2025년 11월 17일 17시 27분,"차량 행렬이 52S DG 287 945 출발하여 남동 방면으로 전진, 예상 속도 약 106km/h로 52S DG 294 963 부근 통과 예정."
이동 보고,2025년 11월 17일 19시 16분,"52S DG 290 957 기준 전차 중대이 남동으로 이동 중, 현재 속도 약 98km/h로 안정적 전진 중임."
이동 보고,2025년 11월 18일 0시 51분,"52S DG 277 955 기준 기계화 소대이 남으로 이동 중, 현재 속도 약 48km/h로 안정적 전진 중임."
이동 보고,2025년 11월 18일 1시 19분,"52S DG 267 952 기준 보병 대대이 북으로 이동 중, 현재 속도 약 26km/h로 안정적 전진 중임."
이동 보고,2025년 11월 18일 2시 13분,52S DG 284 971에서 52S DG 281 956로 보급 부대이 북 방향으로 약 82km/h 속도로 이동 중이며 전개 계속 중임.
이동 보고,2025년 11월 18일 2시 34분,"차량 행렬이 52S DG 270 949 출발하여 서 방면으로 전진, 예상 속도 약 37km/h로 52S DG 282 980 부근 통과 예정."
이동 보고,2025년 11월 18일 2시 51분,52S DG 269 983에서 52S DG 293 966로 보급 부대이 북동 방향으로 약 57km/h 속도로 이동 중이며 전개 계속 중임.
이동 보고,2025년 11월 18일 3시 24분,"52S DG 264 983 기준 기계화 소대이 북서으로 이동 중, 현재 속도 약 85km/h로 안정적 전진 중임."
이동 보고,2025년 11월 18일 6시 18분,"보병 대대이 52S DG 280 972 출발하여 남동 방면으로 전진, 예상 속도 약 109km/h로 52S DG 274 984 부근 통과 예정."
이동 보고,2025년 11월 18일 7시 9분,"보급 부대이 52S DG 284 952 출발하여 남 방면으로 전진, 예상 속도 약 96km/h로 52S DG 290 974 부근 통과 예정."
이동 보고,2025년 11월 18일 7시 36분,"52S DG 292 951 기준 보병 대대이 북서으로 이동 중, 현재 속도 약 35km/h로 안정적 전진 중임."
이동 보고,2025년 11월 18일 15시 52분,52S DG 273 979에서 52S DG 265 966로 전차 중대이 북 방향으로 약 77km/h 속도로 이동 중이며 전개 계속 중임.
이동 보고,2025년 11월 18일 16시 37분,"52S DG 285 983 기준 기계화 소대이 동으로 이동 중, 현재 속도 약 30km/h로 안정적 전진 중임."
이동 보고,2025년 11월 18일 16시 37분,52S DG 278 969에서 52S DG 272 977로 전차 중대이 서 방향으로 약 10km/h 속도로 이동 중이며 전개 계속 중임.
이동 보고,2025년 11월 18일 16시 43분,"보병 대대이 52S DG 287 983 출발하여 북동 방면으로 전진, 예상 속도 약 92km/h로 52S DG 272 954 부근 통과 예정."
이동 보고,2025년 11월 18일 17시 37분,52S DG 273 953에서 52S DG 293 973로 전차 중대이 서 방향으로 약 103km/h 속도로 이동 중이며 전개 계속 중임.
이동 보고,2025년 11월 18일 18시 21분,52S DG 277 969에서 52S DG 267 976로 기계화 소대이 서 방향으로 약 72km/h 속도로 이동 중이며 전개 계속 중임.
이동 보고,2025년 11월 18일 20시 47분,"전차 중대이 52S DG 283 977 출발하여 서 방면으로 전진, 예상 속도 약 108km/h로 52S DG 275 981 부근 통과 예정."
이동 보고,2025년 11월 18일 21시 10분,52S DG 273 958에서 52S DG 294 967로 보병 대대이 북 방향으로 약 81km/h 속도로 이동 중이며 전개 계속 중임.
이동 보고,2025년 11월 19일 3시 9분,52S DG 285 966에서 52S DG 267 971로 전차 중대이 남동 방향으로 약 70km/h 속도로 이동 중이며 전개 계속 중임.
이동 보고,2025년 11월 19일 3시 32분,"보급 부대이 52S DG 273 985 출발하여 북 방면으로 전진, 예상 속도 약 88km/h로 52S DG 269 971 부근 통과 예정."
이동 보고,2025년 11월 19일 4시 11분,"차량 행렬이 52S DG 274 986 출발하여 남서 방면으로 전진, 예상 속도 약 19km/h로 52S DG 270 975 부근 통과 예정."
인사상황 보고,2025년 10월 30일 7시 48분,"인사상황: 상병 홍지원(병참) 업무복귀로 분류, 조치 진행 평가됨."
인사상황 보고,2025년 10월 30일 10시 14분,항공 소속 정민지 일병 업무복귀 상태로 판정됨. 보고됨.
인사상황 보고,2025년 10월 30일 13시 39분,일병 박지민(공병) 인사 상태 '업무복귀'로 판단됨.
인사상황 보고,2025년 10월 30일 14시 51분,중위 서지민(방공) 인사 상태 '사망'로 식별됨.
인사상황 보고,2025년 10월 30일 16시 21분,강예은(기갑) 대위의 인사 현황 사망로 파악됨. 판단됨.
인사상황 보고,2025년 10월 30일 19시 28분,방공 소위 최은우의 상태 중상로 식별됨. 추정됨.
인사상황 보고,2025년 10월 30일 19시 46분,"소위 정지우(화생방) 업무복귀 상태 확인, 관련 보고 접수 평가됨."
인사상황 보고,2025년 10월 31일 4시 12분,오하늘 상병(수송)의 현 상태는 업무복귀로 보고됨. 보고됨.
인사상황 보고,2025년 10월 31일 4시 23분,한서현 이병(포병)의 현 상태는 실종로 보고됨. 보고됨.
인사상황 보고,2025년 10월 31일 5시 38분,"보병 소속 중위 강하준, 인사 분류 업무복귀. 후속 조치 진행 기록됨."
인사상황 보고,2025년 10월 31일 5시 40분,화생방 소위 최은우의 상태 사망로 식별됨. 확인됨.
인사상황 보고,2025년 10월 31일 9시 29분,"병기 소속 상병 권예은, 인사 분류 중상. 후속 조치 진행 확인됨."
인사상황 보고,2025년 10월 31일 11시 58분,대위 오윤서(정보통신)에 대해 업무복귀 상태가 확인되어 보고됨. 판단됨.
인사상황 보고,2025년 10월 31일 12시 4분,"보병 소속 상사 홍지우, 인사 분류 업무복귀. 후속 조치 진행 식별됨."
인사상황 보고,2025년 10월 31일 18시 27분,현재 송시우 일병(포병)는 업무복귀 상태로 분류되어 기록 반영 식별됨.
인사상황 보고,2025년 10월 31일 19시 0분,"상병 이민지(보병) 중상 상태 확인, 관련 보고 접수 판단됨."
인사상황 보고,2025년 10월 31일 19시 2분,현재 조수빈 하사(방공)는 실종 상태로 분류되어 기록 반영 기록됨.
인사상황 보고,2025년 11월 1일 4시 16분,소령 한민수(화생방)에 대해 중상 상태가 확인되어 보고됨. 평가됨.
인사상황 보고,2025년 11월 1일 5시 19분,조지훈 하사(수송)의 현 상태는 실종로 보고됨. 보고됨.
인사상황 보고,2025년 11월 1일 7시 7분,최하준(보병) 중위의 인사 현황 업무복귀로 파악됨. 보고됨.
인사상황 보고,2025년 11월 1일 8시 4분,항공 소속 한도윤 하사 비전투 부상 상태로 판정됨. 평가됨.
인사상황 보고,2025년 11월 1일 8시 57분,임하준(화생방) 대위의 인사 현황 중상로 파악됨. 보고됨.
인사상황 보고,2025년 11월 1일 12시 57분,"이병 전하늘(공병) 업무복귀 상태 확인, 관련 보고 접수 유지 중임."
인사상황 보고,2025년 11월 1일 13시 50분,소령 임지훈(수송) 인사 상태 '중상'로 확인됨.
인사상황 보고,2025년 11월 1일 14시 21분,"인사상황: 준위 윤유진(수송) 비전투 부상로 분류, 조치 진행 관찰됨."
인사상황 보고,2025년 11월 1일 16시 13분,중위 김현우(항공)에 대해 비전투 부상 상태가 확인되어 보고됨. 현장 보고 완료됨.
인사상황 보고,2025년 11월 1일 19시 19분,안하준(정보통신) 중위의 인사 현황 중상로 파악됨. 기록됨.
인사상황 보고,2025년 11월 1일 21시 49분,정보통신 소속 강서연 이병 중상 상태로 판정됨. 평가됨.
인사상황 보고,2025년 11월 1일 22시 0분,항공 소속 임지민 준위 실종 상태로 판정됨. 기록됨.
인사상황 보고,2025년 11월 2일 2시 57분,중사 김지민(방공) 인사 상태 '비전투 부상'로 판단됨.
인사상황 보고,2025년 11월 2일 3시 32분,정보통신 병장 윤지민의 상태 중상로 식별됨. 확인됨.
인사상황 보고,2025년 11월 2일 4시 15분,"중사 강예진(화생방) 사망 상태 확인, 관련 보고 접수 추정됨."
인사상황 보고,2025년 11월 2일 6시 33분,보병 소속 신예은 하사 중상 상태로 판정됨. 확인됨.
인사상황 보고,2025년 11월 2일 13시 10분,황예은 상사(수송)의 현 상태는 실종로 보고됨. 추정됨.
인사상황 보고,2025년 11월 2일 14시 57분,수송 소속 송서연 병장 비전투 부상 상태로 판정됨. 평가됨.
인사상황 보고,2025년 11월 2일 15시 59분,"상사 송하준(방공) 비전투 부상 상태 확인, 관련 보고 접수 확인됨."
인사상황 보고,2025년 11월 2일 17시 35분,"정보 소속 이병 박서연, 인사 분류 비전투 부상. 후속 조치 진행 추정됨."
인사상황 보고,2025년 11월 2일 18시 34분,황유진(수송) 상사의 인사 현황 업무복귀로 파악됨. 관찰됨.
인사상황 보고,2025년 11월 2일 19시 26분,"기갑 소속 중령 윤하늘, 인사 분류 업무복귀. 후속 조치 진행 보고됨."
인사상황 보고,2025년 11월 2일 22시 29분,"병기 소속 병장 이지원, 인사 분류 비전투 부상. 후속 조치 진행 유지 중임."
인사상황 보고,2025년 11월 3일 0시 35분,권현우(항공) 상병의 인사 현황 실종로 파악됨. 보고됨.
인사상황 보고,2025년 11월 3일 5시 12분,병참 대위 신지민의 상태 비전투 부상로 식별됨. 기록됨.
인사상황 보고,2025년 11월 3일 8시 42분,하사 이도윤(기갑)에 대해 실종 상태가 확인되어 보고됨. 확인됨.
인사상황 보고,2025년 11월 3일 10시 25분,류하늘(정보) 중사의 인사 현황 사망로 파악됨. 보고됨.
인사상황 보고,2025년 11월 3일 11시 7분,"병장 윤지원(병기) 사망 상태 확인, 관련 보고 접수 보고됨."
인사상황 보고,2025년 11월 3일 12시 45분,김지원(병기) 중사의 인사 현황 중상로 파악됨. 현장 보고 완료됨.
인사상황 보고,2025년 11월 3일 14시 10분,"인사상황: 병장 안윤서(기갑) 업무복귀로 분류, 조치 진행 평가됨."
인사상황 보고,2025년 11월 3일 15시 15분,준위 서시우(병참)에 대해 중상 상태가 확인되어 보고됨. 판단됨.
인사상황 보고,2025년 11월 3일 16시 45분,한시우 소령(병참)의 현 상태는 실종로 보고됨. 추정됨.
인사상황 보고,2025년 11월 3일 18시 22분,"하사 강예진(화생방) 비전투 부상 상태 확인, 관련 보고 접수 현장 보고 완료됨."
인사상황 보고,2025년 11월 3일 18시 29분,"이병 정건우(수송) 사망 상태 확인, 관련 보고 접수 판단됨."
인사상황 보고,2025년 11월 3일 19시 9분,공병 소령 전지우의 상태 업무복귀로 식별됨. 추정됨.
인사상황 보고,2025년 11월 3일 22시 29분,현재 최건우 중위(정보통신)는 실종 상태로 분류되어 기록 반영 판단됨.
인사상황 보고,2025년 11월 4일 0시 16분,대위 신시우(정보)에 대해 사망 상태가 확인되어 보고됨. 유지 중임.
인사상황 보고,2025년 11월 4일 1시 19분,"준위 정건우(정보통신) 중상 상태 확인, 관련 보고 접수 추정됨."
인사상황 보고,2025년 11월 4일 2시 1분,박예은(공병) 병장의 인사 현황 실종로 파악됨. 기록됨.
인사상황 보고,2025년 11월 4일 3시 3분,권윤서 중사(공병)의 현 상태는 실종로 보고됨. 판단됨.
인사상황 보고,2025년 11월 4일 3시 30분,병장 박하늘(포병) 인사 상태 '실종'로 판단됨.
인사상황 보고,2025년 11월 4일 5시 55분,"상사 서서연(병기) 실종 상태 확인, 관련 보고 접수 확인됨."
인사상황 보고,2025년 11월 4일 6시 38분,안지우(항공) 중령의 인사 현황 실종로 파악됨. 현장 보고 완료됨.
인사상황 보고,2025년 11월 4일 10시 32분,소위 홍지훈(정보)에 대해 업무복귀 상태가 확인되어 보고됨. 유지 중임.
인사상황 보고,2025년 11월 4일 11시 27분,상사 임윤서(기갑) 인사 상태 '비전투 부상'로 현장 보고 완료됨.
인사상황 보고,2025년 11월 4일 22시 27분,정현우(포병) 중사의 인사 현황 비전투 부상로 파악됨. 판단됨.
인사상황 보고,2025년 11월 4일 23시 43분,병참 소속 송민지 중위 사망 상태로 판정됨. 추정됨.
인사상황 보고,2025년 11월 5일 2시 17분,현재 조예진 소위(보병)는 사망 상태로 분류되어 기록 반영 보고됨.
인사상황 보고,2025년 11월 5일 5시 0분,현재 이도윤 중령(화생방)는 사망 상태로 분류되어 기록 반영 식별됨.
인사상황 보고,2025년 11월 5일 5시 45분,박유진 중사(병참)의 현 상태는 사망로 보고됨. 유지 중임.
인사상황 보고,2025년 11월 5일 7시 17분,기갑 준위 임은우의 상태 실종로 식별됨. 보고됨.
인사상황 보고,2025년 11월 5일 8시 5분,하사 권예진(병기)에 대해 실종 상태가 확인되어 보고됨. 보고됨.
인사상황 보고,2025년 11월 5일 9시 42분,신윤서 중령(공병)의 현 상태는 실종로 보고됨. 평가됨.
인사상황 보고,2025년 11월 5일 11시 39분,안민수 소위(병참)의 현 상태는 실종로 보고됨. 현장 보고 완료됨.
인사상황 보고,2025년 11월 5일 11시 51분,"화생방 소속 하사 임서현, 인사 분류 실종. 후속 조치 진행 확인됨."
인사상황 보고,2025년 11월 5일 12시 46분,소위 서예은(수송) 인사 상태 '중상'로 판단됨.
인사상황 보고,2025년 11월 5일 12시 58분,"인사상황: 중위 강서현(화생방) 중상로 분류, 조치 진행 현장 보고 완료됨."
인사상황 보고,2025년 11월 5일 13시 30분,안지민 하사(방공)의 현 상태는 비전투 부상로 보고됨. 관찰됨.
인사상황 보고,2025년 11월 5일 13시 57분,조은우(정보) 하사의 인사 현황 중상로 파악됨. 보고됨.
인사상황 보고,2025년 11월 5일 14시 57분,보병 소속 정도윤 상병 사망 상태로 판정됨. 평가됨.
인사상황 보고,2025년 11월 5일 15시 29분,"인사상황: 중위 권수빈(화생방) 중상로 분류, 조치 진행 판단됨."
인사상황 보고,2025년 11월 5일 16시 33분,중위 박하늘(화생방)에 대해 사망 상태가 확인되어 보고됨. 관찰됨.
인사상황 보고,2025년 11월 5일 18시 0분,현재 김현우 소령(보병)는 업무복귀 상태로 분류되어 기록 반영 평가됨.
인사상황 보고,2025년 11월 5일 18시 19분,상사 김수빈(병기) 인사 상태 '중상'로 확인됨.
인사상황 보고,2025년 11월 5일 19시 10분,현재 박은우 준위(기갑)는 중상 상태로 분류되어 기록 반영 유지 중임.
인사상황 보고,2025년 11월 5일 21시 31분,"일병 전서현(방공) 사망 상태 확인, 관련 보고 접수 확인됨."
인사상황 보고,2025년 11월 6일 1시 58분,"방공 소속 중위 오하준, 인사 분류 사망. 후속 조치 진행 관찰됨."
인사상황 보고,2025년 11월 6일 2시 29분,황지우(항공) 준위의 인사 현황 업무복귀로 파악됨. 판단됨.
인사상황 보고,2025년 11월 6일 4시 2분,"인사상황: 이병 조현우(항공) 사망로 분류, 조치 진행 보고됨."
인사상황 보고,2025년 11월 6일 5시 52분,"인사상황: 상사 권은우(화생방) 업무복귀로 분류, 조치 진행 관찰됨."
인사상황 보고,2025년 11월 6일 12시 24분,현재 김하준 소령(수송)는 사망 상태로 분류되어 기록 반영 확인됨.
인사상황 보고,2025년 11월 6일 17시 11분,준위 윤지훈(병참)에 대해 실종 상태가 확인되어 보고됨. 판단됨.
인사상황 보고,2025년 11월 7일 0시 53분,황지우(방공) 상사의 인사 현황 사망로 파악됨. 유지 중임.
인사상황 보고,2025년 11월 7일 2시 6분,"병참 소속 병장 윤현우, 인사 분류 업무복귀. 후속 조치 진행 추정됨."
인사상황 보고,2025년 11월 7일 8시 15분,"기갑 소속 하사 류도윤, 인사 분류 비전투 부상. 후속 조치 진행 평가됨."
인사상황 보고,2025년 11월 7일 8시 42분,"항공 소속 이병 조하늘, 인사 분류 업무복귀. 후속 조치 진행 기록됨."
인사상황 보고,2025년 11월 7일 8시 54분,윤예은(보병) 하사의 인사 현황 중상로 파악됨. 기록됨.
인사상황 보고,2025년 11월 7일 9시 10분,"일병 안예은(정보) 비전투 부상 상태 확인, 관련 보고 접수 평가됨."
인사상황 보고,2025년 11월 7일 10시 6분,"인사상황: 중위 정예진(병기) 업무복귀로 분류, 조치 진행 관찰됨."
인사상황 보고,2025년 11월 7일 12시 31분,항공 중령 전현우의 상태 사망로 식별됨. 보고됨.
인사상황 보고,2025년 11월 7일 12시 42분,기갑 소속 이민수 하사 사망 상태로 판정됨. 추정됨.
인사상황 보고,2025년 11월 7일 13시 41분,"준위 황서연(공병) 실종 상태 확인, 관련 보고 접수 평가됨."
인사상황 보고,2025년 11월 7일 17시 22분,병기 소속 한민수 상사 업무복귀 상태로 판정됨. 기록됨.
인사상황 보고,2025년 11월 7일 19시 7분,병기 소속 안서연 하사 업무복귀 상태로 판정됨. 확인됨.
인사상황 보고,2025년 11월 7일 22시 14분,기갑 중사 홍서현의 상태 중상로 식별됨. 유지 중임.
인사상황 보고,2025년 11월 8일 0시 13분,하사 조윤서(포병)에 대해 실종 상태가 확인되어 보고됨. 기록됨.
인사상황 보고,2025년 11월 8일 1시 22분,"인사상황: 상사 박시우(보병) 실종로 분류, 조치 진행 기록됨."
인사상황 보고,2025년 11월 8일 7시 54분,윤서현(기갑) 중위의 인사 현황 중상로 파악됨. 추정됨.
인사상황 보고,2025년 11월 8일 8시 28분,"상사 강지훈(항공) 실종 상태 확인, 관련 보고 접수 현장 보고 완료됨."
인사상황 보고,2025년 11월 8일 15시 9분,"공병 소속 상병 황지원, 인사 분류 중상. 후속 조치 진행 식별됨."
인사상황 보고,2025년 11월 8일 15시 52분,수송 소속 한지우 상사 사망 상태로 판정됨. 식별됨.
인사상황 보고,2025년 11월 9일 4시 52분,방공 소속 전지원 준위 사망 상태로 판정됨. 현장 보고 완료됨.
인사상황 보고,2025년 11월 9일 5시 35분,현재 오도윤 상병(병기)는 실종 상태로 분류되어 기록 반영 관찰됨.
인사상황 보고,2025년 11월 9일 8시 12분,"방공 소속 병장 오서연, 인사 분류 실종. 후속 조치 진행 관찰됨."
인사상황 보고,2025년 11월 9일 10시 47분,정보 소속 서예은 소령 사망 상태로 판정됨. 유지 중임.
인사상황 보고,2025년 11월 9일 11시 9분,현재 한하늘 대위(정보)는 업무복귀 상태로 분류되어 기록 반영 기록됨.
인사상황 보고,2025년 11월 9일 14시 22분,상사 이예은(수송)에 대해 업무복귀 상태가 확인되어 보고됨. 식별됨.
인사상황 보고,2025년 11월 9일 16시 44분,정보 중령 류도윤의 상태 비전투 부상로 식별됨. 평가됨.
인사상황 보고,2025년 11월 9일 18시 56분,"인사상황: 병장 신지훈(보병) 실종로 분류, 조치 진행 식별됨."
인사상황 보고,2025년 11월 9일 19시 37분,중령 조유진(항공) 인사 상태 '사망'로 확인됨.
인사상황 보고,2025년 11월 9일 20시 19분,"중사 박지민(포병) 사망 상태 확인, 관련 보고 접수 보고됨."
인사상황 보고,2025년 11월 9일 20시 22분,"수송 소속 일병 강지우, 인사 분류 사망. 후속 조치 진행 보고됨."
인사상황 보고,2025년 11월 9일 20시 38분,"인사상황: 준위 강하늘(수송) 사망로 분류, 조치 진행 보고됨."
인사상황 보고,2025년 11월 10일 3시 54분,"하사 강지우(수송) 중상 상태 확인, 관련 보고 접수 평가됨."
인사상황 보고,2025년 11월 10일 7시 48분,"병기 소속 일병 전현우, 인사 분류 업무복귀. 후속 조치 진행 식별됨."
인사상황 보고,2025년 11월 10일 17시 16분,"중사 김지원(포병) 실종 상태 확인, 관련 보고 접수 평가됨."
인사상황 보고,2025년 11월 10일 21시 35분,상사 전유진(방공) 인사 상태 '중상'로 관찰됨.
인사상황 보고,2025년 11월 11일 0시 11분,병기 소위 조지원의 상태 업무복귀로 식별됨. 현장 보고 완료됨.
인사상황 보고,2025년 11월 11일 0시 47분,최민지 중위(병기)의 현 상태는 업무복귀로 보고됨. 추정됨.
인사상황 보고,2025년 11월 11일 2시 24분,하사 신유진(방공)에 대해 실종 상태가 확인되어 보고됨. 관찰됨.
인사상황 보고,2025년 11월 11일 6시 14분,중위 임수빈(항공)에 대해 중상 상태가 확인되어 보고됨. 관찰됨.
인사상황 보고,2025년 11월 11일 16시 31분,이병 이수빈(정보) 인사 상태 '실종'로 관찰됨.
인사상황 보고,2025년 11월 11일 22시 18분,현재 임하준 병장(방공)는 중상 상태로 분류되어 기록 반영 추정됨.
인사상황 보고,2025년 11월 11일 23시 18분,김유진 중령(보병)의 현 상태는 중상로 보고됨. 보고됨.
인사상황 보고,2025년 11월 11일 23시 31분,오지민(기갑) 준위의 인사 현황 업무복귀로 파악됨. 보고됨.
인사상황 보고,2025년 11월 12일 0시 1분,현재 임하준 이병(보병)는 실종 상태로 분류되어 기록 반영 현장 보고 완료됨.
인사상황 보고,2025년 11월 12일 3시 9분,이병 윤민수(수송)에 대해 중상 상태가 확인되어 보고됨. 판단됨.
인사상황 보고,2025년 11월 12일 4시 59분,대위 서예은(항공)에 대해 중상 상태가 확인되어 보고됨. 관찰됨.
인사상황 보고,2025년 11월 12일 5시 1분,"중령 임민수(기갑) 실종 상태 확인, 관련 보고 접수 관찰됨."
인사상황 보고,2025년 11월 12일 5시 4분,이병 안은우(기갑)에 대해 중상 상태가 확인되어 보고됨. 판단됨.
인사상황 보고,2025년 11월 12일 6시 16분,윤지원 소령(기갑)의 현 상태는 업무복귀로 보고됨. 관찰됨.
인사상황 보고,2025년 11월 12일 7시 51분,대위 이서연(화생방) 인사 상태 '중상'로 식별됨.
인사상황 보고,2025년 11월 12일 12시 51분,"기갑 소속 소령 강민수, 인사 분류 업무복귀. 후속 조치 진행 추정됨."
인사상황 보고,2025년 11월 12일 13시 8분,현재 임도윤 상병(정보통신)는 중상 상태로 분류되어 기록 반영 유지 중임.
인사상황 보고,2025년 11월 12일 13시 20분,"기갑 소속 일병 황예진, 인사 분류 업무복귀. 후속 조치 진행 현장 보고 완료됨."
인사상황 보고,2025년 11월 12일 17시 19분,"정보 소속 상병 전지우, 인사 분류 비전투 부상. 후속 조치 진행 보고됨."
인사상황 보고,2025년 11월 12일 20시 31분,"보병 소속 일병 홍서현, 인사 분류 비전투 부상. 후속 조치 진행 유지 중임."
인사상황 보고,2025년 11월 12일 23시 35분,포병 대위 윤서연의 상태 비전투 부상로 식별됨. 보고됨.
인사상황 보고,2025년 11월 13일 2시 33분,보병 소위 전예은의 상태 실종로 식별됨. 확인됨.
인사상황 보고,2025년 11월 13일 4시 26분,소령 정건우(기갑)에 대해 사망 상태가 확인되어 보고됨. 기록됨.
인사상황 보고,2025년 11월 13일 7시 8분,현재 홍지민 하사(정보통신)는 실종 상태로 분류되어 기록 반영 식별됨.
인사상황 보고,2025년 11월 13일 9시 33분,포병 중사 신지우의 상태 사망로 식별됨. 확인됨.
인사상황 보고,2025년 11월 13일 14시 6분,방공 중위 최지원의 상태 중상로 식별됨. 보고됨.
인사상황 보고,2025년 11월 13일 14시 58분,"준위 서현우(공병) 업무복귀 상태 확인, 관련 보고 접수 기록됨."
인사상황 보고,2025년 11월 13일 16시 13분,상사 강지원(기갑) 인사 상태 '업무복귀'로 식별됨.
인사상황 보고,2025년 11월 13일 17시 6분,현재 박하늘 중위(화생방)는 사망 상태로 분류되어 기록 반영 관찰됨.
인사상황 보고,2025년 11월 13일 18시 24분,병참 소속 이서현 소위 비전투 부상 상태로 판정됨. 관찰됨.
인사상황 보고,2025년 11월 13일 20시 49분,"준위 조도윤(정보) 중상 상태 확인, 관련 보고 접수 보고됨."
인사상황 보고,2025년 11월 13일 23시 59분,"준위 전서현(화생방) 사망 상태 확인, 관련 보고 접수 보고됨."
인사상황 보고,2025년 11월 14일 6시 27분,정보통신 소속 윤하늘 병장 실종 상태로 판정됨. 기록됨.
인사상황 보고,2025년 11월 14일 10시 28분,안서연 이병(방공)의 현 상태는 사망로 보고됨. 관찰됨.
인사상황 보고,2025년 11월 14일 12시 16분,오건우 상병(화생방)의 현 상태는 사망로 보고됨. 현장 보고 완료됨.
인사상황 보고,2025년 11월 14일 18시 20분,홍예진(공병) 소위의 인사 현황 비전투 부상로 파악됨. 기록됨.
인사상황 보고,2025년 11월 14일 18시 56분,병기 이병 류건우의 상태 업무복귀로 식별됨. 현장 보고 완료됨.
인사상황 보고,2025년 11월 14일 19시 11분,류도윤 소령(정보)의 현 상태는 중상로 보고됨. 보고됨.
인사상황 보고,2025년 11월 14일 20시 32분,하사 박지훈(수송)에 대해 중상 상태가 확인되어 보고됨. 평가됨.
인사상황 보고,2025년 11월 14일 22시 14분,권시우(보병) 상사의 인사 현황 실종로 파악됨. 판단됨.
인사상황 보고,2025년 11월 15일 0시 22분,"이병 강지우(보병) 사망 상태 확인, 관련 보고 접수 추정됨."
인사상황 보고,2025년 11월 15일 0시 51분,"수송 소속 상사 조은우, 인사 분류 비전투 부상. 후속 조치 진행 평가됨."
인사상황 보고,2025년 11월 15일 2시 30분,병참 소속 조지민 상사 중상 상태로 판정됨. 현장 보고 완료됨.
인사상황 보고,2025년 11월 15일 4시 14분,하사 박도윤(보병)에 대해 비전투 부상 상태가 확인되어 보고됨. 추정됨.
인사상황 보고,2025년 11월 15일 8시 41분,한지원 중사(방공)의 현 상태는 사망로 보고됨. 보고됨.
인사상황 보고,2025년 11월 15일 15시 42분,상병 조지훈(항공)에 대해 비전투 부상 상태가 확인되어 보고됨. 판단됨.
인사상황 보고,2025년 11월 15일 16시 48분,중위 이수빈(공병) 인사 상태 '업무복귀'로 확인됨.
인사상황 보고,2025년 11월 15일 18시 4분,"병기 소속 일병 안현우, 인사 분류 실종. 후속 조치 진행 식별됨."
인사상황 보고,2025년 11월 15일 19시 32분,수송 중사 전수빈의 상태 비전투 부상로 식별됨. 보고됨.
인사상황 보고,2025년 11월 15일 22시 18분,방공 소속 안현우 하사 업무복귀 상태로 판정됨. 판단됨.
인사상황 보고,2025년 11월 15일 22시 58분,"상병 한수빈(보병) 사망 상태 확인, 관련 보고 접수 기록됨."
인사상황 보고,2025년 11월 15일 23시 23분,박수빈(기갑) 상병의 인사 현황 실종로 파악됨. 평가됨.
인사상황 보고,2025년 11월 15일 23시 54분,"상사 송예진(보병) 실종 상태 확인, 관련 보고 접수 판단됨."
인사상황 보고,2025년 11월 16일 7시 31분,안하준 상병(병참)의 현 상태는 중상로 보고됨. 기록됨.
인사상황 보고,2025년 11월 16일 7시 53분,일병 김현우(수송) 인사 상태 '중상'로 확인됨.
인사상황 보고,2025년 11월 16일 11시 44분,송예은(정보) 소령의 인사 현황 실종로 파악됨. 확인됨.
인사상황 보고,2025년 11월 16일 15시 2분,이병 강예진(정보) 인사 상태 '실종'로 확인됨.
인사상황 보고,2025년 11월 16일 18시 53분,준위 권지민(병기)에 대해 업무복귀 상태가 확인되어 보고됨. 확인됨.
인사상황 보고,2025년 11월 16일 23시 33분,방공 소속 신하늘 이병 업무복귀 상태로 판정됨. 관찰됨.
인사상황 보고,2025년 11월 17일 1시 12분,"보병 소속 준위 강은우, 인사 분류 사망. 후속 조치 진행 기록됨."
인사상황 보고,2025년 11월 17일 2시 8분,현재 임서연 하사(공병)는 비전투 부상 상태로 분류되어 기록 반영 확인됨.
인사상황 보고,2025년 11월 17일 3시 40분,정보 병장 서민수의 상태 업무복귀로 식별됨. 판단됨.
인사상황 보고,2025년 11월 17일 5시 34분,수송 소령 한민지의 상태 실종로 식별됨. 기록됨.
인사상황 보고,2025년 11월 17일 5시 42분,하사 이건우(화생방) 인사 상태 '업무복귀'로 현장 보고 완료됨.
인사상황 보고,2025년 11월 17일 8시 49분,최수빈(방공) 중위의 인사 현황 업무복귀로 파악됨. 기록됨.
인사상황 보고,2025년 11월 17일 10시 16분,대위 홍민수(포병)에 대해 비전투 부상 상태가 확인되어 보고됨. 확인됨.
인사상황 보고,2025년 11월 17일 14시 39분,현재 안하준 상사(정보)는 업무복귀 상태로 분류되어 기록 반영 기록됨.
인사상황 보고,2025년 11월 18일 1시 31분,화생방 일병 한예은의 상태 비전투 부상로 식별됨. 평가됨.
인사상황 보고,2025년 11월 18일 3시 11분,"보병 소속 준위 한하늘, 인사 분류 업무복귀. 후속 조치 진행 확인됨."
인사상황 보고,2025년 11월 18일 4시 14분,이서연(방공) 소령의 인사 현황 실종로 파악됨. 보고됨.
인사상황 보고,2025년 11월 18일 12시 33분,"인사상황: 소위 류서현(기갑) 비전투 부상로 분류, 조치 진행 보고됨."
인사상황 보고,2025년 11월 18일 13시 46분,"상사 강윤서(포병) 비전투 부상 상태 확인, 관련 보고 접수 판단됨."
인사상황 보고,2025년 11월 18일 15시 12분,김서연 하사(병기)의 현 상태는 비전투 부상로 보고됨. 식별됨.
인사상황 보고,2025년 11월 18일 15시 12분,"인사상황: 하사 임현우(병기) 업무복귀로 분류, 조치 진행 평가됨."
인사상황 보고,2025년 11월 18일 21시 20분,대위 홍민수(공병)에 대해 비전투 부상 상태가 확인되어 보고됨. 평가됨.
인사상황 보고,2025년 11월 18일 21시 42분,준위 윤서현(보병)에 대해 실종 상태가 확인되어 보고됨. 현장 보고 완료됨.
임무형보호태세 보고,2025년 10월 30일 6시 53분,부대 관할 지역 기준 MOPP 4 적용되어 추가 안전조치 및 점검이 시행됨.
임무형보호태세 보고,2025년 10월 30일 7시 15분,MOPP 4 단계 시행으로 부대는 즉시 보호조치를 개시하여 관련 대비태세가 유지 중임.
임무형보호태세 보고,2025년 10월 30일 9시 8분,기지 내 기준 MOPP 0 적용되어 추가 안전조치 및 점검이 시행됨.
임무형보호태세 보고,2025년 10월 30일 9시 19분,부대 관할 지역에 MOPP 3이 발령되어 보호장구 착용 및 관련 지침이 하달됨.
임무형보호태세 보고,2025년 10월 30일 11시 8분,MOPP 0 단계 시행으로 부대는 즉시 보호조치를 개시하여 관련 대비태세가 유지 중임.
임무형보호태세 보고,2025년 10월 30일 11시 22분,MOPP 0 단계 시행으로 부대는 즉시 보호조치를 개시하여 관련 대비태세가 유지 중임.
임무형보호태세 보고,2025년 10월 30일 12시 55분,MOPP 3 단계 시행으로 부대는 즉시 보호조치를 개시하여 관련 대비태세가 유지 중임.
임무형보호태세 보고,2025년 10월 30일 15시 40분,MOPP 1 단계 시행으로 부대는 즉시 보호조치를 개시하여 관련 대비태세가 유지 중임.
임무형보호태세 보고,2025년 10월 30일 15시 46분,부대 관할 지역에 MOPP 3이 발령되어 보호장구 착용 및 관련 지침이 하달됨.
임무형보호태세 보고,2025년 10월 30일 20시 6분,부대 관할 지역 기준 MOPP 2 적용되어 추가 안전조치 및 점검이 시행됨.
임무형보호태세 보고,2025년 10월 30일 20시 30분,전 구역에 MOPP 2이 발령되어 보호장구 착용 및 관련 지침이 하달됨.
임무형보호태세 보고,2025년 10월 30일 20시 41분,MOPP 2 단계 시행으로 부대는 즉시 보호조치를 개시하여 관련 대비태세가 유지 중임.
임무형보호태세 보고,2025년 10월 30일 22시 57분,작전지역에 MOPP 3이 발령되어 보호장구 착용 및 관련 지침이 하달됨.
임무형보호태세 보고,2025년 10월 31일 2시 44분,부대 관할 지역 기준 MOPP 4 적용되어 추가 안전조치 및 점검이 시행됨.
임무형보호태세 보고,2025년 10월 31일 4시 34분,전 구역에 MOPP 1이 발령되어 보호장구 착용 및 관련 지침이 하달됨.
임무형보호태세 보고,2025년 10월 31일 7시 3분,MOPP 0 단계 시행으로 부대는 즉시 보호조치를 개시하여 관련 대비태세가 유지 중임.
임무형보호태세 보고,2025년 10월 31일 7시 4분,작전지역에 MOPP 3이 발령되어 보호장구 착용 및 관련 지침이 하달됨.
임무형보호태세 보고,2025년 10월 31일 10시 29분,MOPP 4 단계 시행으로 부대는 즉시 보호조치를 개시하여 관련 대비태세가 유지 중임.
임무형보호태세 보고,2025년 10월 31일 10시 40분,기지 내 기준 MOPP 0 적용되어 추가 안전조치 및 점검이 시행됨.
임무형보호태세 보고,2025년 10월 31일 11시 35분,작전지역 기준 MOPP 3 적용되어 추가 안전조치 및 점검이 시행됨.
임무형보호태세 보고,2025년 10월 31일 11시 46분,기지 내 기준 MOPP 4 적용되어 추가 안전조치 및 점검이 시행됨.
임무형보호태세 보고,2025년 10월 31일 15시 21분,MOPP 3 단계 시행으로 부대는 즉시 보호조치를 개시하여 관련 대비태세가 유지 중임.
임무형보호태세 보고,2025년 10월 31일 17시 37분,전 구역 기준 MOPP 4 적용되어 추가 안전조치 및 점검이 시행됨.
임무형보호태세 보고,2025년 10월 31일 20시 36분,MOPP 4 단계 시행으로 부대는 즉시 보호조치를 개시하여 관련 대비태세가 유지 중임.
임무형보호태세 보고,2025년 10월 31일 21시 40분,부대 관할 지역에 MOPP 0이 발령되어 보호장구 착용 및 관련 지침이 하달됨.
임무형보호태세 보고,2025년 10월 31일 22시 7분,기지 내에 MOPP 0이 발령되어 보호장구 착용 및 관련 지침이 하달됨.
임무형보호태세 보고,2025년 10월 31일 23시 29분,부대 관할 지역에 MOPP 0이 발령되어 보호장구 착용 및 관련 지침이 하달됨.
임무형보호태세 보고,2025년 11월 1일 0시 28분,기지 내 기준 MOPP 1 적용되어 추가 안전조치 및 점검이 시행됨.
임무형보호태세 보고,2025년 11월 1일 1시 4분,작전지역에 MOPP 1이 발령되어 보호장구 착용 및 관련 지침이 하달됨.
임무형보호태세 보고,2025년 11월 1일 1시 46분,MOPP 4 단계 시행으로 부대는 즉시 보호조치를 개시하여 관련 대비태세가 유지 중임.
임무형보호태세 보고,2025년 11월 1일 5시 44분,전 구역에 MOPP 3이 발령되어 보호장구 착용 및 관련 지침이 하달됨.
임무형보호태세 보고,2025년 11월 1일 9시 55분,전 구역 기준 MOPP 4 적용되어 추가 안전조치 및 점검이 시행됨.
임무형보호태세 보고,2025년 11월 1일 13시 4분,MOPP 2 단계 시행으로 부대는 즉시 보호조치를 개시하여 관련 대비태세가 유지 중임.
임무형보호태세 보고,2025년 11월 1일 13시 56분,기지 내에 MOPP 0이 발령되어 보호장구 착용 및 관련 지침이 하달됨.
임무형보호태세 보고,2025년 11월 1일 15시 50분,전 구역 기준 MOPP 2 적용되어 추가 안전조치 및 점검이 시행됨.
임무형보호태세 보고,2025년 11월 1일 16시 15분,작전지역에 MOPP 1이 발령되어 보호장구 착용 및 관련 지침이 하달됨.
임무형보호태세 보고,2025년 11월 1일 17시 0분,부대 관할 지역 기준 MOPP 4 적용되어 추가 안전조치 및 점검이 시행됨.
임무형보호태세 보고,2025년 11월 1일 20시 58분,부대 관할 지역 기준 MOPP 4 적용되어 추가 안전조치 및 점검이 시행됨.
임무형보호태세 보고,2025년 11월 2일 0시 19분,부대 관할 지역 기준 MOPP 2 적용되어 추가 안전조치 및 점검이 시행됨.
임무형보호태세 보고,2025년 11월 2일 0시 19분,작전지역 기준 MOPP 2 적용되어 추가 안전조치 및 점검이 시행됨.
임무형보호태세 보고,2025년 11월 2일 0시 39분,작전지역 기준 MOPP 4 적용되어 추가 안전조치 및 점검이 시행됨.
임무형보호태세 보고,2025년 11월 2일 1시 21분,작전지역 기준 MOPP 2 적용되어 추가 안전조치 및 점검이 시행됨.
임무형보호태세 보고,2025년 11월 2일 3시 18분,전 구역에 MOPP 2이 발령되어 보호장구 착용 및 관련 지침이 하달됨.
임무형보호태세 보고,2025년 11월 2일 4시 23분,전 구역에 MOPP 0이 발령되어 보호장구 착용 및 관련 지침이 하달됨.
임무형보호태세 보고,2025년 11월 2일 4시 23분,MOPP 4 단계 시행으로 부대는 즉시 보호조치를 개시하여 관련 대비태세가 유지 중임.
임무형보호태세 보고,2025년 11월 2일 7시 49분,전 구역 기준 MOPP 3 적용되어 추가 안전조치 및 점검이 시행됨.
임무형보호태세 보고,2025년 11월 2일 8시 1분,MOPP 1 단계 시행으로 부대는 즉시 보호조치를 개시하여 관련 대비태세가 유지 중임.
임무형보호태세 보고,2025년 11월 2일 8시 58분,작전지역에 MOPP 2이 발령되어 보호장구 착용 및 관련 지침이 하달됨.
임무형보호태세 보고,2025년 11월 2일 10시 13분,작전지역에 MOPP 4이 발령되어 보호장구 착용 및 관련 지침이 하달됨.
임무형보호태세 보고,2025년 11월 2일 10시 24분,부대 관할 지역 기준 MOPP 0 적용되어 추가 안전조치 및 점검이 시행됨.
임무형보호태세 보고,2025년 11월 2일 12시 31분,부대 관할 지역에 MOPP 1이 발령되어 보호장구 착용 및 관련 지침이 하달됨.
임무형보호태세 보고,2025년 11월 2일 14시 49분,기지 내 기준 MOPP 4 적용되어 추가 안전조치 및 점검이 시행됨.
임무형보호태세 보고,2025년 11월 2일 14시 54분,기지 내에 MOPP 4이 발령되어 보호장구 착용 및 관련 지침이 하달됨.
임무형보호태세 보고,2025년 11월 2일 15시 46분,MOPP 2 단계 시행으로 부대는 즉시 보호조치를 개시하여 관련 대비태세가 유지 중임.
임무형보호태세 보고,2025년 11월 2일 19시 43분,기지 내 기준 MOPP 3 적용되어 추가 안전조치 및 점검이 시행됨.
임무형보호태세 보고,2025년 11월 2일 19시 48분,MOPP 2 단계 시행으로 부대는 즉시 보호조치를 개시하여 관련 대비태세가 유지 중임.
임무형보호태세 보고,2025년 11월 2일 20시 1분,전 구역에 MOPP 2이 발령되어 보호장구 착용 및 관련 지침이 하달됨.
임무형보호태세 보고,2025년 11월 2일 21시 46분,MOPP 3 단계 시행으로 부대는 즉시 보호조치를 개시하여 관련 대비태세가 유지 중임.
임무형보호태세 보고,2025년 11월 2일 23시 6분,부대 관할 지역 기준 MOPP 3 적용되어 추가 안전조치 및 점검이 시행됨.
임무형보호태세 보고,2025년 11월 2일 23시 22분,MOPP 3 단계 시행으로 부대는 즉시 보호조치를 개시하여 관련 대비태세가 유지 중임.
임무형보호태세 보고,2025년 11월 3일 0시 4분,부대 관할 지역 기준 MOPP 0 적용되어 추가 안전조치 및 점검이 시행됨.
임무형보호태세 보고,2025년 11월 3일 1시 47분,부대 관할 지역 기준 MOPP 4 적용되어 추가 안전조치 및 점검이 시행됨.
임무형보호태세 보고,2025년 11월 3일 4시 57분,부대 관할 지역에 MOPP 1이 발령되어 보호장구 착용 및 관련 지침이 하달됨.
임무형보호태세 보고,2025년 11월 3일 7시 40분,기지 내 기준 MOPP 3 적용되어 추가 안전조치 및 점검이 시행됨.
임무형보호태세 보고,2025년 11월 3일 7시 52분,부대 관할 지역에 MOPP 3이 발령되어 보호장구 착용 및 관련 지침이 하달됨.
임무형보호태세 보고,2025년 11월 3일 8시 18분,MOPP 1 단계 시행으로 부대는 즉시 보호조치를 개시하여 관련 대비태세가 유지 중임.
임무형보호태세 보고,2025년 11월 3일 8시 26분,전 구역 기준 MOPP 3 적용되어 추가 안전조치 및 점검이 시행됨.
임무형보호태세 보고,2025년 11월 3일 9시 1분,전 구역에 MOPP 1이 발령되어 보호장구 착용 및 관련 지침이 하달됨.
임무형보호태세 보고,2025년 11월 3일 11시 6분,기지 내 기준 MOPP 0 적용되어 추가 안전조치 및 점검이 시행됨.
임무형보호태세 보고,2025년 11월 3일 12시 51분,기지 내에 MOPP 4이 발령되어 보호장구 착용 및 관련 지침이 하달됨.
임무형보호태세 보고,2025년 11월 3일 14시 19분,MOPP 2 단계 시행으로 부대는 즉시 보호조치를 개시하여 관련 대비태세가 유지 중임.
임무형보호태세 보고,2025년 11월 3일 17시 29분,MOPP 4 단계 시행으로 부대는 즉시 보호조치를 개시하여 관련 대비태세가 유지 중임.
임무형보호태세 보고,2025년 11월 3일 18시 10분,전 구역 기준 MOPP 2 적용되어 추가 안전조치 및 점검이 시행됨.
임무형보호태세 보고,2025년 11월 3일 20시 14분,전 구역 기준 MOPP 1 적용되어 추가 안전조치 및 점검이 시행됨.
임무형보호태세 보고,2025년 11월 3일 21시 35분,기지 내에 MOPP 0이 발령되어 보호장구 착용 및 관련 지침이 하달됨.
임무형보호태세 보고,2025년 11월 3일 21시 35분,부대 관할 지역 기준 MOPP 4 적용되어 추가 안전조치 및 점검이 시행됨.
임무형보호태세 보고,2025년 11월 3일 21시 39분,MOPP 1 단계 시행으로 부대는 즉시 보호조치를 개시하여 관련 대비태세가 유지 중임.
임무형보호태세 보고,2025년 11월 3일 21시 45분,부대 관할 지역 기준 MOPP 1 적용되어 추가 안전조치 및 점검이 시행됨.
임무형보호태세 보고,2025년 11월 3일 23시 25분,기지 내 기준 MOPP 0 적용되어 추가 안전조치 및 점검이 시행됨.
임무형보호태세 보고,2025년 11월 4일 0시 23분,전 구역 기준 MOPP 2 적용되어 추가 안전조치 및 점검이 시행됨.
임무형보호태세 보고,2025년 11월 4일 0시 45분,MOPP 3 단계 시행으로 부대는 즉시 보호조치를 개시하여 관련 대비태세가 유지 중임.
임무형보호태세 보고,2025년 11월 4일 5시 33분,MOPP 0 단계 시행으로 부대는 즉시 보호조치를 개시하여 관련 대비태세가 유지 중임.
임무형보호태세 보고,2025년 11월 4일 7시 12분,부대 관할 지역 기준 MOPP 0 적용되어 추가 안전조치 및 점검이 시행됨.
임무형보호태세 보고,2025년 11월 4일 8시 55분,작전지역 기준 MOPP 4 적용되어 추가 안전조치 및 점검이 시행됨.
임무형보호태세 보고,2025년 11월 4일 9시 38분,부대 관할 지역에 MOPP 4이 발령되어 보호장구 착용 및 관련 지침이 하달됨.
임무형보호태세 보고,2025년 11월 4일 11시 47분,전 구역에 MOPP 3이 발령되어 보호장구 착용 및 관련 지침이 하달됨.
임무형보호태세 보고,2025년 11월 4일 12시 43분,작전지역에 MOPP 0이 발령되어 보호장구 착용 및 관련 지침이 하달됨.
임무형보호태세 보고,2025년 11월 4일 13시 12분,작전지역 기준 MOPP 1 적용되어 추가 안전조치 및 점검이 시행됨.
임무형보호태세 보고,2025년 11월 4일 13시 38분,작전지역에 MOPP 1이 발령되어 보호장구 착용 및 관련 지침이 하달됨.
임무형보호태세 보고,2025년 11월 4일 14시 57분,작전지역에 MOPP 3이 발령되어 보호장구 착용 및 관련 지침이 하달됨.
임무형보호태세 보고,2025년 11월 4일 15시 49분,전 구역에 MOPP 2이 발령되어 보호장구 착용 및 관련 지침이 하달됨.
임무형보호태세 보고,2025년 11월 4일 17시 15분,작전지역에 MOPP 1이 발령되어 보호장구 착용 및 관련 지침이 하달됨.
임무형보호태세 보고,2025년 11월 4일 18시 37분,부대 관할 지역에 MOPP 4이 발령되어 보호장구 착용 및 관련 지침이 하달됨.
임무형보호태세 보고,2025년 11월 4일 23시 32분,MOPP 3 단계 시행으로 부대는 즉시 보호조치를 개시하여 관련 대비태세가 유지 중임.
임무형보호태세 보고,2025년 11월 4일 23시 40분,기지 내 기준 MOPP 0 적용되어 추가 안전조치 및 점검이 시행됨.
임무형보호태세 보고,2025년 11월 5일 0시 22분,MOPP 4 단계 시행으로 부대는 즉시 보호조치를 개시하여 관련 대비태세가 유지 중임.
임무형보호태세 보고,2025년 11월 5일 1시 0분,MOPP 3 단계 시행으로 부대는 즉시 보호조치를 개시하여 관련 대비태세가 유지 중임.
임무형보호태세 보고,2025년 11월 5일 5시 16분,부대 관할 지역에 MOPP 2이 발령되어 보호장구 착용 및 관련 지침이 하달됨.
임무형보호태세 보고,2025년 11월 5일 5시 43분,전 구역 기준 MOPP 0 적용되어 추가 안전조치 및 점검이 시행됨.
임무형보호태세 보고,2025년 11월 5일 6시 6분,기지 내 기준 MOPP 1 적용되어 추가 안전조치 및 점검이 시행됨.
임무형보호태세 보고,2025년 11월 5일 6시 47분,MOPP 1 단계 시행으로 부대는 즉시 보호조치를 개시하여 관련 대비태세가 유지 중임.
임무형보호태세 보고,2025년 11월 5일 11시 10분,기지 내에 MOPP 4이 발령되어 보호장구 착용 및 관련 지침이 하달됨.
임무형보호태세 보고,2025년 11월 5일 13시 9분,부대 관할 지역에 MOPP 2이 발령되어 보호장구 착용 및 관련 지침이 하달됨.
임무형보호태세 보고,2025년 11월 5일 13시 50분,기지 내에 MOPP 1이 발령되어 보호장구 착용 및 관련 지침이 하달됨.
임무형보호태세 보고,2025년 11월 5일 18시 29분,기지 내에 MOPP 3이 발령되어 보호장구 착용 및 관련 지침이 하달됨.
임무형보호태세 보고,2025년 11월 5일 19시 32분,부대 관할 지역에 MOPP 1이 발령되어 보호장구 착용 및 관련 지침이 하달됨.
임무형보호태세 보고,2025년 11월 5일 19시 52분,기지 내 기준 MOPP 3 적용되어 추가 안전조치 및 점검이 시행됨.
임무형보호태세 보고,2025년 11월 5일 20시 3분,MOPP 1 단계 시행으로 부대는 즉시 보호조치를 개시하여 관련 대비태세가 유지 중임.
임무형보호태세 보고,2025년 11월 5일 20시 4분,MOPP 3 단계 시행으로 부대는 즉시 보호조치를 개시하여 관련 대비태세가 유지 중임.
임무형보호태세 보고,2025년 11월 5일 22시 35분,MOPP 2 단계 시행으로 부대는 즉시 보호조치를 개시하여 관련 대비태세가 유지 중임.
임무형보호태세 보고,2025년 11월 5일 23시 39분,MOPP 4 단계 시행으로 부대는 즉시 보호조치를 개시하여 관련 대비태세가 유지 중임.
임무형보호태세 보고,2025년 11월 5일 23시 46분,MOPP 1 단계 시행으로 부대는 즉시 보호조치를 개시하여 관련 대비태세가 유지 중임.
임무형보호태세 보고,2025년 11월 5일 23시 52분,부대 관할 지역에 MOPP 3이 발령되어 보호장구 착용 및 관련 지침이 하달됨.
임무형보호태세 보고,2025년 11월 6일 0시 52분,전 구역 기준 MOPP 2 적용되어 추가 안전조치 및 점검이 시행됨.
임무형보호태세 보고,2025년 11월 6일 1시 32분,전 구역 기준 MOPP 4 적용되어 추가 안전조치 및 점검이 시행됨.
임무형보호태세 보고,2025년 11월 6일 4시 5분,MOPP 0 단계 시행으로 부대는 즉시 보호조치를 개시하여 관련 대비태세가 유지 중임.
임무형보호태세 보고,2025년 11월 6일 4시 17분,기지 내 기준 MOPP 3 적용되어 추가 안전조치 및 점검이 시행됨.
임무형보호태세 보고,2025년 11월 6일 5시 52분,부대 관할 지역 기준 MOPP 2 적용되어 추가 안전조치 및 점검이 시행됨.
임무형보호태세 보고,2025년 11월 6일 9시 44분,부대 관할 지역 기준 MOPP 3 적용되어 추가 안전조치 및 점검이 시행됨.
임무형보호태세 보고,2025년 11월 6일 13시 39분,MOPP 0 단계 시행으로 부대는 즉시 보호조치를 개시하여 관련 대비태세가 유지 중임.
임무형보호태세 보고,2025년 11월 6일 15시 48분,작전지역 기준 MOPP 3 적용되어 추가 안전조치 및 점검이 시행됨.
임무형보호태세 보고,2025년 11월 6일 20시 1분,작전지역 기준 MOPP 4 적용되어 추가 안전조치 및 점검이 시행됨.
임무형보호태세 보고,2025년 11월 6일 22시 6분,MOPP 2 단계 시행으로 부대는 즉시 보호조치를 개시하여 관련 대비태세가 유지 중임.
임무형보호태세 보고,2025년 11월 6일 22시 56분,기지 내 기준 MOPP 3 적용되어 추가 안전조치 및 점검이 시행됨.
임무형보호태세 보고,2025년 11월 6일 23시 32분,부대 관할 지역에 MOPP 2이 발령되어 보호장구 착용 및 관련 지침이 하달됨.
임무형보호태세 보고,2025년 11월 7일 3시 3분,작전지역에 MOPP 4이 발령되어 보호장구 착용 및 관련 지침이 하달됨.
임무형보호태세 보고,2025년 11월 7일 3시 48분,MOPP 0 단계 시행으로 부대는 즉시 보호조치를 개시하여 관련 대비태세가 유지 중임.
임무형보호태세 보고,2025년 11월 7일 3시 51분,부대 관할 지역에 MOPP 0이 발령되어 보호장구 착용 및 관련 지침이 하달됨.
임무형보호태세 보고,2025년 11월 7일 6시 27분,MOPP 3 단계 시행으로 부대는 즉시 보호조치를 개시하여 관련 대비태세가 유지 중임.
임무형보호태세 보고,2025년 11월 7일 9시 18분,MOPP 3 단계 시행으로 부대는 즉시 보호조치를 개시하여 관련 대비태세가 유지 중임.
임무형보호태세 보고,2025년 11월 7일 9시 21분,부대 관할 지역 기준 MOPP 3 적용되어 추가 안전조치 및 점검이 시행됨.
임무형보호태세 보고,2025년 11월 7일 9시 57분,전 구역에 MOPP 0이 발령되어 보호장구 착용 및 관련 지침이 하달됨.
임무형보호태세 보고,2025년 11월 7일 10시 3분,MOPP 3 단계 시행으로 부대는 즉시 보호조치를 개시하여 관련 대비태세가 유지 중임.
임무형보호태세 보고,2025년 11월 7일 15시 35분,전 구역 기준 MOPP 1 적용되어 추가 안전조치 및 점검이 시행됨.
임무형보호태세 보고,2025년 11월 7일 15시 43분,기지 내 기준 MOPP 4 적용되어 추가 안전조치 및 점검이 시행됨.
임무형보호태세 보고,2025년 11월 7일 15시 47분,MOPP 1 단계 시행으로 부대는 즉시 보호조치를 개시하여 관련 대비태세가 유지 중임.
임무형보호태세 보고,2025년 11월 7일 16시 30분,전 구역에 MOPP 3이 발령되어 보호장구 착용 및 관련 지침이 하달됨.
임무형보호태세 보고,2025년 11월 7일 17시 3분,MOPP 1 단계 시행으로 부대는 즉시 보호조치를 개시하여 관련 대비태세가 유지 중임.
임무형보호태세 보고,2025년 11월 7일 19시 22분,부대 관할 지역에 MOPP 0이 발령되어 보호장구 착용 및 관련 지침이 하달됨.
임무형보호태세 보고,2025년 11월 7일 19시 47분,전 구역 기준 MOPP 1 적용되어 추가 안전조치 및 점검이 시행됨.
임무형보호태세 보고,2025년 11월 7일 20시 39분,MOPP 0 단계 시행으로 부대는 즉시 보호조치를 개시하여 관련 대비태세가 유지 중임.
임무형보호태세 보고,2025년 11월 8일 0시 50분,작전지역 기준 MOPP 2 적용되어 추가 안전조치 및 점검이 시행됨.
임무형보호태세 보고,2025년 11월 8일 4시 41분,기지 내 기준 MOPP 3 적용되어 추가 안전조치 및 점검이 시행됨.
임무형보호태세 보고,2025년 11월 8일 4시 52분,작전지역 기준 MOPP 1 적용되어 추가 안전조치 및 점검이 시행됨.
임무형보호태세 보고,2025년 11월 8일 18시 4분,작전지역 기준 MOPP 2 적용되어 추가 안전조치 및 점검이 시행됨.
임무형보호태세 보고,2025년 11월 8일 19시 20분,작전지역에 MOPP 3이 발령되어 보호장구 착용 및 관련 지침이 하달됨.
임무형보호태세 보고,2025년 11월 8일 20시 22분,전 구역에 MOPP 0이 발령되어 보호장구 착용 및 관련 지침이 하달됨.
임무형보호태세 보고,2025년 11월 8일 21시 5분,부대 관할 지역에 MOPP 4이 발령되어 보호장구 착용 및 관련 지침이 하달됨.
임무형보호태세 보고,2025년 11월 8일 21시 44분,기지 내 기준 MOPP 4 적용되어 추가 안전조치 및 점검이 시행됨.
임무형보호태세 보고,2025년 11월 9일 5시 9분,작전지역 기준 MOPP 4 적용되어 추가 안전조치 및 점검이 시행됨.
장애물 극복 보고,2025년 10월 30일 13시 11분,현재 52S DG 277 944에서 대인지뢰에 대한 극복 조치가 돌파대대에 의해 완료됨(약 43분). 보강 및 안전조치 병행 판단됨.
장애물 극복 보고,2025년 10월 30일 16시 32분,"52S DG 285 974 구역 대인지뢰 극복 절차 종료, 공병 소대 주관으로 16분 소요. 통로 사용 가능 평가됨."
장애물 극복 보고,2025년 10월 30일 22시 17분,"52S DG 264 959에서 공병대이 대전차구 극복 완료, 소요 122분. 통로 확보 및 후속 통제 조치 진행 확인됨."
장애물 극복 보고,2025년 10월 30일 22시 24분,"52S DG 288 967에서 공병 분대이 방벽 극복 완료, 소요 145분. 통로 확보 및 후속 통제 조치 진행 기록됨."
장애물 극복 보고,2025년 10월 30일 23시 0분,"공병대 주도로 52S DG 291 972 방벽 극복 조치 시행, 91분 후 개통 기록됨."
장애물 극복 보고,2025년 10월 31일 1시 40분,"52S DG 288 944 지점에서 대전차구 극복 성공, 공병 소대 수행, 소요 106분. 잔여 위험요소 점검 평가됨."
장애물 극복 보고,2025년 10월 31일 5시 7분,"52S DG 283 959 구간의 방벽에 대한 개통을 공병 소대이 완료, 총 122분. 안전 통제 절차 연계 기록됨."
장애물 극복 보고,2025년 10월 31일 5시 47분,"공병대이 52S DG 286 965 구간의 지뢰지대를 돌파, 작업 시간 49분으로 기록됨. 후속 차단물 정리 중 평가됨."
장애물 극복 보고,2025년 10월 31일 6시 54분,"돌파 작전 결과 52S DG 283 985 방벽 차단 해제, 돌파대대 투입 120분. 후속 수습 진행 확인됨."
장애물 극복 보고,2025년 10월 31일 7시 1분,"52S DG 271 966에서 돌파대대이 방벽 극복 완료, 소요 78분. 통로 확보 및 후속 통제 조치 진행 추정됨."
장애물 극복 보고,2025년 10월 31일 12시 5분,"공병 소대 주도로 52S DG 281 973 방벽 극복 조치 시행, 87분 후 개통 보고됨."
장애물 극복 보고,2025년 10월 31일 13시 34분,현재 52S DG 279 956에서 지뢰지대에 대한 극복 조치가 공병대에 의해 완료됨(약 171분). 보강 및 안전조치 병행 기록됨.
장애물 극복 보고,2025년 10월 31일 14시 9분,"52S DG 276 945 구역 대인지뢰 극복 절차 종료, 공병 소대 주관으로 101분 소요. 통로 사용 가능 유지 중임."
장애물 극복 보고,2025년 10월 31일 14시 31분,"돌파대대 주도로 52S DG 282 948 철조망지대 극복 조치 시행, 44분 후 개통 평가됨."
장애물 극복 보고,2025년 10월 31일 14시 41분,현재 52S DG 286 979에서 대전차구에 대한 극복 조치가 공병 분대에 의해 완료됨(약 40분). 보강 및 안전조치 병행 보고됨.
장애물 극복 보고,2025년 10월 31일 15시 44분,"52S DG 275 959 구간의 대전차 지뢰에 대한 개통을 공병 소대이 완료, 총 53분. 안전 통제 절차 연계 확인됨."
장애물 극복 보고,2025년 10월 31일 15시 55분,"52S DG 290 969에서 공병 분대이 대전차구 극복 완료, 소요 89분. 통로 확보 및 후속 통제 조치 진행 보고됨."
장애물 극복 보고,2025년 10월 31일 16시 45분,"돌파 작전 결과 52S DG 272 956 대전차구 차단 해제, 공병 분대 투입 98분. 후속 수습 진행 확인됨."
장애물 극복 보고,2025년 10월 31일 17시 38분,현재 52S DG 294 945에서 대인지뢰에 대한 극복 조치가 공병 소대에 의해 완료됨(약 63분). 보강 및 안전조치 병행 기록됨.
장애물 극복 보고,2025년 10월 31일 19시 23분,"52S DG 293 945 구역 방벽 극복 절차 종료, 공병 분대 주관으로 140분 소요. 통로 사용 가능 확인됨."
장애물 극복 보고,2025년 10월 31일 23시 4분,현재 52S DG 272 953에서 대전차구에 대한 극복 조치가 공병대에 의해 완료됨(약 171분). 보강 및 안전조치 병행 추정됨.
장애물 극복 보고,2025년 10월 31일 23시 30분,"52S DG 266 947 지점에서 지뢰지대 극복 성공, 공병 소대 수행, 소요 46분. 잔여 위험요소 점검 판단됨."
장애물 극복 보고,2025년 11월 1일 2시 17분,"52S DG 285 983 구간의 대인지뢰에 대한 개통을 공병대이 완료, 총 153분. 안전 통제 절차 연계 관찰됨."
장애물 극복 보고,2025년 11월 1일 5시 29분,"돌파대대 주도로 52S DG 275 968 대전차 지뢰 극복 조치 시행, 57분 후 개통 추정됨."
장애물 극복 보고,2025년 11월 1일 6시 5분,"52S DG 274 972에서 공병 소대이 대인지뢰 극복 완료, 소요 43분. 통로 확보 및 후속 통제 조치 진행 보고됨."
장애물 극복 보고,2025년 11월 1일 7시 27분,"52S DG 272 947 구역 대전차 지뢰 극복 절차 종료, 공병 소대 주관으로 147분 소요. 통로 사용 가능 보고됨."
장애물 극복 보고,2025년 11월 1일 7시 29분,"돌파대대이 52S DG 283 977 구간의 대전차 지뢰를 돌파, 작업 시간 42분으로 기록됨. 후속 차단물 정리 중 확인됨."
장애물 극복 보고,2025년 11월 1일 7시 50분,"52S DG 272 974 구역 철조망지대 극복 절차 종료, 공병 소대 주관으로 114분 소요. 통로 사용 가능 확인됨."
장애물 극복 보고,2025년 11월 1일 12시 6분,"돌파 작전 결과 52S DG 265 954 지뢰지대 차단 해제, 돌파대대 투입 171분. 후속 수습 진행 추정됨."
장애물 극복 보고,2025년 11월 1일 15시 24분,"52S DG 291 983에서 공병 소대이 철조망지대 극복 완료, 소요 104분. 통로 확보 및 후속 통제 조치 진행 확인됨."
장애물 극복 보고,2025년 11월 1일 17시 20분,"돌파 작전 결과 52S DG 293 950 대전차구 차단 해제, 돌파대대 투입 173분. 후속 수습 진행 기록됨."
장애물 극복 보고,2025년 11월 1일 19시 45분,"52S DG 283 963 구역 대인지뢰 극복 절차 종료, 공병 소대 주관으로 53분 소요. 통로 사용 가능 유지 중임."
장애물 극복 보고,2025년 11월 1일 19시 46분,"돌파대대 주도로 52S DG 277 962 방벽 극복 조치 시행, 13분 후 개통 관찰됨."
장애물 극복 보고,2025년 11월 1일 19시 52분,"공병 소대이 52S DG 269 952 구간의 대전차구를 돌파, 작업 시간 109분으로 기록됨. 후속 차단물 정리 중 확인됨."
장애물 극복 보고,2025년 11월 1일 20시 10분,"52S DG 290 949에서 공병 분대이 대전차구 극복 완료, 소요 33분. 통로 확보 및 후속 통제 조치 진행 확인됨."
장애물 극복 보고,2025년 11월 1일 22시 53분,"공병대 주도로 52S DG 274 962 지뢰지대 극복 조치 시행, 85분 후 개통 확인됨."
장애물 극복 보고,2025년 11월 1일 23시 58분,돌파대대이 52S DG 292 986의 대전차 지뢰를 제거하여 10분 내 통과로 전환됨. 현장 안정화 중 추정됨.
장애물 극복 보고,2025년 11월 2일 0시 7분,"돌파대대이 52S DG 279 983 구간의 대전차구를 돌파, 작업 시간 116분으로 기록됨. 후속 차단물 정리 중 식별됨."
장애물 극복 보고,2025년 11월 2일 3시 15분,"돌파 작전 결과 52S DG 266 949 철조망지대 차단 해제, 공병 소대 투입 33분. 후속 수습 진행 추정됨."
장애물 극복 보고,2025년 11월 2일 3시 27분,"공병 분대 주도로 52S DG 282 970 대전차구 극복 조치 시행, 40분 후 개통 확인됨."
장애물 극복 보고,2025년 11월 2일 3시 59분,"52S DG 287 979에서 대전차 지뢰 제거 완료, 투입 전력 공병 소대, 소요 시간 56분 식별됨."
장애물 극복 보고,2025년 11월 2일 7시 28분,"돌파대대이 52S DG 287 962 구간의 대전차구를 돌파, 작업 시간 81분으로 기록됨. 후속 차단물 정리 중 관찰됨."
장애물 극복 보고,2025년 11월 2일 11시 54분,"공병 분대 주도로 52S DG 271 976 대전차구 극복 조치 시행, 93분 후 개통 평가됨."
장애물 극복 보고,2025년 11월 2일 12시 7분,"52S DG 270 972에서 공병 분대이 철조망지대 극복 완료, 소요 40분. 통로 확보 및 후속 통제 조치 진행 유지 중임."
장애물 극복 보고,2025년 11월 2일 14시 3분,공병대이 52S DG 268 975의 대전차구를 제거하여 108분 내 통과로 전환됨. 현장 안정화 중 관찰됨.
장애물 극복 보고,2025년 11월 2일 15시 8분,공병대이 52S DG 270 985의 대인지뢰를 제거하여 128분 내 통과로 전환됨. 현장 안정화 중 식별됨.
장애물 극복 보고,2025년 11월 2일 15시 58분,현재 52S DG 269 949에서 방벽에 대한 극복 조치가 돌파대대에 의해 완료됨(약 45분). 보강 및 안전조치 병행 현장 보고 완료됨.
장애물 극복 보고,2025년 11월 2일 19시 40분,공병 분대이 52S DG 268 972의 대전차구를 제거하여 131분 내 통과로 전환됨. 현장 안정화 중 식별됨.
장애물 극복 보고,2025년 11월 2일 19시 51분,현재 52S DG 293 980에서 대전차 지뢰에 대한 극복 조치가 공병 분대에 의해 완료됨(약 10분). 보강 및 안전조치 병행 현장 보고 완료됨.
장애물 극복 보고,2025년 11월 2일 20시 48분,공병 소대이 52S DG 264 973의 철조망지대를 제거하여 81분 내 통과로 전환됨. 현장 안정화 중 평가됨.
장애물 극복 보고,2025년 11월 2일 21시 50분,공병대이 52S DG 267 953의 방벽를 제거하여 36분 내 통과로 전환됨. 현장 안정화 중 현장 보고 완료됨.
장애물 극복 보고,2025년 11월 2일 22시 50분,"공병 소대이 52S DG 281 964 구간의 철조망지대를 돌파, 작업 시간 88분으로 기록됨. 후속 차단물 정리 중 확인됨."
장애물 극복 보고,2025년 11월 2일 23시 42분,"52S DG 293 966 구간의 대전차구에 대한 개통을 공병 소대이 완료, 총 68분. 안전 통제 절차 연계 식별됨."
장애물 극복 보고,2025년 11월 3일 1시 16분,"공병 분대 주도로 52S DG 293 980 철조망지대 극복 조치 시행, 58분 후 개통 추정됨."
장애물 극복 보고,2025년 11월 3일 1시 19분,"52S DG 265 985에서 방벽 제거 완료, 투입 전력 공병 분대, 소요 시간 5분 식별됨."
장애물 극복 보고,2025년 11월 3일 3시 55분,현재 52S DG 276 962에서 철조망지대에 대한 극복 조치가 돌파대대에 의해 완료됨(약 129분). 보강 및 안전조치 병행 유지 중임.
장애물 극복 보고,2025년 11월 3일 4시 24분,"52S DG 282 955 구간의 철조망지대에 대한 개통을 공병 소대이 완료, 총 180분. 안전 통제 절차 연계 식별됨."
장애물 극복 보고,2025년 11월 3일 5시 2분,"52S DG 286 986에서 지뢰지대 제거 완료, 투입 전력 공병 분대, 소요 시간 132분 식별됨."
장애물 극복 보고,2025년 11월 3일 5시 15분,"돌파 작전 결과 52S DG 264 945 철조망지대 차단 해제, 공병 소대 투입 25분. 후속 수습 진행 기록됨."
장애물 극복 보고,2025년 11월 3일 6시 0분,"52S DG 280 955에서 방벽 제거 완료, 투입 전력 공병 소대, 소요 시간 38분 기록됨."
장애물 극복 보고,2025년 11월 3일 6시 5분,돌파대대이 52S DG 294 957의 지뢰지대를 제거하여 106분 내 통과로 전환됨. 현장 안정화 중 기록됨.
장애물 극복 보고,2025년 11월 3일 6시 31분,"52S DG 276 977 지점에서 방벽 극복 성공, 공병 분대 수행, 소요 82분. 잔여 위험요소 점검 추정됨."
장애물 극복 보고,2025년 11월 3일 7시 2분,"52S DG 268 986 구역 철조망지대 극복 절차 종료, 공병 분대 주관으로 176분 소요. 통로 사용 가능 확인됨."
장애물 극복 보고,2025년 11월 3일 9시 5분,공병 분대이 52S DG 290 986의 철조망지대를 제거하여 56분 내 통과로 전환됨. 현장 안정화 중 판단됨.
장애물 극복 보고,2025년 11월 3일 9시 32분,"52S DG 269 958 구역 대전차구 극복 절차 종료, 돌파대대 주관으로 5분 소요. 통로 사용 가능 추정됨."
장애물 극복 보고,2025년 11월 3일 9시 41분,공병대이 52S DG 275 972의 방벽를 제거하여 57분 내 통과로 전환됨. 현장 안정화 중 평가됨.
장애물 극복 보고,2025년 11월 3일 10시 29분,공병 분대이 52S DG 290 968의 대전차구를 제거하여 152분 내 통과로 전환됨. 현장 안정화 중 평가됨.
장애물 극복 보고,2025년 11월 3일 11시 36분,현재 52S DG 275 977에서 철조망지대에 대한 극복 조치가 돌파대대에 의해 완료됨(약 66분). 보강 및 안전조치 병행 평가됨.
장애물 극복 보고,2025년 11월 3일 12시 15분,"52S DG 275 970 지점에서 대인지뢰 극복 성공, 공병대 수행, 소요 149분. 잔여 위험요소 점검 식별됨."
장애물 극복 보고,2025년 11월 3일 12시 54분,"돌파 작전 결과 52S DG 266 948 대전차구 차단 해제, 돌파대대 투입 153분. 후속 수습 진행 추정됨."
장애물 극복 보고,2025년 11월 3일 14시 53분,"52S DG 287 968 지점에서 대전차구 극복 성공, 공병 소대 수행, 소요 124분. 잔여 위험요소 점검 현장 보고 완료됨."
장애물 극복 보고,2025년 11월 3일 16시 46분,"52S DG 283 981에서 돌파대대이 대전차 지뢰 극복 완료, 소요 63분. 통로 확보 및 후속 통제 조치 진행 추정됨."
장애물 극복 보고,2025년 11월 3일 18시 30분,"돌파대대 주도로 52S DG 270 961 대인지뢰 극복 조치 시행, 64분 후 개통 관찰됨."
장애물 극복 보고,2025년 11월 3일 19시 52분,"공병 분대 주도로 52S DG 273 981 지뢰지대 극복 조치 시행, 164분 후 개통 평가됨."
장애물 극복 보고,2025년 11월 3일 20시 30분,공병 소대이 52S DG 270 963의 대인지뢰를 제거하여 106분 내 통과로 전환됨. 현장 안정화 중 식별됨.
장애물 극복 보고,2025년 11월 3일 22시 48분,"공병대이 52S DG 270 980 구간의 대인지뢰를 돌파, 작업 시간 132분으로 기록됨. 후속 차단물 정리 중 보고됨."
장애물 극복 보고,2025년 11월 4일 1시 4분,현재 52S DG 268 979에서 철조망지대에 대한 극복 조치가 돌파대대에 의해 완료됨(약 49분). 보강 및 안전조치 병행 보고됨.
장애물 극복 보고,2025년 11월 4일 2시 30분,"52S DG 271 970에서 방벽 제거 완료, 투입 전력 돌파대대, 소요 시간 161분 식별됨."
장애물 극복 보고,2025년 11월 4일 5시 6분,"52S DG 279 979에서 공병 분대이 지뢰지대 극복 완료, 소요 41분. 통로 확보 및 후속 통제 조치 진행 유지 중임."
장애물 극복 보고,2025년 11월 4일 7시 10분,"돌파 작전 결과 52S DG 270 953 대전차 지뢰 차단 해제, 공병 분대 투입 165분. 후속 수습 진행 유지 중임."
장애물 극복 보고,2025년 11월 4일 11시 2분,"52S DG 280 960 구간의 지뢰지대에 대한 개통을 공병대이 완료, 총 148분. 안전 통제 절차 연계 기록됨."
장애물 극복 보고,2025년 11월 4일 12시 28분,"공병대 주도로 52S DG 285 959 대전차 지뢰 극복 조치 시행, 93분 후 개통 식별됨."
장애물 극복 보고,2025년 11월 4일 14시 35분,"돌파 작전 결과 52S DG 294 975 대인지뢰 차단 해제, 공병 소대 투입 80분. 후속 수습 진행 식별됨."
장애물 극복 보고,2025년 11월 4일 14시 50분,"52S DG 273 978에서 공병대이 철조망지대 극복 완료, 소요 117분. 통로 확보 및 후속 통제 조치 진행 유지 중임."
장애물 극복 보고,2025년 11월 4일 15시 34분,"52S DG 267 948 구역 대전차구 극복 절차 종료, 돌파대대 주관으로 36분 소요. 통로 사용 가능 추정됨."
장애물 극복 보고,2025년 11월 4일 16시 53분,"52S DG 270 950에서 공병대이 철조망지대 극복 완료, 소요 7분. 통로 확보 및 후속 통제 조치 진행 평가됨."
장애물 극복 보고,2025년 11월 4일 18시 40분,"공병 분대 주도로 52S DG 269 975 대전차 지뢰 극복 조치 시행, 154분 후 개통 기록됨."
장애물 극복 보고,2025년 11월 4일 21시 1분,현재 52S DG 275 952에서 대인지뢰에 대한 극복 조치가 공병 분대에 의해 완료됨(약 141분). 보강 및 안전조치 병행 관찰됨.
장애물 극복 보고,2025년 11월 4일 22시 41분,"52S DG 266 966에서 방벽 제거 완료, 투입 전력 돌파대대, 소요 시간 125분 평가됨."
장애물 극복 보고,2025년 11월 5일 2시 16분,"52S DG 284 957에서 공병대이 지뢰지대 극복 완료, 소요 33분. 통로 확보 및 후속 통제 조치 진행 유지 중임."
장애물 극복 보고,2025년 11월 5일 4시 13분,"52S DG 284 961 구간의 지뢰지대에 대한 개통을 공병대이 완료, 총 72분. 안전 통제 절차 연계 평가됨."
장애물 극복 보고,2025년 11월 5일 4시 34분,"52S DG 283 951 구간의 대전차 지뢰에 대한 개통을 공병대이 완료, 총 139분. 안전 통제 절차 연계 식별됨."
장애물 극복 보고,2025년 11월 5일 8시 29분,"52S DG 274 952 구역 지뢰지대 극복 절차 종료, 공병 소대 주관으로 80분 소요. 통로 사용 가능 현장 보고 완료됨."
장애물 극복 보고,2025년 11월 5일 8시 52분,"52S DG 286 972 지점에서 지뢰지대 극복 성공, 공병 분대 수행, 소요 178분. 잔여 위험요소 점검 관찰됨."
장애물 극복 보고,2025년 11월 5일 9시 4분,"52S DG 290 969 구역 방벽 극복 절차 종료, 공병 분대 주관으로 25분 소요. 통로 사용 가능 현장 보고 완료됨."
장애물 극복 보고,2025년 11월 5일 10시 27분,"52S DG 277 965 구간의 대전차 지뢰에 대한 개통을 공병대이 완료, 총 132분. 안전 통제 절차 연계 보고됨."
장애물 극복 보고,2025년 11월 5일 12시 17분,"돌파 작전 결과 52S DG 274 985 대전차구 차단 해제, 공병 분대 투입 45분. 후속 수습 진행 현장 보고 완료됨."
장애물 극복 보고,2025년 11월 5일 16시 7분,"52S DG 278 981 지점에서 대전차구 극복 성공, 공병대 수행, 소요 173분. 잔여 위험요소 점검 식별됨."
장애물 극복 보고,2025년 11월 5일 18시 16분,"공병 소대 주도로 52S DG 288 955 대인지뢰 극복 조치 시행, 71분 후 개통 평가됨."
장애물 극복 보고,2025년 11월 5일 18시 34분,"52S DG 289 968 지점에서 대전차 지뢰 극복 성공, 공병 분대 수행, 소요 49분. 잔여 위험요소 점검 기록됨."
장애물 극복 보고,2025년 11월 5일 22시 7분,현재 52S DG 293 976에서 철조망지대에 대한 극복 조치가 공병 소대에 의해 완료됨(약 147분). 보강 및 안전조치 병행 확인됨.
장애물 극복 보고,2025년 11월 6일 1시 34분,"52S DG 285 954에서 방벽 제거 완료, 투입 전력 돌파대대, 소요 시간 160분 확인됨."
장애물 극복 보고,2025년 11월 6일 3시 3분,현재 52S DG 284 966에서 대전차 지뢰에 대한 극복 조치가 돌파대대에 의해 완료됨(약 53분). 보강 및 안전조치 병행 보고됨.
장애물 극복 보고,2025년 11월 6일 4시 22분,"공병 소대 주도로 52S DG 283 977 대전차 지뢰 극복 조치 시행, 152분 후 개통 관찰됨."
장애물 극복 보고,2025년 11월 6일 7시 51분,"52S DG 290 946에서 철조망지대 제거 완료, 투입 전력 공병 소대, 소요 시간 144분 식별됨."
장애물 극복 보고,2025년 11월 6일 10시 20분,"52S DG 289 955 구역 방벽 극복 절차 종료, 공병 분대 주관으로 125분 소요. 통로 사용 가능 평가됨."
장애물 극복 보고,2025년 11월 6일 14시 55분,현재 52S DG 289 950에서 지뢰지대에 대한 극복 조치가 돌파대대에 의해 완료됨(약 38분). 보강 및 안전조치 병행 식별됨.
장애물 극복 보고,2025년 11월 6일 15시 54분,"돌파대대 주도로 52S DG 288 964 대전차 지뢰 극복 조치 시행, 74분 후 개통 판단됨."
장애물 극복 보고,2025년 11월 6일 15시 56분,현재 52S DG 284 976에서 대인지뢰에 대한 극복 조치가 돌파대대에 의해 완료됨(약 151분). 보강 및 안전조치 병행 유지 중임.
장애물 극복 보고,2025년 11월 6일 20시 0분,현재 52S DG 276 952에서 대전차 지뢰에 대한 극복 조치가 돌파대대에 의해 완료됨(약 179분). 보강 및 안전조치 병행 기록됨.
장애물 극복 보고,2025년 11월 7일 0시 16분,"52S DG 286 973에서 공병 소대이 대전차 지뢰 극복 완료, 소요 123분. 통로 확보 및 후속 통제 조치 진행 유지 중임."
장애물 극복 보고,2025년 11월 7일 0시 32분,"52S DG 274 973 지점에서 방벽 극복 성공, 공병대 수행, 소요 59분. 잔여 위험요소 점검 판단됨."
장애물 극복 보고,2025년 11월 7일 0시 56분,"52S DG 293 970에서 철조망지대 제거 완료, 투입 전력 공병대, 소요 시간 133분 판단됨."
장애물 극복 보고,2025년 11월 7일 1시 15분,"52S DG 291 959 구간의 지뢰지대에 대한 개통을 공병 소대이 완료, 총 145분. 안전 통제 절차 연계 평가됨."
장애물 극복 보고,2025년 11월 7일 2시 26분,"52S DG 274 984 구간의 지뢰지대에 대한 개통을 공병 소대이 완료, 총 81분. 안전 통제 절차 연계 보고됨."
장애물 극복 보고,2025년 11월 7일 3시 54분,"돌파대대이 52S DG 271 963 구간의 대인지뢰를 돌파, 작업 시간 34분으로 기록됨. 후속 차단물 정리 중 보고됨."
장애물 극복 보고,2025년 11월 7일 4시 17분,"52S DG 266 945 구역 대인지뢰 극복 절차 종료, 돌파대대 주관으로 174분 소요. 통로 사용 가능 보고됨."
장애물 극복 보고,2025년 11월 7일 6시 1분,"돌파대대이 52S DG 268 979 구간의 대인지뢰를 돌파, 작업 시간 31분으로 기록됨. 후속 차단물 정리 중 추정됨."
장애물 극복 보고,2025년 11월 7일 6시 53분,"52S DG 264 983에서 대전차 지뢰 제거 완료, 투입 전력 공병 분대, 소요 시간 112분 기록됨."
장애물 극복 보고,2025년 11월 7일 8시 9분,"돌파 작전 결과 52S DG 272 978 철조망지대 차단 해제, 공병 분대 투입 100분. 후속 수습 진행 유지 중임."
장애물 극복 보고,2025년 11월 7일 9시 34분,"52S DG 292 984에서 공병대이 지뢰지대 극복 완료, 소요 6분. 통로 확보 및 후속 통제 조치 진행 유지 중임."
장애물 극복 보고,2025년 11월 7일 10시 37분,"돌파대대 주도로 52S DG 271 977 지뢰지대 극복 조치 시행, 41분 후 개통 추정됨."
장애물 극복 보고,2025년 11월 7일 12시 21분,"52S DG 290 981 지점에서 방벽 극복 성공, 공병 분대 수행, 소요 129분. 잔여 위험요소 점검 식별됨."
장애물 극복 보고,2025년 11월 7일 12시 55분,"52S DG 274 968 구역 방벽 극복 절차 종료, 돌파대대 주관으로 40분 소요. 통로 사용 가능 추정됨."
장애물 극복 보고,2025년 11월 7일 13시 29분,현재 52S DG 270 977에서 대전차 지뢰에 대한 극복 조치가 돌파대대에 의해 완료됨(약 77분). 보강 및 안전조치 병행 평가됨.
장애물 극복 보고,2025년 11월 7일 15시 36분,"52S DG 273 962 구간의 지뢰지대에 대한 개통을 돌파대대이 완료, 총 108분. 안전 통제 절차 연계 확인됨."
장애물 극복 보고,2025년 11월 7일 16시 7분,"공병대 주도로 52S DG 270 985 철조망지대 극복 조치 시행, 48분 후 개통 현장 보고 완료됨."
장애물 극복 보고,2025년 11월 7일 16시 55분,"52S DG 266 974 구역 철조망지대 극복 절차 종료, 공병 분대 주관으로 97분 소요. 통로 사용 가능 평가됨."
장애물 극복 보고,2025년 11월 7일 17시 1분,현재 52S DG 269 960에서 대전차 지뢰에 대한 극복 조치가 공병대에 의해 완료됨(약 46분). 보강 및 안전조치 병행 보고됨.
장애물 극복 보고,2025년 11월 7일 18시 40분,"공병 분대 주도로 52S DG 272 985 대인지뢰 극복 조치 시행, 88분 후 개통 기록됨."
장애물 극복 보고,2025년 11월 7일 19시 46분,"돌파 작전 결과 52S DG 268 984 대인지뢰 차단 해제, 돌파대대 투입 146분. 후속 수습 진행 기록됨."
장애물 극복 보고,2025년 11월 8일 2시 33분,"공병대 주도로 52S DG 274 964 방벽 극복 조치 시행, 163분 후 개통 보고됨."
장애물 극복 보고,2025년 11월 8일 3시 35분,"52S DG 264 979 지점에서 지뢰지대 극복 성공, 공병 분대 수행, 소요 22분. 잔여 위험요소 점검 판단됨."
장애물 극복 보고,2025년 11월 8일 5시 9분,"52S DG 278 969에서 철조망지대 제거 완료, 투입 전력 돌파대대, 소요 시간 180분 기록됨."
장애물 극복 보고,2025년 11월 8일 6시 50분,공병 소대이 52S DG 288 985의 지뢰지대를 제거하여 149분 내 통과로 전환됨. 현장 안정화 중 추정됨.
장애물 극복 보고,2025년 11월 8일 9시 41분,"52S DG 289 970 구역 대인지뢰 극복 절차 종료, 공병 분대 주관으로 151분 소요. 통로 사용 가능 보고됨."
장애물 극복 보고,2025년 11월 8일 10시 45분,현재 52S DG 269 965에서 대인지뢰에 대한 극복 조치가 공병 분대에 의해 완료됨(약 65분). 보강 및 안전조치 병행 식별됨.
장애물 극복 보고,2025년 11월 8일 11시 14분,"52S DG 279 984 지점에서 대전차구 극복 성공, 공병대 수행, 소요 119분. 잔여 위험요소 점검 확인됨."
장애물 극복 보고,2025년 11월 8일 12시 23분,"공병 소대이 52S DG 287 961 구간의 지뢰지대를 돌파, 작업 시간 41분으로 기록됨. 후속 차단물 정리 중 관찰됨."
장애물 극복 보고,2025년 11월 8일 13시 23분,"공병 분대 주도로 52S DG 268 979 대인지뢰 극복 조치 시행, 178분 후 개통 현장 보고 완료됨."
장애물 극복 보고,2025년 11월 8일 14시 20분,"공병대 주도로 52S DG 280 983 대전차구 극복 조치 시행, 38분 후 개통 확인됨."
장애물 극복 보고,2025년 11월 8일 16시 8분,"돌파 작전 결과 52S DG 281 978 지뢰지대 차단 해제, 공병대 투입 129분. 후속 수습 진행 관찰됨."
장애물 극복 보고,2025년 11월 8일 17시 22분,"52S DG 278 949에서 공병 분대이 방벽 극복 완료, 소요 15분. 통로 확보 및 후속 통제 조치 진행 식별됨."
장애물 극복 보고,2025년 11월 8일 18시 39분,"52S DG 278 967 구간의 철조망지대에 대한 개통을 공병 소대이 완료, 총 104분. 안전 통제 절차 연계 판단됨."
장애물 극복 보고,2025년 11월 8일 19시 5분,"52S DG 279 956 구간의 지뢰지대에 대한 개통을 공병 소대이 완료, 총 167분. 안전 통제 절차 연계 관찰됨."
장애물 극복 보고,2025년 11월 8일 20시 50분,"52S DG 287 956 지점에서 방벽 극복 성공, 공병대 수행, 소요 99분. 잔여 위험요소 점검 추정됨."
장애물 극복 보고,2025년 11월 8일 22시 4분,현재 52S DG 279 947에서 철조망지대에 대한 극복 조치가 공병 소대에 의해 완료됨(약 59분). 보강 및 안전조치 병행 확인됨.
장애물 극복 보고,2025년 11월 9일 3시 59분,"52S DG 289 962 지점에서 대인지뢰 극복 성공, 공병대 수행, 소요 173분. 잔여 위험요소 점검 현장 보고 완료됨."
장애물 극복 보고,2025년 11월 9일 5시 29분,"52S DG 285 953에서 철조망지대 제거 완료, 투입 전력 공병 소대, 소요 시간 80분 기록됨."
장애물 극복 보고,2025년 11월 9일 5시 37분,"52S DG 272 978 구역 방벽 극복 절차 종료, 돌파대대 주관으로 5분 소요. 통로 사용 가능 추정됨."
장애물 극복 보고,2025년 11월 9일 10시 50분,"52S DG 292 982 구역 대전차구 극복 절차 종료, 공병 소대 주관으로 55분 소요. 통로 사용 가능 보고됨."
장애물 극복 보고,2025년 11월 9일 11시 48분,"공병 소대이 52S DG 264 983 구간의 지뢰지대를 돌파, 작업 시간 139분으로 기록됨. 후속 차단물 정리 중 평가됨."
장애물 극복 보고,2025년 11월 9일 13시 25분,현재 52S DG 274 968에서 대전차구에 대한 극복 조치가 공병대에 의해 완료됨(약 126분). 보강 및 안전조치 병행 기록됨.
장애물 극복 보고,2025년 11월 9일 14시 25분,"52S DG 275 954에서 공병 분대이 대전차구 극복 완료, 소요 58분. 통로 확보 및 후속 통제 조치 진행 확인됨."
장애물 극복 보고,2025년 11월 9일 15시 4분,공병대이 52S DG 293 964의 대전차 지뢰를 제거하여 85분 내 통과로 전환됨. 현장 안정화 중 현장 보고 완료됨.
장애물 극복 보고,2025년 11월 9일 18시 57분,"공병 분대 주도로 52S DG 291 957 대전차 지뢰 극복 조치 시행, 19분 후 개통 관찰됨."
장애물 극복 보고,2025년 11월 9일 19시 55분,공병 소대이 52S DG 264 945의 철조망지대를 제거하여 49분 내 통과로 전환됨. 현장 안정화 중 평가됨.
장애물 극복 보고,2025년 11월 10일 0시 9분,공병대이 52S DG 274 981의 방벽를 제거하여 81분 내 통과로 전환됨. 현장 안정화 중 유지 중임.
장애물 극복 보고,2025년 11월 10일 1시 58분,"공병 소대 주도로 52S DG 272 951 대전차 지뢰 극복 조치 시행, 175분 후 개통 기록됨."
장애물 극복 보고,2025년 11월 10일 2시 24분,"공병 소대 주도로 52S DG 274 976 대전차 지뢰 극복 조치 시행, 156분 후 개통 유지 중임."
장애물 극복 보고,2025년 11월 10일 3시 37분,"52S DG 281 963 구간의 지뢰지대에 대한 개통을 돌파대대이 완료, 총 80분. 안전 통제 절차 연계 현장 보고 완료됨."
장애물 극복 보고,2025년 11월 10일 6시 6분,"돌파 작전 결과 52S DG 274 947 지뢰지대 차단 해제, 돌파대대 투입 90분. 후속 수습 진행 평가됨."
장애물 극복 보고,2025년 11월 10일 7시 14분,"52S DG 281 985 지점에서 철조망지대 극복 성공, 공병 소대 수행, 소요 157분. 잔여 위험요소 점검 평가됨."
장애물 극복 보고,2025년 11월 10일 7시 46분,돌파대대이 52S DG 282 959의 지뢰지대를 제거하여 85분 내 통과로 전환됨. 현장 안정화 중 관찰됨.
장애물 극복 보고,2025년 11월 10일 8시 13분,"52S DG 278 956 구간의 지뢰지대에 대한 개통을 공병 분대이 완료, 총 117분. 안전 통제 절차 연계 현장 보고 완료됨."
장애물 극복 보고,2025년 11월 10일 8시 30분,공병 소대이 52S DG 274 948의 대전차구를 제거하여 159분 내 통과로 전환됨. 현장 안정화 중 기록됨.
장애물 극복 보고,2025년 11월 10일 9시 27분,"돌파대대 주도로 52S DG 271 955 대인지뢰 극복 조치 시행, 93분 후 개통 확인됨."
장애물 극복 보고,2025년 11월 10일 10시 9분,현재 52S DG 286 950에서 대전차구에 대한 극복 조치가 공병대에 의해 완료됨(약 61분). 보강 및 안전조치 병행 유지 중임.
장애물 극복 보고,2025년 11월 10일 16시 38분,"52S DG 275 985 구간의 철조망지대에 대한 개통을 공병 분대이 완료, 총 171분. 안전 통제 절차 연계 현장 보고 완료됨."
장애물 극복 보고,2025년 11월 10일 21시 8분,"돌파대대 주도로 52S DG 267 981 방벽 극복 조치 시행, 80분 후 개통 확인됨."
장애물 극복 보고,2025년 11월 10일 23시 28분,현재 52S DG 269 950에서 대전차구에 대한 극복 조치가 공병 소대에 의해 완료됨(약 76분). 보강 및 안전조치 병행 기록됨.
장애물 극복 보고,2025년 11월 11일 1시 52분,공병대이 52S DG 280 971의 대인지뢰를 제거하여 6분 내 통과로 전환됨. 현장 안정화 중 판단됨.
장애물 극복 보고,2025년 11월 11일 2시 3분,"52S DG 290 960에서 철조망지대 제거 완료, 투입 전력 공병대, 소요 시간 178분 추정됨."
장애물 극복 보고,2025년 11월 11일 9시 12분,"돌파대대이 52S DG 292 979 구간의 대전차 지뢰를 돌파, 작업 시간 157분으로 기록됨. 후속 차단물 정리 중 판단됨."
장애물 극복 보고,2025년 11월 11일 9시 17분,"52S DG 278 975 지점에서 대전차 지뢰 극복 성공, 공병 소대 수행, 소요 34분. 잔여 위험요소 점검 보고됨."
장애물 극복 보고,2025년 11월 11일 13시 25분,공병 소대이 52S DG 264 973의 방벽를 제거하여 23분 내 통과로 전환됨. 현장 안정화 중 보고됨.
장애물 극복 보고,2025년 11월 11일 13시 37분,"52S DG 291 964에서 철조망지대 제거 완료, 투입 전력 공병대, 소요 시간 56분 보고됨."
장애물 극복 보고,2025년 11월 11일 14시 43분,"52S DG 287 954에서 대인지뢰 제거 완료, 투입 전력 공병대, 소요 시간 157분 관찰됨."
장애물 극복 보고,2025년 11월 11일 16시 20분,"52S DG 276 982 구역 철조망지대 극복 절차 종료, 돌파대대 주관으로 75분 소요. 통로 사용 가능 확인됨."
장애물 극복 보고,2025년 11월 11일 17시 1분,돌파대대이 52S DG 265 976의 대인지뢰를 제거하여 108분 내 통과로 전환됨. 현장 안정화 중 확인됨.
장애물 극복 보고,2025년 11월 11일 19시 13분,"52S DG 288 968 구간의 방벽에 대한 개통을 돌파대대이 완료, 총 46분. 안전 통제 절차 연계 평가됨."
장애물 극복 보고,2025년 11월 11일 20시 56분,"52S DG 290 957 지점에서 대전차 지뢰 극복 성공, 공병 소대 수행, 소요 62분. 잔여 위험요소 점검 확인됨."
장애물 극복 보고,2025년 11월 12일 3시 23분,"공병 소대이 52S DG 277 958 구간의 지뢰지대를 돌파, 작업 시간 31분으로 기록됨. 후속 차단물 정리 중 확인됨."
장애물 극복 보고,2025년 11월 12일 3시 52분,현재 52S DG 281 982에서 방벽에 대한 극복 조치가 공병 분대에 의해 완료됨(약 26분). 보강 및 안전조치 병행 판단됨.
장애물 극복 보고,2025년 11월 12일 4시 19분,"돌파대대이 52S DG 276 980 구간의 방벽를 돌파, 작업 시간 49분으로 기록됨. 후속 차단물 정리 중 보고됨."
장애물 극복 보고,2025년 11월 12일 5시 2분,"돌파 작전 결과 52S DG 290 967 지뢰지대 차단 해제, 공병대 투입 44분. 후속 수습 진행 보고됨."
장애물 극복 보고,2025년 11월 12일 5시 20분,"52S DG 282 947 구역 대인지뢰 극복 절차 종료, 돌파대대 주관으로 164분 소요. 통로 사용 가능 확인됨."
장애물 극복 보고,2025년 11월 12일 5시 43분,"공병대 주도로 52S DG 274 969 대전차 지뢰 극복 조치 시행, 68분 후 개통 평가됨."
장애물 극복 보고,2025년 11월 12일 7시 9분,"돌파대대이 52S DG 272 952 구간의 철조망지대를 돌파, 작업 시간 8분으로 기록됨. 후속 차단물 정리 중 판단됨."
장애물 극복 보고,2025년 11월 12일 8시 9분,"52S DG 267 979 지점에서 대전차구 극복 성공, 공병 소대 수행, 소요 103분. 잔여 위험요소 점검 판단됨."
장애물 극복 보고,2025년 11월 12일 8시 33분,"52S DG 269 955에서 공병 분대이 대전차구 극복 완료, 소요 67분. 통로 확보 및 후속 통제 조치 진행 기록됨."
장애물 극복 보고,2025년 11월 12일 9시 45분,"52S DG 292 972에서 대인지뢰 제거 완료, 투입 전력 공병대, 소요 시간 148분 추정됨."
장애물 극복 보고,2025년 11월 12일 10시 5분,"52S DG 264 970 구역 방벽 극복 절차 종료, 공병 분대 주관으로 109분 소요. 통로 사용 가능 현장 보고 완료됨."
장애물 극복 보고,2025년 11월 12일 10시 41분,공병대이 52S DG 294 965의 대전차 지뢰를 제거하여 18분 내 통과로 전환됨. 현장 안정화 중 유지 중임.
장애물 극복 보고,2025년 11월 12일 11시 54분,"52S DG 285 978 구간의 방벽에 대한 개통을 공병대이 완료, 총 68분. 안전 통제 절차 연계 확인됨."
장애물 극복 보고,2025년 11월 12일 13시 16분,돌파대대이 52S DG 282 978의 방벽를 제거하여 96분 내 통과로 전환됨. 현장 안정화 중 판단됨.
장애물 극복 보고,2025년 11월 12일 15시 53분,"돌파대대이 52S DG 266 963 구간의 대전차구를 돌파, 작업 시간 70분으로 기록됨. 후속 차단물 정리 중 식별됨."
장애물 극복 보고,2025년 11월 12일 16시 34분,"돌파 작전 결과 52S DG 292 980 철조망지대 차단 해제, 돌파대대 투입 84분. 후속 수습 진행 추정됨."
장애물 극복 보고,2025년 11월 12일 17시 9분,"공병 분대 주도로 52S DG 288 953 대인지뢰 극복 조치 시행, 22분 후 개통 현장 보고 완료됨."
장애물 극복 보고,2025년 11월 12일 17시 33분,"52S DG 294 950에서 돌파대대이 지뢰지대 극복 완료, 소요 175분. 통로 확보 및 후속 통제 조치 진행 유지 중임."
장애물 극복 보고,2025년 11월 12일 17시 44분,"돌파 작전 결과 52S DG 293 971 철조망지대 차단 해제, 공병 소대 투입 14분. 후속 수습 진행 관찰됨."
장애물 극복 보고,2025년 11월 12일 18시 12분,"돌파 작전 결과 52S DG 279 973 대전차구 차단 해제, 공병 분대 투입 49분. 후속 수습 진행 기록됨."
장애물 극복 보고,2025년 11월 12일 20시 44분,"돌파 작전 결과 52S DG 287 985 철조망지대 차단 해제, 돌파대대 투입 63분. 후속 수습 진행 식별됨."
장애물 극복 보고,2025년 11월 12일 21시 34분,"52S DG 275 978에서 대전차구 제거 완료, 투입 전력 공병 소대, 소요 시간 68분 현장 보고 완료됨."
장애물 극복 보고,2025년 11월 12일 23시 47분,"공병 소대이 52S DG 264 967 구간의 방벽를 돌파, 작업 시간 82분으로 기록됨. 후속 차단물 정리 중 유지 중임."
장애물 극복 보고,2025년 11월 13일 0시 33분,"52S DG 273 963 구역 대전차 지뢰 극복 절차 종료, 공병 분대 주관으로 140분 소요. 통로 사용 가능 유지 중임."
장애물 극복 보고,2025년 11월 13일 0시 51분,현재 52S DG 281 967에서 대인지뢰에 대한 극복 조치가 공병 분대에 의해 완료됨(약 138분). 보강 및 안전조치 병행 유지 중임.
장애물 극복 보고,2025년 11월 13일 3시 14분,"52S DG 267 944 구역 대전차구 극복 절차 종료, 공병 소대 주관으로 170분 소요. 통로 사용 가능 유지 중임."
장애물 극복 보고,2025년 11월 13일 5시 6분,"공병 분대 주도로 52S DG 265 944 철조망지대 극복 조치 시행, 129분 후 개통 현장 보고 완료됨."
장애물 극복 보고,2025년 11월 13일 5시 48분,"52S DG 274 975 지점에서 지뢰지대 극복 성공, 공병 분대 수행, 소요 155분. 잔여 위험요소 점검 기록됨."
장애물 극복 보고,2025년 11월 13일 7시 26분,현재 52S DG 294 957에서 대인지뢰에 대한 극복 조치가 돌파대대에 의해 완료됨(약 65분). 보강 및 안전조치 병행 현장 보고 완료됨.
장애물 극복 보고,2025년 11월 13일 9시 2분,"52S DG 281 950에서 대전차구 제거 완료, 투입 전력 공병대, 소요 시간 38분 확인됨."
장애물 극복 보고,2025년 11월 13일 10시 32분,"돌파대대 주도로 52S DG 281 985 대인지뢰 극복 조치 시행, 32분 후 개통 식별됨."
장애물 극복 보고,2025년 11월 13일 12시 5분,"52S DG 264 945 지점에서 지뢰지대 극복 성공, 공병 분대 수행, 소요 90분. 잔여 위험요소 점검 기록됨."
장애물 극복 보고,2025년 11월 13일 12시 46분,돌파대대이 52S DG 265 959의 철조망지대를 제거하여 25분 내 통과로 전환됨. 현장 안정화 중 평가됨.
장애물 극복 보고,2025년 11월 13일 13시 29분,현재 52S DG 277 964에서 대인지뢰에 대한 극복 조치가 공병 분대에 의해 완료됨(약 57분). 보강 및 안전조치 병행 확인됨.
장애물 극복 보고,2025년 11월 13일 13시 30분,"돌파 작전 결과 52S DG 282 982 대전차 지뢰 차단 해제, 돌파대대 투입 108분. 후속 수습 진행 보고됨."
장애물 극복 보고,2025년 11월 13일 14시 15분,"52S DG 266 966에서 방벽 제거 완료, 투입 전력 공병대, 소요 시간 68분 유지 중임."
장애물 극복 보고,2025년 11월 13일 14시 40분,"52S DG 279 955 구간의 대전차구에 대한 개통을 공병 분대이 완료, 총 154분. 안전 통제 절차 연계 식별됨."
장애물 극복 보고,2025년 11월 13일 17시 12분,공병대이 52S DG 287 950의 대전차 지뢰를 제거하여 81분 내 통과로 전환됨. 현장 안정화 중 관찰됨.
장애물 극복 보고,2025년 11월 13일 17시 42분,"52S DG 271 982 지점에서 대인지뢰 극복 성공, 공병 분대 수행, 소요 112분. 잔여 위험요소 점검 현장 보고 완료됨."
장애물 극복 보고,2025년 11월 13일 17시 47분,"52S DG 279 972 지점에서 대인지뢰 극복 성공, 공병 소대 수행, 소요 70분. 잔여 위험요소 점검 식별됨."
장애물 극복 보고,2025년 11월 13일 19시 8분,공병 분대이 52S DG 271 962의 대인지뢰를 제거하여 56분 내 통과로 전환됨. 현장 안정화 중 현장 보고 완료됨.
장애물 극복 보고,2025년 11월 13일 22시 39분,"돌파 작전 결과 52S DG 269 971 대전차 지뢰 차단 해제, 공병대 투입 120분. 후속 수습 진행 추정됨."
장애물 극복 보고,2025년 11월 13일 22시 41분,현재 52S DG 278 975에서 지뢰지대에 대한 극복 조치가 공병 분대에 의해 완료됨(약 50분). 보강 및 안전조치 병행 기록됨.
장애물 극복 보고,2025년 11월 14일 9시 46분,"돌파 작전 결과 52S DG 270 944 방벽 차단 해제, 돌파대대 투입 17분. 후속 수습 진행 보고됨."
장애물 극복 보고,2025년 11월 14일 12시 3분,"52S DG 278 977에서 방벽 제거 완료, 투입 전력 돌파대대, 소요 시간 54분 추정됨."
장애물 극복 보고,2025년 11월 14일 14시 12분,"52S DG 294 961 구간의 방벽에 대한 개통을 공병대이 완료, 총 77분. 안전 통제 절차 연계 기록됨."
장애물 극복 보고,2025년 11월 14일 15시 7분,현재 52S DG 289 965에서 방벽에 대한 극복 조치가 공병 소대에 의해 완료됨(약 174분). 보강 및 안전조치 병행 현장 보고 완료됨.
장애물 극복 보고,2025년 11월 14일 15시 45분,"52S DG 275 953 지점에서 방벽 극복 성공, 공병 분대 수행, 소요 163분. 잔여 위험요소 점검 평가됨."
장애물 극복 보고,2025년 11월 14일 17시 37분,"돌파 작전 결과 52S DG 294 975 대인지뢰 차단 해제, 돌파대대 투입 132분. 후속 수습 진행 추정됨."
장애물 극복 보고,2025년 11월 14일 20시 57분,"52S DG 274 963 구간의 대전차구에 대한 개통을 돌파대대이 완료, 총 160분. 안전 통제 절차 연계 식별됨."
장애물 극복 보고,2025년 11월 14일 21시 42분,"52S DG 284 945 구역 대전차구 극복 절차 종료, 공병 분대 주관으로 39분 소요. 통로 사용 가능 유지 중임."
장애물 극복 보고,2025년 11월 14일 21시 54분,"52S DG 283 958 지점에서 대전차구 극복 성공, 공병 분대 수행, 소요 104분. 잔여 위험요소 점검 기록됨."
장애물 극복 보고,2025년 11월 15일 1시 42분,"공병대 주도로 52S DG 267 965 대인지뢰 극복 조치 시행, 68분 후 개통 유지 중임."
장애물 극복 보고,2025년 11월 15일 2시 59분,현재 52S DG 284 959에서 지뢰지대에 대한 극복 조치가 돌파대대에 의해 완료됨(약 85분). 보강 및 안전조치 병행 확인됨.
장애물 극복 보고,2025년 11월 15일 2시 59분,"52S DG 289 979에서 공병 분대이 대인지뢰 극복 완료, 소요 32분. 통로 확보 및 후속 통제 조치 진행 기록됨."
장애물 극복 보고,2025년 11월 15일 5시 20분,현재 52S DG 281 978에서 철조망지대에 대한 극복 조치가 공병대에 의해 완료됨(약 74분). 보강 및 안전조치 병행 보고됨.
장애물 극복 보고,2025년 11월 15일 12시 36분,공병 분대이 52S DG 279 951의 대전차 지뢰를 제거하여 84분 내 통과로 전환됨. 현장 안정화 중 기록됨.
장애물 극복 보고,2025년 11월 15일 14시 19분,"공병 분대이 52S DG 291 960 구간의 방벽를 돌파, 작업 시간 71분으로 기록됨. 후속 차단물 정리 중 보고됨."
장애물 극복 보고,2025년 11월 15일 14시 59분,"52S DG 273 984에서 공병 분대이 방벽 극복 완료, 소요 55분. 통로 확보 및 후속 통제 조치 진행 관찰됨."
장애물 극복 보고,2025년 11월 15일 16시 0분,"52S DG 273 966 지점에서 대전차 지뢰 극복 성공, 돌파대대 수행, 소요 46분. 잔여 위험요소 점검 유지 중임."
장애물 극복 보고,2025년 11월 15일 16시 5분,"52S DG 291 971 구간의 지뢰지대에 대한 개통을 공병 소대이 완료, 총 85분. 안전 통제 절차 연계 보고됨."
장애물 극복 보고,2025년 11월 15일 17시 51분,현재 52S DG 267 948에서 대전차구에 대한 극복 조치가 공병대에 의해 완료됨(약 86분). 보강 및 안전조치 병행 확인됨.
장애물 극복 보고,2025년 11월 15일 19시 6분,"돌파 작전 결과 52S DG 268 948 방벽 차단 해제, 공병 소대 투입 32분. 후속 수습 진행 확인됨."
장애물 극복 보고,2025년 11월 15일 19시 22분,"52S DG 266 976에서 대인지뢰 제거 완료, 투입 전력 공병 분대, 소요 시간 52분 판단됨."
장애물 극복 보고,2025년 11월 15일 21시 43분,현재 52S DG 276 965에서 대전차 지뢰에 대한 극복 조치가 공병대에 의해 완료됨(약 159분). 보강 및 안전조치 병행 현장 보고 완료됨.
장애물 극복 보고,2025년 11월 15일 22시 38분,"52S DG 272 971에서 돌파대대이 대전차 지뢰 극복 완료, 소요 134분. 통로 확보 및 후속 통제 조치 진행 식별됨."
장애물 극복 보고,2025년 11월 15일 22시 45분,"돌파 작전 결과 52S DG 280 956 지뢰지대 차단 해제, 공병 소대 투입 122분. 후속 수습 진행 유지 중임."
장애물 극복 보고,2025년 11월 15일 23시 29분,"공병대 주도로 52S DG 272 948 지뢰지대 극복 조치 시행, 134분 후 개통 기록됨."
장애물 극복 보고,2025년 11월 16일 1시 8분,"52S DG 288 947 구간의 대인지뢰에 대한 개통을 공병 소대이 완료, 총 10분. 안전 통제 절차 연계 기록됨."
장애물 극복 보고,2025년 11월 16일 2시 18분,현재 52S DG 291 968에서 철조망지대에 대한 극복 조치가 돌파대대에 의해 완료됨(약 153분). 보강 및 안전조치 병행 보고됨.
장애물 극복 보고,2025년 11월 16일 2시 55분,현재 52S DG 293 978에서 철조망지대에 대한 극복 조치가 공병대에 의해 완료됨(약 52분). 보강 및 안전조치 병행 추정됨.
장애물 극복 보고,2025년 11월 16일 3시 55분,"공병 분대 주도로 52S DG 270 982 지뢰지대 극복 조치 시행, 37분 후 개통 확인됨."
장애물 극복 보고,2025년 11월 16일 4시 19분,"돌파 작전 결과 52S DG 289 985 대전차구 차단 해제, 공병 분대 투입 173분. 후속 수습 진행 기록됨."
장애물 극복 보고,2025년 11월 16일 5시 19분,"52S DG 280 974에서 대전차 지뢰 제거 완료, 투입 전력 돌파대대, 소요 시간 111분 추정됨."
장애물 극복 보고,2025년 11월 16일 6시 1분,"52S DG 279 970 구역 대전차구 극복 절차 종료, 공병대 주관으로 124분 소요. 통로 사용 가능 유지 중임."
장애물 극복 보고,2025년 11월 16일 7시 56분,"52S DG 284 973 지점에서 지뢰지대 극복 성공, 돌파대대 수행, 소요 145분. 잔여 위험요소 점검 현장 보고 완료됨."
장애물 극복 보고,2025년 11월 16일 9시 41분,"52S DG 287 980 구간의 방벽에 대한 개통을 돌파대대이 완료, 총 6분. 안전 통제 절차 연계 추정됨."
장애물 극복 보고,2025년 11월 16일 10시 3분,"공병 분대 주도로 52S DG 265 964 지뢰지대 극복 조치 시행, 72분 후 개통 기록됨."
장애물 극복 보고,2025년 11월 16일 16시 35분,공병대이 52S DG 286 971의 대인지뢰를 제거하여 75분 내 통과로 전환됨. 현장 안정화 중 추정됨.
장애물 극복 보고,2025년 11월 16일 17시 48분,"공병대 주도로 52S DG 270 980 대전차 지뢰 극복 조치 시행, 174분 후 개통 관찰됨."
장애물 극복 보고,2025년 11월 16일 18시 44분,"52S DG 284 946 구역 대전차구 극복 절차 종료, 공병 분대 주관으로 173분 소요. 통로 사용 가능 추정됨."
장애물 극복 보고,2025년 11월 16일 19시 35분,"52S DG 272 945 구역 지뢰지대 극복 절차 종료, 공병 소대 주관으로 162분 소요. 통로 사용 가능 평가됨."
장애물 극복 보고,2025년 11월 16일 20시 10분,"52S DG 270 948 지점에서 방벽 극복 성공, 돌파대대 수행, 소요 120분. 잔여 위험요소 점검 보고됨."
장애물 극복 보고,2025년 11월 17일 2시 41분,"52S DG 293 947 구간의 지뢰지대에 대한 개통을 공병 소대이 완료, 총 63분. 안전 통제 절차 연계 식별됨."
장애물 극복 보고,2025년 11월 17일 3시 4분,"52S DG 284 953 지점에서 지뢰지대 극복 성공, 공병 소대 수행, 소요 135분. 잔여 위험요소 점검 유지 중임."
장애물 극복 보고,2025년 11월 17일 3시 25분,"52S DG 277 970 지점에서 대전차 지뢰 극복 성공, 돌파대대 수행, 소요 173분. 잔여 위험요소 점검 판단됨."
장애물 극복 보고,2025년 11월 17일 6시 15분,"52S DG 268 970 구간의 대전차구에 대한 개통을 공병대이 완료, 총 123분. 안전 통제 절차 연계 보고됨."
장애물 극복 보고,2025년 11월 17일 7시 58분,"공병 분대이 52S DG 279 950 구간의 지뢰지대를 돌파, 작업 시간 9분으로 기록됨. 후속 차단물 정리 중 판단됨."
장애물 극복 보고,2025년 11월 17일 8시 11분,"52S DG 284 958 지점에서 대전차구 극복 성공, 공병 소대 수행, 소요 41분. 잔여 위험요소 점검 유지 중임."
장애물 극복 보고,2025년 11월 17일 8시 35분,"돌파 작전 결과 52S DG 284 949 대전차 지뢰 차단 해제, 공병대 투입 32분. 후속 수습 진행 추정됨."
장애물 극복 보고,2025년 11월 17일 9시 4분,"돌파 작전 결과 52S DG 294 961 대전차구 차단 해제, 공병대 투입 22분. 후속 수습 진행 확인됨."
장애물 극복 보고,2025년 11월 17일 9시 33분,"돌파 작전 결과 52S DG 290 972 대인지뢰 차단 해제, 공병 분대 투입 91분. 후속 수습 진행 추정됨."
장애물 극복 보고,2025년 11월 17일 10시 29분,"공병 소대이 52S DG 266 964 구간의 대전차 지뢰를 돌파, 작업 시간 35분으로 기록됨. 후속 차단물 정리 중 유지 중임."
장애물 극복 보고,2025년 11월 17일 10시 57분,현재 52S DG 276 972에서 대전차 지뢰에 대한 극복 조치가 공병 소대에 의해 완료됨(약 168분). 보강 및 안전조치 병행 유지 중임.
장애물 극복 보고,2025년 11월 17일 12시 26분,"52S DG 275 951에서 대전차 지뢰 제거 완료, 투입 전력 돌파대대, 소요 시간 79분 확인됨."
장애물 극복 보고,2025년 11월 17일 16시 5분,"돌파 작전 결과 52S DG 279 958 방벽 차단 해제, 돌파대대 투입 32분. 후속 수습 진행 평가됨."
장애물 극복 보고,2025년 11월 17일 18시 23분,"52S DG 280 946 구역 지뢰지대 극복 절차 종료, 공병대 주관으로 9분 소요. 통로 사용 가능 현장 보고 완료됨."
장애물 극복 보고,2025년 11월 17일 21시 29분,공병 소대이 52S DG 277 970의 방벽를 제거하여 122분 내 통과로 전환됨. 현장 안정화 중 추정됨.
장애물 극복 보고,2025년 11월 18일 0시 38분,공병 소대이 52S DG 286 969의 방벽를 제거하여 18분 내 통과로 전환됨. 현장 안정화 중 판단됨.
장애물 극복 보고,2025년 11월 18일 1시 24분,현재 52S DG 287 945에서 지뢰지대에 대한 극복 조치가 공병 소대에 의해 완료됨(약 74분). 보강 및 안전조치 병행 유지 중임.
장애물 극복 보고,2025년 11월 18일 3시 6분,"52S DG 264 978에서 돌파대대이 철조망지대 극복 완료, 소요 30분. 통로 확보 및 후속 통제 조치 진행 보고됨."
장애물 극복 보고,2025년 11월 18일 6시 7분,"돌파대대 주도로 52S DG 275 980 대전차구 극복 조치 시행, 46분 후 개통 관찰됨."
장애물 극복 보고,2025년 11월 18일 9시 51분,"52S DG 267 951에서 공병 분대이 철조망지대 극복 완료, 소요 119분. 통로 확보 및 후속 통제 조치 진행 평가됨."
장애물 극복 보고,2025년 11월 18일 11시 2분,"52S DG 293 944에서 공병대이 지뢰지대 극복 완료, 소요 80분. 통로 확보 및 후속 통제 조치 진행 평가됨."
장애물 극복 보고,2025년 11월 18일 12시 4분,"공병대 주도로 52S DG 287 967 철조망지대 극복 조치 시행, 169분 후 개통 확인됨."
장애물 극복 보고,2025년 11월 18일 14시 13분,"52S DG 288 976 구간의 방벽에 대한 개통을 공병 소대이 완료, 총 169분. 안전 통제 절차 연계 보고됨."
장애물 극복 보고,2025년 11월 18일 14시 20분,"공병대이 52S DG 286 985 구간의 지뢰지대를 돌파, 작업 시간 147분으로 기록됨. 후속 차단물 정리 중 유지 중임."
장애물 극복 보고,2025년 11월 18일 14시 36분,공병 분대이 52S DG 281 951의 대인지뢰를 제거하여 104분 내 통과로 전환됨. 현장 안정화 중 추정됨.
장애물 극복 보고,2025년 11월 18일 16시 51분,"공병 분대 주도로 52S DG 267 971 대전차 지뢰 극복 조치 시행, 84분 후 개통 관찰됨."
장애물 극복 보고,2025년 11월 18일 17시 39분,"돌파 작전 결과 52S DG 294 981 철조망지대 차단 해제, 공병 분대 투입 38분. 후속 수습 진행 기록됨."
장애물 극복 보고,2025년 11월 18일 17시 51분,돌파대대이 52S DG 268 976의 대전차구를 제거하여 86분 내 통과로 전환됨. 현장 안정화 중 판단됨.
장애물 극복 보고,2025년 11월 18일 20시 32분,"공병대이 52S DG 277 946 구간의 방벽를 돌파, 작업 시간 100분으로 기록됨. 후속 차단물 정리 중 평가됨."
장애물 극복 보고,2025년 11월 18일 22시 27분,"52S DG 275 968에서 방벽 제거 완료, 투입 전력 돌파대대, 소요 시간 70분 평가됨."
장애물 극복 보고,2025년 11월 19일 0시 19분,"공병대이 52S DG 264 982 구간의 철조망지대를 돌파, 작업 시간 90분으로 기록됨. 후속 차단물 정리 중 보고됨."
장애물 극복 보고,2025년 11월 19일 1시 3분,"공병 분대 주도로 52S DG 270 964 대전차 지뢰 극복 조치 시행, 140분 후 개통 식별됨."
장애물 극복 보고,2025년 11월 19일 1시 7분,"공병대이 52S DG 280 960 구간의 대전차 지뢰를 돌파, 작업 시간 158분으로 기록됨. 후속 차단물 정리 중 기록됨."
장애물 극복 보고,2025년 11월 19일 3시 31분,"돌파대대 주도로 52S DG 287 966 대전차 지뢰 극복 조치 시행, 54분 후 개통 식별됨."
장애물 극복 보고,2025년 11월 19일 5시 13분,"공병 소대이 52S DG 287 968 구간의 철조망지대를 돌파, 작업 시간 63분으로 기록됨. 후속 차단물 정리 중 추정됨."
장애물 보고,2025년 10월 30일 7시 15분,"52S DG 285 984 방벽 장애물에 대해 3여단이 상세 확인. 244° 방향, 187x49m, 총 14개, 효력 8시간 유지 중임."
장애물 보고,2025년 10월 30일 7시 51분,"52S DG 286 954 주변 기타 식별됨. 1사단 확인 결과, 방향 325°, 길이 86m, 폭 11m, 총 26개, 효력 5시간 판단됨."
장애물 보고,2025년 10월 30일 7시 58분,"52S DG 278 986 기준 방벽 장애물이 포착되었고 포병여단이 확인함. 방위 046°, L=604m, W=5m, 28개, 효력 10시간 현장 보고 완료됨."
장애물 보고,2025년 10월 30일 8시 40분,"52S DG 282 945 대전차 지뢰 장애물에 대해 1여단이 상세 확인. 129° 방향, 202x13m, 총 26개, 효력 11시간 식별됨."
장애물 보고,2025년 10월 30일 8시 51분,"현재 52S DG 279 983 구역에 대전차구 존재, 포병여단이 현장 확인 완료. 090°로 형성, L 246m/W 12m, 26개, 효력 9시간 관찰됨."
장애물 보고,2025년 10월 30일 9시 32분,"1사단 보고에 따르면 52S DG 267 982 부근에 대전차 지뢰 식별, 방향 138°, 규모(길이 179m/폭 32m), 총 30개. 효력 8시간으로 관찰됨."
장애물 보고,2025년 10월 30일 10시 7분,"52S DG 276 968 주변 기타 식별됨. 2여단 확인 결과, 방향 143°, 길이 187m, 폭 26m, 총 26개, 효력 8시간 확인됨."
장애물 보고,2025년 10월 30일 10시 40분,"2여단이 52S DG 283 958에서 대인지뢰 구조물 확인. 방향 157°, 길이 297m·폭 30m, 수량 19개, 효력 6시간 판단됨."
장애물 보고,2025년 10월 30일 11시 3분,"현재 52S DG 275 948 구역에 대전차구 존재, 1사단이 현장 확인 완료. 180°로 형성, L 551m/W 15m, 15개, 효력 1시간 현장 보고 완료됨."
장애물 보고,2025년 10월 30일 11시 34분,"52S DG 286 973 대전차구 장애물에 대해 1사단이 상세 확인. 190° 방향, 616x39m, 총 26개, 효력 6시간 현장 보고 완료됨."
장애물 보고,2025년 10월 30일 12시 44분,"52S DG 272 961 기준 방벽 장애물이 포착되었고 2여단이 확인함. 방위 213°, L=109m, W=3m, 17개, 효력 8시간 확인됨."
장애물 보고,2025년 10월 30일 14시 48분,"1여단 보고에 따르면 52S DG 278 973 부근에 대인지뢰 식별, 방향 129°, 규모(길이 153m/폭 46m), 총 21개. 효력 1시간으로 식별됨."
장애물 보고,2025년 10월 30일 15시 10분,"52S DG 290 964 주변 방벽 식별됨. 3여단 확인 결과, 방향 318°, 길이 556m, 폭 7m, 총 5개, 효력 1시간 식별됨."
장애물 보고,2025년 10월 30일 15시 32분,"52S DG 294 957 기준 대인지뢰 장애물이 포착되었고 포병여단이 확인함. 방위 095°, L=123m, W=43m, 1개, 효력 11시간 유지 중임."
장애물 보고,2025년 10월 30일 16시 53분,"52S DG 286 962 주변 지뢰지대 식별됨. 1여단 확인 결과, 방향 046°, 길이 507m, 폭 30m, 총 5개, 효력 8시간 기록됨."
장애물 보고,2025년 10월 30일 17시 12분,"52S DG 269 986 주변 대전차구 식별됨. 포병여단 확인 결과, 방향 144°, 길이 334m, 폭 21m, 총 16개, 효력 10시간 확인됨."
장애물 보고,2025년 10월 30일 17시 14분,"52S DG 281 964 구역에서 3여단 확인: 대전차 지뢰, 방위 160°, 길이 56m, 폭 47m, 21개, 효력 10시간 관찰됨."
장애물 보고,2025년 10월 30일 19시 39분,"현재 52S DG 276 965 구역에 지뢰지대 존재, 3여단이 현장 확인 완료. 010°로 형성, L 427m/W 32m, 2개, 효력 5시간 평가됨."
장애물 보고,2025년 10월 30일 20시 55분,"52S DG 270 944 일대에서 포병여단이 기타 관측, 방위 282°, 길이 약 119m, 폭 4m, 수량 3개로 확인. 효력 9시간 추정됨."
장애물 보고,2025년 10월 30일 21시 57분,"52S DG 269 945 일대에서 1사단이 방벽 관측, 방위 264°, 길이 약 49m, 폭 42m, 수량 14개로 확인. 효력 4시간 유지 중임."
장애물 보고,2025년 10월 30일 21시 59분,"52S DG 268 982 일대에서 1여단이 대전차구 관측, 방위 029°, 길이 약 243m, 폭 31m, 수량 12개로 확인. 효력 8시간 추정됨."
장애물 보고,2025년 10월 30일 23시 2분,"52S DG 266 969 주변 지뢰지대 식별됨. 3여단 확인 결과, 방향 270°, 길이 473m, 폭 7m, 총 27개, 효력 12시간 식별됨."
장애물 보고,2025년 10월 30일 23시 33분,"52S DG 283 965 지뢰지대 장애물에 대해 3여단이 상세 확인. 180° 방향, 460x7m, 총 29개, 효력 1시간 현장 보고 완료됨."
장애물 보고,2025년 10월 31일 1시 32분,"2여단이 52S DG 270 960에서 기타 구조물 확인. 방향 089°, 길이 418m·폭 37m, 수량 12개, 효력 5시간 유지 중임."
장애물 보고,2025년 10월 31일 2시 5분,"52S DG 289 974 일대에서 1여단이 방벽 관측, 방위 275°, 길이 약 426m, 폭 48m, 수량 12개로 확인. 효력 4시간 확인됨."
장애물 보고,2025년 10월 31일 2시 18분,"52S DG 271 951 주변 기타 식별됨. 포병여단 확인 결과, 방향 247°, 길이 332m, 폭 42m, 총 10개, 효력 7시간 식별됨."
장애물 보고,2025년 10월 31일 5시 5분,"현재 52S DG 286 956 구역에 대인지뢰 존재, 2여단이 현장 확인 완료. 243°로 형성, L 48m/W 41m, 20개, 효력 5시간 식별됨."
장애물 보고,2025년 10월 31일 6시 44분,"52S DG 266 973 일대에서 1사단이 대전차구 관측, 방위 046°, 길이 약 527m, 폭 26m, 수량 21개로 확인. 효력 12시간 추정됨."
장애물 보고,2025년 10월 31일 7시 5분,"52S DG 275 984 일대에서 2여단이 철조망지대 관측, 방위 260°, 길이 약 293m, 폭 30m, 수량 14개로 확인. 효력 8시간 현장 보고 완료됨."
장애물 보고,2025년 10월 31일 8시 27분,"3여단 보고에 따르면 52S DG 267 963 부근에 대인지뢰 식별, 방향 345°, 규모(길이 358m/폭 36m), 총 25개. 효력 5시간으로 현장 보고 완료됨."
장애물 보고,2025년 10월 31일 8시 58분,"52S DG 279 957 대전차구 장애물에 대해 포병여단이 상세 확인. 094° 방향, 736x17m, 총 2개, 효력 7시간 판단됨."
장애물 보고,2025년 10월 31일 10시 18분,"현재 52S DG 274 959 구역에 철조망지대 존재, 1여단이 현장 확인 완료. 348°로 형성, L 186m/W 35m, 18개, 효력 2시간 판단됨."
장애물 보고,2025년 10월 31일 12시 19분,"52S DG 280 957 기타 장애물에 대해 2여단이 상세 확인. 316° 방향, 720x11m, 총 28개, 효력 7시간 기록됨."
장애물 보고,2025년 10월 31일 16시 56분,"52S DG 282 972 철조망지대 장애물에 대해 1여단이 상세 확인. 309° 방향, 214x4m, 총 2개, 효력 11시간 확인됨."
장애물 보고,2025년 10월 31일 18시 59분,"52S DG 289 947에서 방벽 확인, 1사단 관측. 방향 233°, 길이·폭 263/4m, 수량 18, 효력 11시간으로 보고됨."
장애물 보고,2025년 10월 31일 19시 46분,"현재 52S DG 276 945 구역에 지뢰지대 존재, 포병여단이 현장 확인 완료. 065°로 형성, L 266m/W 43m, 10개, 효력 4시간 유지 중임."
장애물 보고,2025년 10월 31일 21시 14분,"2여단 보고에 따르면 52S DG 281 981 부근에 대인지뢰 식별, 방향 287°, 규모(길이 461m/폭 6m), 총 23개. 효력 1시간으로 확인됨."
장애물 보고,2025년 10월 31일 23시 58분,"52S DG 280 981 주변 방벽 식별됨. 포병여단 확인 결과, 방향 066°, 길이 520m, 폭 25m, 총 4개, 효력 10시간 관찰됨."
장애물 보고,2025년 11월 1일 0시 7분,"포병여단 보고에 따르면 52S DG 271 949 부근에 대인지뢰 식별, 방향 247°, 규모(길이 570m/폭 11m), 총 4개. 효력 5시간으로 관찰됨."
장애물 보고,2025년 11월 1일 1시 11분,"1여단 관측 결과 52S DG 269 951의 대전차 지뢰는 방위 271°, 길이 326m, 폭 32m, 4개, 효력 3시간 보고됨."
장애물 보고,2025년 11월 1일 2시 18분,"현재 52S DG 286 967 구역에 대전차 지뢰 존재, 1사단이 현장 확인 완료. 116°로 형성, L 602m/W 1m, 22개, 효력 6시간 관찰됨."
장애물 보고,2025년 11월 1일 3시 18분,"1사단이 52S DG 264 978에서 대인지뢰 구조물 확인. 방향 279°, 길이 240m·폭 43m, 수량 30개, 효력 6시간 보고됨."
장애물 보고,2025년 11월 1일 5시 49분,"52S DG 294 972에서 대전차구 확인, 포병여단 관측. 방향 017°, 길이·폭 247/43m, 수량 9, 효력 12시간으로 보고됨."
장애물 보고,2025년 11월 1일 5시 59분,"52S DG 264 985 기준 방벽 장애물이 포착되었고 1여단이 확인함. 방위 257°, L=445m, W=10m, 9개, 효력 10시간 관찰됨."
장애물 보고,2025년 11월 1일 10시 31분,"52S DG 290 969 기준 대인지뢰 장애물이 포착되었고 2여단이 확인함. 방위 125°, L=7m, W=17m, 6개, 효력 2시간 평가됨."
장애물 보고,2025년 11월 1일 11시 14분,"52S DG 276 964에서 대전차 지뢰 확인, 1사단 관측. 방향 092°, 길이·폭 721/32m, 수량 30, 효력 1시간으로 관찰됨."
장애물 보고,2025년 11월 1일 11시 41분,"52S DG 283 984 주변 대전차구 식별됨. 3여단 확인 결과, 방향 077°, 길이 386m, 폭 6m, 총 18개, 효력 1시간 관찰됨."
장애물 보고,2025년 11월 1일 15시 29분,"52S DG 266 955에서 기타 확인, 3여단 관측. 방향 133°, 길이·폭 626/8m, 수량 2, 효력 3시간으로 판단됨."
장애물 보고,2025년 11월 1일 15시 47분,"52S DG 289 968 일대에서 3여단이 기타 관측, 방위 031°, 길이 약 706m, 폭 17m, 수량 2개로 확인. 효력 4시간 확인됨."
장애물 보고,2025년 11월 1일 16시 38분,"포병여단 보고에 따르면 52S DG 292 951 부근에 철조망지대 식별, 방향 070°, 규모(길이 85m/폭 34m), 총 5개. 효력 4시간으로 기록됨."
장애물 보고,2025년 11월 1일 16시 49분,"52S DG 274 960 주변 대인지뢰 식별됨. 1여단 확인 결과, 방향 199°, 길이 17m, 폭 18m, 총 18개, 효력 4시간 평가됨."
장애물 보고,2025년 11월 1일 21시 10분,"3여단 보고에 따르면 52S DG 290 958 부근에 대전차구 식별, 방향 140°, 규모(길이 525m/폭 28m), 총 24개. 효력 3시간으로 평가됨."
장애물 보고,2025년 11월 1일 21시 13분,"52S DG 282 962 철조망지대 장애물에 대해 3여단이 상세 확인. 075° 방향, 536x33m, 총 1개, 효력 1시간 확인됨."
장애물 보고,2025년 11월 1일 22시 10분,"1여단이 52S DG 279 959에서 대인지뢰 구조물 확인. 방향 108°, 길이 118m·폭 16m, 수량 14개, 효력 2시간 기록됨."
장애물 보고,2025년 11월 2일 0시 52분,"52S DG 270 967 주변 지뢰지대 식별됨. 1여단 확인 결과, 방향 219°, 길이 559m, 폭 35m, 총 1개, 효력 3시간 유지 중임."
장애물 보고,2025년 11월 2일 1시 30분,"52S DG 268 983 구역에서 포병여단 확인: 대전차구, 방위 288°, 길이 74m, 폭 31m, 28개, 효력 12시간 평가됨."
장애물 보고,2025년 11월 2일 2시 34분,"52S DG 280 969에서 기타 확인, 포병여단 관측. 방향 162°, 길이·폭 474/7m, 수량 8, 효력 2시간으로 식별됨."
장애물 보고,2025년 11월 2일 2시 48분,"52S DG 290 958에서 기타 확인, 2여단 관측. 방향 148°, 길이·폭 517/47m, 수량 7, 효력 11시간으로 추정됨."
장애물 보고,2025년 11월 2일 3시 40분,"52S DG 292 958 주변 대인지뢰 식별됨. 1사단 확인 결과, 방향 357°, 길이 575m, 폭 2m, 총 18개, 효력 12시간 기록됨."
장애물 보고,2025년 11월 2일 4시 0분,"52S DG 277 969 일대에서 1여단이 대인지뢰 관측, 방위 139°, 길이 약 259m, 폭 1m, 수량 2개로 확인. 효력 9시간 기록됨."
장애물 보고,2025년 11월 2일 5시 57분,"52S DG 276 963 기준 대전차구 장애물이 포착되었고 2여단이 확인함. 방위 011°, L=35m, W=32m, 9개, 효력 4시간 기록됨."
장애물 보고,2025년 11월 2일 7시 46분,"52S DG 287 979 일대에서 1여단이 방벽 관측, 방위 268°, 길이 약 507m, 폭 39m, 수량 23개로 확인. 효력 6시간 보고됨."
장애물 보고,2025년 11월 2일 9시 20분,"1사단이 52S DG 282 944에서 대인지뢰 구조물 확인. 방향 230°, 길이 146m·폭 25m, 수량 3개, 효력 3시간 보고됨."
장애물 보고,2025년 11월 2일 9시 37분,"52S DG 273 971에서 대전차구 확인, 포병여단 관측. 방향 086°, 길이·폭 570/36m, 수량 27, 효력 7시간으로 현장 보고 완료됨."
장애물 보고,2025년 11월 2일 9시 55분,"1사단 보고에 따르면 52S DG 284 983 부근에 대인지뢰 식별, 방향 357°, 규모(길이 56m/폭 44m), 총 16개. 효력 8시간으로 평가됨."
장애물 보고,2025년 11월 2일 13시 8분,"1여단이 52S DG 283 965에서 지뢰지대 구조물 확인. 방향 066°, 길이 710m·폭 11m, 수량 2개, 효력 6시간 현장 보고 완료됨."
장애물 보고,2025년 11월 2일 13시 16분,"52S DG 291 975 일대에서 1여단이 방벽 관측, 방위 324°, 길이 약 309m, 폭 23m, 수량 12개로 확인. 효력 3시간 기록됨."
장애물 보고,2025년 11월 2일 17시 30분,"2여단이 52S DG 293 946에서 지뢰지대 구조물 확인. 방향 158°, 길이 17m·폭 21m, 수량 22개, 효력 11시간 식별됨."
장애물 보고,2025년 11월 2일 18시 31분,"52S DG 277 970 기준 방벽 장애물이 포착되었고 1사단이 확인함. 방위 073°, L=695m, W=23m, 6개, 효력 3시간 현장 보고 완료됨."
장애물 보고,2025년 11월 2일 19시 23분,"2여단 보고에 따르면 52S DG 293 968 부근에 대인지뢰 식별, 방향 353°, 규모(길이 677m/폭 31m), 총 8개. 효력 9시간으로 확인됨."
장애물 보고,2025년 11월 2일 19시 28분,"1여단 보고에 따르면 52S DG 283 958 부근에 철조망지대 식별, 방향 101°, 규모(길이 292m/폭 10m), 총 5개. 효력 2시간으로 보고됨."
장애물 보고,2025년 11월 2일 20시 22분,"1여단 보고에 따르면 52S DG 287 969 부근에 대전차 지뢰 식별, 방향 074°, 규모(길이 59m/폭 23m), 총 27개. 효력 11시간으로 확인됨."
장애물 보고,2025년 11월 2일 20시 35분,"현재 52S DG 285 944 구역에 방벽 존재, 1여단이 현장 확인 완료. 329°로 형성, L 153m/W 23m, 25개, 효력 3시간 추정됨."
장애물 보고,2025년 11월 2일 21시 16분,"52S DG 293 959 철조망지대 장애물에 대해 포병여단이 상세 확인. 003° 방향, 319x26m, 총 6개, 효력 6시간 판단됨."
장애물 보고,2025년 11월 3일 0시 15분,"52S DG 276 982 일대에서 1사단이 대전차구 관측, 방위 235°, 길이 약 282m, 폭 20m, 수량 5개로 확인. 효력 9시간 기록됨."
장애물 보고,2025년 11월 3일 0시 22분,"52S DG 289 953 기타 장애물에 대해 3여단이 상세 확인. 307° 방향, 321x28m, 총 29개, 효력 2시간 식별됨."
장애물 보고,2025년 11월 3일 0시 28분,"3여단이 52S DG 281 944에서 대전차구 구조물 확인. 방향 001°, 길이 170m·폭 22m, 수량 2개, 효력 6시간 확인됨."
장애물 보고,2025년 11월 3일 2시 9분,"1여단 보고에 따르면 52S DG 285 944 부근에 대전차 지뢰 식별, 방향 233°, 규모(길이 652m/폭 18m), 총 30개. 효력 6시간으로 확인됨."
장애물 보고,2025년 11월 3일 4시 54분,"52S DG 294 967 기준 대전차 지뢰 장애물이 포착되었고 1여단이 확인함. 방위 171°, L=147m, W=24m, 14개, 효력 4시간 판단됨."
장애물 보고,2025년 11월 3일 6시 2분,"포병여단이 52S DG 279 984에서 기타 구조물 확인. 방향 107°, 길이 152m·폭 7m, 수량 26개, 효력 10시간 확인됨."
장애물 보고,2025년 11월 3일 6시 6분,"52S DG 276 986 일대에서 2여단이 방벽 관측, 방위 265°, 길이 약 248m, 폭 27m, 수량 8개로 확인. 효력 11시간 유지 중임."
장애물 보고,2025년 11월 3일 6시 55분,"52S DG 271 963 구역에서 2여단 확인: 대전차 지뢰, 방위 035°, 길이 690m, 폭 21m, 16개, 효력 10시간 판단됨."
장애물 보고,2025년 11월 3일 7시 3분,"52S DG 289 970에서 방벽 확인, 3여단 관측. 방향 013°, 길이·폭 195/31m, 수량 17, 효력 7시간으로 확인됨."
장애물 보고,2025년 11월 3일 8시 17분,"1여단이 52S DG 270 969에서 철조망지대 구조물 확인. 방향 236°, 길이 488m·폭 40m, 수량 13개, 효력 3시간 유지 중임."
장애물 보고,2025년 11월 3일 9시 36분,"2여단이 52S DG 294 979에서 대전차구 구조물 확인. 방향 112°, 길이 750m·폭 9m, 수량 5개, 효력 10시간 추정됨."
장애물 보고,2025년 11월 3일 11시 17분,"포병여단 보고에 따르면 52S DG 267 963 부근에 철조망지대 식별, 방향 047°, 규모(길이 386m/폭 11m), 총 2개. 효력 10시간으로 보고됨."
장애물 보고,2025년 11월 3일 11시 30분,"52S DG 282 952 구역에서 1사단 확인: 기타, 방위 262°, 길이 87m, 폭 20m, 13개, 효력 5시간 보고됨."
장애물 보고,2025년 11월 3일 16시 54분,"52S DG 267 960 일대에서 1여단이 대전차구 관측, 방위 035°, 길이 약 273m, 폭 11m, 수량 16개로 확인. 효력 5시간 유지 중임."
장애물 보고,2025년 11월 3일 17시 51분,"1여단 관측 결과 52S DG 272 944의 기타는 방위 248°, 길이 443m, 폭 25m, 17개, 효력 10시간 기록됨."
장애물 보고,2025년 11월 3일 17시 56분,"52S DG 282 961 주변 기타 식별됨. 2여단 확인 결과, 방향 018°, 길이 138m, 폭 13m, 총 29개, 효력 11시간 기록됨."
장애물 보고,2025년 11월 3일 18시 9분,"52S DG 283 975에서 철조망지대 확인, 포병여단 관측. 방향 153°, 길이·폭 355/46m, 수량 29, 효력 11시간으로 평가됨."
장애물 보고,2025년 11월 3일 18시 33분,"52S DG 271 961 기준 대인지뢰 장애물이 포착되었고 2여단이 확인함. 방위 317°, L=256m, W=4m, 23개, 효력 2시간 판단됨."
장애물 보고,2025년 11월 3일 19시 45분,"52S DG 266 966 주변 대전차구 식별됨. 포병여단 확인 결과, 방향 006°, 길이 104m, 폭 45m, 총 2개, 효력 3시간 현장 보고 완료됨."
장애물 보고,2025년 11월 3일 20시 42분,"52S DG 288 955 대전차 지뢰 장애물에 대해 2여단이 상세 확인. 140° 방향, 605x2m, 총 24개, 효력 7시간 기록됨."
장애물 보고,2025년 11월 3일 21시 57분,"현재 52S DG 268 967 구역에 대전차 지뢰 존재, 1사단이 현장 확인 완료. 094°로 형성, L 602m/W 24m, 8개, 효력 12시간 관찰됨."
장애물 보고,2025년 11월 3일 22시 7분,"52S DG 280 952 일대에서 포병여단이 지뢰지대 관측, 방위 127°, 길이 약 479m, 폭 5m, 수량 19개로 확인. 효력 4시간 보고됨."
장애물 보고,2025년 11월 3일 22시 18분,"52S DG 277 966에서 기타 확인, 1여단 관측. 방향 126°, 길이·폭 626/7m, 수량 30, 효력 1시간으로 추정됨."
장애물 보고,2025년 11월 3일 22시 27분,"52S DG 287 958 구역에서 1사단 확인: 기타, 방위 040°, 길이 179m, 폭 29m, 24개, 효력 12시간 판단됨."
장애물 보고,2025년 11월 4일 2시 47분,"1여단이 52S DG 265 984에서 대전차 지뢰 구조물 확인. 방향 215°, 길이 342m·폭 4m, 수량 18개, 효력 3시간 기록됨."
장애물 보고,2025년 11월 4일 4시 38분,"2여단 관측 결과 52S DG 277 967의 대전차구는 방위 074°, 길이 736m, 폭 33m, 29개, 효력 1시간 유지 중임."
장애물 보고,2025년 11월 4일 5시 11분,"52S DG 277 971 대전차구 장애물에 대해 2여단이 상세 확인. 099° 방향, 210x31m, 총 5개, 효력 7시간 유지 중임."
장애물 보고,2025년 11월 4일 5시 11분,"52S DG 272 949 주변 방벽 식별됨. 1사단 확인 결과, 방향 056°, 길이 731m, 폭 28m, 총 27개, 효력 9시간 관찰됨."
장애물 보고,2025년 11월 4일 10시 33분,"포병여단이 52S DG 264 947에서 대전차구 구조물 확인. 방향 051°, 길이 319m·폭 31m, 수량 7개, 효력 8시간 유지 중임."
장애물 보고,2025년 11월 4일 12시 25분,"52S DG 266 948에서 대인지뢰 확인, 3여단 관측. 방향 079°, 길이·폭 760/12m, 수량 24, 효력 2시간으로 기록됨."
장애물 보고,2025년 11월 4일 12시 32분,"52S DG 282 978 철조망지대 장애물에 대해 3여단이 상세 확인. 088° 방향, 264x30m, 총 29개, 효력 5시간 기록됨."
장애물 보고,2025년 11월 4일 12시 49분,"52S DG 289 975에서 방벽 확인, 1사단 관측. 방향 073°, 길이·폭 418/39m, 수량 20, 효력 1시간으로 추정됨."
장애물 보고,2025년 11월 4일 19시 20분,"현재 52S DG 267 974 구역에 기타 존재, 1여단이 현장 확인 완료. 261°로 형성, L 476m/W 9m, 21개, 효력 11시간 추정됨."
장애물 보고,2025년 11월 4일 19시 52분,"52S DG 279 951 철조망지대 장애물에 대해 1사단이 상세 확인. 202° 방향, 607x38m, 총 20개, 효력 12시간 관찰됨."
장애물 보고,2025년 11월 4일 20시 46분,"52S DG 281 971 기준 대전차 지뢰 장애물이 포착되었고 포병여단이 확인함. 방위 183°, L=121m, W=44m, 26개, 효력 5시간 평가됨."
장애물 보고,2025년 11월 4일 20시 54분,"52S DG 288 983 구역에서 1사단 확인: 지뢰지대, 방위 233°, 길이 526m, 폭 29m, 27개, 효력 9시간 유지 중임."
장애물 보고,2025년 11월 4일 21시 0분,"52S DG 285 985 주변 대인지뢰 식별됨. 1사단 확인 결과, 방향 243°, 길이 515m, 폭 33m, 총 4개, 효력 12시간 현장 보고 완료됨."
장애물 보고,2025년 11월 4일 23시 37분,"포병여단이 52S DG 284 969에서 대전차 지뢰 구조물 확인. 방향 075°, 길이 344m·폭 6m, 수량 8개, 효력 2시간 판단됨."
장애물 보고,2025년 11월 5일 0시 41분,"52S DG 292 967 기준 대전차 지뢰 장애물이 포착되었고 2여단이 확인함. 방위 087°, L=346m, W=46m, 15개, 효력 1시간 판단됨."
장애물 보고,2025년 11월 5일 1시 0분,"52S DG 264 974에서 지뢰지대 확인, 포병여단 관측. 방향 101°, 길이·폭 600/22m, 수량 26, 효력 12시간으로 확인됨."
장애물 보고,2025년 11월 5일 1시 59분,"52S DG 267 978 기준 방벽 장애물이 포착되었고 3여단이 확인함. 방위 013°, L=746m, W=21m, 30개, 효력 7시간 평가됨."
장애물 보고,2025년 11월 5일 2시 19분,"현재 52S DG 273 966 구역에 대인지뢰 존재, 3여단이 현장 확인 완료. 055°로 형성, L 180m/W 14m, 25개, 효력 7시간 관찰됨."
장애물 보고,2025년 11월 5일 3시 18분,"52S DG 273 967에서 대전차 지뢰 확인, 1사단 관측. 방향 337°, 길이·폭 181/46m, 수량 2, 효력 12시간으로 유지 중임."
장애물 보고,2025년 11월 5일 3시 48분,"52S DG 281 986 일대에서 3여단이 대전차구 관측, 방위 350°, 길이 약 370m, 폭 14m, 수량 16개로 확인. 효력 6시간 유지 중임."
장애물 보고,2025년 11월 5일 4시 14분,"52S DG 294 980 대전차구 장애물에 대해 1여단이 상세 확인. 056° 방향, 431x26m, 총 3개, 효력 12시간 식별됨."
장애물 보고,2025년 11월 5일 4시 46분,"52S DG 286 979 일대에서 2여단이 기타 관측, 방위 170°, 길이 약 248m, 폭 13m, 수량 22개로 확인. 효력 6시간 평가됨."
장애물 보고,2025년 11월 5일 5시 8분,"52S DG 276 956 주변 기타 식별됨. 1여단 확인 결과, 방향 002°, 길이 228m, 폭 38m, 총 7개, 효력 1시간 판단됨."
장애물 보고,2025년 11월 5일 5시 22분,"52S DG 271 944에서 철조망지대 확인, 포병여단 관측. 방향 118°, 길이·폭 507/30m, 수량 2, 효력 2시간으로 추정됨."
장애물 보고,2025년 11월 5일 5시 55분,"52S DG 271 959 주변 지뢰지대 식별됨. 2여단 확인 결과, 방향 158°, 길이 659m, 폭 22m, 총 9개, 효력 12시간 확인됨."
장애물 보고,2025년 11월 5일 6시 46분,"52S DG 265 958 일대에서 포병여단이 지뢰지대 관측, 방위 006°, 길이 약 488m, 폭 47m, 수량 9개로 확인. 효력 12시간 추정됨."
장애물 보고,2025년 11월 5일 9시 59분,"52S DG 265 986 지뢰지대 장애물에 대해 포병여단이 상세 확인. 330° 방향, 476x23m, 총 28개, 효력 5시간 관찰됨."
장애물 보고,2025년 11월 5일 12시 18분,"52S DG 276 952 기준 대전차 지뢰 장애물이 포착되었고 2여단이 확인함. 방위 161°, L=521m, W=20m, 25개, 효력 3시간 관찰됨."
장애물 보고,2025년 11월 5일 12시 32분,"52S DG 269 961 일대에서 1사단이 대전차 지뢰 관측, 방위 303°, 길이 약 169m, 폭 46m, 수량 18개로 확인. 효력 2시간 확인됨."
장애물 보고,2025년 11월 5일 15시 4분,"52S DG 293 960 지뢰지대 장애물에 대해 포병여단이 상세 확인. 146° 방향, 298x9m, 총 12개, 효력 1시간 보고됨."
장애물 보고,2025년 11월 5일 15시 20분,"1사단 보고에 따르면 52S DG 283 984 부근에 대전차구 식별, 방향 198°, 규모(길이 320m/폭 27m), 총 23개. 효력 12시간으로 현장 보고 완료됨."
장애물 보고,2025년 11월 5일 16시 42분,"1여단 보고에 따르면 52S DG 292 978 부근에 대전차구 식별, 방향 116°, 규모(길이 8m/폭 34m), 총 5개. 효력 10시간으로 관찰됨."
장애물 보고,2025년 11월 5일 18시 55분,"현재 52S DG 290 969 구역에 대인지뢰 존재, 3여단이 현장 확인 완료. 080°로 형성, L 110m/W 17m, 28개, 효력 12시간 보고됨."
장애물 보고,2025년 11월 5일 19시 53분,"52S DG 285 980 대인지뢰 장애물에 대해 2여단이 상세 확인. 265° 방향, 225x17m, 총 4개, 효력 3시간 관찰됨."
장애물 보고,2025년 11월 5일 22시 41분,"포병여단 보고에 따르면 52S DG 271 947 부근에 기타 식별, 방향 349°, 규모(길이 45m/폭 28m), 총 21개. 효력 1시간으로 기록됨."
장애물 보고,2025년 11월 5일 23시 12분,"52S DG 271 956에서 기타 확인, 포병여단 관측. 방향 193°, 길이·폭 175/2m, 수량 30, 효력 10시간으로 평가됨."
장애물 보고,2025년 11월 5일 23시 43분,"52S DG 269 972 일대에서 1여단이 방벽 관측, 방위 118°, 길이 약 580m, 폭 18m, 수량 30개로 확인. 효력 3시간 확인됨."
장애물 보고,2025년 11월 5일 23시 53분,"현재 52S DG 281 967 구역에 대전차구 존재, 2여단이 현장 확인 완료. 212°로 형성, L 757m/W 29m, 20개, 효력 6시간 추정됨."
장애물 보고,2025년 11월 6일 0시 5분,"52S DG 271 954 기준 철조망지대 장애물이 포착되었고 1사단이 확인함. 방위 339°, L=583m, W=23m, 20개, 효력 9시간 판단됨."
장애물 보고,2025년 11월 6일 0시 38분,"52S DG 276 958 주변 대전차구 식별됨. 3여단 확인 결과, 방향 161°, 길이 760m, 폭 41m, 총 21개, 효력 6시간 유지 중임."
장애물 보고,2025년 11월 6일 1시 11분,"52S DG 291 978 기준 방벽 장애물이 포착되었고 1여단이 확인함. 방위 089°, L=377m, W=14m, 1개, 효력 9시간 현장 보고 완료됨."
장애물 보고,2025년 11월 6일 2시 38분,"1사단 관측 결과 52S DG 277 985의 대전차구는 방위 257°, 길이 741m, 폭 38m, 25개, 효력 3시간 기록됨."
장애물 보고,2025년 11월 6일 2시 42분,"52S DG 280 982 지뢰지대 장애물에 대해 2여단이 상세 확인. 013° 방향, 136x6m, 총 15개, 효력 10시간 확인됨."
장애물 보고,2025년 11월 6일 2시 46분,"52S DG 266 954 구역에서 1사단 확인: 대인지뢰, 방위 086°, 길이 35m, 폭 6m, 17개, 효력 12시간 판단됨."
장애물 보고,2025년 11월 6일 5시 19분,"1여단 관측 결과 52S DG 286 956의 대전차구는 방위 083°, 길이 85m, 폭 31m, 1개, 효력 12시간 식별됨."
장애물 보고,2025년 11월 6일 6시 22분,"52S DG 278 974 구역에서 2여단 확인: 방벽, 방위 157°, 길이 777m, 폭 19m, 23개, 효력 1시간 유지 중임."
장애물 보고,2025년 11월 6일 7시 54분,"52S DG 280 952 주변 대전차구 식별됨. 3여단 확인 결과, 방향 312°, 길이 221m, 폭 47m, 총 16개, 효력 5시간 평가됨."
장애물 보고,2025년 11월 6일 8시 32분,"현재 52S DG 277 945 구역에 대전차구 존재, 3여단이 현장 확인 완료. 085°로 형성, L 576m/W 30m, 13개, 효력 5시간 판단됨."
장애물 보고,2025년 11월 6일 9시 25분,"3여단이 52S DG 292 953에서 지뢰지대 구조물 확인. 방향 017°, 길이 742m·폭 2m, 수량 24개, 효력 9시간 기록됨."
장애물 보고,2025년 11월 6일 9시 41분,"3여단 관측 결과 52S DG 283 962의 기타는 방위 206°, 길이 214m, 폭 17m, 30개, 효력 11시간 보고됨."
장애물 보고,2025년 11월 6일 12시 34분,"1여단 보고에 따르면 52S DG 288 977 부근에 지뢰지대 식별, 방향 012°, 규모(길이 7m/폭 49m), 총 15개. 효력 1시간으로 보고됨."
장애물 보고,2025년 11월 6일 13시 31분,"1여단 보고에 따르면 52S DG 291 965 부근에 방벽 식별, 방향 345°, 규모(길이 752m/폭 41m), 총 12개. 효력 1시간으로 보고됨."
장애물 보고,2025년 11월 6일 18시 26분,"52S DG 283 986에서 대전차 지뢰 확인, 1여단 관측. 방향 088°, 길이·폭 457/40m, 수량 25, 효력 9시간으로 추정됨."
장애물 보고,2025년 11월 6일 19시 15분,"52S DG 281 977 구역에서 3여단 확인: 기타, 방위 019°, 길이 283m, 폭 16m, 18개, 효력 9시간 평가됨."
장애물 보고,2025년 11월 6일 19시 37분,"현재 52S DG 283 945 구역에 대전차 지뢰 존재, 포병여단이 현장 확인 완료. 084°로 형성, L 789m/W 4m, 9개, 효력 8시간 판단됨."
장애물 보고,2025년 11월 6일 20시 14분,"52S DG 277 976 일대에서 포병여단이 대인지뢰 관측, 방위 170°, 길이 약 489m, 폭 33m, 수량 21개로 확인. 효력 1시간 평가됨."
장애물 보고,2025년 11월 6일 20시 47분,"52S DG 274 955 일대에서 1여단이 기타 관측, 방위 344°, 길이 약 583m, 폭 30m, 수량 3개로 확인. 효력 5시간 현장 보고 완료됨."
장애물 보고,2025년 11월 6일 21시 5분,"52S DG 268 975 대인지뢰 장애물에 대해 3여단이 상세 확인. 046° 방향, 344x8m, 총 16개, 효력 5시간 평가됨."
장애물 보고,2025년 11월 6일 21시 17분,"52S DG 277 979 주변 기타 식별됨. 3여단 확인 결과, 방향 213°, 길이 705m, 폭 6m, 총 27개, 효력 12시간 확인됨."
장애물 보고,2025년 11월 6일 21시 28분,"1여단 관측 결과 52S DG 267 970의 기타는 방위 001°, 길이 92m, 폭 44m, 10개, 효력 12시간 식별됨."
장애물 보고,2025년 11월 6일 21시 31분,"1사단 보고에 따르면 52S DG 281 955 부근에 철조망지대 식별, 방향 031°, 규모(길이 427m/폭 42m), 총 22개. 효력 12시간으로 식별됨."
장애물 보고,2025년 11월 7일 1시 11분,"52S DG 277 951 대전차구 장애물에 대해 3여단이 상세 확인. 010° 방향, 140x41m, 총 5개, 효력 9시간 현장 보고 완료됨."
장애물 보고,2025년 11월 7일 1시 32분,"현재 52S DG 281 950 구역에 대전차 지뢰 존재, 2여단이 현장 확인 완료. 276°로 형성, L 148m/W 42m, 8개, 효력 10시간 기록됨."
장애물 보고,2025년 11월 7일 2시 25분,"2여단 보고에 따르면 52S DG 273 944 부근에 방벽 식별, 방향 301°, 규모(길이 765m/폭 23m), 총 14개. 효력 7시간으로 기록됨."
장애물 보고,2025년 11월 7일 2시 41분,"52S DG 281 960 일대에서 포병여단이 대전차구 관측, 방위 190°, 길이 약 7m, 폭 33m, 수량 26개로 확인. 효력 1시간 기록됨."
장애물 보고,2025년 11월 7일 2시 59분,"52S DG 273 971 대전차 지뢰 장애물에 대해 포병여단이 상세 확인. 027° 방향, 264x28m, 총 11개, 효력 11시간 추정됨."
장애물 보고,2025년 11월 7일 4시 16분,"52S DG 281 968 주변 대인지뢰 식별됨. 포병여단 확인 결과, 방향 209°, 길이 109m, 폭 17m, 총 3개, 효력 6시간 식별됨."
장애물 보고,2025년 11월 7일 4시 22분,"포병여단이 52S DG 267 982에서 지뢰지대 구조물 확인. 방향 044°, 길이 161m·폭 43m, 수량 20개, 효력 3시간 관찰됨."
장애물 보고,2025년 11월 7일 5시 22분,"52S DG 281 950 주변 철조망지대 식별됨. 3여단 확인 결과, 방향 053°, 길이 448m, 폭 43m, 총 21개, 효력 4시간 식별됨."
장애물 보고,2025년 11월 7일 9시 12분,"1여단 관측 결과 52S DG 270 954의 방벽는 방위 296°, 길이 269m, 폭 37m, 11개, 효력 11시간 유지 중임."
장애물 보고,2025년 11월 7일 12시 30분,"52S DG 266 963 구역에서 3여단 확인: 대전차구, 방위 307°, 길이 113m, 폭 36m, 2개, 효력 10시간 유지 중임."
장애물 보고,2025년 11월 7일 13시 5분,"1여단 관측 결과 52S DG 273 948의 대인지뢰는 방위 326°, 길이 744m, 폭 19m, 23개, 효력 11시간 유지 중임."
장애물 보고,2025년 11월 7일 14시 33분,"현재 52S DG 290 977 구역에 지뢰지대 존재, 1여단이 현장 확인 완료. 255°로 형성, L 787m/W 16m, 10개, 효력 3시간 유지 중임."
장애물 보고,2025년 11월 7일 14시 54분,"52S DG 279 972 주변 지뢰지대 식별됨. 포병여단 확인 결과, 방향 054°, 길이 571m, 폭 39m, 총 4개, 효력 12시간 식별됨."
장애물 보고,2025년 11월 7일 15시 4분,"현재 52S DG 278 944 구역에 철조망지대 존재, 1사단이 현장 확인 완료. 272°로 형성, L 525m/W 2m, 24개, 효력 8시간 추정됨."
장애물 보고,2025년 11월 7일 20시 40분,"52S DG 276 965 주변 지뢰지대 식별됨. 포병여단 확인 결과, 방향 260°, 길이 70m, 폭 25m, 총 7개, 효력 2시간 보고됨."
장애물 보고,2025년 11월 7일 22시 46분,"52S DG 278 982에서 대인지뢰 확인, 1사단 관측. 방향 137°, 길이·폭 448/20m, 수량 25, 효력 7시간으로 추정됨."
장애물 보고,2025년 11월 8일 0시 35분,"2여단이 52S DG 284 956에서 지뢰지대 구조물 확인. 방향 160°, 길이 358m·폭 3m, 수량 23개, 효력 3시간 확인됨."
장애물 보고,2025년 11월 8일 1시 16분,"52S DG 278 954 구역에서 3여단 확인: 대인지뢰, 방위 163°, 길이 66m, 폭 50m, 29개, 효력 2시간 현장 보고 완료됨."
장애물 보고,2025년 11월 8일 1시 46분,"52S DG 292 985 일대에서 1여단이 지뢰지대 관측, 방위 122°, 길이 약 178m, 폭 38m, 수량 7개로 확인. 효력 11시간 보고됨."
장애물 보고,2025년 11월 8일 3시 13분,"3여단 보고에 따르면 52S DG 284 984 부근에 방벽 식별, 방향 124°, 규모(길이 547m/폭 44m), 총 14개. 효력 7시간으로 유지 중임."
장애물 보고,2025년 11월 8일 5시 5분,"52S DG 294 983 대인지뢰 장애물에 대해 1사단이 상세 확인. 259° 방향, 424x35m, 총 19개, 효력 11시간 추정됨."
장애물 보고,2025년 11월 8일 5시 23분,"3여단이 52S DG 276 956에서 기타 구조물 확인. 방향 188°, 길이 693m·폭 44m, 수량 11개, 효력 10시간 평가됨."
장애물 보고,2025년 11월 8일 6시 32분,"52S DG 283 959 일대에서 포병여단이 철조망지대 관측, 방위 251°, 길이 약 107m, 폭 9m, 수량 15개로 확인. 효력 11시간 확인됨."
장애물 보고,2025년 11월 8일 7시 40분,"52S DG 272 953 주변 대인지뢰 식별됨. 2여단 확인 결과, 방향 039°, 길이 214m, 폭 3m, 총 17개, 효력 3시간 판단됨."
장애물 보고,2025년 11월 8일 8시 10분,"3여단 관측 결과 52S DG 277 954의 철조망지대는 방위 145°, 길이 452m, 폭 37m, 10개, 효력 2시간 추정됨."
장애물 보고,2025년 11월 8일 9시 52분,"2여단이 52S DG 281 954에서 대전차구 구조물 확인. 방향 046°, 길이 662m·폭 30m, 수량 18개, 효력 7시간 관찰됨."
장애물 보고,2025년 11월 8일 11시 52분,"52S DG 264 952에서 대인지뢰 확인, 2여단 관측. 방향 041°, 길이·폭 476/8m, 수량 16, 효력 12시간으로 관찰됨."
장애물 보고,2025년 11월 8일 12시 26분,"3여단이 52S DG 268 948에서 대전차 지뢰 구조물 확인. 방향 195°, 길이 734m·폭 19m, 수량 26개, 효력 12시간 식별됨."
장애물 보고,2025년 11월 8일 12시 55분,"2여단이 52S DG 293 986에서 방벽 구조물 확인. 방향 143°, 길이 604m·폭 3m, 수량 4개, 효력 7시간 확인됨."
장애물 보고,2025년 11월 8일 16시 45분,"52S DG 276 985에서 기타 확인, 2여단 관측. 방향 075°, 길이·폭 712/26m, 수량 28, 효력 11시간으로 관찰됨."
장애물 보고,2025년 11월 8일 17시 33분,"52S DG 278 974 기준 기타 장애물이 포착되었고 3여단이 확인함. 방위 021°, L=388m, W=13m, 25개, 효력 2시간 판단됨."
장애물 보고,2025년 11월 8일 19시 7분,"3여단 보고에 따르면 52S DG 280 963 부근에 지뢰지대 식별, 방향 083°, 규모(길이 210m/폭 44m), 총 17개. 효력 12시간으로 현장 보고 완료됨."
장애물 보고,2025년 11월 8일 19시 17분,"52S DG 287 944에서 대전차구 확인, 3여단 관측. 방향 310°, 길이·폭 690/25m, 수량 19, 효력 11시간으로 평가됨."
장애물 보고,2025년 11월 8일 20시 51분,"52S DG 279 961 기준 대인지뢰 장애물이 포착되었고 1사단이 확인함. 방위 290°, L=96m, W=1m, 3개, 효력 1시간 식별됨."
장애물 보고,2025년 11월 8일 20시 59분,"52S DG 277 967 일대에서 2여단이 대인지뢰 관측, 방위 114°, 길이 약 302m, 폭 46m, 수량 19개로 확인. 효력 9시간 판단됨."
장애물 보고,2025년 11월 8일 21시 22분,"52S DG 289 974 주변 방벽 식별됨. 2여단 확인 결과, 방향 012°, 길이 132m, 폭 8m, 총 2개, 효력 7시간 판단됨."
장애물 보고,2025년 11월 8일 22시 10분,"52S DG 281 967 일대에서 2여단이 대인지뢰 관측, 방위 359°, 길이 약 228m, 폭 47m, 수량 14개로 확인. 효력 6시간 현장 보고 완료됨."
장애물 보고,2025년 11월 8일 22시 36분,"3여단 관측 결과 52S DG 292 965의 방벽는 방위 336°, 길이 356m, 폭 29m, 8개, 효력 12시간 유지 중임."
장애물 보고,2025년 11월 8일 23시 34분,"52S DG 266 956 기준 지뢰지대 장애물이 포착되었고 포병여단이 확인함. 방위 204°, L=454m, W=48m, 4개, 효력 12시간 현장 보고 완료됨."
장애물 보고,2025년 11월 9일 1시 8분,"52S DG 278 978 구역에서 2여단 확인: 방벽, 방위 111°, 길이 440m, 폭 2m, 11개, 효력 2시간 기록됨."
장애물 보고,2025년 11월 9일 1시 20분,"1여단 관측 결과 52S DG 280 982의 지뢰지대는 방위 051°, 길이 137m, 폭 30m, 3개, 효력 4시간 현장 보고 완료됨."
장애물 보고,2025년 11월 9일 2시 42분,"1사단 관측 결과 52S DG 273 966의 대전차 지뢰는 방위 354°, 길이 65m, 폭 22m, 14개, 효력 9시간 식별됨."
장애물 보고,2025년 11월 9일 2시 46분,"포병여단 관측 결과 52S DG 274 962의 기타는 방위 156°, 길이 543m, 폭 38m, 7개, 효력 2시간 유지 중임."
장애물 보고,2025년 11월 9일 3시 2분,"52S DG 287 967에서 기타 확인, 2여단 관측. 방향 325°, 길이·폭 460/19m, 수량 2, 효력 5시간으로 추정됨."
장애물 보고,2025년 11월 9일 3시 11분,"포병여단이 52S DG 265 959에서 기타 구조물 확인. 방향 273°, 길이 234m·폭 26m, 수량 25개, 효력 11시간 식별됨."
장애물 보고,2025년 11월 9일 4시 56분,"52S DG 273 983 기준 대전차 지뢰 장애물이 포착되었고 1사단이 확인함. 방위 154°, L=394m, W=24m, 20개, 효력 6시간 보고됨."
장애물 보고,2025년 11월 9일 6시 48분,"현재 52S DG 273 961 구역에 대인지뢰 존재, 1사단이 현장 확인 완료. 059°로 형성, L 208m/W 30m, 14개, 효력 6시간 식별됨."
장애물 보고,2025년 11월 9일 8시 1분,"52S DG 287 964 구역에서 1여단 확인: 지뢰지대, 방위 059°, 길이 598m, 폭 39m, 15개, 효력 10시간 확인됨."
장애물 보고,2025년 11월 9일 9시 28분,"52S DG 278 972 일대에서 1사단이 기타 관측, 방위 306°, 길이 약 99m, 폭 22m, 수량 12개로 확인. 효력 3시간 관찰됨."
장애물 보고,2025년 11월 9일 9시 40분,"52S DG 294 962 일대에서 포병여단이 기타 관측, 방위 211°, 길이 약 455m, 폭 43m, 수량 27개로 확인. 효력 2시간 현장 보고 완료됨."
장애물 보고,2025년 11월 9일 10시 8분,"52S DG 290 953 대인지뢰 장애물에 대해 2여단이 상세 확인. 040° 방향, 748x12m, 총 1개, 효력 2시간 추정됨."
장애물 보고,2025년 11월 9일 10시 31분,"1여단 관측 결과 52S DG 264 948의 기타는 방위 023°, 길이 337m, 폭 5m, 7개, 효력 2시간 식별됨."
장애물 보고,2025년 11월 9일 12시 50분,"52S DG 284 969 주변 지뢰지대 식별됨. 1사단 확인 결과, 방향 319°, 길이 526m, 폭 31m, 총 3개, 효력 12시간 기록됨."
장애물 보고,2025년 11월 9일 13시 15분,"52S DG 273 959 주변 대인지뢰 식별됨. 포병여단 확인 결과, 방향 145°, 길이 758m, 폭 28m, 총 9개, 효력 7시간 판단됨."
장애물 보고,2025년 11월 9일 13시 19분,"52S DG 273 968 일대에서 3여단이 대인지뢰 관측, 방위 182°, 길이 약 638m, 폭 40m, 수량 4개로 확인. 효력 4시간 확인됨."
장애물 보고,2025년 11월 9일 19시 7분,"3여단 관측 결과 52S DG 266 973의 지뢰지대는 방위 159°, 길이 34m, 폭 19m, 20개, 효력 3시간 확인됨."
장애물 보고,2025년 11월 9일 23시 38분,"현재 52S DG 285 952 구역에 대인지뢰 존재, 1여단이 현장 확인 완료. 187°로 형성, L 521m/W 25m, 7개, 효력 8시간 유지 중임."
장애물 보고,2025년 11월 10일 2시 5분,"52S DG 289 944에서 대전차 지뢰 확인, 3여단 관측. 방향 102°, 길이·폭 677/40m, 수량 15, 효력 1시간으로 기록됨."
장애물 보고,2025년 11월 10일 3시 22분,"52S DG 283 950 주변 대전차구 식별됨. 1여단 확인 결과, 방향 175°, 길이 479m, 폭 9m, 총 7개, 효력 6시간 관찰됨."
장애물 보고,2025년 11월 10일 5시 6분,"52S DG 294 966에서 지뢰지대 확인, 3여단 관측. 방향 172°, 길이·폭 17/38m, 수량 16, 효력 6시간으로 현장 보고 완료됨."
장애물 보고,2025년 11월 10일 5시 56분,"2여단이 52S DG 287 946에서 대인지뢰 구조물 확인. 방향 089°, 길이 672m·폭 38m, 수량 2개, 효력 8시간 현장 보고 완료됨."
장애물 보고,2025년 11월 10일 7시 19분,"52S DG 280 974 일대에서 3여단이 대인지뢰 관측, 방위 215°, 길이 약 332m, 폭 23m, 수량 5개로 확인. 효력 6시간 평가됨."
장애물 보고,2025년 11월 10일 9시 50분,"현재 52S DG 277 968 구역에 방벽 존재, 1여단이 현장 확인 완료. 317°로 형성, L 709m/W 5m, 12개, 효력 9시간 유지 중임."
장애물 보고,2025년 11월 10일 13시 14분,"52S DG 280 972 일대에서 1사단이 기타 관측, 방위 044°, 길이 약 383m, 폭 45m, 수량 3개로 확인. 효력 3시간 식별됨."
장애물 보고,2025년 11월 10일 13시 31분,"1여단 보고에 따르면 52S DG 269 948 부근에 기타 식별, 방향 062°, 규모(길이 318m/폭 28m), 총 7개. 효력 2시간으로 관찰됨."
장애물 보고,2025년 11월 10일 18시 0분,"52S DG 281 979 기준 철조망지대 장애물이 포착되었고 1사단이 확인함. 방위 262°, L=516m, W=25m, 18개, 효력 6시간 기록됨."
장애물 보고,2025년 11월 10일 18시 31분,"3여단 보고에 따르면 52S DG 270 983 부근에 대전차 지뢰 식별, 방향 172°, 규모(길이 194m/폭 35m), 총 10개. 효력 6시간으로 기록됨."
장애물 보고,2025년 11월 10일 18시 36분,"52S DG 269 965 일대에서 1여단이 대전차 지뢰 관측, 방위 115°, 길이 약 173m, 폭 1m, 수량 14개로 확인. 효력 11시간 현장 보고 완료됨."
장애물 보고,2025년 11월 10일 19시 46분,"현재 52S DG 266 969 구역에 철조망지대 존재, 3여단이 현장 확인 완료. 320°로 형성, L 160m/W 12m, 30개, 효력 11시간 현장 보고 완료됨."
장애물 보고,2025년 11월 10일 21시 18분,"52S DG 290 970에서 대인지뢰 확인, 2여단 관측. 방향 163°, 길이·폭 345/47m, 수량 10, 효력 8시간으로 관찰됨."
장애물 보고,2025년 11월 10일 22시 4분,"52S DG 284 985 기준 대전차구 장애물이 포착되었고 1여단이 확인함. 방위 277°, L=608m, W=12m, 16개, 효력 3시간 유지 중임."
장애물 보고,2025년 11월 10일 23시 22분,"포병여단 관측 결과 52S DG 267 971의 기타는 방위 280°, 길이 458m, 폭 23m, 14개, 효력 9시간 기록됨."
장애물 보고,2025년 11월 11일 0시 13분,"52S DG 286 968 기준 지뢰지대 장애물이 포착되었고 1여단이 확인함. 방위 084°, L=658m, W=49m, 2개, 효력 6시간 유지 중임."
장애물 보고,2025년 11월 11일 2시 13분,"52S DG 284 959 주변 지뢰지대 식별됨. 2여단 확인 결과, 방향 012°, 길이 278m, 폭 20m, 총 8개, 효력 7시간 식별됨."
장애물 보고,2025년 11월 11일 3시 19분,"52S DG 292 956 대전차구 장애물에 대해 1사단이 상세 확인. 312° 방향, 348x48m, 총 7개, 효력 3시간 확인됨."
장애물 보고,2025년 11월 11일 4시 16분,"52S DG 274 961 주변 철조망지대 식별됨. 1여단 확인 결과, 방향 280°, 길이 475m, 폭 47m, 총 20개, 효력 9시간 평가됨."
장애물 보고,2025년 11월 11일 6시 31분,"52S DG 292 953 일대에서 1사단이 대인지뢰 관측, 방위 034°, 길이 약 480m, 폭 12m, 수량 29개로 확인. 효력 3시간 현장 보고 완료됨."
장애물 보고,2025년 11월 11일 7시 11분,"현재 52S DG 265 983 구역에 지뢰지대 존재, 포병여단이 현장 확인 완료. 108°로 형성, L 391m/W 23m, 6개, 효력 2시간 관찰됨."
장애물 보고,2025년 11월 11일 7시 38분,"1여단 보고에 따르면 52S DG 264 967 부근에 기타 식별, 방향 221°, 규모(길이 562m/폭 19m), 총 23개. 효력 4시간으로 유지 중임."
장애물 보고,2025년 11월 11일 7시 46분,"2여단이 52S DG 281 965에서 지뢰지대 구조물 확인. 방향 189°, 길이 300m·폭 38m, 수량 17개, 효력 8시간 식별됨."
장애물 보고,2025년 11월 11일 8시 8분,"52S DG 281 954 기준 철조망지대 장애물이 포착되었고 1사단이 확인함. 방위 244°, L=368m, W=5m, 18개, 효력 7시간 판단됨."
장애물 보고,2025년 11월 11일 8시 26분,"52S DG 280 967 대전차 지뢰 장애물에 대해 1사단이 상세 확인. 231° 방향, 178x2m, 총 1개, 효력 11시간 판단됨."
장애물 보고,2025년 11월 11일 11시 0분,"3여단 관측 결과 52S DG 270 984의 기타는 방위 273°, 길이 413m, 폭 6m, 10개, 효력 4시간 추정됨."
장애물 보고,2025년 11월 11일 11시 42분,"52S DG 286 951 지뢰지대 장애물에 대해 1사단이 상세 확인. 309° 방향, 104x16m, 총 12개, 효력 5시간 유지 중임."
장애물 보고,2025년 11월 11일 12시 36분,"1사단 보고에 따르면 52S DG 281 964 부근에 대전차구 식별, 방향 011°, 규모(길이 694m/폭 19m), 총 10개. 효력 7시간으로 유지 중임."
장애물 보고,2025년 11월 11일 13시 38분,"현재 52S DG 278 956 구역에 지뢰지대 존재, 2여단이 현장 확인 완료. 092°로 형성, L 624m/W 10m, 17개, 효력 10시간 관찰됨."
장애물 보고,2025년 11월 11일 13시 41분,"현재 52S DG 269 971 구역에 지뢰지대 존재, 3여단이 현장 확인 완료. 317°로 형성, L 351m/W 33m, 5개, 효력 8시간 기록됨."
장애물 보고,2025년 11월 11일 15시 42분,"52S DG 266 978 일대에서 1여단이 대인지뢰 관측, 방위 016°, 길이 약 127m, 폭 9m, 수량 15개로 확인. 효력 5시간 기록됨."
장애물 보고,2025년 11월 11일 16시 33분,"현재 52S DG 293 974 구역에 지뢰지대 존재, 포병여단이 현장 확인 완료. 354°로 형성, L 31m/W 16m, 24개, 효력 8시간 확인됨."
장애물 보고,2025년 11월 11일 16시 36분,"2여단이 52S DG 264 948에서 지뢰지대 구조물 확인. 방향 186°, 길이 262m·폭 9m, 수량 17개, 효력 9시간 기록됨."
장애물 보고,2025년 11월 11일 17시 51분,"현재 52S DG 276 945 구역에 지뢰지대 존재, 3여단이 현장 확인 완료. 336°로 형성, L 636m/W 6m, 8개, 효력 11시간 관찰됨."
장애물 보고,2025년 11월 11일 18시 12분,"52S DG 270 952 구역에서 포병여단 확인: 철조망지대, 방위 345°, 길이 634m, 폭 2m, 2개, 효력 1시간 현장 보고 완료됨."
장애물 보고,2025년 11월 11일 20시 12분,"52S DG 285 946 일대에서 1여단이 방벽 관측, 방위 175°, 길이 약 106m, 폭 20m, 수량 10개로 확인. 효력 3시간 보고됨."
장애물 보고,2025년 11월 11일 20시 15분,"현재 52S DG 265 985 구역에 대인지뢰 존재, 3여단이 현장 확인 완료. 022°로 형성, L 731m/W 50m, 22개, 효력 8시간 추정됨."
장애물 보고,2025년 11월 11일 20시 15분,"포병여단 관측 결과 52S DG 265 983의 지뢰지대는 방위 303°, 길이 457m, 폭 36m, 3개, 효력 8시간 식별됨."
장애물 보고,2025년 11월 11일 20시 19분,"현재 52S DG 274 967 구역에 대전차 지뢰 존재, 2여단이 현장 확인 완료. 285°로 형성, L 640m/W 2m, 21개, 효력 8시간 기록됨."
장애물 보고,2025년 11월 11일 20시 29분,"52S DG 293 970 기준 대전차구 장애물이 포착되었고 1여단이 확인함. 방위 243°, L=795m, W=26m, 22개, 효력 1시간 추정됨."
장애물 보고,2025년 11월 11일 21시 17분,"3여단 관측 결과 52S DG 274 950의 기타는 방위 035°, 길이 707m, 폭 45m, 6개, 효력 2시간 관찰됨."
장애물 보고,2025년 11월 11일 23시 49분,"1사단 보고에 따르면 52S DG 284 959 부근에 대전차구 식별, 방향 196°, 규모(길이 594m/폭 32m), 총 11개. 효력 10시간으로 추정됨."
장애물 보고,2025년 11월 12일 0시 27분,"1여단 보고에 따르면 52S DG 264 980 부근에 대전차 지뢰 식별, 방향 100°, 규모(길이 736m/폭 38m), 총 26개. 효력 6시간으로 현장 보고 완료됨."
장애물 보고,2025년 11월 12일 0시 41분,"52S DG 267 971 주변 지뢰지대 식별됨. 1여단 확인 결과, 방향 357°, 길이 348m, 폭 9m, 총 25개, 효력 2시간 판단됨."
장애물 보고,2025년 11월 12일 0시 47분,"52S DG 286 957 주변 대전차구 식별됨. 3여단 확인 결과, 방향 333°, 길이 641m, 폭 40m, 총 9개, 효력 5시간 추정됨."
장애물 보고,2025년 11월 12일 1시 16분,"52S DG 268 958 주변 방벽 식별됨. 3여단 확인 결과, 방향 185°, 길이 616m, 폭 13m, 총 22개, 효력 2시간 추정됨."
장애물 보고,2025년 11월 12일 6시 20분,"52S DG 281 949 주변 대전차구 식별됨. 1여단 확인 결과, 방향 054°, 길이 148m, 폭 15m, 총 2개, 효력 10시간 기록됨."
장애물 보고,2025년 11월 12일 7시 6분,"포병여단 관측 결과 52S DG 279 962의 대전차구는 방위 146°, 길이 169m, 폭 42m, 5개, 효력 6시간 확인됨."
장애물 보고,2025년 11월 12일 7시 23분,"52S DG 276 965에서 지뢰지대 확인, 포병여단 관측. 방향 083°, 길이·폭 249/25m, 수량 11, 효력 1시간으로 추정됨."
장애물 보고,2025년 11월 12일 7시 35분,"52S DG 275 947에서 기타 확인, 포병여단 관측. 방향 001°, 길이·폭 208/32m, 수량 18, 효력 11시간으로 판단됨."
장애물 보고,2025년 11월 12일 7시 42분,"52S DG 276 945 기준 기타 장애물이 포착되었고 포병여단이 확인함. 방위 256°, L=97m, W=29m, 10개, 효력 2시간 보고됨."
장애물 보고,2025년 11월 12일 7시 48분,"52S DG 279 986 대인지뢰 장애물에 대해 포병여단이 상세 확인. 172° 방향, 80x1m, 총 27개, 효력 4시간 현장 보고 완료됨."
장애물 보고,2025년 11월 12일 8시 22분,"52S DG 286 959 주변 대인지뢰 식별됨. 1여단 확인 결과, 방향 267°, 길이 193m, 폭 14m, 총 19개, 효력 7시간 식별됨."
장애물 보고,2025년 11월 12일 8시 39분,"3여단 관측 결과 52S DG 269 979의 대인지뢰는 방위 046°, 길이 253m, 폭 23m, 10개, 효력 4시간 관찰됨."
장애물 보고,2025년 11월 12일 12시 24분,"3여단이 52S DG 293 977에서 대전차구 구조물 확인. 방향 078°, 길이 73m·폭 42m, 수량 17개, 효력 3시간 기록됨."
장애물 보고,2025년 11월 12일 12시 30분,"52S DG 291 956 주변 대인지뢰 식별됨. 1여단 확인 결과, 방향 033°, 길이 505m, 폭 29m, 총 1개, 효력 4시간 기록됨."
장애물 보고,2025년 11월 12일 13시 5분,"52S DG 272 968 철조망지대 장애물에 대해 1사단이 상세 확인. 190° 방향, 84x29m, 총 5개, 효력 11시간 평가됨."
장애물 보고,2025년 11월 12일 13시 47분,"52S DG 279 960 대인지뢰 장애물에 대해 1여단이 상세 확인. 020° 방향, 716x3m, 총 24개, 효력 5시간 기록됨."
장애물 보고,2025년 11월 12일 14시 35분,"52S DG 283 969에서 대전차구 확인, 3여단 관측. 방향 038°, 길이·폭 353/3m, 수량 7, 효력 1시간으로 확인됨."
장애물 보고,2025년 11월 12일 15시 23분,"3여단이 52S DG 280 969에서 철조망지대 구조물 확인. 방향 248°, 길이 677m·폭 47m, 수량 7개, 효력 12시간 판단됨."
장애물 보고,2025년 11월 12일 16시 12분,"52S DG 275 972에서 지뢰지대 확인, 포병여단 관측. 방향 064°, 길이·폭 104/18m, 수량 9, 효력 12시간으로 판단됨."
장애물 보고,2025년 11월 12일 16시 27분,"52S DG 281 971에서 지뢰지대 확인, 포병여단 관측. 방향 078°, 길이·폭 196/3m, 수량 24, 효력 12시간으로 평가됨."
장애물 보고,2025년 11월 12일 18시 10분,"1여단이 52S DG 284 980에서 철조망지대 구조물 확인. 방향 291°, 길이 27m·폭 31m, 수량 2개, 효력 11시간 평가됨."
장애물 보고,2025년 11월 12일 20시 42분,"52S DG 293 952 기타 장애물에 대해 1여단이 상세 확인. 173° 방향, 480x1m, 총 5개, 효력 4시간 관찰됨."
장애물 보고,2025년 11월 12일 21시 4분,"52S DG 267 945 철조망지대 장애물에 대해 1여단이 상세 확인. 009° 방향, 652x35m, 총 16개, 효력 11시간 현장 보고 완료됨."
장애물 보고,2025년 11월 12일 21시 30분,"3여단 관측 결과 52S DG 275 946의 기타는 방위 148°, 길이 74m, 폭 12m, 10개, 효력 5시간 관찰됨."
장애물 보고,2025년 11월 12일 23시 41분,"현재 52S DG 283 976 구역에 대전차 지뢰 존재, 1사단이 현장 확인 완료. 291°로 형성, L 361m/W 20m, 29개, 효력 12시간 기록됨."
장애물 보고,2025년 11월 13일 0시 11분,"52S DG 271 961 철조망지대 장애물에 대해 1사단이 상세 확인. 219° 방향, 95x41m, 총 6개, 효력 4시간 확인됨."
장애물 보고,2025년 11월 13일 1시 34분,"52S DG 276 958 구역에서 1여단 확인: 대전차 지뢰, 방위 242°, 길이 519m, 폭 9m, 3개, 효력 3시간 식별됨."
장애물 보고,2025년 11월 13일 2시 5분,"52S DG 285 958 기준 방벽 장애물이 포착되었고 1사단이 확인함. 방위 016°, L=623m, W=25m, 30개, 효력 6시간 식별됨."
장애물 보고,2025년 11월 13일 3시 16분,"52S DG 290 986에서 방벽 확인, 3여단 관측. 방향 007°, 길이·폭 593/23m, 수량 2, 효력 10시간으로 평가됨."
장애물 보고,2025년 11월 13일 6시 1분,"52S DG 283 976 기준 대전차구 장애물이 포착되었고 1여단이 확인함. 방위 350°, L=291m, W=2m, 27개, 효력 9시간 관찰됨."
장애물 보고,2025년 11월 13일 6시 26분,"2여단이 52S DG 289 971에서 대인지뢰 구조물 확인. 방향 144°, 길이 449m·폭 14m, 수량 26개, 효력 6시간 판단됨."
장애물 보고,2025년 11월 13일 7시 56분,"포병여단이 52S DG 279 969에서 방벽 구조물 확인. 방향 045°, 길이 121m·폭 19m, 수량 17개, 효력 1시간 식별됨."
장애물 보고,2025년 11월 13일 12시 59분,"52S DG 288 974에서 지뢰지대 확인, 포병여단 관측. 방향 066°, 길이·폭 579/11m, 수량 18, 효력 5시간으로 기록됨."
장애물 보고,2025년 11월 13일 13시 57분,"52S DG 277 978 구역에서 2여단 확인: 기타, 방위 311°, 길이 10m, 폭 47m, 1개, 효력 7시간 식별됨."
장애물 보고,2025년 11월 13일 20시 5분,"52S DG 288 978에서 기타 확인, 1사단 관측. 방향 084°, 길이·폭 127/39m, 수량 10, 효력 6시간으로 기록됨."
장애물 보고,2025년 11월 13일 20시 52분,"52S DG 278 975 방벽 장애물에 대해 포병여단이 상세 확인. 205° 방향, 357x37m, 총 6개, 효력 5시간 관찰됨."
장애물 보고,2025년 11월 14일 0시 40분,"52S DG 291 977 방벽 장애물에 대해 포병여단이 상세 확인. 231° 방향, 24x38m, 총 20개, 효력 8시간 추정됨."
장애물 보고,2025년 11월 14일 2시 1분,"52S DG 268 951 일대에서 포병여단이 방벽 관측, 방위 303°, 길이 약 533m, 폭 16m, 수량 7개로 확인. 효력 11시간 보고됨."
장애물 보고,2025년 11월 14일 2시 23분,"52S DG 277 945 철조망지대 장애물에 대해 포병여단이 상세 확인. 099° 방향, 37x24m, 총 2개, 효력 11시간 보고됨."
장애물 보고,2025년 11월 14일 4시 56분,"52S DG 270 984 구역에서 3여단 확인: 기타, 방위 245°, 길이 221m, 폭 34m, 16개, 효력 9시간 관찰됨."
장애물 보고,2025년 11월 14일 5시 47분,"52S DG 270 952 기준 지뢰지대 장애물이 포착되었고 1여단이 확인함. 방위 233°, L=13m, W=2m, 3개, 효력 1시간 유지 중임."
장애물 보고,2025년 11월 14일 5시 53분,"52S DG 270 967 구역에서 3여단 확인: 대전차 지뢰, 방위 071°, 길이 728m, 폭 36m, 22개, 효력 9시간 식별됨."
적 위협 경고 보고,2025년 10월 30일 6시 37분,기동 여단 병력이 52S DG 290 947 좌표 부근 기준 남 방향 전개 중으로 파악됨(약 77km/h). 도달 예상 9시 10분경.
적 위협 경고 보고,2025년 10월 30일 9시 52분,공병 대대 병력이 52S DG 265 984 지역 일대 기준 북서 방향 전개 중으로 파악됨(약 36km/h). 도달 예상 10시 40분경.
적 위협 경고 보고,2025년 10월 30일 10시 55분,"현재 방공 연대 전력의 이동이 확인되며, 경로는 북서 방향, 속도 53km/h 추정. 기준 위치 52S DG 284 966 관측 구역. 판단됨. 예상 11시 53분경."
적 위협 경고 보고,2025년 10월 30일 11시 49분,"52S DG 282 944 인접 작전지역 내에서 공병 포대 움직임 식별, 북동 방향 23km/h로 전개, 도달 예상 13시 54분경. 평가됨."
적 위협 경고 보고,2025년 10월 30일 14시 35분,미상 중대 병력이 52S DG 276 960 관측 구역 기준 남서 방향 전개 중으로 파악됨(약 40km/h). 도달 예상 15시 37분경.
적 위협 경고 보고,2025년 10월 30일 14시 53분,"현재 핵/화학 기병중대 전력의 이동이 확인되며, 경로는 남 방향, 속도 42km/h 추정. 기준 위치 52S DG 268 957 좌표 부근. 유지 중임. 예상 17시 47분경."
적 위협 경고 보고,2025년 10월 30일 16시 7분,"현재 방공 중대 전력의 이동이 확인되며, 경로는 북서 방향, 속도 14km/h 추정. 기준 위치 52S DG 269 945 지역 일대. 판단됨. 예상 19시 1분경."
적 위협 경고 보고,2025년 10월 30일 16시 15분,"현재 핵/화학 미지정 전력의 이동이 확인되며, 경로는 북서 방향, 속도 32km/h 추정. 기준 위치 52S DG 266 944 관측 구역. 추정됨. 예상 17시 51분경."
적 위협 경고 보고,2025년 10월 30일 19시 2분,핵/화학 미지정 병력이 52S DG 280 977 관측 구역 기준 북동 방향 전개 중으로 파악됨(약 80km/h). 도달 예상 20시 34분경.
적 위협 경고 보고,2025년 10월 30일 20시 47분,"정보 소대 규모의 이동 정황이 52S DG 294 944 작전지역 내에서 확인되어, 동 쪽으로 72km/h 이동. 도달 21시 59분경 예상."
적 위협 경고 보고,2025년 10월 30일 22시 58분,"52S DG 277 976 관측 구역 부근 미상 반 병력 포착, 북동 방면으로 7km/h로 전진 중. 접근 시간 0시 10분경로 추정됨."
적 위협 경고 보고,2025년 10월 31일 2시 30분,"52S DG 272 980 좌표 부근 관측 결과, 적 수송 여단 규모 전력이 북동 쪽으로 이동 지속, 속도 73km/h 추정. 접근 예상 4시 8분경."
적 위협 경고 보고,2025년 10월 31일 2시 54분,"52S DG 287 971 관측 구역 관측 결과, 적 수송 기병중대 규모 전력이 북서 쪽으로 이동 지속, 속도 20km/h 추정. 접근 예상 3시 46분경."
적 위협 경고 보고,2025년 10월 31일 4시 21분,"52S DG 273 985 인접 좌표 부근에서 수송 중대 움직임 식별, 북서 방향 33km/h로 전개, 도달 예상 5시 15분경. 관찰됨."
적 위협 경고 보고,2025년 10월 31일 5시 19분,"핵/화학 사단 규모의 이동 정황이 52S DG 264 964 지역 일대에서 확인되어, 남동 쪽으로 53km/h 이동. 도달 6시 39분경 예상."
적 위협 경고 보고,2025년 10월 31일 5시 31분,핵/화학 반 병력이 52S DG 280 961 좌표 부근 기준 북 방향 전개 중으로 파악됨(약 60km/h). 도달 예상 6시 18분경.
적 위협 경고 보고,2025년 10월 31일 6시 57분,"52S DG 277 969 지역 일대 관측 결과, 적 공병 기갑대대 규모 전력이 남동 쪽으로 이동 지속, 속도 67km/h 추정. 접근 예상 9시 27분경."
적 위협 경고 보고,2025년 10월 31일 7시 13분,"52S DG 293 957 지역 일대 부근 방공 대대 병력 포착, 북 방면으로 43km/h로 전진 중. 접근 시간 10시 5분경로 판단됨."
적 위협 경고 보고,2025년 10월 31일 7시 54분,수송 미지정 병력이 52S DG 266 963 좌표 부근 기준 남동 방향 전개 중으로 파악됨(약 24km/h). 도달 예상 9시 10분경.
적 위협 경고 보고,2025년 10월 31일 9시 15분,"52S DG 293 972 작전지역 내 관측 결과, 적 미상 반 규모 전력이 북 쪽으로 이동 지속, 속도 54km/h 추정. 접근 예상 10시 41분경."
적 위협 경고 보고,2025년 10월 31일 12시 45분,"52S DG 290 951 인접 작전지역 내에서 지휘통제 및 수신 대대 움직임 식별, 북서 방향 20km/h로 전개, 도달 예상 13시 28분경. 현장 보고 완료됨."
적 위협 경고 보고,2025년 10월 31일 14시 52분,"52S DG 275 986 좌표 부근 관측 결과, 적 방공 군단 규모 전력이 북동 쪽으로 이동 지속, 속도 9km/h 추정. 접근 예상 16시 2분경."
적 위협 경고 보고,2025년 10월 31일 18시 51분,"핵/화학 반 규모의 이동 정황이 52S DG 265 957 작전지역 내에서 확인되어, 북동 쪽으로 36km/h 이동. 도달 19시 39분경 예상."
적 위협 경고 보고,2025년 10월 31일 20시 34분,"52S DG 265 972 작전지역 내 부근 지휘통제 및 수신 군단 병력 포착, 북동 방면으로 70km/h로 전진 중. 접근 시간 21시 23분경로 확인됨."
적 위협 경고 보고,2025년 10월 31일 21시 41분,"52S DG 293 964 인접 작전지역 내에서 공병 연대 움직임 식별, 북동 방향 60km/h로 전개, 도달 예상 22시 44분경. 평가됨."
적 위협 경고 보고,2025년 10월 31일 21시 41분,미상 연대 병력이 52S DG 276 961 관측 구역 기준 북 방향 전개 중으로 파악됨(약 12km/h). 도달 예상 23시 3분경.
적 위협 경고 보고,2025년 10월 31일 21시 46분,"지휘통제 및 수신 사단 규모의 이동 정황이 52S DG 290 978 좌표 부근에서 확인되어, 북 쪽으로 16km/h 이동. 도달 22시 51분경 예상."
적 위협 경고 보고,2025년 10월 31일 22시 10분,수송 연대 병력이 52S DG 278 952 작전지역 내 기준 남 방향 전개 중으로 파악됨(약 42km/h). 도달 예상 0시 14분경.
적 위협 경고 보고,2025년 10월 31일 22시 43분,"현재 미상 포대 전력의 이동이 확인되며, 경로는 북동 방향, 속도 75km/h 추정. 기준 위치 52S DG 283 976 작전지역 내. 관찰됨. 예상 23시 13분경."
적 위협 경고 보고,2025년 11월 1일 0시 9분,"정보 기병중대 규모의 이동 정황이 52S DG 279 982 관측 구역에서 확인되어, 서 쪽으로 80km/h 이동. 도달 2시 45분경 예상."
적 위협 경고 보고,2025년 11월 1일 1시 21분,"52S DG 269 986 좌표 부근 부근 수송 기갑대대 병력 포착, 서 방면으로 66km/h로 전진 중. 접근 시간 3시 52분경로 식별됨."
적 위협 경고 보고,2025년 11월 1일 2시 36분,"52S DG 264 956 관측 구역 부근 핵/화학 소대 병력 포착, 동 방면으로 19km/h로 전진 중. 접근 시간 4시 26분경로 추정됨."
적 위협 경고 보고,2025년 11월 1일 3시 19분,수송 군단 세력이 남서로 이동하며 기준 좌표 52S DG 284 944 좌표 부근 통과 중(약 44km/h). 예상 접근 4시 5분경. 현장 보고 완료됨.
적 위협 경고 보고,2025년 11월 1일 4시 15분,"52S DG 273 975 작전지역 내 관측 결과, 적 수송 사단 규모 전력이 남서 쪽으로 이동 지속, 속도 51km/h 추정. 접근 예상 5시 37분경."
적 위협 경고 보고,2025년 11월 1일 5시 10분,"현재 핵/화학 연대 전력의 이동이 확인되며, 경로는 남서 방향, 속도 29km/h 추정. 기준 위치 52S DG 276 966 작전지역 내. 관찰됨. 예상 6시 9분경."
적 위협 경고 보고,2025년 11월 1일 5시 49분,방공 반 세력이 북서로 이동하며 기준 좌표 52S DG 270 985 지역 일대 통과 중(약 55km/h). 예상 접근 6시 29분경. 평가됨.
적 위협 경고 보고,2025년 11월 1일 6시 51분,공병 기갑대대 세력이 북서로 이동하며 기준 좌표 52S DG 290 950 좌표 부근 통과 중(약 24km/h). 예상 접근 8시 23분경. 확인됨.
적 위협 경고 보고,2025년 11월 1일 7시 48분,방공 미지정 세력이 남서로 이동하며 기준 좌표 52S DG 269 982 작전지역 내 통과 중(약 56km/h). 예상 접근 9시 25분경. 평가됨.
적 위협 경고 보고,2025년 11월 1일 10시 26분,지휘통제 및 수신 연대 병력이 52S DG 271 966 좌표 부근 기준 남 방향 전개 중으로 파악됨(약 73km/h). 도달 예상 12시 31분경.
적 위협 경고 보고,2025년 11월 1일 12시 10분,"현재 방공 기병중대 전력의 이동이 확인되며, 경로는 북 방향, 속도 29km/h 추정. 기준 위치 52S DG 280 972 지역 일대. 보고됨. 예상 12시 40분경."
적 위협 경고 보고,2025년 11월 1일 12시 12분,"수송 소대 규모의 이동 정황이 52S DG 271 977 좌표 부근에서 확인되어, 남 쪽으로 80km/h 이동. 도달 13시 53분경 예상."
적 위협 경고 보고,2025년 11월 1일 12시 51분,"52S DG 291 975 지역 일대 부근 수송 포대 병력 포착, 남서 방면으로 59km/h로 전진 중. 접근 시간 14시 10분경로 기록됨."
적 위협 경고 보고,2025년 11월 1일 14시 12분,"현재 미상 연대 전력의 이동이 확인되며, 경로는 동 방향, 속도 66km/h 추정. 기준 위치 52S DG 278 973 좌표 부근. 관찰됨. 예상 16시 31분경."
적 위협 경고 보고,2025년 11월 1일 15시 13분,핵/화학 중대 병력이 52S DG 290 951 작전지역 내 기준 서 방향 전개 중으로 파악됨(약 58km/h). 도달 예상 17시 44분경.
적 위협 경고 보고,2025년 11월 1일 15시 24분,정보 미지정 병력이 52S DG 281 973 지역 일대 기준 남동 방향 전개 중으로 파악됨(약 59km/h). 도달 예상 18시 0분경.
적 위협 경고 보고,2025년 11월 1일 17시 0분,공병 반 세력이 동로 이동하며 기준 좌표 52S DG 278 980 지역 일대 통과 중(약 54km/h). 예상 접근 18시 29분경. 기록됨.
적 위협 경고 보고,2025년 11월 1일 17시 42분,52S DG 283 985 작전지역 내에서 미상 대대 전력이 동 방면으로 16km/h 수준으로 이동 중인 정황이 평가됨. 예상 접근 20시 29분경.
적 위협 경고 보고,2025년 11월 1일 18시 32분,공병 군단 병력이 52S DG 287 953 지역 일대 기준 남 방향 전개 중으로 파악됨(약 75km/h). 도달 예상 20시 46분경.
적 위협 경고 보고,2025년 11월 1일 19시 35분,미상 군단 병력이 52S DG 285 964 좌표 부근 기준 남동 방향 전개 중으로 파악됨(약 65km/h). 도달 예상 20시 58분경.
적 위협 경고 보고,2025년 11월 1일 19시 50분,"52S DG 280 968 작전지역 내 부근 핵/화학 여단 병력 포착, 북동 방면으로 34km/h로 전진 중. 접근 시간 21시 54분경로 유지 중임."
적 위협 경고 보고,2025년 11월 1일 19시 55분,공병 군단 세력이 남로 이동하며 기준 좌표 52S DG 294 967 지역 일대 통과 중(약 46km/h). 예상 접근 22시 22분경. 추정됨.
적 위협 경고 보고,2025년 11월 1일 20시 53분,"52S DG 269 964 좌표 부근 부근 기동 포대 병력 포착, 서 방면으로 54km/h로 전진 중. 접근 시간 23시 45분경로 보고됨."
적 위협 경고 보고,2025년 11월 1일 21시 35분,52S DG 278 958 작전지역 내에서 지휘통제 및 수신 대대 전력이 북동 방면으로 40km/h 수준으로 이동 중인 정황이 평가됨. 예상 접근 23시 20분경.
적 위협 경고 보고,2025년 11월 2일 1시 9분,미상 소대 병력이 52S DG 292 945 관측 구역 기준 남서 방향 전개 중으로 파악됨(약 63km/h). 도달 예상 2시 9분경.
적 위협 경고 보고,2025년 11월 2일 2시 22분,핵/화학 기병중대 세력이 남서로 이동하며 기준 좌표 52S DG 278 978 지역 일대 통과 중(약 46km/h). 예상 접근 4시 7분경. 관찰됨.
적 위협 경고 보고,2025년 11월 2일 2시 42분,지휘통제 및 수신 기병중대 세력이 북동로 이동하며 기준 좌표 52S DG 269 973 좌표 부근 통과 중(약 53km/h). 예상 접근 3시 51분경. 유지 중임.
적 위협 경고 보고,2025년 11월 2일 3시 18분,지휘통제 및 수신 중대 세력이 서로 이동하며 기준 좌표 52S DG 282 973 관측 구역 통과 중(약 52km/h). 예상 접근 5시 6분경. 기록됨.
적 위협 경고 보고,2025년 11월 2일 4시 16분,"52S DG 288 949 인접 지역 일대에서 방공 대대 움직임 식별, 북서 방향 17km/h로 전개, 도달 예상 6시 33분경. 판단됨."
적 위협 경고 보고,2025년 11월 2일 6시 47분,"52S DG 266 955 인접 좌표 부근에서 기동 중대 움직임 식별, 북동 방향 68km/h로 전개, 도달 예상 8시 57분경. 현장 보고 완료됨."
적 위협 경고 보고,2025년 11월 2일 9시 6분,기동 기병중대 병력이 52S DG 270 952 좌표 부근 기준 북동 방향 전개 중으로 파악됨(약 61km/h). 도달 예상 9시 57분경.
적 위협 경고 보고,2025년 11월 2일 12시 31분,핵/화학 중대 병력이 52S DG 289 966 지역 일대 기준 북 방향 전개 중으로 파악됨(약 21km/h). 도달 예상 14시 55분경.
적 위협 경고 보고,2025년 11월 2일 12시 39분,52S DG 286 947 좌표 부근에서 수송 포대 전력이 서 방면으로 63km/h 수준으로 이동 중인 정황이 식별됨. 예상 접근 14시 58분경.
적 위협 경고 보고,2025년 11월 2일 14시 25분,"52S DG 265 961 관측 구역 관측 결과, 적 수송 사단 규모 전력이 북동 쪽으로 이동 지속, 속도 52km/h 추정. 접근 예상 16시 21분경."
적 위협 경고 보고,2025년 11월 2일 14시 28분,공병 대대 세력이 서로 이동하며 기준 좌표 52S DG 273 968 작전지역 내 통과 중(약 19km/h). 예상 접근 15시 2분경. 평가됨.
적 위협 경고 보고,2025년 11월 2일 16시 24분,"정보 군단 규모의 이동 정황이 52S DG 289 974 좌표 부근에서 확인되어, 남서 쪽으로 16km/h 이동. 도달 19시 5분경 예상."
적 위협 경고 보고,2025년 11월 2일 16시 28분,"방공 연대 규모의 이동 정황이 52S DG 294 979 관측 구역에서 확인되어, 동 쪽으로 53km/h 이동. 도달 19시 9분경 예상."
적 위협 경고 보고,2025년 11월 2일 16시 52분,"52S DG 282 980 지역 일대 관측 결과, 적 지휘통제 및 수신 사단 규모 전력이 동 쪽으로 이동 지속, 속도 77km/h 추정. 접근 예상 18시 15분경."
적 위협 경고 보고,2025년 11월 2일 17시 19분,"미상 여단 규모의 이동 정황이 52S DG 265 969 관측 구역에서 확인되어, 남 쪽으로 60km/h 이동. 도달 18시 50분경 예상."
적 위협 경고 보고,2025년 11월 2일 18시 56분,핵/화학 기갑대대 병력이 52S DG 289 985 관측 구역 기준 남동 방향 전개 중으로 파악됨(약 48km/h). 도달 예상 21시 41분경.
적 위협 경고 보고,2025년 11월 2일 22시 36분,공병 대대 병력이 52S DG 271 954 작전지역 내 기준 북 방향 전개 중으로 파악됨(약 13km/h). 도달 예상 23시 17분경.
적 위협 경고 보고,2025년 11월 2일 23시 13분,"52S DG 269 978 작전지역 내 관측 결과, 적 미상 기병중대 규모 전력이 남 쪽으로 이동 지속, 속도 63km/h 추정. 접근 예상 1시 9분경."
적 위협 경고 보고,2025년 11월 2일 23시 39분,미상 군단 병력이 52S DG 267 983 지역 일대 기준 북동 방향 전개 중으로 파악됨(약 67km/h). 도달 예상 0시 9분경.
적 위협 경고 보고,2025년 11월 2일 23시 44분,수송 기갑대대 병력이 52S DG 282 981 지역 일대 기준 북서 방향 전개 중으로 파악됨(약 5km/h). 도달 예상 0시 52분경.
적 위협 경고 보고,2025년 11월 3일 2시 9분,"52S DG 279 976 지역 일대 부근 공병 소대 병력 포착, 동 방면으로 59km/h로 전진 중. 접근 시간 3시 27분경로 보고됨."
적 위협 경고 보고,2025년 11월 3일 3시 43분,"핵/화학 대대 규모의 이동 정황이 52S DG 281 978 작전지역 내에서 확인되어, 남서 쪽으로 21km/h 이동. 도달 4시 32분경 예상."
적 위협 경고 보고,2025년 11월 3일 6시 40분,"52S DG 264 951 좌표 부근 관측 결과, 적 핵/화학 대대 규모 전력이 남서 쪽으로 이동 지속, 속도 65km/h 추정. 접근 예상 7시 20분경."
적 위협 경고 보고,2025년 11월 3일 9시 8분,"방공 포대 규모의 이동 정황이 52S DG 287 970 좌표 부근에서 확인되어, 서 쪽으로 40km/h 이동. 도달 11시 41분경 예상."
적 위협 경고 보고,2025년 11월 3일 9시 27분,"방공 기병중대 규모의 이동 정황이 52S DG 270 976 좌표 부근에서 확인되어, 남동 쪽으로 69km/h 이동. 도달 12시 23분경 예상."
적 위협 경고 보고,2025년 11월 3일 10시 12분,"52S DG 281 977 관측 구역 부근 방공 대대 병력 포착, 북동 방면으로 64km/h로 전진 중. 접근 시간 10시 54분경로 기록됨."
적 위협 경고 보고,2025년 11월 3일 10시 13분,"52S DG 277 977 좌표 부근 관측 결과, 적 수송 소대 규모 전력이 동 쪽으로 이동 지속, 속도 31km/h 추정. 접근 예상 11시 58분경."
적 위협 경고 보고,2025년 11월 3일 10시 23분,지휘통제 및 수신 중대 세력이 남동로 이동하며 기준 좌표 52S DG 288 985 지역 일대 통과 중(약 19km/h). 예상 접근 13시 14분경. 현장 보고 완료됨.
적 위협 경고 보고,2025년 11월 3일 10시 47분,52S DG 270 948 작전지역 내에서 정보 반 전력이 남동 방면으로 20km/h 수준으로 이동 중인 정황이 기록됨. 예상 접근 13시 2분경.
적 위협 경고 보고,2025년 11월 3일 17시 3분,"52S DG 281 947 좌표 부근 관측 결과, 적 방공 기병중대 규모 전력이 북동 쪽으로 이동 지속, 속도 24km/h 추정. 접근 예상 17시 35분경."
적 위협 경고 보고,2025년 11월 3일 17시 43분,"52S DG 273 948 작전지역 내 부근 공병 여단 병력 포착, 동 방면으로 80km/h로 전진 중. 접근 시간 18시 52분경로 식별됨."
적 위협 경고 보고,2025년 11월 3일 19시 27분,52S DG 270 964 작전지역 내에서 미상 연대 전력이 동 방면으로 11km/h 수준으로 이동 중인 정황이 추정됨. 예상 접근 20시 16분경.
적 위협 경고 보고,2025년 11월 3일 19시 39분,"현재 지휘통제 및 수신 여단 전력의 이동이 확인되며, 경로는 북 방향, 속도 51km/h 추정. 기준 위치 52S DG 266 946 지역 일대. 판단됨. 예상 20시 39분경."
적 위협 경고 보고,2025년 11월 3일 21시 2분,52S DG 270 981 좌표 부근에서 정보 대대 전력이 북동 방면으로 8km/h 수준으로 이동 중인 정황이 추정됨. 예상 접근 23시 25분경.
적 위협 경고 보고,2025년 11월 4일 1시 44분,"52S DG 267 980 지역 일대 관측 결과, 적 지휘통제 및 수신 포대 규모 전력이 남동 쪽으로 이동 지속, 속도 54km/h 추정. 접근 예상 4시 23분경."
적 위협 경고 보고,2025년 11월 4일 2시 18분,"52S DG 285 950 인접 지역 일대에서 수송 소대 움직임 식별, 서 방향 47km/h로 전개, 도달 예상 3시 56분경. 유지 중임."
적 위협 경고 보고,2025년 11월 4일 3시 46분,"현재 수송 반 전력의 이동이 확인되며, 경로는 북동 방향, 속도 43km/h 추정. 기준 위치 52S DG 278 957 관측 구역. 관찰됨. 예상 6시 42분경."
적 위협 경고 보고,2025년 11월 4일 5시 5분,"52S DG 287 975 인접 좌표 부근에서 수송 중대 움직임 식별, 남서 방향 73km/h로 전개, 도달 예상 6시 38분경. 관찰됨."
적 위협 경고 보고,2025년 11월 4일 5시 28분,"52S DG 276 961 관측 구역 부근 핵/화학 소대 병력 포착, 동 방면으로 70km/h로 전진 중. 접근 시간 6시 58분경로 기록됨."
적 위협 경고 보고,2025년 11월 4일 7시 10분,"52S DG 278 980 인접 작전지역 내에서 정보 여단 움직임 식별, 북서 방향 44km/h로 전개, 도달 예상 8시 26분경. 현장 보고 완료됨."
적 위협 경고 보고,2025년 11월 4일 7시 24분,52S DG 276 985 관측 구역에서 방공 대대 전력이 북 방면으로 79km/h 수준으로 이동 중인 정황이 현장 보고 완료됨. 예상 접근 8시 31분경.
적 위협 경고 보고,2025년 11월 4일 8시 9분,수송 중대 병력이 52S DG 265 976 지역 일대 기준 서 방향 전개 중으로 파악됨(약 22km/h). 도달 예상 10시 58분경.
적 위협 경고 보고,2025년 11월 4일 9시 25분,"52S DG 280 981 작전지역 내 부근 정보 연대 병력 포착, 서 방면으로 29km/h로 전진 중. 접근 시간 10시 55분경로 현장 보고 완료됨."
적 위협 경고 보고,2025년 11월 4일 12시 9분,"52S DG 291 960 지역 일대 관측 결과, 적 기동 기갑대대 규모 전력이 남 쪽으로 이동 지속, 속도 25km/h 추정. 접근 예상 14시 13분경."
적 위협 경고 보고,2025년 11월 4일 13시 29분,방공 포대 병력이 52S DG 290 948 관측 구역 기준 북 방향 전개 중으로 파악됨(약 40km/h). 도달 예상 15시 17분경.
적 위협 경고 보고,2025년 11월 4일 13시 43분,"52S DG 273 975 인접 지역 일대에서 핵/화학 소대 움직임 식별, 북서 방향 7km/h로 전개, 도달 예상 16시 18분경. 기록됨."
적 위협 경고 보고,2025년 11월 4일 15시 7분,52S DG 278 969 지역 일대에서 지휘통제 및 수신 중대 전력이 동 방면으로 54km/h 수준으로 이동 중인 정황이 기록됨. 예상 접근 18시 4분경.
적 위협 경고 보고,2025년 11월 4일 15시 16분,"현재 방공 군단 전력의 이동이 확인되며, 경로는 남 방향, 속도 26km/h 추정. 기준 위치 52S DG 277 969 좌표 부근. 식별됨. 예상 16시 50분경."
적 위협 경고 보고,2025년 11월 4일 15시 25분,수송 포대 세력이 서로 이동하며 기준 좌표 52S DG 294 977 작전지역 내 통과 중(약 41km/h). 예상 접근 17시 26분경. 확인됨.
적 위협 경고 보고,2025년 11월 4일 18시 6분,"52S DG 284 962 좌표 부근 부근 기동 소대 병력 포착, 남동 방면으로 62km/h로 전진 중. 접근 시간 19시 15분경로 평가됨."
적 위협 경고 보고,2025년 11월 4일 18시 54분,"52S DG 268 952 지역 일대 관측 결과, 적 기동 미지정 규모 전력이 남서 쪽으로 이동 지속, 속도 18km/h 추정. 접근 예상 19시 33분경."
적 위협 경고 보고,2025년 11월 4일 21시 4분,"52S DG 283 947 인접 지역 일대에서 방공 여단 움직임 식별, 서 방향 18km/h로 전개, 도달 예상 23시 48분경. 평가됨."
적 위협 경고 보고,2025년 11월 4일 21시 10분,"공병 군단 규모의 이동 정황이 52S DG 290 985 좌표 부근에서 확인되어, 북서 쪽으로 53km/h 이동. 도달 22시 14분경 예상."
적 위협 경고 보고,2025년 11월 4일 22시 23분,"52S DG 294 978 작전지역 내 관측 결과, 적 핵/화학 미지정 규모 전력이 서 쪽으로 이동 지속, 속도 29km/h 추정. 접근 예상 0시 28분경."
적 위협 경고 보고,2025년 11월 4일 23시 52분,방공 미지정 세력이 동로 이동하며 기준 좌표 52S DG 285 984 작전지역 내 통과 중(약 66km/h). 예상 접근 2시 3분경. 유지 중임.
적 위협 경고 보고,2025년 11월 5일 1시 15분,공병 대대 세력이 남로 이동하며 기준 좌표 52S DG 272 953 지역 일대 통과 중(약 75km/h). 예상 접근 2시 38분경. 기록됨.
적 위협 경고 보고,2025년 11월 5일 2시 13분,수송 소대 세력이 남로 이동하며 기준 좌표 52S DG 279 985 좌표 부근 통과 중(약 54km/h). 예상 접근 3시 36분경. 식별됨.
적 위협 경고 보고,2025년 11월 5일 2시 46분,정보 사단 세력이 남로 이동하며 기준 좌표 52S DG 287 976 지역 일대 통과 중(약 78km/h). 예상 접근 4시 45분경. 판단됨.
적 위협 경고 보고,2025년 11월 5일 3시 18분,공병 포대 세력이 남동로 이동하며 기준 좌표 52S DG 285 976 지역 일대 통과 중(약 6km/h). 예상 접근 4시 31분경. 평가됨.
적 위협 경고 보고,2025년 11월 5일 3시 29분,방공 군단 세력이 북로 이동하며 기준 좌표 52S DG 287 956 작전지역 내 통과 중(약 27km/h). 예상 접근 4시 20분경. 확인됨.
적 위협 경고 보고,2025년 11월 5일 5시 20분,"52S DG 280 949 지역 일대 부근 지휘통제 및 수신 여단 병력 포착, 서 방면으로 28km/h로 전진 중. 접근 시간 7시 34분경로 보고됨."
적 위협 경고 보고,2025년 11월 5일 5시 37분,"52S DG 272 974 지역 일대 관측 결과, 적 핵/화학 기병중대 규모 전력이 북 쪽으로 이동 지속, 속도 16km/h 추정. 접근 예상 7시 25분경."
적 위협 경고 보고,2025년 11월 5일 6시 2분,"52S DG 281 956 좌표 부근 관측 결과, 적 공병 군단 규모 전력이 남동 쪽으로 이동 지속, 속도 50km/h 추정. 접근 예상 6시 56분경."
적 위협 경고 보고,2025년 11월 5일 6시 28분,수송 기갑대대 세력이 남동로 이동하며 기준 좌표 52S DG 290 951 지역 일대 통과 중(약 79km/h). 예상 접근 9시 12분경. 보고됨.
적 위협 경고 보고,2025년 11월 5일 7시 22분,"52S DG 279 986 지역 일대 관측 결과, 적 공병 기갑대대 규모 전력이 남동 쪽으로 이동 지속, 속도 69km/h 추정. 접근 예상 8시 36분경."
적 위협 경고 보고,2025년 11월 5일 7시 44분,"52S DG 294 978 작전지역 내 관측 결과, 적 미상 군단 규모 전력이 북동 쪽으로 이동 지속, 속도 49km/h 추정. 접근 예상 8시 22분경."
적 위협 경고 보고,2025년 11월 5일 8시 14분,"52S DG 293 981 지역 일대 부근 지휘통제 및 수신 기갑대대 병력 포착, 북동 방면으로 19km/h로 전진 중. 접근 시간 8시 54분경로 현장 보고 완료됨."
적 위협 경고 보고,2025년 11월 5일 8시 47분,"52S DG 290 986 인접 좌표 부근에서 기동 연대 움직임 식별, 동 방향 17km/h로 전개, 도달 예상 10시 20분경. 확인됨."
적 위협 경고 보고,2025년 11월 5일 10시 11분,"52S DG 269 945 좌표 부근 관측 결과, 적 기동 연대 규모 전력이 동 쪽으로 이동 지속, 속도 73km/h 추정. 접근 예상 11시 47분경."
적 위협 경고 보고,2025년 11월 5일 10시 14분,52S DG 289 947 작전지역 내에서 수송 중대 전력이 남 방면으로 72km/h 수준으로 이동 중인 정황이 평가됨. 예상 접근 11시 23분경.
적 위협 경고 보고,2025년 11월 5일 11시 53분,"52S DG 266 967 좌표 부근 부근 지휘통제 및 수신 여단 병력 포착, 북동 방면으로 46km/h로 전진 중. 접근 시간 12시 24분경로 유지 중임."
적 위협 경고 보고,2025년 11월 5일 11시 57분,"미상 기병중대 규모의 이동 정황이 52S DG 265 947 좌표 부근에서 확인되어, 남동 쪽으로 37km/h 이동. 도달 14시 22분경 예상."
적 위협 경고 보고,2025년 11월 5일 12시 34분,"52S DG 279 951 작전지역 내 부근 수송 반 병력 포착, 북 방면으로 39km/h로 전진 중. 접근 시간 14시 48분경로 평가됨."
적 위협 경고 보고,2025년 11월 5일 14시 10분,수송 연대 세력이 남동로 이동하며 기준 좌표 52S DG 291 970 지역 일대 통과 중(약 55km/h). 예상 접근 16시 58분경. 보고됨.
적 위협 경고 보고,2025년 11월 5일 14시 56분,"현재 방공 미지정 전력의 이동이 확인되며, 경로는 남동 방향, 속도 68km/h 추정. 기준 위치 52S DG 285 948 좌표 부근. 현장 보고 완료됨. 예상 16시 23분경."
적 위협 경고 보고,2025년 11월 5일 15시 53분,"현재 공병 중대 전력의 이동이 확인되며, 경로는 남동 방향, 속도 48km/h 추정. 기준 위치 52S DG 289 950 작전지역 내. 평가됨. 예상 16시 36분경."
적 위협 경고 보고,2025년 11월 5일 17시 21분,52S DG 275 956 지역 일대에서 미상 기병중대 전력이 남서 방면으로 51km/h 수준으로 이동 중인 정황이 현장 보고 완료됨. 예상 접근 19시 20분경.
적 위협 경고 보고,2025년 11월 5일 19시 46분,"52S DG 279 975 인접 지역 일대에서 정보 연대 움직임 식별, 북동 방향 63km/h로 전개, 도달 예상 22시 11분경. 판단됨."
적 위협 경고 보고,2025년 11월 5일 20시 17분,"52S DG 273 946 작전지역 내 부근 수송 군단 병력 포착, 남 방면으로 20km/h로 전진 중. 접근 시간 23시 4분경로 식별됨."
적 위협 경고 보고,2025년 11월 5일 21시 47분,"52S DG 281 971 인접 좌표 부근에서 핵/화학 사단 움직임 식별, 동 방향 13km/h로 전개, 도달 예상 0시 12분경. 추정됨."
적 위협 경고 보고,2025년 11월 6일 0시 10분,공병 기갑대대 세력이 북로 이동하며 기준 좌표 52S DG 292 960 관측 구역 통과 중(약 37km/h). 예상 접근 2시 11분경. 판단됨.
적 위협 경고 보고,2025년 11월 6일 0시 20분,공병 여단 세력이 남로 이동하며 기준 좌표 52S DG 268 944 지역 일대 통과 중(약 29km/h). 예상 접근 3시 16분경. 관찰됨.
적 위협 경고 보고,2025년 11월 6일 0시 24분,52S DG 283 955 작전지역 내에서 공병 대대 전력이 남동 방면으로 48km/h 수준으로 이동 중인 정황이 추정됨. 예상 접근 2시 28분경.
적 위협 경고 보고,2025년 11월 6일 1시 5분,52S DG 289 956 지역 일대에서 지휘통제 및 수신 대대 전력이 서 방면으로 34km/h 수준으로 이동 중인 정황이 관찰됨. 예상 접근 2시 6분경.
적 위협 경고 보고,2025년 11월 6일 1시 55분,"52S DG 283 977 좌표 부근 부근 핵/화학 기갑대대 병력 포착, 서 방면으로 51km/h로 전진 중. 접근 시간 2시 38분경로 보고됨."
적 위협 경고 보고,2025년 11월 6일 4시 40분,"현재 미상 포대 전력의 이동이 확인되며, 경로는 서 방향, 속도 64km/h 추정. 기준 위치 52S DG 273 977 좌표 부근. 판단됨. 예상 6시 0분경."
적 위협 경고 보고,2025년 11월 6일 5시 31분,"52S DG 290 972 작전지역 내 관측 결과, 적 정보 기병중대 규모 전력이 서 쪽으로 이동 지속, 속도 10km/h 추정. 접근 예상 8시 8분경."
적 위협 경고 보고,2025년 11월 6일 7시 15분,52S DG 290 970 좌표 부근에서 공병 반 전력이 동 방면으로 51km/h 수준으로 이동 중인 정황이 기록됨. 예상 접근 8시 27분경.
적 위협 경고 보고,2025년 11월 6일 8시 35분,"52S DG 270 966 인접 지역 일대에서 정보 기병중대 움직임 식별, 북 방향 75km/h로 전개, 도달 예상 11시 28분경. 보고됨."
적 위협 경고 보고,2025년 11월 6일 11시 3분,"현재 방공 여단 전력의 이동이 확인되며, 경로는 남 방향, 속도 49km/h 추정. 기준 위치 52S DG 278 970 좌표 부근. 기록됨. 예상 12시 3분경."
적 위협 경고 보고,2025년 11월 6일 11시 14분,기동 군단 병력이 52S DG 287 974 좌표 부근 기준 남동 방향 전개 중으로 파악됨(약 17km/h). 도달 예상 12시 52분경.
적 위협 경고 보고,2025년 11월 6일 11시 36분,핵/화학 포대 병력이 52S DG 280 982 관측 구역 기준 서 방향 전개 중으로 파악됨(약 22km/h). 도달 예상 13시 28분경.
적 위협 경고 보고,2025년 11월 6일 13시 11분,52S DG 291 959 작전지역 내에서 지휘통제 및 수신 기갑대대 전력이 북서 방면으로 76km/h 수준으로 이동 중인 정황이 현장 보고 완료됨. 예상 접근 14시 26분경.
적 위협 경고 보고,2025년 11월 6일 14시 25분,"52S DG 273 951 좌표 부근 부근 방공 기병중대 병력 포착, 북 방면으로 25km/h로 전진 중. 접근 시간 16시 2분경로 평가됨."
적 위협 경고 보고,2025년 11월 6일 14시 34분,"52S DG 278 964 인접 지역 일대에서 핵/화학 대대 움직임 식별, 북동 방향 25km/h로 전개, 도달 예상 15시 10분경. 유지 중임."
적 위협 경고 보고,2025년 11월 6일 16시 37분,"지휘통제 및 수신 포대 규모의 이동 정황이 52S DG 285 977 관측 구역에서 확인되어, 북동 쪽으로 74km/h 이동. 도달 18시 8분경 예상."
적 위협 경고 보고,2025년 11월 6일 19시 11분,"52S DG 286 978 작전지역 내 부근 정보 연대 병력 포착, 서 방면으로 53km/h로 전진 중. 접근 시간 21시 25분경로 확인됨."
적 위협 경고 보고,2025년 11월 6일 19시 24분,"52S DG 287 972 인접 작전지역 내에서 수송 연대 움직임 식별, 남 방향 47km/h로 전개, 도달 예상 20시 42분경. 평가됨."
적 위협 경고 보고,2025년 11월 6일 20시 25분,"52S DG 265 973 좌표 부근 관측 결과, 적 공병 군단 규모 전력이 북서 쪽으로 이동 지속, 속도 73km/h 추정. 접근 예상 21시 42분경."
적 위협 경고 보고,2025년 11월 6일 20시 31분,"핵/화학 사단 규모의 이동 정황이 52S DG 291 956 관측 구역에서 확인되어, 서 쪽으로 48km/h 이동. 도달 23시 5분경 예상."
적 위협 경고 보고,2025년 11월 6일 23시 51분,공병 미지정 세력이 동로 이동하며 기준 좌표 52S DG 265 960 관측 구역 통과 중(약 71km/h). 예상 접근 2시 37분경. 관찰됨.
적 위협 경고 보고,2025년 11월 7일 0시 46분,공병 반 세력이 북동로 이동하며 기준 좌표 52S DG 267 981 좌표 부근 통과 중(약 28km/h). 예상 접근 1시 22분경. 평가됨.
적 위협 경고 보고,2025년 11월 7일 1시 1분,"52S DG 290 960 좌표 부근 부근 미상 기갑대대 병력 포착, 북 방면으로 55km/h로 전진 중. 접근 시간 1시 33분경로 확인됨."
적 위협 경고 보고,2025년 11월 7일 4시 57분,핵/화학 포대 병력이 52S DG 284 976 좌표 부근 기준 북서 방향 전개 중으로 파악됨(약 30km/h). 도달 예상 7시 21분경.
적 위협 경고 보고,2025년 11월 7일 5시 28분,기동 반 세력이 남동로 이동하며 기준 좌표 52S DG 279 971 지역 일대 통과 중(약 64km/h). 예상 접근 7시 22분경. 판단됨.
적 위협 경고 보고,2025년 11월 7일 6시 4분,정보 기갑대대 병력이 52S DG 289 983 좌표 부근 기준 북동 방향 전개 중으로 파악됨(약 13km/h). 도달 예상 7시 33분경.
적 위협 경고 보고,2025년 11월 7일 6시 18분,"현재 미상 대대 전력의 이동이 확인되며, 경로는 서 방향, 속도 8km/h 추정. 기준 위치 52S DG 272 973 관측 구역. 식별됨. 예상 8시 34분경."
적 위협 경고 보고,2025년 11월 7일 7시 35분,"기동 미지정 규모의 이동 정황이 52S DG 286 960 관측 구역에서 확인되어, 서 쪽으로 22km/h 이동. 도달 8시 48분경 예상."
적 위협 경고 보고,2025년 11월 7일 8시 47분,"현재 수송 군단 전력의 이동이 확인되며, 경로는 남 방향, 속도 64km/h 추정. 기준 위치 52S DG 271 960 관측 구역. 평가됨. 예상 9시 44분경."
적 위협 경고 보고,2025년 11월 7일 9시 13분,52S DG 273 976 작전지역 내에서 미상 여단 전력이 동 방면으로 49km/h 수준으로 이동 중인 정황이 추정됨. 예상 접근 11시 16분경.
적 위협 경고 보고,2025년 11월 7일 10시 3분,"52S DG 294 985 인접 좌표 부근에서 지휘통제 및 수신 기갑대대 움직임 식별, 북 방향 33km/h로 전개, 도달 예상 12시 51분경. 판단됨."
적 위협 경고 보고,2025년 11월 7일 10시 26분,공병 연대 세력이 남서로 이동하며 기준 좌표 52S DG 277 953 작전지역 내 통과 중(약 77km/h). 예상 접근 12시 40분경. 추정됨.
적 위협 경고 보고,2025년 11월 7일 10시 52분,수송 포대 병력이 52S DG 285 981 작전지역 내 기준 북서 방향 전개 중으로 파악됨(약 70km/h). 도달 예상 13시 0분경.
적 위협 경고 보고,2025년 11월 7일 11시 22분,"52S DG 279 957 작전지역 내 부근 지휘통제 및 수신 소대 병력 포착, 북동 방면으로 67km/h로 전진 중. 접근 시간 11시 52분경로 확인됨."
적 위협 경고 보고,2025년 11월 7일 11시 59분,"52S DG 280 982 작전지역 내 부근 기동 대대 병력 포착, 북 방면으로 14km/h로 전진 중. 접근 시간 13시 36분경로 유지 중임."
적 위협 경고 보고,2025년 11월 7일 13시 19분,"52S DG 278 976 작전지역 내 관측 결과, 적 미상 소대 규모 전력이 북동 쪽으로 이동 지속, 속도 76km/h 추정. 접근 예상 16시 2분경."
적 위협 경고 보고,2025년 11월 7일 13시 43분,52S DG 266 952 작전지역 내에서 미상 중대 전력이 북동 방면으로 37km/h 수준으로 이동 중인 정황이 현장 보고 완료됨. 예상 접근 15시 30분경.
적 위협 경고 보고,2025년 11월 7일 13시 48분,52S DG 269 976 좌표 부근에서 정보 여단 전력이 북동 방면으로 70km/h 수준으로 이동 중인 정황이 유지 중임. 예상 접근 16시 13분경.
적 위협 경고 보고,2025년 11월 7일 15시 26분,"현재 공병 여단 전력의 이동이 확인되며, 경로는 북동 방향, 속도 57km/h 추정. 기준 위치 52S DG 268 974 지역 일대. 유지 중임. 예상 17시 58분경."
적 위협 경고 보고,2025년 11월 7일 16시 21분,수송 군단 병력이 52S DG 278 965 좌표 부근 기준 동 방향 전개 중으로 파악됨(약 13km/h). 도달 예상 17시 7분경.
적 위협 경고 보고,2025년 11월 7일 18시 3분,"미상 군단 규모의 이동 정황이 52S DG 264 980 관측 구역에서 확인되어, 북서 쪽으로 65km/h 이동. 도달 20시 59분경 예상."
적 위협 경고 보고,2025년 11월 7일 19시 27분,52S DG 286 977 관측 구역에서 정보 중대 전력이 북서 방면으로 58km/h 수준으로 이동 중인 정황이 기록됨. 예상 접근 20시 28분경.
적 위협 경고 보고,2025년 11월 7일 21시 55분,"미상 중대 규모의 이동 정황이 52S DG 286 971 좌표 부근에서 확인되어, 북서 쪽으로 15km/h 이동. 도달 23시 30분경 예상."
적 위협 경고 보고,2025년 11월 8일 1시 13분,52S DG 284 963 좌표 부근에서 정보 대대 전력이 북동 방면으로 14km/h 수준으로 이동 중인 정황이 식별됨. 예상 접근 4시 8분경.
적 위협 경고 보고,2025년 11월 8일 2시 10분,수송 중대 세력이 북로 이동하며 기준 좌표 52S DG 286 955 작전지역 내 통과 중(약 67km/h). 예상 접근 4시 0분경. 현장 보고 완료됨.
적 위협 경고 보고,2025년 11월 8일 2시 51분,"52S DG 273 970 인접 작전지역 내에서 공병 포대 움직임 식별, 북서 방향 36km/h로 전개, 도달 예상 4시 57분경. 식별됨."
적 위협 경고 보고,2025년 11월 8일 4시 51분,수송 반 세력이 북로 이동하며 기준 좌표 52S DG 271 945 좌표 부근 통과 중(약 71km/h). 예상 접근 6시 11분경. 보고됨.
적 위협 경고 보고,2025년 11월 8일 6시 40분,"52S DG 287 969 인접 관측 구역에서 기동 대대 움직임 식별, 동 방향 48km/h로 전개, 도달 예상 7시 59분경. 식별됨."
적 위협 경고 보고,2025년 11월 8일 6시 58분,"정보 미지정 규모의 이동 정황이 52S DG 271 958 작전지역 내에서 확인되어, 남 쪽으로 72km/h 이동. 도달 9시 26분경 예상."
적 위협 경고 보고,2025년 11월 8일 7시 55분,"52S DG 293 972 인접 지역 일대에서 핵/화학 기병중대 움직임 식별, 남동 방향 43km/h로 전개, 도달 예상 10시 18분경. 추정됨."
적 위협 경고 보고,2025년 11월 8일 8시 12분,"52S DG 288 967 좌표 부근 관측 결과, 적 정보 군단 규모 전력이 북서 쪽으로 이동 지속, 속도 39km/h 추정. 접근 예상 9시 17분경."
적 위협 경고 보고,2025년 11월 8일 8시 14분,"현재 미상 사단 전력의 이동이 확인되며, 경로는 남서 방향, 속도 44km/h 추정. 기준 위치 52S DG 278 959 지역 일대. 추정됨. 예상 9시 54분경."
적 위협 경고 보고,2025년 11월 8일 9시 22분,핵/화학 기병중대 세력이 북서로 이동하며 기준 좌표 52S DG 275 965 좌표 부근 통과 중(약 18km/h). 예상 접근 12시 11분경. 현장 보고 완료됨.
적 위협 경고 보고,2025년 11월 8일 11시 24분,"52S DG 287 960 관측 구역 부근 기동 여단 병력 포착, 북 방면으로 42km/h로 전진 중. 접근 시간 14시 21분경로 확인됨."
적 위협 경고 보고,2025년 11월 8일 12시 48분,미상 미지정 세력이 남로 이동하며 기준 좌표 52S DG 284 972 작전지역 내 통과 중(약 61km/h). 예상 접근 14시 19분경. 보고됨.
적 위협 경고 보고,2025년 11월 8일 13시 41분,"지휘통제 및 수신 반 규모의 이동 정황이 52S DG 290 978 좌표 부근에서 확인되어, 남서 쪽으로 25km/h 이동. 도달 15시 24분경 예상."
적 위협 경고 보고,2025년 11월 8일 16시 24분,52S DG 280 955 작전지역 내에서 미상 연대 전력이 남서 방면으로 52km/h 수준으로 이동 중인 정황이 식별됨. 예상 접근 17시 7분경.
적 위협 경고 보고,2025년 11월 8일 16시 51분,"52S DG 271 956 인접 지역 일대에서 수송 대대 움직임 식별, 북서 방향 7km/h로 전개, 도달 예상 17시 36분경. 현장 보고 완료됨."
적 위협 경고 보고,2025년 11월 8일 17시 1분,"52S DG 293 948 좌표 부근 관측 결과, 적 공병 연대 규모 전력이 남서 쪽으로 이동 지속, 속도 46km/h 추정. 접근 예상 19시 40분경."
적 위협 경고 보고,2025년 11월 8일 19시 15분,"52S DG 288 973 지역 일대 부근 미상 미지정 병력 포착, 동 방면으로 50km/h로 전진 중. 접근 시간 20시 25분경로 유지 중임."
적 위협 경고 보고,2025년 11월 8일 19시 27분,52S DG 266 985 관측 구역에서 방공 반 전력이 남 방면으로 24km/h 수준으로 이동 중인 정황이 확인됨. 예상 접근 20시 1분경.
적 위협 경고 보고,2025년 11월 8일 19시 52분,"현재 수송 미지정 전력의 이동이 확인되며, 경로는 북 방향, 속도 64km/h 추정. 기준 위치 52S DG 266 960 작전지역 내. 평가됨. 예상 21시 33분경."
적 위협 경고 보고,2025년 11월 8일 20시 44분,"52S DG 267 978 관측 구역 부근 기동 반 병력 포착, 북동 방면으로 65km/h로 전진 중. 접근 시간 21시 40분경로 현장 보고 완료됨."
적 위협 경고 보고,2025년 11월 8일 20시 48분,52S DG 271 986 작전지역 내에서 기동 미지정 전력이 남동 방면으로 45km/h 수준으로 이동 중인 정황이 판단됨. 예상 접근 21시 23분경.
적 위협 경고 보고,2025년 11월 8일 21시 47분,수송 미지정 세력이 북로 이동하며 기준 좌표 52S DG 291 978 좌표 부근 통과 중(약 12km/h). 예상 접근 22시 21분경. 유지 중임.
적 위협 경고 보고,2025년 11월 8일 22시 56분,52S DG 264 954 작전지역 내에서 수송 연대 전력이 남 방면으로 65km/h 수준으로 이동 중인 정황이 보고됨. 예상 접근 23시 53분경.
적 위협 경고 보고,2025년 11월 9일 0시 33분,"52S DG 268 967 지역 일대 관측 결과, 적 정보 반 규모 전력이 북 쪽으로 이동 지속, 속도 69km/h 추정. 접근 예상 1시 15분경."
준비태세 보고,2025년 10월 30일 6시 59분,"지휘부 지시에 의거 전방지역 DEFCON1 전환, 현 시점 상태 양호로 보고됨."
준비태세 보고,2025년 10월 30일 7시 37분,카크트피스톨(훈련) 단계 지속 후 전방지역 내 전력 배치 점검 완료 관찰됨.
준비태세 보고,2025년 10월 30일 15시 53분,"지휘부 지시에 의거 전 구역 DEFCON1 하달, 현 시점 상태 양호로 현장 보고 완료됨."
준비태세 보고,2025년 10월 30일 16시 58분,더블테이크(훈련) 단계 하달 후 전 구역 내 전력 배치 점검 완료 관찰됨.
준비태세 보고,2025년 10월 30일 18시 28분,"DEFCON3 지속 사실 접수, 지휘통제본부 전력 대기 태세 현장 보고 완료됨."
준비태세 보고,2025년 10월 30일 20시 7분,"현재 전방지역에 DEFCON1 상태 유지, 관련 부대는 절차 이행 중 평가됨."
준비태세 보고,2025년 10월 31일 3시 30분,"DEFCON1 전환 사실 접수, 전 구역 전력 대기 태세 확인됨."
준비태세 보고,2025년 10월 31일 4시 24분,"지휘부 지시에 의거 전 구역 DEFCON1 격상, 현 시점 상태 양호로 보고됨."
준비태세 보고,2025년 10월 31일 8시 21분,DEFCON2이(가) 관할 지역에 발령되어 대비태세 강화 상태 보고됨.
준비태세 보고,2025년 10월 31일 9시 2분,"지휘부 지시에 의거 작전사령부 DEFCON4 발령, 현 시점 상태 양호로 보고됨."
준비태세 보고,2025년 10월 31일 12시 9분,"전 구역 전반에 화스트페이스(훈련) 발령, 경계 강화 조치 시행 관찰됨."
준비태세 보고,2025년 10월 31일 12시 10분,"현재 전방지역에 라운드하우스(훈련) 상태 유지, 관련 부대는 절차 이행 중 기록됨."
준비태세 보고,2025년 10월 31일 12시 11분,"전 구역에서 DEFCON4 발현, 후속 지침 하달 완료 식별됨."
준비태세 보고,2025년 10월 31일 13시 18분,"현재 관할 지역에 DEFCON2 상태 유지, 관련 부대는 절차 이행 중 식별됨."
준비태세 보고,2025년 10월 31일 14시 53분,DEFCON2 단계 지속 후 전 구역 내 전력 배치 점검 완료 현장 보고 완료됨.
준비태세 보고,2025년 10월 31일 18시 50분,DEFCON1이(가) 전 구역에 발령되어 대비태세 강화 상태 관찰됨.
준비태세 보고,2025년 10월 31일 19시 6분,DEFCON2이(가) 전 구역에 발령되어 대비태세 강화 상태 확인됨.
준비태세 보고,2025년 10월 31일 22시 31분,"지휘부 지시에 의거 전 구역 DEFCON4 지속, 현 시점 상태 양호로 판단됨."
준비태세 보고,2025년 10월 31일 22시 58분,"지휘부 지시에 의거 관할 지역 DEFCON4 발령, 현 시점 상태 양호로 평가됨."
준비태세 보고,2025년 11월 1일 0시 16분,"전 구역 기준 더블테이크(훈련) 단계 적용, 지휘통제 체계 정상 가동 중으로 보고됨."
준비태세 보고,2025년 11월 1일 3시 28분,더블테이크(훈련) 단계 지속 후 전 구역 내 전력 배치 점검 완료 식별됨.
준비태세 보고,2025년 11월 1일 5시 50분,"지휘부 지시에 의거 지휘통제본부 DEFCON3 격상, 현 시점 상태 양호로 기록됨."
준비태세 보고,2025년 11월 1일 5시 59분,"DEFCON3 지속 사실 접수, 전 구역 전력 대기 태세 식별됨."
준비태세 보고,2025년 11월 1일 7시 0분,카크트피스톨(훈련) 단계 하달 후 작전사령부 내 전력 배치 점검 완료 추정됨.
준비태세 보고,2025년 11월 1일 8시 10분,"지휘통제본부 기준 DEFCON4 단계 적용, 지휘통제 체계 정상 가동 중으로 판단됨."
준비태세 보고,2025년 11월 1일 9시 53분,"현재 작전사령부에 DEFCON2 상태 유지, 관련 부대는 절차 이행 중 기록됨."
준비태세 보고,2025년 11월 1일 10시 50분,"관할 지역에서 DEFCON1 발현, 후속 지침 하달 완료 평가됨."
준비태세 보고,2025년 11월 1일 17시 11분,DEFCON2이(가) 전방지역에 지속되어 대비태세 강화 상태 기록됨.
준비태세 보고,2025년 11월 1일 23시 0분,"전 구역에서 카크트피스톨(훈련) 발현, 후속 지침 하달 완료 추정됨."
준비태세 보고,2025년 11월 2일 8시 17분,"전 구역 기준 카크트피스톨(훈련) 단계 적용, 지휘통제 체계 정상 가동 중으로 평가됨."
준비태세 보고,2025년 11월 2일 9시 24분,"작전사령부에 DEFCON2 단계 하달, 부대는 즉시 대응 절차로 전환하여 조치 중 확인됨."
준비태세 보고,2025년 11월 2일 16시 5분,"현재 전 구역에 DEFCON1 상태 유지, 관련 부대는 절차 이행 중 보고됨."
준비태세 보고,2025년 11월 2일 16시 14분,"관할 지역 기준 DEFCON2 단계 적용, 지휘통제 체계 정상 가동 중으로 관찰됨."
준비태세 보고,2025년 11월 3일 0시 3분,"관할 지역에서 라운드하우스(훈련) 발현, 후속 지침 하달 완료 판단됨."
준비태세 보고,2025년 11월 3일 4시 43분,"작전사령부에서 라운드하우스(훈련) 발현, 후속 지침 하달 완료 평가됨."
준비태세 보고,2025년 11월 3일 8시 3분,"현재 지휘통제본부에 DEFCON4 상태 유지, 관련 부대는 절차 이행 중 식별됨."
준비태세 보고,2025년 11월 3일 11시 26분,"전방지역에서 DEFCON3 발현, 후속 지침 하달 완료 현장 보고 완료됨."
준비태세 보고,2025년 11월 3일 12시 59분,"관할 지역 기준 DEFCON3 단계 적용, 지휘통제 체계 정상 가동 중으로 관찰됨."
준비태세 보고,2025년 11월 3일 17시 4분,"지휘부 지시에 의거 전방지역 라운드하우스(훈련) 지속, 현 시점 상태 양호로 평가됨."
준비태세 보고,2025년 11월 3일 17시 57분,"작전사령부에 DEFCON1 단계 발령, 부대는 즉시 대응 절차로 전환하여 조치 중 관찰됨."
준비태세 보고,2025년 11월 3일 18시 0분,카크트피스톨(훈련) 단계 발령 후 작전사령부 내 전력 배치 점검 완료 평가됨.
준비태세 보고,2025년 11월 3일 19시 43분,"전방지역 기준 카크트피스톨(훈련) 단계 적용, 지휘통제 체계 정상 가동 중으로 기록됨."
준비태세 보고,2025년 11월 3일 19시 48분,DEFCON3 단계 하달 후 작전사령부 내 전력 배치 점검 완료 평가됨.
준비태세 보고,2025년 11월 3일 20시 16분,"더블테이크(훈련) 하달 사실 접수, 전방지역 전력 대기 태세 현장 보고 완료됨."
준비태세 보고,2025년 11월 3일 23시 48분,"작전사령부 전반에 DEFCON4 발령, 경계 강화 조치 시행 보고됨."
준비태세 보고,2025년 11월 4일 0시 20분,"전 구역에서 카크트피스톨(훈련) 발현, 후속 지침 하달 완료 판단됨."
준비태세 보고,2025년 11월 4일 4시 19분,DEFCON4이(가) 전방지역에 지속되어 대비태세 강화 상태 추정됨.
준비태세 보고,2025년 11월 4일 5시 5분,"지휘부 지시에 의거 전 구역 DEFCON1 하달, 현 시점 상태 양호로 관찰됨."
준비태세 보고,2025년 11월 4일 9시 59분,DEFCON2 단계 적용에 따라 지휘통제본부 대비태세 상향 기록됨.
준비태세 보고,2025년 11월 4일 10시 19분,DEFCON2이(가) 지휘통제본부에 전환되어 대비태세 강화 상태 추정됨.
준비태세 보고,2025년 11월 4일 11시 16분,DEFCON3 단계 적용에 따라 관할 지역 대비태세 상향 추정됨.
준비태세 보고,2025년 11월 4일 12시 13분,"관할 지역에서 카크트피스톨(훈련) 발현, 후속 지침 하달 완료 평가됨."
준비태세 보고,2025년 11월 4일 13시 9분,"화스트페이스(훈련) 하달 사실 접수, 지휘통제본부 전력 대기 태세 평가됨."
준비태세 보고,2025년 11월 4일 14시 21분,"전방지역에서 더블테이크(훈련) 발현, 후속 지침 하달 완료 확인됨."
준비태세 보고,2025년 11월 4일 20시 10분,"현재 지휘통제본부에 DEFCON4 상태 유지, 관련 부대는 절차 이행 중 관찰됨."
준비태세 보고,2025년 11월 4일 20시 12분,"전방지역 전반에 DEFCON3 발령, 경계 강화 조치 시행 판단됨."
준비태세 보고,2025년 11월 5일 0시 47분,라운드하우스(훈련) 단계 발령 후 관할 지역 내 전력 배치 점검 완료 유지 중임.
준비태세 보고,2025년 11월 5일 2시 54분,"지휘부 지시에 의거 전방지역 더블테이크(훈련) 전환, 현 시점 상태 양호로 평가됨."
준비태세 보고,2025년 11월 5일 3시 33분,"지휘부 지시에 의거 지휘통제본부 라운드하우스(훈련) 격상, 현 시점 상태 양호로 보고됨."
준비태세 보고,2025년 11월 5일 4시 26분,"현재 작전사령부에 더블테이크(훈련) 상태 유지, 관련 부대는 절차 이행 중 관찰됨."
준비태세 보고,2025년 11월 5일 4시 50분,"라운드하우스(훈련) 하달 사실 접수, 관할 지역 전력 대기 태세 평가됨."
준비태세 보고,2025년 11월 5일 7시 14분,"지휘통제본부에 DEFCON4 단계 격상, 부대는 즉시 대응 절차로 전환하여 조치 중 평가됨."
준비태세 보고,2025년 11월 5일 12시 8분,"카크트피스톨(훈련) 전환 사실 접수, 전 구역 전력 대기 태세 판단됨."
준비태세 보고,2025년 11월 5일 12시 15분,"현재 관할 지역에 DEFCON1 상태 유지, 관련 부대는 절차 이행 중 유지 중임."
준비태세 보고,2025년 11월 5일 13시 4분,DEFCON1 단계 격상 후 작전사령부 내 전력 배치 점검 완료 보고됨.
준비태세 보고,2025년 11월 5일 15시 15분,"지휘부 지시에 의거 관할 지역 더블테이크(훈련) 격상, 현 시점 상태 양호로 평가됨."
준비태세 보고,2025년 11월 5일 16시 22분,"지휘부 지시에 의거 작전사령부 라운드하우스(훈련) 격상, 현 시점 상태 양호로 추정됨."
준비태세 보고,2025년 11월 5일 18시 43분,"전 구역 기준 화스트페이스(훈련) 단계 적용, 지휘통제 체계 정상 가동 중으로 평가됨."
준비태세 보고,2025년 11월 6일 0시 35분,"카크트피스톨(훈련) 발령 사실 접수, 전 구역 전력 대기 태세 보고됨."
준비태세 보고,2025년 11월 6일 2시 2분,화스트페이스(훈련) 단계 하달 후 전 구역 내 전력 배치 점검 완료 관찰됨.
준비태세 보고,2025년 11월 6일 3시 33분,"현재 작전사령부에 DEFCON1 상태 유지, 관련 부대는 절차 이행 중 추정됨."
준비태세 보고,2025년 11월 6일 5시 43분,DEFCON4 단계 전환 후 전 구역 내 전력 배치 점검 완료 식별됨.
준비태세 보고,2025년 11월 6일 10시 31분,DEFCON3 단계 적용에 따라 전 구역 대비태세 상향 기록됨.
준비태세 보고,2025년 11월 6일 10시 55분,DEFCON2이(가) 관할 지역에 격상되어 대비태세 강화 상태 관찰됨.
준비태세 보고,2025년 11월 6일 13시 19분,"관할 지역에서 카크트피스톨(훈련) 발현, 후속 지침 하달 완료 보고됨."
준비태세 보고,2025년 11월 6일 15시 29분,DEFCON3 단계 적용에 따라 전 구역 대비태세 상향 평가됨.
준비태세 보고,2025년 11월 6일 16시 6분,"현재 전 구역에 DEFCON3 상태 유지, 관련 부대는 절차 이행 중 현장 보고 완료됨."
준비태세 보고,2025년 11월 6일 20시 18분,"현재 작전사령부에 더블테이크(훈련) 상태 유지, 관련 부대는 절차 이행 중 현장 보고 완료됨."
준비태세 보고,2025년 11월 7일 4시 37분,"현재 전 구역에 DEFCON2 상태 유지, 관련 부대는 절차 이행 중 유지 중임."
준비태세 보고,2025년 11월 7일 4시 43분,"관할 지역 기준 DEFCON1 단계 적용, 지휘통제 체계 정상 가동 중으로 확인됨."
준비태세 보고,2025년 11월 7일 5시 40분,"지휘통제본부 기준 라운드하우스(훈련) 단계 적용, 지휘통제 체계 정상 가동 중으로 추정됨."
준비태세 보고,2025년 11월 7일 5시 54분,"현재 작전사령부에 카크트피스톨(훈련) 상태 유지, 관련 부대는 절차 이행 중 평가됨."
준비태세 보고,2025년 11월 7일 11시 52분,화스트페이스(훈련) 단계 적용에 따라 전 구역 대비태세 상향 확인됨.
준비태세 보고,2025년 11월 7일 12시 7분,"지휘통제본부 전반에 화스트페이스(훈련) 발령, 경계 강화 조치 시행 판단됨."
준비태세 보고,2025년 11월 7일 16시 54분,"현재 지휘통제본부에 카크트피스톨(훈련) 상태 유지, 관련 부대는 절차 이행 중 식별됨."
준비태세 보고,2025년 11월 7일 17시 20분,DEFCON4이(가) 전방지역에 전환되어 대비태세 강화 상태 판단됨.
준비태세 보고,2025년 11월 7일 18시 17분,카크트피스톨(훈련) 단계 지속 후 관할 지역 내 전력 배치 점검 완료 확인됨.
준비태세 보고,2025년 11월 7일 18시 33분,"현재 전 구역에 카크트피스톨(훈련) 상태 유지, 관련 부대는 절차 이행 중 현장 보고 완료됨."
준비태세 보고,2025년 11월 8일 3시 27분,라운드하우스(훈련) 단계 하달 후 작전사령부 내 전력 배치 점검 완료 기록됨.
준비태세 보고,2025년 11월 8일 3시 49분,"화스트페이스(훈련) 전환 사실 접수, 작전사령부 전력 대기 태세 현장 보고 완료됨."
준비태세 보고,2025년 11월 8일 4시 56분,"관할 지역 기준 라운드하우스(훈련) 단계 적용, 지휘통제 체계 정상 가동 중으로 판단됨."
준비태세 보고,2025년 11월 8일 8시 43분,"작전사령부 기준 DEFCON1 단계 적용, 지휘통제 체계 정상 가동 중으로 식별됨."
준비태세 보고,2025년 11월 8일 8시 46분,"지휘부 지시에 의거 작전사령부 DEFCON2 발령, 현 시점 상태 양호로 확인됨."
준비태세 보고,2025년 11월 8일 11시 13분,"작전사령부에서 카크트피스톨(훈련) 발현, 후속 지침 하달 완료 기록됨."
준비태세 보고,2025년 11월 8일 13시 52분,DEFCON3이(가) 전방지역에 격상되어 대비태세 강화 상태 판단됨.
준비태세 보고,2025년 11월 8일 17시 38분,"지휘통제본부 전반에 DEFCON2 발령, 경계 강화 조치 시행 보고됨."
준비태세 보고,2025년 11월 8일 18시 34분,더블테이크(훈련) 단계 전환 후 작전사령부 내 전력 배치 점검 완료 관찰됨.
준비태세 보고,2025년 11월 8일 22시 51분,"DEFCON2 발령 사실 접수, 지휘통제본부 전력 대기 태세 보고됨."
준비태세 보고,2025년 11월 9일 1시 26분,"작전사령부 전반에 화스트페이스(훈련) 발령, 경계 강화 조치 시행 기록됨."
준비태세 보고,2025년 11월 9일 2시 47분,"카크트피스톨(훈련) 하달 사실 접수, 지휘통제본부 전력 대기 태세 확인됨."
첩보 보고,2025년 10월 28일 6시 18분,정비중 중인 적 방공 연대이(가) 52S DG 267 948 지역 일대에서에 배치된 것으로 보고됨.
첩보 보고,2025년 10월 28일 6시 31분,52S DG 273 974 관측지점 부근에 방어중 중인 적군 공병 반이(가) 존재하는 것으로 포착됨.
첩보 보고,2025년 10월 28일 6시 41분,52S DG 276 967 작전지역 내 상대편 미상 소대이(가) 축성중 상태로 평가됨.
첩보 보고,2025년 10월 28일 8시 16분,52S DG 268 978 지역 일대에서 적군 수송 반이(가) 정비중 상태로 판단됨.
첩보 보고,2025년 10월 28일 8시 19분,52S DG 280 965 지역 일대에서 적군 공병 기갑대대이(가) 집결중 상태로 관찰됨.
첩보 보고,2025년 10월 28일 9시 28분,52S DG 282 981 지역 일대에서 상대편 수송 기갑대대이(가) 퇴각중 상태로 관찰됨.
첩보 보고,2025년 10월 28일 9시 51분,적 수송 사단이(가) 축성중 중이며 52S DG 292 960 인근 구역에서로 이동 중인 정황 판단됨.
첩보 보고,2025년 10월 28일 10시 54분,52S DG 267 947 좌표 기준에 축성중 중인 적군 방공 기갑대대이(가) 존재하는 것으로 포착됨.
첩보 보고,2025년 10월 28일 13시 33분,적 세력 미상 군단이(가) 도하중 중이며 52S DG 274 944 인근 구역에서로 이동 중인 정황 판단됨.
첩보 보고,2025년 10월 28일 14시 4분,52S DG 270 981 관측지점 부근 적 세력 수송 여단이(가) 퇴각중 상태로 포착됨.
첩보 보고,2025년 10월 28일 14시 53분,공격중 중인 적 지휘통제 및 수신 대대이(가) 52S DG 264 972 작전지역 내에 배치된 것으로 판단됨.
첩보 보고,2025년 10월 28일 15시 25분,52S DG 281 963 관측지점 부근 적군 기동 사단이(가) 교전중 상태로 평가됨.
첩보 보고,2025년 10월 28일 15시 49분,52S DG 268 959 좌표 부근에서에 공격중 중인 적 세력 지휘통제 및 수신 소대이(가) 존재하는 것으로 포착됨.
첩보 보고,2025년 10월 28일 16시 6분,적군 방공 대대이(가) 수색중 중이며 52S DG 292 983 좌표 기준로 이동 중인 정황 추정됨.
첩보 보고,2025년 10월 28일 17시 17분,"52S DG 283 955 관측지점 부근에서 식별된 적 세력 공병 반, 현재 정비중 중으로 포착됨."
첩보 보고,2025년 10월 28일 18시 25분,적 세력 핵/화학 대대 규모가 52S DG 291 968 작전지역 내에서 확보중 중이며 포착됨.
첩보 보고,2025년 10월 28일 20시 32분,52S DG 265 981 작전지역 내에 도하중 중인 상대편 정보 군단이(가) 존재하는 것으로 판단됨.
첩보 보고,2025년 10월 28일 22시 32분,"52S DG 283 951 관측지점 부근에서 식별된 적 핵/화학 군단, 현재 확보중 중으로 판단됨."
첩보 보고,2025년 10월 28일 22시 44분,적 세력 방공 기갑대대 규모가 52S DG 287 978 좌표 기준에서 집결중 중이며 보고됨.
첩보 보고,2025년 10월 29일 0시 22분,상대편 수송 연대이(가) 정찰중 중이며 52S DG 292 961 좌표 부근에서로 이동 중인 정황 추정됨.
첩보 보고,2025년 10월 29일 1시 41분,적군 수송 군단 규모가 52S DG 274 954 좌표 부근에서에서 정찰중 중이며 추정됨.
첩보 보고,2025년 10월 29일 4시 16분,이동중 중인 적 세력 수송 사단이(가) 52S DG 268 976 좌표 부근에서에 배치된 것으로 보고됨.
첩보 보고,2025년 10월 29일 6시 47분,"52S DG 265 975 지역 일대에서에서 식별된 상대편 공병 소대, 현재 수색중 중으로 관찰됨."
첩보 보고,2025년 10월 29일 7시 29분,교전중 중인 적군 공병 군단이(가) 52S DG 291 982 좌표 부근에서에 배치된 것으로 분석 중임.
첩보 보고,2025년 10월 29일 8시 27분,축성중 중인 적 지휘통제 및 수신 포대이(가) 52S DG 280 958 좌표 부근에서에 배치된 것으로 확인됨.
첩보 보고,2025년 10월 29일 10시 2분,52S DG 290 953 작전지역 내에 이동중 중인 적군 기동 대대이(가) 존재하는 것으로 추정됨.
첩보 보고,2025년 10월 29일 13시 18분,52S DG 278 969 좌표 기준에 확보중 중인 적군 공병 여단이(가) 존재하는 것으로 포착됨.
첩보 보고,2025년 10월 29일 13시 27분,상대편 핵/화학 반 규모가 52S DG 269 963 인근 구역에서에서 집결중 중이며 보고됨.
첩보 보고,2025년 10월 29일 15시 17분,적 세력 방공 기병중대이(가) 축성중 중이며 52S DG 294 973 지역 일대에서로 이동 중인 정황 관찰됨.
첩보 보고,2025년 10월 29일 15시 38분,적군 정보 포대 규모가 52S DG 281 962 관측지점 부근에서 집결중 중이며 보고됨.
첩보 보고,2025년 10월 29일 16시 27분,이동중 중인 적 핵/화학 중대이(가) 52S DG 279 955 좌표 부근에서에 배치된 것으로 분석 중임.
첩보 보고,2025년 10월 29일 17시 16분,상대편 기동 포대이(가) 퇴각중 중이며 52S DG 286 967 관측지점 부근로 이동 중인 정황 분석 중임.
첩보 보고,2025년 10월 29일 17시 36분,적 세력 정보 기병중대 규모가 52S DG 283 957 좌표 기준에서 방어중 중이며 분석 중임.
첩보 보고,2025년 10월 29일 17시 43분,적 기동 대대 규모가 52S DG 270 981 작전지역 내에서 퇴각중 중이며 관찰됨.
첩보 보고,2025년 10월 29일 19시 17분,52S DG 294 986 좌표 기준 적군 미상 비행연대이(가) 정찰중 상태로 평가됨.
첩보 보고,2025년 10월 29일 19시 34분,적군 방공 반 규모가 52S DG 285 973 관측지점 부근에서 교전중 중이며 평가됨.
첩보 보고,2025년 10월 29일 21시 49분,52S DG 286 962 관측지점 부근에 축성중 중인 적 방공 비행연대이(가) 존재하는 것으로 평가됨.
첩보 보고,2025년 10월 29일 22시 11분,"52S DG 271 965 좌표 기준에서 포착된 적군 기동 기갑대대, 현재 교전중 중으로 분석 중임."
첩보 보고,2025년 10월 29일 22시 48분,52S DG 279 964 좌표 기준 적 핵/화학 비행연대이(가) 확보중 상태로 추정됨.
첩보 보고,2025년 10월 29일 22시 53분,52S DG 282 965 좌표 부근에서 적 세력 미상 기갑대대이(가) 정비중 상태로 추정됨.
첩보 보고,2025년 10월 29일 23시 4분,52S DG 273 976 인근 구역에서에 퇴각중 중인 적군 공병 포대이(가) 존재하는 것으로 확인됨.
첩보 보고,2025년 10월 30일 0시 24분,적 세력 공병 중대이(가) 수색중 중이며 52S DG 279 947 좌표 부근에서로 이동 중인 정황 확인됨.
첩보 보고,2025년 10월 30일 0시 33분,정비중 중인 적 세력 수송 소대이(가) 52S DG 279 947 인근 구역에서에 배치된 것으로 판단됨.
첩보 보고,2025년 10월 30일 0시 35분,적군 공병 소대이(가) 정찰중 중이며 52S DG 274 979 인근 구역에서로 이동 중인 정황 추정됨.
첩보 보고,2025년 10월 30일 0시 50분,52S DG 270 957 좌표 기준 적 미상 반이(가) 교전중 상태로 보고됨.
첩보 보고,2025년 10월 30일 1시 24분,52S DG 278 977 지역 일대에서 적 세력 공병 비행연대이(가) 교전중 상태로 식별됨.
첩보 보고,2025년 10월 30일 5시 34분,적 세력 핵/화학 여단이(가) 축성중 중이며 52S DG 275 981 인근 구역에서로 이동 중인 정황 추정됨.
첩보 보고,2025년 10월 30일 9시 14분,52S DG 280 966 관측지점 부근 적군 지휘통제 및 수신 대대이(가) 정비중 상태로 판단됨.
첩보 보고,2025년 10월 30일 10시 37분,"52S DG 287 953 좌표 기준에서 식별된 적 세력 정보 소대, 현재 퇴각중 중으로 평가됨."
첩보 보고,2025년 10월 30일 10시 58분,우회중 중인 적군 핵/화학 대대이(가) 52S DG 278 969 지역 일대에서에 배치된 것으로 추정됨.
첩보 보고,2025년 10월 30일 11시 12분,적 정보 비행연대이(가) 52S DG 294 972 좌표 기준을(를) 따라 남서 방면으로 약 38km/h로 전개 중 추정됨.
첩보 보고,2025년 10월 30일 11시 58분,우회중 중인 적군 지휘통제 및 수신 군단이(가) 52S DG 264 968 좌표 기준에 배치된 것으로 보고됨.
첩보 보고,2025년 10월 30일 13시 40분,집결중 중인 적 세력 미상 소대이(가) 52S DG 287 958 인근 구역에서에 배치된 것으로 관찰됨.
첩보 보고,2025년 10월 30일 14시 19분,상대편 지휘통제 및 수신 기병중대 규모가 52S DG 286 984 관측지점 부근에서 정비중 중이며 포착됨.
첩보 보고,2025년 10월 30일 14시 30분,52S DG 287 983 지역 일대에서 적 정보 포대이(가) 수색중 상태로 추정됨.
첩보 보고,2025년 10월 30일 15시 36분,적 세력 핵/화학 대대 규모가 52S DG 281 971 좌표 부근에서에서 퇴각중 중이며 판단됨.
첩보 보고,2025년 10월 30일 18시 24분,적 기동 연대 규모가 52S DG 266 980 작전지역 내에서 도하중 중이며 관찰됨.
첩보 보고,2025년 10월 30일 18시 45분,52S DG 271 947 관측지점 부근 적 세력 핵/화학 기갑대대이(가) 정찰중 상태로 판단됨.
첩보 보고,2025년 10월 30일 19시 8분,적 세력 미상 군단이(가) 공격중 중이며 52S DG 265 971 좌표 기준로 이동 중인 정황 평가됨.
첩보 보고,2025년 10월 30일 19시 8분,적 핵/화학 대대 규모가 52S DG 277 954 좌표 부근에서에서 축성중 중이며 분석 중임.
첩보 보고,2025년 10월 30일 19시 13분,52S DG 264 982 인근 구역에서에 도하중 중인 적군 미상 연대이(가) 존재하는 것으로 확인됨.
첩보 보고,2025년 10월 30일 19시 33분,"52S DG 281 972 좌표 부근에서에서 포착된 적군 미상 사단, 현재 확보중 중으로 관찰됨."
첩보 보고,2025년 10월 30일 19시 42분,"이동중 중인 적군 수송 사단, 방향 남동, 속도 약 52km/h로 52S DG 290 986 좌표 기준 통과 중 판단됨."
첩보 보고,2025년 10월 30일 23시 13분,상대편 수송 반이(가) 교전중 중이며 52S DG 290 973 관측지점 부근로 이동 중인 정황 식별됨.
첩보 보고,2025년 10월 30일 23시 44분,상대편 방공 기병중대이(가) 공격중 중이며 52S DG 269 985 좌표 기준로 이동 중인 정황 포착됨.
첩보 보고,2025년 10월 31일 0시 48분,"52S DG 294 959 좌표 기준에서 확인된 적 세력 수송 여단, 현재 우회중 중으로 보고됨."
첩보 보고,2025년 10월 31일 1시 3분,상대편 핵/화학 기갑대대 규모가 52S DG 288 949 좌표 기준에서 이동중 중이며 추정됨.
첩보 보고,2025년 10월 31일 1시 48분,"52S DG 275 967 인근 구역에서에서 관측된 적 정보 대대, 현재 우회중 중으로 보고됨."
첩보 보고,2025년 10월 31일 1시 55분,52S DG 286 983 인근 구역에서 적 세력 기동 반이(가) 우회중 상태로 추정됨.
첩보 보고,2025년 10월 31일 3시 5분,52S DG 289 952 인근 구역에서 상대편 미상 소대이(가) 공격중 상태로 관찰됨.
첩보 보고,2025년 10월 31일 5시 3분,도하중 중인 적 지휘통제 및 수신 여단이(가) 52S DG 269 950 인근 구역에서에 배치된 것으로 판단됨.
첩보 보고,2025년 10월 31일 5시 53분,도하중 중인 적 수송 대대이(가) 52S DG 276 957 지역 일대에서에 배치된 것으로 평가됨.
첩보 보고,2025년 10월 31일 7시 57분,적 기동 비행연대이(가) 퇴각중 중이며 52S DG 288 956 지역 일대에서로 이동 중인 정황 분석 중임.
첩보 보고,2025년 10월 31일 9시 34분,적군 정보 비행연대이(가) 축성중 중이며 52S DG 289 945 작전지역 내로 이동 중인 정황 포착됨.
첩보 보고,2025년 10월 31일 9시 40분,52S DG 283 944 관측지점 부근에 도하중 중인 적 핵/화학 중대이(가) 존재하는 것으로 평가됨.
첩보 보고,2025년 10월 31일 9시 47분,적 세력 정보 사단 규모가 52S DG 277 962 지역 일대에서에서 집결중 중이며 보고됨.
첩보 보고,2025년 10월 31일 9시 59분,정찰중 중인 적군 정보 소대이(가) 52S DG 282 983 작전지역 내에 배치된 것으로 판단됨.
첩보 보고,2025년 10월 31일 10시 11분,공격중 중인 적 공병 연대이(가) 52S DG 269 975 좌표 부근에서에 배치된 것으로 추정됨.
첩보 보고,2025년 10월 31일 10시 15분,적군 미상 여단 규모가 52S DG 285 979 관측지점 부근에서 정비중 중이며 판단됨.
첩보 보고,2025년 10월 31일 11시 21분,52S DG 286 950 지역 일대에서 적군 핵/화학 반이(가) 북동 방향으로 약 29km/h 속도로 이동 중인 것으로 관찰됨.
첩보 보고,2025년 10월 31일 12시 36분,적 세력 방공 여단이(가) 집결중 중이며 52S DG 267 965 지역 일대에서로 이동 중인 정황 보고됨.
첩보 보고,2025년 10월 31일 13시 30분,정찰중 중인 상대편 수송 비행연대이(가) 52S DG 265 979 좌표 부근에서에 배치된 것으로 관찰됨.
첩보 보고,2025년 10월 31일 16시 45분,52S DG 292 984 인근 구역에서에 수색중 중인 적 세력 방공 연대이(가) 존재하는 것으로 식별됨.
첩보 보고,2025년 10월 31일 17시 48분,축성중 중인 적군 정보 여단이(가) 52S DG 290 965 관측지점 부근에 배치된 것으로 분석 중임.
첩보 보고,2025년 10월 31일 17시 48분,도하중 중인 적군 지휘통제 및 수신 군단이(가) 52S DG 265 981 좌표 부근에서에 배치된 것으로 관찰됨.
첩보 보고,2025년 10월 31일 19시 12분,적군 정보 여단이(가) 방어중 중이며 52S DG 290 964 관측지점 부근로 이동 중인 정황 추정됨.
첩보 보고,2025년 10월 31일 19시 39분,집결중 중인 상대편 정보 연대이(가) 52S DG 276 980 좌표 부근에서에 배치된 것으로 보고됨.
첩보 보고,2025년 10월 31일 19시 48분,적 기동 기갑대대이(가) 우회중 중이며 52S DG 281 973 좌표 부근에서로 이동 중인 정황 분석 중임.
첩보 보고,2025년 10월 31일 20시 43분,적 미상 비행연대이(가) 우회중 중이며 52S DG 273 971 인근 구역에서로 이동 중인 정황 식별됨.
첩보 보고,2025년 10월 31일 21시 12분,적 핵/화학 소대이(가) 공격중 중이며 52S DG 294 965 인근 구역에서로 이동 중인 정황 확인됨.
첩보 보고,2025년 10월 31일 22시 25분,적 기동 사단이(가) 방어중 중이며 52S DG 287 951 인근 구역에서로 이동 중인 정황 분석 중임.
첩보 보고,2025년 10월 31일 23시 50분,상대편 미상 반이(가) 정비중 중이며 52S DG 284 985 작전지역 내로 이동 중인 정황 포착됨.
첩보 보고,2025년 11월 1일 1시 14분,적 세력 기동 포대 규모가 52S DG 294 949 관측지점 부근에서 교전중 중이며 보고됨.
첩보 보고,2025년 11월 1일 3시 20분,52S DG 280 944 좌표 부근에서 적군 공병 반이(가) 도하중 상태로 포착됨.
첩보 보고,2025년 11월 1일 4시 33분,"52S DG 276 971 작전지역 내에서 포착된 적 세력 공병 중대, 현재 방어중 중으로 관찰됨."
첩보 보고,2025년 11월 1일 5시 16분,상대편 기동 사단 규모가 52S DG 277 981 관측지점 부근에서 퇴각중 중이며 보고됨.
첩보 보고,2025년 11월 1일 7시 43분,상대편 정보 기갑대대 규모가 52S DG 285 986 작전지역 내에서 수색중 중이며 확인됨.
첩보 보고,2025년 11월 1일 8시 8분,방어중 중인 적 정보 사단이(가) 52S DG 277 981 작전지역 내에 배치된 것으로 관찰됨.
첩보 보고,2025년 11월 1일 9시 6분,이동중 중인 적 기동 여단이(가) 52S DG 281 964 관측지점 부근에 배치된 것으로 분석 중임.
첩보 보고,2025년 11월 1일 9시 14분,52S DG 284 946 작전지역 내 적 미상 기갑대대이(가) 우회중 상태로 추정됨.
첩보 보고,2025년 11월 1일 10시 26분,적 세력 방공 대대이(가) 우회중 중이며 52S DG 265 957 좌표 기준로 이동 중인 정황 포착됨.
첩보 보고,2025년 11월 1일 12시 47분,상대편 정보 대대 규모가 52S DG 293 975 작전지역 내에서 축성중 중이며 보고됨.
첩보 보고,2025년 11월 1일 14시 21분,상대편 정보 사단 규모가 52S DG 280 966 지역 일대에서에서 우회중 중이며 관찰됨.
첩보 보고,2025년 11월 1일 15시 59분,"52S DG 275 974 관측지점 부근에서 확인된 적 세력 핵/화학 기갑대대, 현재 정비중 중으로 포착됨."
첩보 보고,2025년 11월 1일 16시 3분,"52S DG 283 965 좌표 기준에서 식별된 적 세력 방공 중대, 현재 교전중 중으로 식별됨."
첩보 보고,2025년 11월 1일 16시 3분,적군 미상 비행연대이(가) 우회중 중이며 52S DG 272 947 작전지역 내로 이동 중인 정황 확인됨.
첩보 보고,2025년 11월 1일 16시 46분,"52S DG 272 950 인근 구역에서에서 식별된 적 핵/화학 기병중대, 현재 정비중 중으로 분석 중임."
첩보 보고,2025년 11월 1일 17시 0분,적 세력 지휘통제 및 수신 소대이(가) 우회중 중이며 52S DG 280 974 지역 일대에서로 이동 중인 정황 보고됨.
첩보 보고,2025년 11월 1일 17시 51분,적군 정보 소대 규모가 52S DG 272 966 인근 구역에서에서 공격중 중이며 확인됨.
첩보 보고,2025년 11월 1일 18시 59분,52S DG 290 973 관측지점 부근 적군 핵/화학 여단이(가) 퇴각중 상태로 확인됨.
첩보 보고,2025년 11월 1일 19시 53분,적 방공 비행연대이(가) 도하중 중이며 52S DG 271 985 지역 일대에서로 이동 중인 정황 분석 중임.
첩보 보고,2025년 11월 1일 22시 33분,적 세력 지휘통제 및 수신 소대이(가) 우회중 중이며 52S DG 288 973 관측지점 부근로 이동 중인 정황 식별됨.
첩보 보고,2025년 11월 1일 23시 53분,52S DG 289 951 좌표 기준 적 세력 공병 여단이(가) 공격중 상태로 분석 중임.
첩보 보고,2025년 11월 2일 2시 7분,적 방공 중대 규모가 52S DG 279 953 좌표 부근에서에서 우회중 중이며 추정됨.
첩보 보고,2025년 11월 2일 2시 25분,적 세력 공병 연대이(가) 정찰중 중이며 52S DG 282 976 작전지역 내로 이동 중인 정황 분석 중임.
첩보 보고,2025년 11월 2일 2시 40분,적군 방공 기갑대대 규모가 52S DG 275 986 관측지점 부근에서 공격중 중이며 보고됨.
첩보 보고,2025년 11월 2일 3시 41분,적군 공병 사단 규모가 52S DG 283 972 좌표 부근에서에서 퇴각중 중이며 관찰됨.
첩보 보고,2025년 11월 2일 5시 52분,"52S DG 278 981 인근 구역에서에서 확인된 적군 핵/화학 비행연대, 현재 이동중 중으로 보고됨."
첩보 보고,2025년 11월 2일 6시 1분,적 핵/화학 연대 규모가 52S DG 273 980 좌표 부근에서에서 퇴각중 중이며 확인됨.
첩보 보고,2025년 11월 2일 6시 7분,퇴각중 중인 적 세력 미상 반이(가) 52S DG 284 964 좌표 기준에 배치된 것으로 포착됨.
첩보 보고,2025년 11월 2일 6시 7분,"52S DG 292 968 관측지점 부근에서 포착된 상대편 공병 연대, 현재 수색중 중으로 식별됨."
첩보 보고,2025년 11월 2일 6시 13분,상대편 수송 군단 규모가 52S DG 294 961 좌표 기준에서 집결중 중이며 평가됨.
첩보 보고,2025년 11월 2일 6시 25분,"52S DG 274 986 인근 구역에서에서 발견된 상대편 공병 포대, 현재 공격중 중으로 확인됨."
첩보 보고,2025년 11월 2일 6시 33분,정비중 중인 상대편 지휘통제 및 수신 기갑대대이(가) 52S DG 288 950 작전지역 내에 배치된 것으로 평가됨.
첩보 보고,2025년 11월 2일 7시 17분,"52S DG 288 961 좌표 기준에서 관측된 적 세력 방공 기병중대, 현재 공격중 중으로 확인됨."
첩보 보고,2025년 11월 2일 7시 18분,적군 미상 반 규모가 52S DG 277 972 작전지역 내에서 방어중 중이며 확인됨.
첩보 보고,2025년 11월 2일 9시 25분,상대편 방공 비행연대 규모가 52S DG 290 981 인근 구역에서에서 이동중 중이며 확인됨.
첩보 보고,2025년 11월 2일 9시 33분,적군 미상 포대이(가) 52S DG 287 966 작전지역 내을(를) 따라 남서 방면으로 약 14km/h로 전개 중 추정됨.
첩보 보고,2025년 11월 2일 9시 35분,정비중 중인 적 수송 기병중대이(가) 52S DG 267 974 인근 구역에서에 배치된 것으로 평가됨.
첩보 보고,2025년 11월 2일 9시 43분,52S DG 272 953 좌표 기준 적 지휘통제 및 수신 대대이(가) 방어중 상태로 보고됨.
첩보 보고,2025년 11월 2일 11시 8분,52S DG 291 949 인근 구역에서에 퇴각중 중인 상대편 지휘통제 및 수신 대대이(가) 존재하는 것으로 포착됨.
첩보 보고,2025년 11월 2일 11시 15분,52S DG 285 965 좌표 기준에 수색중 중인 적 지휘통제 및 수신 중대이(가) 존재하는 것으로 관찰됨.
첩보 보고,2025년 11월 2일 11시 39분,적 핵/화학 포대이(가) 수색중 중이며 52S DG 266 963 좌표 기준로 이동 중인 정황 포착됨.
첩보 보고,2025년 11월 2일 13시 5분,"이동중 중인 적 수송 군단, 방향 북동, 속도 약 55km/h로 52S DG 270 951 좌표 기준 통과 중 포착됨."
첩보 보고,2025년 11월 2일 14시 15분,적 정보 포대이(가) 정비중 중이며 52S DG 282 976 작전지역 내로 이동 중인 정황 보고됨.
첩보 보고,2025년 11월 2일 14시 18분,상대편 정보 사단 규모가 52S DG 290 973 좌표 기준에서 공격중 중이며 추정됨.
첩보 보고,2025년 11월 2일 14시 18분,52S DG 282 982 좌표 기준 적군 지휘통제 및 수신 사단이(가) 확보중 상태로 식별됨.
첩보 보고,2025년 11월 2일 15시 0분,적 세력 기동 중대이(가) 공격중 중이며 52S DG 280 946 관측지점 부근로 이동 중인 정황 분석 중임.
첩보 보고,2025년 11월 2일 15시 11분,적군 정보 대대 규모가 52S DG 271 973 좌표 부근에서에서 교전중 중이며 식별됨.
첩보 보고,2025년 11월 2일 15시 50분,52S DG 284 952 관측지점 부근에 이동중 중인 적군 지휘통제 및 수신 연대이(가) 존재하는 것으로 판단됨.
첩보 보고,2025년 11월 2일 16시 58분,적군 수송 사단 규모가 52S DG 273 969 인근 구역에서에서 수색중 중이며 분석 중임.
첩보 보고,2025년 11월 2일 19시 31분,상대편 정보 기병중대 규모가 52S DG 270 949 좌표 부근에서에서 수색중 중이며 관찰됨.
첩보 보고,2025년 11월 2일 20시 26분,퇴각중 중인 적 세력 핵/화학 기병중대이(가) 52S DG 289 948 좌표 기준에 배치된 것으로 확인됨.
첩보 보고,2025년 11월 2일 21시 4분,52S DG 292 976 지역 일대에서에 방어중 중인 적 세력 수송 사단이(가) 존재하는 것으로 식별됨.
첩보 보고,2025년 11월 2일 21시 51분,52S DG 271 944 좌표 기준 적 세력 핵/화학 군단이(가) 퇴각중 상태로 확인됨.
첩보 보고,2025년 11월 3일 2시 11분,52S DG 279 960 지역 일대에서에 교전중 중인 적 정보 대대이(가) 존재하는 것으로 판단됨.
첩보 보고,2025년 11월 3일 3시 10분,52S DG 287 965 좌표 기준에 정비중 중인 적 세력 방공 중대이(가) 존재하는 것으로 평가됨.
첩보 보고,2025년 11월 3일 3시 28분,적 세력 핵/화학 연대 규모가 52S DG 264 974 좌표 부근에서에서 우회중 중이며 확인됨.
첩보 보고,2025년 11월 3일 3시 43분,52S DG 264 964 관측지점 부근에 공격중 중인 적 미상 비행연대이(가) 존재하는 것으로 분석 중임.
첩보 보고,2025년 11월 3일 4시 53분,52S DG 293 977 작전지역 내에 수색중 중인 적 방공 대대이(가) 존재하는 것으로 평가됨.
첩보 보고,2025년 11월 3일 5시 27분,"52S DG 276 967 관측지점 부근에서 식별된 상대편 수송 포대, 현재 이동중 중으로 추정됨."
첩보 보고,2025년 11월 3일 5시 29분,우회중 중인 적 핵/화학 반이(가) 52S DG 284 960 좌표 기준에 배치된 것으로 식별됨.
첩보 보고,2025년 11월 3일 5시 59분,52S DG 265 948 좌표 기준 적 공병 비행연대이(가) 공격중 상태로 보고됨.
첩보 보고,2025년 11월 3일 7시 29분,"52S DG 284 977 좌표 기준에서 확인된 적 방공 기병중대, 현재 교전중 중으로 보고됨."
첩보 보고,2025년 11월 3일 9시 31분,적 정보 중대이(가) 우회중 중이며 52S DG 286 946 관측지점 부근로 이동 중인 정황 평가됨.
첩보 보고,2025년 11월 3일 10시 14분,우회중 중인 적 정보 비행연대이(가) 52S DG 290 952 지역 일대에서에 배치된 것으로 확인됨.
첩보 보고,2025년 11월 3일 10시 23분,52S DG 266 978 관측지점 부근 적 기동 여단이(가) 우회중 상태로 보고됨.
첩보 보고,2025년 11월 3일 11시 3분,"52S DG 283 967 지역 일대에서에서 발견된 적군 방공 반, 현재 방어중 중으로 식별됨."
첩보 보고,2025년 11월 3일 12시 4분,52S DG 290 970 좌표 부근에서 상대편 방공 군단이(가) 집결중 상태로 추정됨.
첩보 보고,2025년 11월 3일 13시 52분,52S DG 265 962 좌표 기준 상대편 정보 소대이(가) 교전중 상태로 포착됨.
첩보 보고,2025년 11월 3일 14시 0분,52S DG 275 986 지역 일대에서에 공격중 중인 적 기동 연대이(가) 존재하는 것으로 판단됨.
첩보 보고,2025년 11월 3일 14시 31분,52S DG 294 953 지역 일대에서 상대편 정보 중대이(가) 확보중 상태로 추정됨.
첩보 보고,2025년 11월 3일 18시 35분,52S DG 265 945 작전지역 내에 도하중 중인 적군 수송 포대이(가) 존재하는 것으로 보고됨.
첩보 보고,2025년 11월 3일 19시 10분,적군 방공 소대이(가) 집결중 중이며 52S DG 267 946 좌표 기준로 이동 중인 정황 식별됨.
첩보 보고,2025년 11월 3일 19시 44분,적군 핵/화학 중대 규모가 52S DG 283 955 인근 구역에서에서 우회중 중이며 식별됨.
첩보 보고,2025년 11월 3일 19시 51분,상대편 지휘통제 및 수신 중대 규모가 52S DG 276 961 인근 구역에서에서 집결중 중이며 보고됨.
첩보 보고,2025년 11월 3일 21시 38분,"52S DG 265 963 지역 일대에서에서 확인된 상대편 미상 소대, 현재 도하중 중으로 평가됨."
첩보 보고,2025년 11월 3일 22시 27분,52S DG 290 962 좌표 부근에서에 공격중 중인 적 기동 사단이(가) 존재하는 것으로 포착됨.
첩보 보고,2025년 11월 3일 22시 35분,52S DG 268 953 좌표 부근에서 적 핵/화학 포대이(가) 정찰중 상태로 확인됨.
첩보 보고,2025년 11월 3일 23시 28분,적 세력 미상 대대 규모가 52S DG 275 963 관측지점 부근에서 집결중 중이며 분석 중임.
첩보 보고,2025년 11월 3일 23시 33분,상대편 정보 중대이(가) 집결중 중이며 52S DG 268 985 관측지점 부근로 이동 중인 정황 보고됨.
첩보 보고,2025년 11월 4일 1시 38분,"이동중 중인 적 지휘통제 및 수신 여단, 방향 북, 속도 약 72km/h로 52S DG 290 970 지역 일대에서 통과 중 분석 중임."
첩보 보고,2025년 11월 4일 3시 0분,상대편 수송 포대 규모가 52S DG 274 974 지역 일대에서에서 정비중 중이며 포착됨.
첩보 보고,2025년 11월 4일 3시 2분,52S DG 273 970 인근 구역에서에 축성중 중인 상대편 미상 기병중대이(가) 존재하는 것으로 포착됨.
첩보 보고,2025년 11월 4일 3시 32분,적군 미상 기병중대이(가) 우회중 중이며 52S DG 269 958 좌표 부근에서로 이동 중인 정황 확인됨.
첩보 보고,2025년 11월 4일 4시 9분,52S DG 278 960 좌표 부근에서 상대편 공병 반이(가) 축성중 상태로 확인됨.
첩보 보고,2025년 11월 4일 5시 22분,적 세력 정보 기병중대이(가) 퇴각중 중이며 52S DG 267 963 인근 구역에서로 이동 중인 정황 관찰됨.
첩보 보고,2025년 11월 4일 7시 42분,52S DG 276 963 좌표 부근에서 적 방공 중대이(가) 공격중 상태로 평가됨.
첩보 보고,2025년 11월 4일 8시 14분,적 세력 기동 반이(가) 수색중 중이며 52S DG 273 979 작전지역 내로 이동 중인 정황 분석 중임.
첩보 보고,2025년 11월 4일 8시 47분,52S DG 288 947 좌표 부근에서에 이동중 중인 적군 지휘통제 및 수신 군단이(가) 존재하는 것으로 관찰됨.
첩보 보고,2025년 11월 4일 9시 13분,적군 미상 여단이(가) 방어중 중이며 52S DG 288 945 좌표 기준로 이동 중인 정황 보고됨.
첩보 보고,2025년 11월 4일 14시 11분,"이동중 중인 적군 공병 사단, 방향 남서, 속도 약 51km/h로 52S DG 289 976 인근 구역에서 통과 중 관찰됨."
첩보 보고,2025년 11월 4일 14시 52분,적군 기동 소대 규모가 52S DG 282 972 작전지역 내에서 확보중 중이며 보고됨.
첩보 보고,2025년 11월 4일 16시 1분,적 지휘통제 및 수신 사단이(가) 축성중 중이며 52S DG 289 944 인근 구역에서로 이동 중인 정황 관찰됨.
첩보 보고,2025년 11월 4일 18시 15분,"52S DG 280 950 인근 구역에서에서 식별된 적 세력 공병 기병중대, 현재 확보중 중으로 평가됨."
첩보 보고,2025년 11월 4일 19시 21분,"52S DG 286 962 관측지점 부근에서 포착된 상대편 핵/화학 연대, 현재 이동중 중으로 분석 중임."
첩보 보고,2025년 11월 4일 19시 30분,정비중 중인 적군 수송 여단이(가) 52S DG 282 975 인근 구역에서에 배치된 것으로 관찰됨.
첩보 보고,2025년 11월 4일 20시 41분,적 수송 중대이(가) 퇴각중 중이며 52S DG 268 959 작전지역 내로 이동 중인 정황 평가됨.
첩보 보고,2025년 11월 4일 20시 44분,52S DG 284 970 관측지점 부근 상대편 핵/화학 비행연대이(가) 교전중 상태로 포착됨.
첩보 보고,2025년 11월 4일 21시 29분,52S DG 294 966 작전지역 내 상대편 정보 포대이(가) 공격중 상태로 식별됨.
첩보 보고,2025년 11월 4일 22시 24분,적 정보 대대이(가) 정비중 중이며 52S DG 264 971 관측지점 부근로 이동 중인 정황 확인됨.
첩보 보고,2025년 11월 4일 23시 22분,적군 방공 포대 규모가 52S DG 291 952 좌표 부근에서에서 공격중 중이며 확인됨.
첩보 보고,2025년 11월 5일 0시 45분,"52S DG 264 944 좌표 기준에서 식별된 상대편 미상 사단, 현재 수색중 중으로 추정됨."
첩보 보고,2025년 11월 5일 1시 48분,적 지휘통제 및 수신 비행연대이(가) 우회중 중이며 52S DG 278 986 관측지점 부근로 이동 중인 정황 보고됨.
첩보 보고,2025년 11월 5일 3시 21분,적 지휘통제 및 수신 포대이(가) 이동중 중이며 52S DG 265 986 인근 구역에서로 이동 중인 정황 분석 중임.
첩보 보고,2025년 11월 5일 4시 7분,52S DG 288 965 관측지점 부근에 집결중 중인 상대편 미상 연대이(가) 존재하는 것으로 분석 중임.
첩보 보고,2025년 11월 5일 5시 12분,적군 정보 군단이(가) 공격중 중이며 52S DG 282 965 작전지역 내로 이동 중인 정황 확인됨.
첩보 보고,2025년 11월 5일 7시 15분,방어중 중인 적 세력 공병 여단이(가) 52S DG 272 952 인근 구역에서에 배치된 것으로 보고됨.
첩보 보고,2025년 11월 5일 7시 41분,52S DG 291 944 좌표 기준에 축성중 중인 적 세력 핵/화학 포대이(가) 존재하는 것으로 포착됨.
첩보 보고,2025년 11월 5일 8시 11분,적 세력 방공 반 규모가 52S DG 271 984 인근 구역에서에서 공격중 중이며 확인됨.
첩보 보고,2025년 11월 5일 10시 9분,적 기동 군단 규모가 52S DG 282 956 좌표 기준에서 방어중 중이며 판단됨.
첩보 보고,2025년 11월 5일 11시 4분,적 세력 정보 기갑대대이(가) 공격중 중이며 52S DG 273 983 좌표 기준로 이동 중인 정황 포착됨.
첩보 보고,2025년 11월 5일 11시 34분,상대편 방공 반이(가) 이동중 중이며 52S DG 284 950 작전지역 내로 이동 중인 정황 추정됨.
첩보 보고,2025년 11월 5일 12시 17분,상대편 방공 비행연대이(가) 교전중 중이며 52S DG 287 980 인근 구역에서로 이동 중인 정황 평가됨.
첩보 보고,2025년 11월 5일 13시 23분,적 세력 미상 사단 규모가 52S DG 270 948 인근 구역에서에서 퇴각중 중이며 평가됨.
첩보 보고,2025년 11월 5일 13시 56분,적군 미상 여단이(가) 축성중 중이며 52S DG 287 949 인근 구역에서로 이동 중인 정황 관찰됨.
첩보 보고,2025년 11월 5일 15시 13분,"52S DG 277 981 좌표 부근에서에서 발견된 적군 정보 사단, 현재 방어중 중으로 평가됨."
첩보 보고,2025년 11월 5일 18시 6분,52S DG 287 952 좌표 부근에서에 공격중 중인 적 세력 핵/화학 연대이(가) 존재하는 것으로 포착됨.
첩보 보고,2025년 11월 5일 18시 23분,"52S DG 265 950 작전지역 내에서 발견된 적 방공 여단, 현재 퇴각중 중으로 평가됨."
첩보 보고,2025년 11월 5일 19시 11분,적 세력 정보 중대이(가) 축성중 중이며 52S DG 272 972 좌표 기준로 이동 중인 정황 평가됨.
첩보 보고,2025년 11월 5일 19시 16분,"52S DG 286 976 지역 일대에서에서 발견된 상대편 핵/화학 반, 현재 공격중 중으로 관찰됨."
첩보 보고,2025년 11월 5일 20시 7분,52S DG 264 951 좌표 기준 적 미상 기병중대이(가) 축성중 상태로 판단됨.
첩보 보고,2025년 11월 5일 20시 27분,52S DG 286 986 관측지점 부근 상대편 기동 대대이(가) 교전중 상태로 확인됨.
첩보 보고,2025년 11월 5일 21시 41분,이동중 중인 적군 미상 대대이(가) 52S DG 284 980 관측지점 부근에 배치된 것으로 추정됨.
첩보 보고,2025년 11월 5일 21시 44분,적 세력 정보 사단 규모가 52S DG 280 974 지역 일대에서에서 수색중 중이며 평가됨.
첩보 보고,2025년 11월 5일 23시 33분,52S DG 293 981 작전지역 내에 정찰중 중인 적 기동 중대이(가) 존재하는 것으로 판단됨.
첩보 보고,2025년 11월 6일 2시 46분,52S DG 290 973 관측지점 부근에 우회중 중인 적 지휘통제 및 수신 기병중대이(가) 존재하는 것으로 분석 중임.
첩보 보고,2025년 11월 6일 3시 21분,52S DG 269 984 관측지점 부근 적 수송 기병중대이(가) 정비중 상태로 식별됨.
첩보 보고,2025년 11월 6일 4시 1분,적군 미상 사단 규모가 52S DG 265 959 관측지점 부근에서 공격중 중이며 평가됨.
첩보 보고,2025년 11월 6일 4시 6분,"52S DG 288 985 좌표 기준에서 식별된 적군 방공 소대, 현재 정찰중 중으로 확인됨."
첩보 보고,2025년 11월 6일 4시 28분,상대편 기동 기갑대대 규모가 52S DG 289 970 좌표 부근에서에서 도하중 중이며 판단됨.
첩보 보고,2025년 11월 6일 5시 16분,52S DG 267 973 인근 구역에서 적 세력 정보 기갑대대이(가) 방어중 상태로 판단됨.
첩보 보고,2025년 11월 6일 6시 12분,"52S DG 276 986 지역 일대에서에서 관측된 적 지휘통제 및 수신 소대, 현재 집결중 중으로 판단됨."
첩보 보고,2025년 11월 6일 7시 40분,정찰중 중인 상대편 수송 사단이(가) 52S DG 287 984 인근 구역에서에 배치된 것으로 평가됨.
첩보 보고,2025년 11월 6일 9시 35분,상대편 수송 사단 규모가 52S DG 281 948 인근 구역에서에서 도하중 중이며 추정됨.
첩보 보고,2025년 11월 6일 9시 50분,52S DG 264 959 인근 구역에서에 축성중 중인 적 세력 정보 소대이(가) 존재하는 것으로 보고됨.
첩보 보고,2025년 11월 6일 10시 15분,"52S DG 282 960 지역 일대에서에서 포착된 상대편 공병 사단, 현재 집결중 중으로 식별됨."
첩보 보고,2025년 11월 6일 11시 24분,수색중 중인 적 방공 여단이(가) 52S DG 279 965 인근 구역에서에 배치된 것으로 분석 중임.
첩보 보고,2025년 11월 6일 11시 31분,52S DG 290 946 지역 일대에서에 우회중 중인 적군 미상 대대이(가) 존재하는 것으로 식별됨.
첩보 보고,2025년 11월 6일 13시 35분,"52S DG 292 954 좌표 기준에서 식별된 적군 방공 여단, 현재 퇴각중 중으로 확인됨."
첩보 보고,2025년 11월 6일 13시 50분,적군 지휘통제 및 수신 사단 규모가 52S DG 286 949 작전지역 내에서 교전중 중이며 추정됨.
첩보 보고,2025년 11월 6일 16시 37분,"52S DG 267 946 좌표 기준에서 확인된 적군 미상 비행연대, 현재 정비중 중으로 보고됨."
첩보 보고,2025년 11월 6일 16시 58분,52S DG 268 980 좌표 부근에서 상대편 방공 기병중대이(가) 정비중 상태로 판단됨.
첩보 보고,2025년 11월 6일 17시 28분,52S DG 264 982 작전지역 내에 정찰중 중인 적 기동 포대이(가) 존재하는 것으로 포착됨.
첩보 보고,2025년 11월 6일 17시 50분,52S DG 284 962 좌표 기준 적군 미상 여단이(가) 이동중 상태로 보고됨.
첩보 보고,2025년 11월 6일 18시 30분,적 핵/화학 기갑대대 규모가 52S DG 270 973 관측지점 부근에서 방어중 중이며 분석 중임.
첩보 보고,2025년 11월 6일 18시 44분,"52S DG 266 963 지역 일대에서에서 식별된 적 세력 수송 포대, 현재 이동중 중으로 확인됨."
첩보 보고,2025년 11월 6일 22시 3분,적군 지휘통제 및 수신 여단이(가) 정비중 중이며 52S DG 280 948 좌표 부근에서로 이동 중인 정황 분석 중임.
첩보 보고,2025년 11월 6일 23시 7분,정비중 중인 적 핵/화학 연대이(가) 52S DG 278 955 좌표 기준에 배치된 것으로 추정됨.
첩보 보고,2025년 11월 6일 23시 36분,52S DG 273 959 좌표 기준 적 세력 기동 포대이(가) 교전중 상태로 확인됨.
첩보 보고,2025년 11월 7일 1시 15분,52S DG 294 974 관측지점 부근에 수색중 중인 적 세력 수송 반이(가) 존재하는 것으로 관찰됨.
첩보 보고,2025년 11월 7일 1시 33분,적 세력 정보 기병중대이(가) 축성중 중이며 52S DG 267 975 지역 일대에서로 이동 중인 정황 식별됨.
첩보 보고,2025년 11월 7일 1시 51분,"52S DG 277 978 지역 일대에서에서 관측된 상대편 수송 군단, 현재 집결중 중으로 판단됨."
첩보 보고,2025년 11월 7일 2시 20분,52S DG 294 970 작전지역 내에 수색중 중인 적 세력 공병 연대이(가) 존재하는 것으로 확인됨.
첩보 보고,2025년 11월 7일 2시 21분,정찰중 중인 적 공병 기병중대이(가) 52S DG 275 984 인근 구역에서에 배치된 것으로 추정됨.
첩보 보고,2025년 11월 7일 3시 5분,"52S DG 274 976 관측지점 부근에서 관측된 적군 기동 비행연대, 현재 우회중 중으로 관찰됨."
첩보 보고,2025년 11월 7일 3시 59분,52S DG 276 977 인근 구역에서에 이동중 중인 상대편 미상 군단이(가) 존재하는 것으로 확인됨.
첩보 보고,2025년 11월 7일 5시 16분,52S DG 272 948 인근 구역에서에 공격중 중인 적 방공 비행연대이(가) 존재하는 것으로 확인됨.
첩보 보고,2025년 11월 7일 6시 16분,52S DG 285 945 좌표 기준 적 세력 지휘통제 및 수신 대대이(가) 도하중 상태로 식별됨.
첩보 보고,2025년 11월 7일 6시 27분,52S DG 269 974 좌표 부근에서에 공격중 중인 적 방공 중대이(가) 존재하는 것으로 식별됨.
첩보 보고,2025년 11월 7일 8시 5분,52S DG 279 945 좌표 기준에 확보중 중인 상대편 미상 여단이(가) 존재하는 것으로 평가됨.
첩보 보고,2025년 11월 7일 8시 50분,상대편 방공 기갑대대 규모가 52S DG 290 948 관측지점 부근에서 축성중 중이며 추정됨.
첩보 보고,2025년 11월 7일 9시 23분,"52S DG 290 944 좌표 기준에서 식별된 상대편 지휘통제 및 수신 비행연대, 현재 교전중 중으로 식별됨."
첩보 보고,2025년 11월 7일 9시 52분,적 세력 핵/화학 중대이(가) 도하중 중이며 52S DG 283 975 좌표 기준로 이동 중인 정황 보고됨.
첩보 보고,2025년 11월 7일 10시 10분,집결중 중인 적 세력 방공 기병중대이(가) 52S DG 272 958 작전지역 내에 배치된 것으로 분석 중임.
첩보 보고,2025년 11월 7일 10시 44분,52S DG 268 984 좌표 부근에서에 정비중 중인 상대편 지휘통제 및 수신 비행연대이(가) 존재하는 것으로 평가됨.
첩보 보고,2025년 11월 7일 10시 47분,52S DG 276 979 좌표 기준에 정찰중 중인 적군 수송 사단이(가) 존재하는 것으로 평가됨.
첩보 보고,2025년 11월 7일 11시 11분,상대편 지휘통제 및 수신 포대이(가) 우회중 중이며 52S DG 273 965 관측지점 부근로 이동 중인 정황 추정됨.
첩보 보고,2025년 11월 7일 14시 0분,퇴각중 중인 적 공병 기갑대대이(가) 52S DG 270 957 좌표 기준에 배치된 것으로 확인됨.
첩보 보고,2025년 11월 7일 15시 20분,상대편 미상 포대이(가) 수색중 중이며 52S DG 293 983 좌표 부근에서로 이동 중인 정황 관찰됨.
첩보 보고,2025년 11월 7일 15시 55분,52S DG 271 954 관측지점 부근 적군 지휘통제 및 수신 중대이(가) 확보중 상태로 보고됨.
첩보 보고,2025년 11월 7일 17시 47분,적군 정보 중대 규모가 52S DG 275 975 인근 구역에서에서 방어중 중이며 확인됨.
첩보 보고,2025년 11월 7일 18시 7분,52S DG 273 946 관측지점 부근 상대편 미상 대대이(가) 축성중 상태로 보고됨.
첩보 보고,2025년 11월 7일 18시 30분,52S DG 271 955 인근 구역에서 적 세력 지휘통제 및 수신 연대이(가) 서 방향으로 약 64km/h 속도로 이동 중인 것으로 식별됨.
첩보 보고,2025년 11월 7일 18시 39분,적 세력 방공 기갑대대 규모가 52S DG 270 958 관측지점 부근에서 수색중 중이며 식별됨.
첩보 보고,2025년 11월 7일 19시 15분,52S DG 281 960 인근 구역에서 적군 정보 군단이(가) 도하중 상태로 식별됨.
첩보 보고,2025년 11월 7일 20시 1분,"52S DG 290 984 좌표 부근에서에서 관측된 적 공병 연대, 현재 교전중 중으로 관찰됨."
첩보 보고,2025년 11월 7일 20시 48분,52S DG 290 969 관측지점 부근 적 기동 연대이(가) 이동중 상태로 관찰됨.
첩보 보고,2025년 11월 7일 21시 9분,적군 공병 대대이(가) 축성중 중이며 52S DG 275 959 좌표 기준로 이동 중인 정황 보고됨.
첩보 보고,2025년 11월 7일 21시 29분,52S DG 290 952 좌표 부근에서에 우회중 중인 상대편 미상 대대이(가) 존재하는 것으로 보고됨.
첩보 보고,2025년 11월 7일 23시 14분,적군 방공 사단이(가) 수색중 중이며 52S DG 288 984 좌표 기준로 이동 중인 정황 관찰됨.
첩보 보고,2025년 11월 7일 23시 36분,"52S DG 284 984 인근 구역에서에서 관측된 적 미상 연대, 현재 우회중 중으로 평가됨."
첩보 보고,2025년 11월 7일 23시 54분,"52S DG 283 957 관측지점 부근에서 관측된 적 수송 소대, 현재 퇴각중 중으로 분석 중임."
첩보 보고,2025년 11월 8일 1시 10분,적 정보 군단이(가) 퇴각중 중이며 52S DG 279 977 지역 일대에서로 이동 중인 정황 판단됨.
첩보 보고,2025년 11월 8일 1시 12분,"52S DG 274 973 좌표 부근에서에서 관측된 적 세력 수송 기갑대대, 현재 교전중 중으로 확인됨."
첩보 보고,2025년 11월 8일 1시 25분,적 공병 기병중대 규모가 52S DG 290 965 작전지역 내에서 확보중 중이며 포착됨.
첩보 보고,2025년 11월 8일 4시 4분,52S DG 281 985 좌표 부근에서 적군 핵/화학 비행연대이(가) 집결중 상태로 확인됨.
첩보 보고,2025년 11월 8일 5시 17분,"52S DG 267 985 지역 일대에서에서 확인된 적 지휘통제 및 수신 사단, 현재 정찰중 중으로 확인됨."
첩보 보고,2025년 11월 8일 6시 58분,52S DG 279 961 지역 일대에서에 정찰중 중인 상대편 기동 중대이(가) 존재하는 것으로 판단됨.
첩보 보고,2025년 11월 8일 7시 3분,축성중 중인 적 세력 기동 포대이(가) 52S DG 289 973 좌표 부근에서에 배치된 것으로 보고됨.
첩보 보고,2025년 11월 8일 7시 4분,52S DG 276 953 인근 구역에서 상대편 미상 대대이(가) 수색중 상태로 포착됨.
첩보 보고,2025년 11월 8일 7시 59분,상대편 정보 기갑대대이(가) 수색중 중이며 52S DG 282 983 좌표 기준로 이동 중인 정황 추정됨.
첩보 보고,2025년 11월 8일 8시 45분,52S DG 279 968 인근 구역에서에 이동중 중인 상대편 정보 중대이(가) 존재하는 것으로 포착됨.
첩보 보고,2025년 11월 8일 9시 23분,"52S DG 283 978 지역 일대에서에서 관측된 적군 정보 사단, 현재 확보중 중으로 확인됨."
첩보 보고,2025년 11월 8일 10시 18분,52S DG 277 948 작전지역 내에 축성중 중인 적 세력 기동 군단이(가) 존재하는 것으로 포착됨.
첩보 보고,2025년 11월 8일 11시 27분,상대편 정보 연대 규모가 52S DG 275 959 지역 일대에서에서 확보중 중이며 평가됨.
첩보 보고,2025년 11월 8일 12시 9분,퇴각중 중인 상대편 핵/화학 사단이(가) 52S DG 264 946 관측지점 부근에 배치된 것으로 분석 중임.
첩보 보고,2025년 11월 8일 13시 6분,52S DG 284 957 관측지점 부근 상대편 미상 군단이(가) 집결중 상태로 평가됨.
첩보 보고,2025년 11월 8일 14시 13분,52S DG 291 962 관측지점 부근에 도하중 중인 적군 공병 군단이(가) 존재하는 것으로 평가됨.
첩보 보고,2025년 11월 8일 19시 18분,"52S DG 287 973 작전지역 내에서 관측된 상대편 지휘통제 및 수신 연대, 현재 집결중 중으로 판단됨."
첩보 보고,2025년 11월 8일 19시 35분,공격중 중인 적군 미상 사단이(가) 52S DG 294 949 좌표 부근에서에 배치된 것으로 보고됨.
첩보 보고,2025년 11월 8일 22시 17분,"52S DG 275 979 인근 구역에서에서 확인된 적 세력 미상 기갑대대, 현재 방어중 중으로 평가됨."
첩보 보고,2025년 11월 9일 3시 6분,상대편 수송 비행연대 규모가 52S DG 267 949 좌표 기준에서 정찰중 중이며 관찰됨.
첩보 보고,2025년 11월 9일 4시 5분,적군 기동 소대 규모가 52S DG 271 979 좌표 기준에서 집결중 중이며 평가됨.
첩보 보고,2025년 11월 9일 4시 55분,도하중 중인 적 미상 반이(가) 52S DG 282 970 좌표 부근에서에 배치된 것으로 추정됨.
첩보 보고,2025년 11월 9일 5시 15분,상대편 지휘통제 및 수신 반이(가) 축성중 중이며 52S DG 282 973 관측지점 부근로 이동 중인 정황 평가됨.
첩보 보고,2025년 11월 9일 6시 47분,52S DG 280 978 관측지점 부근 적 미상 포대이(가) 남동 방향으로 약 26km/h 속도로 이동 중인 것으로 확인됨.
첩보 보고,2025년 11월 9일 7시 18분,상대편 수송 기병중대이(가) 이동중 중이며 52S DG 279 959 좌표 부근에서로 이동 중인 정황 보고됨.
첩보 보고,2025년 11월 9일 7시 53분,"52S DG 286 966 좌표 부근에서에서 발견된 적군 수송 기병중대, 현재 퇴각중 중으로 추정됨."
첩보 보고,2025년 11월 9일 11시 5분,52S DG 287 976 좌표 부근에서에 정찰중 중인 상대편 핵/화학 연대이(가) 존재하는 것으로 확인됨.
첩보 보고,2025년 11월 9일 11시 11분,정비중 중인 적 세력 정보 군단이(가) 52S DG 289 986 인근 구역에서에 배치된 것으로 식별됨.
첩보 보고,2025년 11월 9일 11시 36분,52S DG 277 960 지역 일대에서 적 세력 미상 대대이(가) 정찰중 상태로 포착됨.
첩보 보고,2025년 11월 9일 11시 57분,적군 지휘통제 및 수신 기갑대대이(가) 확보중 중이며 52S DG 274 981 관측지점 부근로 이동 중인 정황 평가됨.
첩보 보고,2025년 11월 9일 12시 5분,퇴각중 중인 적군 공병 사단이(가) 52S DG 279 952 좌표 기준에 배치된 것으로 포착됨.
첩보 보고,2025년 11월 9일 12시 28분,52S DG 271 964 좌표 부근에서에 우회중 중인 상대편 정보 사단이(가) 존재하는 것으로 관찰됨.
첩보 보고,2025년 11월 9일 13시 32분,52S DG 282 975 관측지점 부근에 정찰중 중인 상대편 공병 기병중대이(가) 존재하는 것으로 관찰됨.
첩보 보고,2025년 11월 9일 14시 23분,적군 수송 비행연대 규모가 52S DG 282 959 좌표 부근에서에서 정비중 중이며 평가됨.
첩보 보고,2025년 11월 9일 15시 9분,적군 방공 포대이(가) 정찰중 중이며 52S DG 286 979 관측지점 부근로 이동 중인 정황 확인됨.
첩보 보고,2025년 11월 9일 15시 14분,"52S DG 275 980 인근 구역에서에서 발견된 적군 정보 여단, 현재 우회중 중으로 분석 중임."
첩보 보고,2025년 11월 9일 15시 20분,52S DG 273 955 좌표 기준에 이동중 중인 적군 핵/화학 중대이(가) 존재하는 것으로 분석 중임.
첩보 보고,2025년 11월 9일 15시 55분,52S DG 291 985 인근 구역에서 상대편 미상 반이(가) 교전중 상태로 포착됨.
첩보 보고,2025년 11월 9일 16시 51분,52S DG 289 958 작전지역 내에 수색중 중인 적 세력 정보 여단이(가) 존재하는 것으로 보고됨.
첩보 보고,2025년 11월 9일 16시 59분,"52S DG 269 976 지역 일대에서에서 발견된 적 수송 기갑대대, 현재 정찰중 중으로 식별됨."
첩보 보고,2025년 11월 9일 17시 5분,52S DG 266 954 인근 구역에서 적 세력 기동 사단이(가) 방어중 상태로 보고됨.
첩보 보고,2025년 11월 9일 18시 41분,적 방공 소대 규모가 52S DG 287 951 좌표 부근에서에서 퇴각중 중이며 보고됨.
첩보 보고,2025년 11월 9일 18시 46분,적 세력 핵/화학 사단 규모가 52S DG 268 967 인근 구역에서에서 정찰중 중이며 식별됨.
첩보 보고,2025년 11월 9일 19시 32분,"52S DG 272 969 관측지점 부근에서 포착된 적군 공병 여단, 현재 도하중 중으로 포착됨."
첩보 보고,2025년 11월 9일 19시 58분,적 세력 미상 비행연대 규모가 52S DG 285 950 작전지역 내에서 우회중 중이며 평가됨.
첩보 보고,2025년 11월 9일 21시 57분,교전중 중인 상대편 미상 대대이(가) 52S DG 280 970 관측지점 부근에 배치된 것으로 보고됨.
첩보 보고,2025년 11월 9일 22시 2분,52S DG 267 975 관측지점 부근 적 세력 방공 사단이(가) 우회중 상태로 판단됨.
첩보 보고,2025년 11월 9일 23시 58분,축성중 중인 상대편 정보 연대이(가) 52S DG 278 968 좌표 부근에서에 배치된 것으로 추정됨.
첩보 보고,2025년 11월 10일 0시 3분,확보중 중인 적 기동 연대이(가) 52S DG 282 967 좌표 부근에서에 배치된 것으로 포착됨.
첩보 보고,2025년 11월 10일 0시 19분,52S DG 272 971 지역 일대에서 적 세력 수송 연대이(가) 집결중 상태로 평가됨.
첩보 보고,2025년 11월 10일 2시 45분,"52S DG 274 984 지역 일대에서에서 관측된 적 정보 사단, 현재 교전중 중으로 판단됨."
첩보 보고,2025년 11월 10일 3시 25분,적군 기동 연대이(가) 퇴각중 중이며 52S DG 284 964 인근 구역에서로 이동 중인 정황 식별됨.
첩보 보고,2025년 11월 10일 3시 51분,적 정보 군단이(가) 퇴각중 중이며 52S DG 293 955 좌표 부근에서로 이동 중인 정황 관찰됨.
첩보 보고,2025년 11월 10일 5시 48분,적 정보 사단 규모가 52S DG 285 948 관측지점 부근에서 공격중 중이며 식별됨.
첩보 보고,2025년 11월 10일 6시 0분,적 세력 미상 반 규모가 52S DG 283 960 좌표 부근에서에서 도하중 중이며 보고됨.
첩보 보고,2025년 11월 10일 6시 1분,"52S DG 280 956 관측지점 부근에서 식별된 적군 공병 군단, 현재 방어중 중으로 포착됨."
첩보 보고,2025년 11월 10일 8시 10분,상대편 지휘통제 및 수신 반 규모가 52S DG 273 970 좌표 기준에서 정비중 중이며 식별됨.
첩보 보고,2025년 11월 10일 8시 35분,상대편 정보 반이(가) 이동중 중이며 52S DG 291 981 인근 구역에서로 이동 중인 정황 포착됨.
첩보 보고,2025년 11월 10일 9시 26분,적 세력 방공 반이(가) 도하중 중이며 52S DG 280 972 작전지역 내로 이동 중인 정황 보고됨.
첩보 보고,2025년 11월 10일 9시 33분,우회중 중인 적군 미상 기병중대이(가) 52S DG 278 969 관측지점 부근에 배치된 것으로 분석 중임.
첩보 보고,2025년 11월 10일 10시 34분,52S DG 283 985 관측지점 부근에 확보중 중인 상대편 핵/화학 사단이(가) 존재하는 것으로 관찰됨.
첩보 보고,2025년 11월 10일 10시 39분,적군 공병 여단이(가) 퇴각중 중이며 52S DG 270 947 관측지점 부근로 이동 중인 정황 확인됨.
첩보 보고,2025년 11월 10일 10시 52분,"52S DG 265 953 좌표 부근에서에서 발견된 적 기동 여단, 현재 정찰중 중으로 추정됨."
첩보 보고,2025년 11월 10일 11시 15분,52S DG 276 958 작전지역 내 적 세력 수송 소대이(가) 교전중 상태로 관찰됨.
첩보 보고,2025년 11월 10일 11시 27분,52S DG 287 980 좌표 부근에서 상대편 기동 비행연대이(가) 정비중 상태로 관찰됨.
첩보 보고,2025년 11월 10일 11시 38분,"52S DG 291 944 인근 구역에서에서 확인된 적 미상 중대, 현재 이동중 중으로 추정됨."
첩보 보고,2025년 11월 10일 11시 52분,52S DG 271 966 관측지점 부근 적 공병 반이(가) 이동중 상태로 포착됨.
첩보 보고,2025년 11월 10일 12시 43분,적 세력 기동 연대 규모가 52S DG 293 955 지역 일대에서에서 우회중 중이며 포착됨.
첩보 보고,2025년 11월 10일 13시 1분,공격중 중인 적 세력 공병 사단이(가) 52S DG 283 982 관측지점 부근에 배치된 것으로 분석 중임.
첩보 보고,2025년 11월 10일 14시 39분,적군 정보 반 규모가 52S DG 267 953 좌표 부근에서에서 정찰중 중이며 보고됨.
첩보 보고,2025년 11월 10일 14시 53분,적 세력 방공 기갑대대 규모가 52S DG 274 964 지역 일대에서에서 교전중 중이며 관찰됨.
첩보 보고,2025년 11월 10일 15시 5분,적 공병 포대이(가) 우회중 중이며 52S DG 279 971 좌표 기준로 이동 중인 정황 포착됨.
첩보 보고,2025년 11월 10일 15시 7분,"52S DG 283 973 좌표 기준에서 관측된 적 세력 정보 포대, 현재 교전중 중으로 추정됨."
첩보 보고,2025년 11월 10일 16시 5분,적 세력 수송 대대 규모가 52S DG 291 945 좌표 부근에서에서 확보중 중이며 포착됨.
첩보 보고,2025년 11월 10일 16시 6분,52S DG 270 981 좌표 기준에 정찰중 중인 적 미상 중대이(가) 존재하는 것으로 평가됨.
첩보 보고,2025년 11월 10일 16시 21분,정찰중 중인 상대편 수송 기갑대대이(가) 52S DG 264 970 좌표 기준에 배치된 것으로 식별됨.
첩보 보고,2025년 11월 10일 16시 50분,52S DG 288 950 좌표 기준에 확보중 중인 적군 수송 반이(가) 존재하는 것으로 보고됨.
첩보 보고,2025년 11월 10일 17시 42분,적 수송 중대 규모가 52S DG 268 947 좌표 부근에서에서 퇴각중 중이며 평가됨.
첩보 보고,2025년 11월 10일 18시 16분,적 기동 중대 규모가 52S DG 277 983 지역 일대에서에서 수색중 중이며 판단됨.
첩보 보고,2025년 11월 10일 18시 24분,52S DG 275 952 작전지역 내에 공격중 중인 적 지휘통제 및 수신 기갑대대이(가) 존재하는 것으로 식별됨.
첩보 보고,2025년 11월 10일 19시 58분,적군 수송 대대이(가) 축성중 중이며 52S DG 289 949 작전지역 내로 이동 중인 정황 분석 중임.
첩보 보고,2025년 11월 10일 20시 3분,"52S DG 291 965 좌표 기준에서 발견된 적 세력 정보 사단, 현재 집결중 중으로 평가됨."
첩보 보고,2025년 11월 10일 22시 39분,상대편 정보 여단이(가) 정찰중 중이며 52S DG 278 952 좌표 부근에서로 이동 중인 정황 관찰됨.
첩보 보고,2025년 11월 10일 23시 31분,적 세력 핵/화학 소대 규모가 52S DG 287 983 좌표 부근에서에서 공격중 중이며 관찰됨.
첩보 보고,2025년 11월 11일 0시 28분,적군 공병 비행연대이(가) 방어중 중이며 52S DG 269 964 관측지점 부근로 이동 중인 정황 확인됨.
첩보 보고,2025년 11월 11일 2시 48분,적 공병 기갑대대이(가) 확보중 중이며 52S DG 279 984 지역 일대에서로 이동 중인 정황 보고됨.
첩보 보고,2025년 11월 11일 3시 18분,"52S DG 287 944 좌표 부근에서에서 관측된 적군 지휘통제 및 수신 포대, 현재 수색중 중으로 판단됨."
첩보 보고,2025년 11월 11일 3시 42분,적 핵/화학 기병중대이(가) 수색중 중이며 52S DG 270 964 좌표 기준로 이동 중인 정황 포착됨.
첩보 보고,2025년 11월 11일 4시 1분,적 세력 핵/화학 중대이(가) 우회중 중이며 52S DG 286 973 좌표 기준로 이동 중인 정황 식별됨.
첩보 보고,2025년 11월 11일 4시 2분,적 세력 정보 기갑대대 규모가 52S DG 284 978 관측지점 부근에서 확보중 중이며 추정됨.
첩보 보고,2025년 11월 11일 6시 17분,52S DG 269 978 지역 일대에서 적 기동 비행연대이(가) 교전중 상태로 평가됨.
첩보 보고,2025년 11월 11일 8시 0분,우회중 중인 적 세력 미상 사단이(가) 52S DG 287 950 인근 구역에서에 배치된 것으로 분석 중임.
첩보 보고,2025년 11월 11일 9시 35분,"52S DG 293 950 관측지점 부근에서 확인된 적 세력 핵/화학 군단, 현재 교전중 중으로 추정됨."
첩보 보고,2025년 11월 11일 9시 45분,적군 핵/화학 기갑대대 규모가 52S DG 276 979 작전지역 내에서 축성중 중이며 식별됨.
첩보 보고,2025년 11월 11일 10시 18분,52S DG 278 967 작전지역 내에 도하중 중인 적 방공 연대이(가) 존재하는 것으로 추정됨.
첩보 보고,2025년 11월 11일 11시 32분,"52S DG 278 949 인근 구역에서에서 포착된 상대편 미상 연대, 현재 우회중 중으로 관찰됨."
첩보 보고,2025년 11월 11일 14시 0분,"52S DG 281 955 좌표 기준에서 포착된 적 세력 미상 포대, 현재 정찰중 중으로 식별됨."
첩보 보고,2025년 11월 11일 16시 5분,적군 지휘통제 및 수신 연대이(가) 정찰중 중이며 52S DG 279 967 작전지역 내로 이동 중인 정황 보고됨.
첩보 보고,2025년 11월 11일 18시 43분,52S DG 280 944 관측지점 부근 상대편 미상 비행연대이(가) 도하중 상태로 확인됨.
첩보 보고,2025년 11월 11일 19시 17분,52S DG 292 955 작전지역 내 적 정보 대대이(가) 정비중 상태로 분석 중임.
첩보 보고,2025년 11월 11일 21시 13분,상대편 미상 연대 규모가 52S DG 277 957 작전지역 내에서 수색중 중이며 분석 중임.
첩보 보고,2025년 11월 12일 0시 18분,52S DG 289 951 지역 일대에서 적 세력 방공 비행연대이(가) 방어중 상태로 확인됨.
첩보 보고,2025년 11월 12일 0시 51분,"52S DG 285 952 지역 일대에서에서 관측된 적 세력 수송 기갑대대, 현재 수색중 중으로 분석 중임."
첩보 보고,2025년 11월 12일 0시 58분,52S DG 276 957 지역 일대에서에 교전중 중인 적군 미상 비행연대이(가) 존재하는 것으로 판단됨.
첩보 보고,2025년 11월 12일 0시 59분,"52S DG 272 980 인근 구역에서에서 확인된 적 세력 공병 포대, 현재 방어중 중으로 포착됨."
첩보 보고,2025년 11월 12일 1시 1분,52S DG 267 982 인근 구역에서에 방어중 중인 적군 정보 대대이(가) 존재하는 것으로 식별됨.
첩보 보고,2025년 11월 12일 1시 34분,정비중 중인 적 지휘통제 및 수신 기병중대이(가) 52S DG 283 976 좌표 기준에 배치된 것으로 판단됨.
첩보 보고,2025년 11월 12일 1시 48분,52S DG 292 964 관측지점 부근에 축성중 중인 적 세력 방공 중대이(가) 존재하는 것으로 식별됨.
첩보 보고,2025년 11월 12일 3시 7분,52S DG 276 950 인근 구역에서 상대편 방공 기갑대대이(가) 교전중 상태로 보고됨.
첩보 보고,2025년 11월 12일 3시 27분,적 핵/화학 비행연대이(가) 도하중 중이며 52S DG 268 967 좌표 부근에서로 이동 중인 정황 평가됨.
첩보 보고,2025년 11월 12일 3시 55분,52S DG 289 954 좌표 부근에서 적 세력 기동 대대이(가) 집결중 상태로 식별됨.
첩보 보고,2025년 11월 12일 6시 2분,52S DG 282 984 관측지점 부근 적 세력 미상 소대이(가) 방어중 상태로 분석 중임.
첩보 보고,2025년 11월 12일 6시 9분,적군 기동 대대 규모가 52S DG 289 944 인근 구역에서에서 축성중 중이며 보고됨.
첩보 보고,2025년 11월 12일 6시 27분,52S DG 278 957 관측지점 부근에 축성중 중인 적 세력 지휘통제 및 수신 기병중대이(가) 존재하는 것으로 판단됨.
첩보 보고,2025년 11월 12일 8시 37분,"52S DG 273 960 인근 구역에서에서 식별된 상대편 지휘통제 및 수신 기병중대, 현재 방어중 중으로 평가됨."
첩보 보고,2025년 11월 12일 9시 16분,52S DG 285 953 작전지역 내 적 세력 지휘통제 및 수신 대대이(가) 공격중 상태로 관찰됨.
첩보 보고,2025년 11월 12일 11시 45분,52S DG 281 946 작전지역 내에 방어중 중인 적 미상 중대이(가) 존재하는 것으로 관찰됨.
첩보 보고,2025년 11월 12일 12시 29분,52S DG 282 985 작전지역 내 적군 수송 대대이(가) 남동 방향으로 약 28km/h 속도로 이동 중인 것으로 평가됨.
첩보 보고,2025년 11월 12일 13시 50분,"52S DG 270 968 좌표 기준에서 식별된 상대편 정보 중대, 현재 교전중 중으로 포착됨."
첩보 보고,2025년 11월 12일 15시 8분,52S DG 288 946 작전지역 내에 축성중 중인 적군 핵/화학 기병중대이(가) 존재하는 것으로 추정됨.
첩보 보고,2025년 11월 12일 16시 53분,"52S DG 288 965 작전지역 내에서 포착된 적군 지휘통제 및 수신 여단, 현재 퇴각중 중으로 판단됨."
첩보 보고,2025년 11월 12일 17시 6분,수색중 중인 적 세력 기동 포대이(가) 52S DG 266 975 좌표 부근에서에 배치된 것으로 확인됨.
첩보 보고,2025년 11월 12일 18시 4분,축성중 중인 적군 수송 기갑대대이(가) 52S DG 273 983 인근 구역에서에 배치된 것으로 평가됨.
첩보 보고,2025년 11월 12일 18시 4분,"52S DG 287 969 관측지점 부근에서 식별된 상대편 핵/화학 중대, 현재 교전중 중으로 추정됨."
첩보 보고,2025년 11월 12일 18시 23분,축성중 중인 상대편 지휘통제 및 수신 중대이(가) 52S DG 266 982 작전지역 내에 배치된 것으로 보고됨.
첩보 보고,2025년 11월 12일 18시 38분,52S DG 267 982 좌표 부근에서에 정찰중 중인 적 공병 군단이(가) 존재하는 것으로 식별됨.
첩보 보고,2025년 11월 12일 20시 9분,공격중 중인 적군 공병 비행연대이(가) 52S DG 283 949 지역 일대에서에 배치된 것으로 관찰됨.
첩보 보고,2025년 11월 12일 20시 23분,적군 미상 대대이(가) 집결중 중이며 52S DG 286 949 관측지점 부근로 이동 중인 정황 포착됨.
첩보 보고,2025년 11월 12일 21시 1분,"52S DG 277 949 좌표 부근에서에서 포착된 적 세력 핵/화학 기병중대, 현재 도하중 중으로 보고됨."
첩보 보고,2025년 11월 12일 21시 7분,52S DG 270 948 좌표 기준 상대편 기동 비행연대이(가) 교전중 상태로 판단됨.
첩보 보고,2025년 11월 12일 21시 44분,적 세력 방공 기병중대 규모가 52S DG 285 952 좌표 부근에서에서 집결중 중이며 식별됨.
첩보 보고,2025년 11월 12일 22시 30분,"52S DG 264 964 인근 구역에서에서 확인된 적 세력 수송 소대, 현재 정찰중 중으로 분석 중임."
첩보 보고,2025년 11월 12일 23시 47분,"52S DG 265 971 지역 일대에서에서 발견된 적 세력 수송 기갑대대, 현재 우회중 중으로 판단됨."
첩보 보고,2025년 11월 12일 23시 47분,52S DG 292 948 좌표 부근에서에 정찰중 중인 적 정보 여단이(가) 존재하는 것으로 평가됨.
첩보 보고,2025년 11월 13일 0시 15분,적 핵/화학 중대 규모가 52S DG 277 944 지역 일대에서에서 수색중 중이며 관찰됨.
첩보 보고,2025년 11월 13일 2시 49분,적 세력 수송 중대이(가) 확보중 중이며 52S DG 291 968 관측지점 부근로 이동 중인 정황 판단됨.
첩보 보고,2025년 11월 13일 4시 59분,52S DG 266 951 작전지역 내 적군 핵/화학 반이(가) 교전중 상태로 분석 중임.
첩보 보고,2025년 11월 13일 5시 25분,52S DG 293 983 좌표 기준 적 세력 기동 중대이(가) 방어중 상태로 추정됨.
첩보 보고,2025년 11월 13일 5시 36분,"52S DG 277 964 관측지점 부근에서 관측된 적군 수송 대대, 현재 정찰중 중으로 평가됨."
첩보 보고,2025년 11월 13일 6시 24분,52S DG 270 986 인근 구역에서 적 세력 핵/화학 연대이(가) 교전중 상태로 추정됨.
첩보 보고,2025년 11월 13일 6시 49분,도하중 중인 적 핵/화학 중대이(가) 52S DG 266 972 작전지역 내에 배치된 것으로 관찰됨.
첩보 보고,2025년 11월 13일 7시 21분,52S DG 281 959 관측지점 부근 적 세력 공병 소대이(가) 집결중 상태로 판단됨.
첩보 보고,2025년 11월 13일 13시 27분,적 미상 연대 규모가 52S DG 289 967 관측지점 부근에서 퇴각중 중이며 추정됨.
첩보 보고,2025년 11월 13일 13시 39분,52S DG 264 985 인근 구역에서 적 세력 정보 소대이(가) 도하중 상태로 보고됨.
첩보 보고,2025년 11월 13일 14시 17분,상대편 방공 소대이(가) 공격중 중이며 52S DG 266 964 작전지역 내로 이동 중인 정황 확인됨.
첩보 보고,2025년 11월 13일 14시 19분,상대편 지휘통제 및 수신 사단이(가) 우회중 중이며 52S DG 266 986 관측지점 부근로 이동 중인 정황 판단됨.
첩보 보고,2025년 11월 13일 15시 1분,"52S DG 270 970 작전지역 내 기준, 남동으로 55km/h 속도로 이동하는 적군 기동 군단 추정됨."
첩보 보고,2025년 11월 13일 15시 9분,52S DG 279 947 지역 일대에서 상대편 기동 비행연대이(가) 정찰중 상태로 추정됨.
첩보 보고,2025년 11월 13일 15시 38분,52S DG 274 952 좌표 부근에서에 정비중 중인 상대편 지휘통제 및 수신 기병중대이(가) 존재하는 것으로 평가됨.
첩보 보고,2025년 11월 13일 15시 45분,52S DG 267 974 작전지역 내 적 공병 군단이(가) 확보중 상태로 보고됨.
첩보 보고,2025년 11월 13일 17시 58분,상대편 공병 기갑대대이(가) 수색중 중이며 52S DG 283 949 작전지역 내로 이동 중인 정황 보고됨.
첩보 보고,2025년 11월 13일 20시 35분,적군 수송 비행연대 규모가 52S DG 269 945 작전지역 내에서 우회중 중이며 확인됨.
첩보 보고,2025년 11월 13일 21시 0분,정찰중 중인 적 방공 반이(가) 52S DG 277 950 인근 구역에서에 배치된 것으로 보고됨.
첩보 보고,2025년 11월 13일 21시 10분,상대편 미상 연대이(가) 정찰중 중이며 52S DG 281 946 관측지점 부근로 이동 중인 정황 포착됨.
첩보 보고,2025년 11월 13일 21시 16분,정비중 중인 상대편 공병 비행연대이(가) 52S DG 285 951 작전지역 내에 배치된 것으로 보고됨.
첩보 보고,2025년 11월 13일 21시 49분,적 지휘통제 및 수신 기갑대대 규모가 52S DG 278 977 작전지역 내에서 우회중 중이며 식별됨.
첩보 보고,2025년 11월 13일 22시 34분,적 미상 기병중대 규모가 52S DG 276 948 인근 구역에서에서 공격중 중이며 식별됨.
첩보 보고,2025년 11월 13일 23시 21분,상대편 미상 여단이(가) 우회중 중이며 52S DG 276 973 인근 구역에서로 이동 중인 정황 포착됨.
첩보 보고,2025년 11월 14일 0시 36분,적군 지휘통제 및 수신 반 규모가 52S DG 266 949 관측지점 부근에서 공격중 중이며 분석 중임.
첩보 보고,2025년 11월 14일 1시 39분,상대편 핵/화학 대대 규모가 52S DG 268 944 관측지점 부근에서 공격중 중이며 평가됨.
첩보 보고,2025년 11월 14일 3시 0분,52S DG 283 984 좌표 부근에서 적 공병 사단이(가) 도하중 상태로 확인됨.
첩보 보고,2025년 11월 14일 8시 45분,"52S DG 293 970 좌표 부근에서에서 식별된 상대편 기동 기병중대, 현재 공격중 중으로 판단됨."
첩보 보고,2025년 11월 14일 10시 54분,52S DG 294 985 인근 구역에서에 공격중 중인 적 핵/화학 기갑대대이(가) 존재하는 것으로 확인됨.
첩보 보고,2025년 11월 14일 10시 56분,상대편 정보 연대 규모가 52S DG 276 952 좌표 부근에서에서 확보중 중이며 보고됨.
첩보 보고,2025년 11월 14일 12시 59분,"52S DG 275 962 좌표 부근에서에서 확인된 적 기동 연대, 현재 집결중 중으로 평가됨."
첩보 보고,2025년 11월 14일 13시 50분,52S DG 271 983 지역 일대에서 적 세력 공병 비행연대이(가) 우회중 상태로 확인됨.
첩보 보고,2025년 11월 14일 14시 9분,"52S DG 268 955 좌표 기준에서 포착된 적 공병 비행연대, 현재 이동중 중으로 보고됨."
첩보 보고,2025년 11월 14일 14시 21분,52S DG 272 976 지역 일대에서에 도하중 중인 적 세력 핵/화학 중대이(가) 존재하는 것으로 보고됨.
첩보 보고,2025년 11월 14일 14시 52분,적 세력 미상 여단이(가) 우회중 중이며 52S DG 279 979 좌표 기준로 이동 중인 정황 보고됨.
첩보 보고,2025년 11월 14일 15시 1분,"52S DG 280 963 지역 일대에서에서 관측된 상대편 정보 기병중대, 현재 집결중 중으로 추정됨."
첩보 보고,2025년 11월 14일 17시 13분,적 세력 정보 대대이(가) 퇴각중 중이며 52S DG 278 964 인근 구역에서로 이동 중인 정황 평가됨.
첩보 보고,2025년 11월 14일 17시 59분,52S DG 292 946 작전지역 내에 방어중 중인 적 세력 기동 군단이(가) 존재하는 것으로 보고됨.
첩보 보고,2025년 11월 14일 21시 5분,"52S DG 292 975 지역 일대에서에서 식별된 적군 공병 기병중대, 현재 도하중 중으로 판단됨."
첩보 보고,2025년 11월 14일 21시 15분,52S DG 292 946 작전지역 내 적 방공 사단이(가) 정비중 상태로 보고됨.
첩보 보고,2025년 11월 14일 21시 25분,52S DG 271 977 인근 구역에서 적 세력 수송 군단이(가) 이동중 상태로 확인됨.
첩보 보고,2025년 11월 14일 22시 45분,52S DG 285 954 관측지점 부근에 방어중 중인 적군 미상 비행연대이(가) 존재하는 것으로 포착됨.
첩보 보고,2025년 11월 15일 0시 7분,적군 미상 여단이(가) 이동중 중이며 52S DG 278 968 관측지점 부근로 이동 중인 정황 관찰됨.
첩보 보고,2025년 11월 15일 0시 52분,"52S DG 284 952 좌표 부근에서에서 관측된 적군 수송 대대, 현재 도하중 중으로 보고됨."
첩보 보고,2025년 11월 15일 4시 39분,적 방공 군단이(가) 축성중 중이며 52S DG 269 951 인근 구역에서로 이동 중인 정황 평가됨.
첩보 보고,2025년 11월 15일 4시 54분,방어중 중인 상대편 미상 기병중대이(가) 52S DG 291 945 좌표 부근에서에 배치된 것으로 평가됨.
첩보 보고,2025년 11월 15일 5시 18분,상대편 지휘통제 및 수신 여단 규모가 52S DG 266 979 좌표 부근에서에서 교전중 중이며 판단됨.
첩보 보고,2025년 11월 15일 5시 49분,적 세력 미상 소대 규모가 52S DG 287 981 좌표 부근에서에서 확보중 중이며 추정됨.
첩보 보고,2025년 11월 15일 7시 16분,공격중 중인 적군 공병 반이(가) 52S DG 278 986 좌표 기준에 배치된 것으로 추정됨.
첩보 보고,2025년 11월 15일 7시 33분,정비중 중인 적군 지휘통제 및 수신 기병중대이(가) 52S DG 270 981 좌표 부근에서에 배치된 것으로 확인됨.
첩보 보고,2025년 11월 15일 7시 54분,상대편 지휘통제 및 수신 중대이(가) 52S DG 281 985 관측지점 부근을(를) 따라 서 방면으로 약 15km/h로 전개 중 보고됨.
첩보 보고,2025년 11월 15일 8시 57분,상대편 공병 사단 규모가 52S DG 289 968 좌표 기준에서 축성중 중이며 추정됨.
첩보 보고,2025년 11월 15일 9시 48분,적 방공 중대이(가) 축성중 중이며 52S DG 274 971 좌표 기준로 이동 중인 정황 포착됨.
첩보 보고,2025년 11월 15일 10시 33분,상대편 미상 여단 규모가 52S DG 276 974 작전지역 내에서 도하중 중이며 분석 중임.
첩보 보고,2025년 11월 15일 10시 49분,적 세력 수송 소대 규모가 52S DG 274 949 작전지역 내에서 정찰중 중이며 포착됨.
첩보 보고,2025년 11월 15일 14시 42분,적 세력 수송 반 규모가 52S DG 270 984 지역 일대에서에서 퇴각중 중이며 추정됨.
첩보 보고,2025년 11월 15일 14시 49분,52S DG 283 970 좌표 부근에서 적군 방공 사단이(가) 확보중 상태로 보고됨.
첩보 보고,2025년 11월 15일 16시 48분,상대편 방공 대대이(가) 집결중 중이며 52S DG 281 963 지역 일대에서로 이동 중인 정황 추정됨.
첩보 보고,2025년 11월 15일 17시 35분,수색중 중인 상대편 미상 여단이(가) 52S DG 274 950 작전지역 내에 배치된 것으로 보고됨.
첩보 보고,2025년 11월 15일 18시 27분,52S DG 286 966 작전지역 내에 퇴각중 중인 상대편 방공 사단이(가) 존재하는 것으로 확인됨.
첩보 보고,2025년 11월 15일 19시 3분,52S DG 294 969 인근 구역에서 상대편 수송 비행연대이(가) 방어중 상태로 보고됨.
첩보 보고,2025년 11월 15일 20시 31분,적 정보 기병중대 규모가 52S DG 284 957 인근 구역에서에서 도하중 중이며 판단됨.
첩보 보고,2025년 11월 15일 21시 1분,적 세력 정보 중대 규모가 52S DG 281 980 작전지역 내에서 이동중 중이며 분석 중임.
첩보 보고,2025년 11월 15일 23시 51분,상대편 기동 소대이(가) 우회중 중이며 52S DG 276 984 관측지점 부근로 이동 중인 정황 포착됨.
첩보 보고,2025년 11월 16일 0시 50분,"52S DG 269 949 좌표 부근에서에서 식별된 적군 기동 포대, 현재 정찰중 중으로 판단됨."
첩보 보고,2025년 11월 16일 1시 44분,상대편 기동 연대이(가) 우회중 중이며 52S DG 281 975 작전지역 내로 이동 중인 정황 확인됨.
첩보 보고,2025년 11월 16일 2시 24분,적군 기동 소대이(가) 축성중 중이며 52S DG 283 956 작전지역 내로 이동 중인 정황 판단됨.
첩보 보고,2025년 11월 16일 2시 35분,공격중 중인 적군 기동 기갑대대이(가) 52S DG 270 982 지역 일대에서에 배치된 것으로 확인됨.
첩보 보고,2025년 11월 16일 3시 24분,상대편 수송 중대 규모가 52S DG 286 974 지역 일대에서에서 확보중 중이며 추정됨.
첩보 보고,2025년 11월 16일 3시 33분,적군 기동 반이(가) 우회중 중이며 52S DG 283 956 작전지역 내로 이동 중인 정황 확인됨.
첩보 보고,2025년 11월 16일 4시 20분,52S DG 269 960 관측지점 부근에 공격중 중인 적 방공 기병중대이(가) 존재하는 것으로 보고됨.
첩보 보고,2025년 11월 16일 4시 52분,적 정보 사단이(가) 도하중 중이며 52S DG 277 959 작전지역 내로 이동 중인 정황 확인됨.
첩보 보고,2025년 11월 16일 6시 4분,우회중 중인 적군 정보 기병중대이(가) 52S DG 268 966 작전지역 내에 배치된 것으로 분석 중임.
첩보 보고,2025년 11월 16일 9시 5분,집결중 중인 적 세력 지휘통제 및 수신 기병중대이(가) 52S DG 272 945 지역 일대에서에 배치된 것으로 평가됨.
첩보 보고,2025년 11월 16일 9시 56분,정찰중 중인 적군 방공 사단이(가) 52S DG 273 975 인근 구역에서에 배치된 것으로 관찰됨.
첩보 보고,2025년 11월 16일 11시 27분,52S DG 284 972 좌표 기준 적군 수송 여단이(가) 퇴각중 상태로 평가됨.
첩보 보고,2025년 11월 16일 13시 14분,상대편 방공 기병중대이(가) 정찰중 중이며 52S DG 294 956 작전지역 내로 이동 중인 정황 분석 중임.
첩보 보고,2025년 11월 16일 15시 29분,"52S DG 264 969 관측지점 부근에서 관측된 적 공병 여단, 현재 수색중 중으로 포착됨."
첩보 보고,2025년 11월 16일 17시 53분,52S DG 270 974 작전지역 내 적군 정보 군단이(가) 남 방향으로 약 37km/h 속도로 이동 중인 것으로 관찰됨.
첩보 보고,2025년 11월 16일 18시 2분,상대편 핵/화학 여단이(가) 도하중 중이며 52S DG 284 960 지역 일대에서로 이동 중인 정황 보고됨.
첩보 보고,2025년 11월 16일 20시 16분,"52S DG 271 966 인근 구역에서에서 식별된 상대편 기동 반, 현재 이동중 중으로 식별됨."
첩보 보고,2025년 11월 16일 21시 12분,52S DG 271 978 좌표 부근에서 적 세력 공병 연대이(가) 퇴각중 상태로 포착됨.
첩보 보고,2025년 11월 16일 21시 17분,"52S DG 269 967 지역 일대에서에서 확인된 적군 공병 포대, 현재 교전중 중으로 평가됨."
첩보 보고,2025년 11월 16일 21시 30분,"52S DG 288 981 좌표 부근에서에서 확인된 적 세력 지휘통제 및 수신 비행연대, 현재 수색중 중으로 식별됨."
첩보 보고,2025년 11월 16일 23시 13분,"52S DG 266 955 좌표 기준에서 확인된 상대편 핵/화학 대대, 현재 공격중 중으로 판단됨."
첩보 보고,2025년 11월 16일 23시 30분,52S DG 291 949 좌표 부근에서에 집결중 중인 상대편 방공 반이(가) 존재하는 것으로 포착됨.
첩보 보고,2025년 11월 17일 0시 15분,"52S DG 265 975 좌표 부근에서에서 관측된 적 핵/화학 연대, 현재 도하중 중으로 판단됨."
첩보 보고,2025년 11월 17일 2시 6분,"52S DG 287 954 좌표 부근에서에서 포착된 적군 핵/화학 포대, 현재 도하중 중으로 분석 중임."
첩보 보고,2025년 11월 17일 3시 3분,"52S DG 293 977 관측지점 부근에서 확인된 상대편 공병 군단, 현재 확보중 중으로 확인됨."
첩보 보고,2025년 11월 17일 4시 7분,적 방공 소대 규모가 52S DG 288 971 인근 구역에서에서 교전중 중이며 보고됨.
첩보 보고,2025년 11월 17일 4시 12분,52S DG 282 962 좌표 기준 적 공병 기갑대대이(가) 정비중 상태로 평가됨.
첩보 보고,2025년 11월 17일 5시 7분,적군 지휘통제 및 수신 사단 규모가 52S DG 283 958 지역 일대에서에서 교전중 중이며 추정됨.
첩보 보고,2025년 11월 17일 5시 9분,52S DG 277 968 인근 구역에서에 퇴각중 중인 적 세력 방공 여단이(가) 존재하는 것으로 관찰됨.
화력부대 현황,2025년 10월 30일 6시 35분,"52S DG 282 968 사격 배치지에 155mm견인포 25문이 대기 중임, 현재 상태는 사격중으로 추정됨."
화력부대 현황,2025년 10월 30일 6시 45분,"52S DG 266 951 사격 배치지에 130mm다련장 28문이 전개되어 있음, 현재 상태는 이동중으로 유지 중임."
화력부대 현황,2025년 10월 30일 7시 49분,"52S DG 272 952 사격 배치지에 MLRS 11문이 운용 중, 현재 상태는 사격준비중으로 관찰됨."
화력부대 현황,2025년 10월 30일 9시 51분,"52S DG 270 976 배치 위치에 155mm자주포(K-55) 17문이 확보되어 있음, 현재 상태는 사격준비중으로 유지 중임."
화력부대 현황,2025년 10월 30일 10시 2분,"52S DG 286 973 포진지에 130mm다련장 20문이 대기 중임, 현재 상태는 사격가능으로 보고됨."
화력부대 현황,2025년 10월 30일 11시 5분,"52S DG 270 953 사격 진지에 8인치자주포 21문이 확보되어 있음, 현재 상태는 사격중으로 관찰됨."
화력부대 현황,2025년 10월 30일 11시 54분,"52S DG 283 948 포진지에 130mm다련장 3문이 대기 중임, 현재 상태는 사격불가능으로 보고됨."
화력부대 현황,2025년 10월 30일 12시 29분,"52S DG 264 952 사격 진지에 155mm견인포 3문이 운용 중, 현재 상태는 사격불가능으로 유지 중임."
화력부대 현황,2025년 10월 30일 13시 31분,"52S DG 276 944 전개 위치에 MLRS 11문이 운용 중, 현재 상태는 사격불가능으로 관찰됨."
화력부대 현황,2025년 10월 30일 15시 55분,"52S DG 265 982 전개 위치에 8인치자주포 15문이 전개되어 있음, 현재 상태는 사격중으로 확인됨."
화력부대 현황,2025년 10월 30일 16시 11분,"52S DG 290 959 사격 배치지에 155mm자주포(K-9) 13문이 운용 중, 현재 상태는 사격준비중으로 관찰됨."
화력부대 현황,2025년 10월 30일 17시 53분,"52S DG 276 964 배치 위치에 8인치자주포 11문이 전개되어 있음, 현재 상태는 사격가능으로 관찰됨."
화력부대 현황,2025년 10월 30일 23시 12분,"52S DG 268 949 배치 위치에 8인치자주포 2문이 운용 중, 현재 상태는 사격불가능으로 관찰됨."
화력부대 현황,2025년 10월 31일 2시 49분,"52S DG 278 979 사격 배치지에 155mm자주포(K-9) 6문이 대기 중임, 현재 상태는 이동중으로 보고됨."
화력부대 현황,2025년 10월 31일 3시 58분,"52S DG 277 954 사격 진지에 8인치자주포 8문이 운용 중, 현재 상태는 사격불가능으로 판단됨."
화력부대 현황,2025년 10월 31일 4시 28분,"52S DG 264 949 사격 배치지에 105mm견인포 16문이 운용 중, 현재 상태는 사격불가능으로 보고됨."
화력부대 현황,2025년 10월 31일 7시 45분,"52S DG 266 947 배치 위치에 175mm자주포 28문이 확보되어 있음, 현재 상태는 이동중으로 평가됨."
화력부대 현황,2025년 10월 31일 8시 52분,"52S DG 273 975 사격 진지에 155mm견인포 19문이 전개되어 있음, 현재 상태는 사격가능으로 확인됨."
화력부대 현황,2025년 10월 31일 10시 15분,"52S DG 294 955 포진지에 155mm견인포 21문이 대기 중임, 현재 상태는 사격불가능으로 평가됨."
화력부대 현황,2025년 10월 31일 13시 13분,"52S DG 291 955 배치 위치에 8인치자주포 23문이 배치된 상태임, 현재 상태는 사격가능으로 확인됨."
화력부대 현황,2025년 10월 31일 13시 38분,"52S DG 282 946 사격 진지에 130mm다련장 16문이 배치된 상태임, 현재 상태는 사격가능으로 관찰됨."
화력부대 현황,2025년 10월 31일 15시 26분,"52S DG 265 955 사격 진지에 어네스트존 7문이 확보되어 있음, 현재 상태는 사격중으로 보고됨."
화력부대 현황,2025년 10월 31일 15시 39분,"52S DG 264 956 사격 배치지에 MLRS 15문이 배치된 상태임, 현재 상태는 사격가능으로 관찰됨."
화력부대 현황,2025년 10월 31일 17시 23분,"52S DG 277 948 배치 위치에 155mm자주포(K-55) 17문이 확보되어 있음, 현재 상태는 사격불가능으로 판단됨."
화력부대 현황,2025년 10월 31일 22시 36분,"52S DG 282 981 사격 진지에 130mm다련장 18문이 대기 중임, 현재 상태는 이동중으로 추정됨."
화력부대 현황,2025년 10월 31일 22시 51분,"52S DG 284 975 사격 배치지에 어네스트존 29문이 확보되어 있음, 현재 상태는 이동중으로 평가됨."
화력부대 현황,2025년 11월 1일 4시 30분,"52S DG 279 980 배치 위치에 175mm자주포 6문이 운용 중, 현재 상태는 사격불가능으로 식별됨."
화력부대 현황,2025년 11월 1일 16시 8분,"52S DG 284 947 포진지에 155mm견인포 11문이 배치된 상태임, 현재 상태는 이동중으로 판단됨."
화력부대 현황,2025년 11월 1일 21시 31분,"52S DG 276 986 포진지에 8인치자주포 3문이 확보되어 있음, 현재 상태는 사격준비중으로 판단됨."
화력부대 현황,2025년 11월 1일 23시 34분,"52S DG 274 973 배치 위치에 175mm자주포 20문이 운용 중, 현재 상태는 사격중으로 식별됨."
화력부대 현황,2025년 11월 2일 2시 27분,"52S DG 273 985 사격 진지에 105mm견인포 1문이 운용 중, 현재 상태는 사격가능으로 확인됨."
화력부대 현황,2025년 11월 2일 4시 33분,"52S DG 279 952 배치 위치에 105mm견인포 10문이 배치된 상태임, 현재 상태는 사격불가능으로 판단됨."
화력부대 현황,2025년 11월 2일 7시 12분,"52S DG 282 945 포진지에 105mm견인포 27문이 배치된 상태임, 현재 상태는 사격불가능으로 관찰됨."
화력부대 현황,2025년 11월 2일 11시 31분,"52S DG 292 954 사격 배치지에 어네스트존 29문이 대기 중임, 현재 상태는 사격가능으로 판단됨."
화력부대 현황,2025년 11월 2일 12시 39분,"52S DG 268 966 사격 배치지에 155mm자주포(K-9) 18문이 운용 중, 현재 상태는 이동중으로 평가됨."
화력부대 현황,2025년 11월 2일 13시 36분,"52S DG 268 957 사격 진지에 155mm견인포 4문이 배치된 상태임, 현재 상태는 사격중으로 보고됨."
화력부대 현황,2025년 11월 2일 17시 21분,"52S DG 283 962 전개 위치에 175mm자주포 8문이 확보되어 있음, 현재 상태는 사격불가능으로 보고됨."
화력부대 현황,2025년 11월 2일 18시 4분,"52S DG 280 984 사격 진지에 175mm자주포 15문이 대기 중임, 현재 상태는 사격불가능으로 보고됨."
화력부대 현황,2025년 11월 2일 23시 36분,"52S DG 288 981 배치 위치에 130mm다련장 26문이 운용 중, 현재 상태는 사격준비중으로 보고됨."
화력부대 현황,2025년 11월 3일 1시 29분,"52S DG 271 964 배치 위치에 어네스트존 16문이 전개되어 있음, 현재 상태는 사격준비중으로 유지 중임."
화력부대 현황,2025년 11월 3일 3시 59분,"52S DG 266 961 사격 배치지에 175mm자주포 28문이 확보되어 있음, 현재 상태는 사격가능으로 확인됨."
화력부대 현황,2025년 11월 3일 5시 22분,"52S DG 268 975 전개 위치에 105mm견인포 27문이 확보되어 있음, 현재 상태는 이동중으로 평가됨."
화력부대 현황,2025년 11월 3일 6시 39분,"52S DG 285 966 전개 위치에 155mm자주포(K-55) 7문이 대기 중임, 현재 상태는 이동중으로 판단됨."
화력부대 현황,2025년 11월 3일 7시 53분,"52S DG 279 952 배치 위치에 130mm다련장 28문이 전개되어 있음, 현재 상태는 이동중으로 관찰됨."
화력부대 현황,2025년 11월 3일 9시 12분,"52S DG 292 958 사격 진지에 8인치자주포 27문이 배치된 상태임, 현재 상태는 이동중으로 확인됨."
화력부대 현황,2025년 11월 3일 10시 36분,"52S DG 281 947 전개 위치에 155mm자주포(K-55) 14문이 확보되어 있음, 현재 상태는 사격불가능으로 판단됨."
화력부대 현황,2025년 11월 3일 15시 56분,"52S DG 277 951 사격 배치지에 175mm자주포 22문이 전개되어 있음, 현재 상태는 사격준비중으로 추정됨."
화력부대 현황,2025년 11월 3일 16시 31분,"52S DG 264 981 사격 배치지에 175mm자주포 2문이 확보되어 있음, 현재 상태는 사격중으로 보고됨."
화력부대 현황,2025년 11월 3일 18시 43분,"52S DG 285 981 배치 위치에 MLRS 29문이 배치된 상태임, 현재 상태는 이동중으로 확인됨."
화력부대 현황,2025년 11월 4일 0시 19분,"52S DG 293 959 포진지에 155mm자주포(K-9) 21문이 운용 중, 현재 상태는 사격중으로 판단됨."
화력부대 현황,2025년 11월 4일 6시 45분,"52S DG 286 979 사격 진지에 130mm다련장 20문이 배치된 상태임, 현재 상태는 이동중으로 판단됨."
화력부대 현황,2025년 11월 4일 8시 52분,"52S DG 278 979 사격 진지에 155mm견인포 27문이 대기 중임, 현재 상태는 사격준비중으로 유지 중임."
화력부대 현황,2025년 11월 4일 15시 58분,"52S DG 271 976 배치 위치에 175mm자주포 19문이 운용 중, 현재 상태는 사격중으로 추정됨."
화력부대 현황,2025년 11월 4일 18시 41분,"52S DG 294 964 사격 배치지에 155mm자주포(K-55) 30문이 확보되어 있음, 현재 상태는 사격가능으로 판단됨."
화력부대 현황,2025년 11월 4일 19시 25분,"52S DG 271 951 전개 위치에 어네스트존 12문이 대기 중임, 현재 상태는 사격중으로 추정됨."
화력부대 현황,2025년 11월 4일 21시 13분,"52S DG 289 949 배치 위치에 105mm견인포 29문이 대기 중임, 현재 상태는 이동중으로 추정됨."
화력부대 현황,2025년 11월 5일 1시 12분,"52S DG 268 957 포진지에 MLRS 7문이 배치된 상태임, 현재 상태는 사격가능으로 판단됨."
화력부대 현황,2025년 11월 5일 3시 1분,"52S DG 280 980 사격 배치지에 105mm견인포 16문이 확보되어 있음, 현재 상태는 사격중으로 평가됨."
화력부대 현황,2025년 11월 5일 3시 18분,"52S DG 272 969 배치 위치에 155mm자주포(K-9) 12문이 대기 중임, 현재 상태는 사격불가능으로 확인됨."
화력부대 현황,2025년 11월 5일 5시 24분,"52S DG 269 984 전개 위치에 MLRS 23문이 운용 중, 현재 상태는 사격불가능으로 보고됨."
화력부대 현황,2025년 11월 5일 11시 14분,"52S DG 283 955 사격 진지에 어네스트존 17문이 배치된 상태임, 현재 상태는 사격중으로 보고됨."
화력부대 현황,2025년 11월 5일 13시 8분,"52S DG 279 967 전개 위치에 130mm다련장 29문이 전개되어 있음, 현재 상태는 사격가능으로 관찰됨."
화력부대 현황,2025년 11월 5일 18시 39분,"52S DG 293 958 배치 위치에 175mm자주포 16문이 운용 중, 현재 상태는 사격가능으로 유지 중임."
화력부대 현황,2025년 11월 5일 21시 7분,"52S DG 290 978 배치 위치에 MLRS 11문이 대기 중임, 현재 상태는 사격가능으로 확인됨."
화력부대 현황,2025년 11월 6일 5시 50분,"52S DG 291 955 배치 위치에 MLRS 7문이 운용 중, 현재 상태는 사격준비중으로 보고됨."
화력부대 현황,2025년 11월 6일 8시 8분,"52S DG 274 947 사격 진지에 155mm자주포(K-55) 19문이 배치된 상태임, 현재 상태는 사격중으로 관찰됨."
화력부대 현황,2025년 11월 6일 11시 7분,"52S DG 290 971 사격 배치지에 105mm견인포 13문이 전개되어 있음, 현재 상태는 사격불가능으로 유지 중임."
화력부대 현황,2025년 11월 6일 14시 1분,"52S DG 286 953 포진지에 130mm다련장 13문이 배치된 상태임, 현재 상태는 사격불가능으로 유지 중임."
화력부대 현황,2025년 11월 6일 14시 52분,"52S DG 268 978 배치 위치에 8인치자주포 21문이 대기 중임, 현재 상태는 이동중으로 확인됨."
화력부대 현황,2025년 11월 6일 17시 28분,"52S DG 273 969 사격 진지에 155mm견인포 11문이 운용 중, 현재 상태는 사격가능으로 판단됨."
화력부대 현황,2025년 11월 6일 19시 54분,"52S DG 270 944 포진지에 어네스트존 22문이 대기 중임, 현재 상태는 사격준비중으로 식별됨."
화력부대 현황,2025년 11월 6일 22시 33분,"52S DG 282 969 사격 진지에 MLRS 21문이 확보되어 있음, 현재 상태는 사격가능으로 식별됨."
화력부대 현황,2025년 11월 7일 0시 49분,"52S DG 286 951 전개 위치에 어네스트존 19문이 배치된 상태임, 현재 상태는 사격중으로 보고됨."
화력부대 현황,2025년 11월 7일 3시 19분,"52S DG 284 945 전개 위치에 130mm다련장 16문이 확보되어 있음, 현재 상태는 사격가능으로 보고됨."
화력부대 현황,2025년 11월 7일 5시 59분,"52S DG 285 969 배치 위치에 155mm자주포(K-9) 28문이 전개되어 있음, 현재 상태는 사격가능으로 식별됨."
화력부대 현황,2025년 11월 7일 10시 0분,"52S DG 283 948 사격 진지에 155mm자주포(K-55) 1문이 확보되어 있음, 현재 상태는 사격준비중으로 식별됨."
화력부대 현황,2025년 11월 7일 10시 1분,"52S DG 270 961 사격 진지에 105mm견인포 8문이 확보되어 있음, 현재 상태는 사격불가능으로 판단됨."
화력부대 현황,2025년 11월 7일 11시 57분,"52S DG 267 950 사격 진지에 8인치자주포 21문이 확보되어 있음, 현재 상태는 사격불가능으로 평가됨."
화력부대 현황,2025년 11월 7일 14시 11분,"52S DG 284 945 사격 진지에 155mm자주포(K-55) 23문이 배치된 상태임, 현재 상태는 이동중으로 판단됨."
화력부대 현황,2025년 11월 7일 18시 29분,"52S DG 271 975 포진지에 8인치자주포 20문이 대기 중임, 현재 상태는 사격가능으로 판단됨."
화력부대 현황,2025년 11월 7일 19시 4분,"52S DG 287 952 포진지에 MLRS 10문이 배치된 상태임, 현재 상태는 사격중으로 관찰됨."
화력부대 현황,2025년 11월 7일 19시 55분,"52S DG 281 974 전개 위치에 105mm견인포 29문이 운용 중, 현재 상태는 이동중으로 추정됨."
화력부대 현황,2025년 11월 7일 21시 35분,"52S DG 274 962 배치 위치에 155mm자주포(K-55) 15문이 대기 중임, 현재 상태는 사격준비중으로 보고됨."
화력부대 현황,2025년 11월 8일 0시 3분,"52S DG 275 954 배치 위치에 8인치자주포 11문이 대기 중임, 현재 상태는 이동중으로 추정됨."
화력부대 현황,2025년 11월 8일 0시 24분,"52S DG 294 967 포진지에 8인치자주포 13문이 배치된 상태임, 현재 상태는 사격가능으로 평가됨."
화력부대 현황,2025년 11월 8일 6시 15분,"52S DG 270 969 전개 위치에 155mm견인포 14문이 대기 중임, 현재 상태는 이동중으로 관찰됨."
화력부대 현황,2025년 11월 8일 6시 52분,"52S DG 266 953 포진지에 155mm자주포(K-55) 24문이 운용 중, 현재 상태는 사격가능으로 관찰됨."
화력부대 현황,2025년 11월 8일 9시 24분,"52S DG 291 975 전개 위치에 어네스트존 13문이 전개되어 있음, 현재 상태는 사격불가능으로 관찰됨."
화력부대 현황,2025년 11월 8일 9시 29분,"52S DG 292 951 포진지에 105mm견인포 10문이 운용 중, 현재 상태는 이동중으로 판단됨."
화력부대 현황,2025년 11월 8일 13시 26분,"52S DG 290 961 전개 위치에 155mm견인포 4문이 운용 중, 현재 상태는 이동중으로 보고됨."
화력부대 현황,2025년 11월 8일 16시 52분,"52S DG 266 986 전개 위치에 130mm다련장 18문이 확보되어 있음, 현재 상태는 사격준비중으로 식별됨."
화력부대 현황,2025년 11월 8일 17시 4분,"52S DG 289 966 사격 배치지에 155mm견인포 15문이 확보되어 있음, 현재 상태는 사격준비중으로 보고됨."
화력부대 현황,2025년 11월 8일 19시 46분,"52S DG 281 983 포진지에 MLRS 13문이 대기 중임, 현재 상태는 사격불가능으로 보고됨."
화력부대 현황,2025년 11월 8일 21시 4분,"52S DG 287 967 전개 위치에 105mm견인포 21문이 배치된 상태임, 현재 상태는 사격준비중으로 식별됨."
화력부대 현황,2025년 11월 8일 22시 23분,"52S DG 274 981 사격 배치지에 130mm다련장 10문이 운용 중, 현재 상태는 사격준비중으로 평가됨."
화력부대 현황,2025년 11월 8일 23시 44분,"52S DG 281 945 배치 위치에 155mm자주포(K-55) 6문이 대기 중임, 현재 상태는 사격준비중으로 식별됨."
화력부대 현황,2025년 11월 9일 4시 50분,"52S DG 283 985 포진지에 155mm견인포 15문이 배치된 상태임, 현재 상태는 사격불가능으로 평가됨."
화력부대 현황,2025년 11월 9일 6시 5분,"52S DG 288 958 사격 진지에 155mm자주포(K-9) 13문이 전개되어 있음, 현재 상태는 사격불가능으로 확인됨."
화력부대 현황,2025년 11월 9일 7시 52분,"52S DG 271 974 전개 위치에 155mm견인포 1문이 확보되어 있음, 현재 상태는 사격준비중으로 평가됨."
화력부대 현황,2025년 11월 9일 9시 45분,"52S DG 267 947 포진지에 MLRS 16문이 확보되어 있음, 현재 상태는 사격불가능으로 보고됨."
화력부대 현황,2025년 11월 9일 9시 47분,"52S DG 266 945 사격 배치지에 130mm다련장 10문이 배치된 상태임, 현재 상태는 이동중으로 유지 중임."
화력부대 현황,2025년 11월 9일 11시 34분,"52S DG 292 978 사격 배치지에 175mm자주포 13문이 전개되어 있음, 현재 상태는 사격가능으로 식별됨."
화력부대 현황,2025년 11월 9일 12시 29분,"52S DG 280 972 포진지에 155mm자주포(K-9) 13문이 전개되어 있음, 현재 상태는 이동중으로 추정됨."
화력부대 현황,2025년 11월 9일 13시 48분,"52S DG 276 980 사격 배치지에 155mm자주포(K-55) 14문이 대기 중임, 현재 상태는 사격가능으로 평가됨."
화력부대 현황,2025년 11월 9일 14시 40분,"52S DG 267 973 사격 배치지에 155mm견인포 12문이 전개되어 있음, 현재 상태는 사격가능으로 유지 중임."
화력부대 현황,2025년 11월 9일 15시 42분,"52S DG 280 955 사격 배치지에 175mm자주포 27문이 대기 중임, 현재 상태는 이동중으로 평가됨."
화력부대 현황,2025년 11월 9일 17시 58분,"52S DG 292 960 사격 배치지에 155mm자주포(K-9) 21문이 전개되어 있음, 현재 상태는 사격불가능으로 보고됨."
화력부대 현황,2025년 11월 9일 18시 3분,"52S DG 284 948 배치 위치에 MLRS 17문이 배치된 상태임, 현재 상태는 사격준비중으로 관찰됨."
화력부대 현황,2025년 11월 10일 0시 35분,"52S DG 265 945 사격 진지에 MLRS 22문이 확보되어 있음, 현재 상태는 사격중으로 판단됨."
화력부대 현황,2025년 11월 10일 0시 53분,"52S DG 273 946 사격 배치지에 155mm자주포(K-9) 17문이 확보되어 있음, 현재 상태는 사격가능으로 보고됨."
화력부대 현황,2025년 11월 10일 2시 0분,"52S DG 279 947 사격 배치지에 175mm자주포 9문이 확보되어 있음, 현재 상태는 사격중으로 추정됨."
화력부대 현황,2025년 11월 10일 4시 34분,"52S DG 288 955 배치 위치에 8인치자주포 23문이 확보되어 있음, 현재 상태는 사격불가능으로 식별됨."
화력부대 현황,2025년 11월 10일 6시 14분,"52S DG 290 980 사격 진지에 MLRS 30문이 배치된 상태임, 현재 상태는 이동중으로 유지 중임."
화력부대 현황,2025년 11월 10일 8시 43분,"52S DG 269 986 전개 위치에 105mm견인포 14문이 운용 중, 현재 상태는 사격불가능으로 식별됨."
화력부대 현황,2025년 11월 10일 13시 55분,"52S DG 270 969 전개 위치에 155mm자주포(K-9) 11문이 운용 중, 현재 상태는 이동중으로 판단됨."
화력부대 현황,2025년 11월 10일 15시 26분,"52S DG 287 986 사격 배치지에 8인치자주포 18문이 확보되어 있음, 현재 상태는 이동중으로 확인됨."
화력부대 현황,2025년 11월 10일 17시 15분,"52S DG 289 947 전개 위치에 155mm자주포(K-9) 4문이 확보되어 있음, 현재 상태는 사격준비중으로 확인됨."
화력부대 현황,2025년 11월 10일 18시 21분,"52S DG 286 985 사격 진지에 175mm자주포 3문이 운용 중, 현재 상태는 사격가능으로 식별됨."
화력부대 현황,2025년 11월 10일 19시 1분,"52S DG 270 944 사격 배치지에 어네스트존 12문이 운용 중, 현재 상태는 이동중으로 확인됨."
화력부대 현황,2025년 11월 10일 20시 7분,"52S DG 279 950 사격 배치지에 155mm자주포(K-55) 18문이 배치된 상태임, 현재 상태는 사격가능으로 유지 중임."
화력부대 현황,2025년 11월 10일 21시 54분,"52S DG 268 947 포진지에 155mm자주포(K-9) 9문이 전개되어 있음, 현재 상태는 사격가능으로 관찰됨."
화력부대 현황,2025년 11월 10일 22시 43분,"52S DG 286 985 배치 위치에 105mm견인포 12문이 확보되어 있음, 현재 상태는 사격가능으로 확인됨."
화력부대 현황,2025년 11월 11일 3시 45분,"52S DG 278 958 전개 위치에 어네스트존 17문이 전개되어 있음, 현재 상태는 이동중으로 식별됨."
화력부대 현황,2025년 11월 11일 5시 56분,"52S DG 277 965 포진지에 105mm견인포 6문이 대기 중임, 현재 상태는 이동중으로 판단됨."
화력부대 현황,2025년 11월 11일 6시 45분,"52S DG 294 961 전개 위치에 155mm자주포(K-9) 26문이 대기 중임, 현재 상태는 사격중으로 보고됨."
화력부대 현황,2025년 11월 11일 10시 49분,"52S DG 291 978 사격 배치지에 105mm견인포 28문이 전개되어 있음, 현재 상태는 사격준비중으로 유지 중임."
화력부대 현황,2025년 11월 11일 15시 45분,"52S DG 269 977 포진지에 MLRS 21문이 대기 중임, 현재 상태는 이동중으로 추정됨."
화력부대 현황,2025년 11월 11일 15시 46분,"52S DG 268 979 배치 위치에 130mm다련장 2문이 확보되어 있음, 현재 상태는 사격중으로 판단됨."
화력부대 현황,2025년 11월 11일 15시 49분,"52S DG 285 962 사격 배치지에 105mm견인포 10문이 운용 중, 현재 상태는 사격중으로 관찰됨."
화력부대 현황,2025년 11월 11일 18시 57분,"52S DG 265 976 사격 진지에 175mm자주포 25문이 운용 중, 현재 상태는 사격준비중으로 관찰됨."
화력부대 현황,2025년 11월 11일 20시 23분,"52S DG 270 970 포진지에 어네스트존 15문이 전개되어 있음, 현재 상태는 사격불가능으로 확인됨."
화력부대 현황,2025년 11월 11일 20시 36분,"52S DG 272 945 사격 진지에 155mm자주포(K-9) 24문이 운용 중, 현재 상태는 사격불가능으로 평가됨."
화력부대 현황,2025년 11월 11일 22시 20분,"52S DG 265 971 전개 위치에 155mm견인포 24문이 전개되어 있음, 현재 상태는 사격준비중으로 판단됨."
화력부대 현황,2025년 11월 12일 3시 10분,"52S DG 294 986 전개 위치에 MLRS 27문이 전개되어 있음, 현재 상태는 사격중으로 식별됨."
화력부대 현황,2025년 11월 12일 6시 43분,"52S DG 281 962 배치 위치에 155mm자주포(K-9) 1문이 배치된 상태임, 현재 상태는 사격준비중으로 식별됨."
화력부대 현황,2025년 11월 12일 7시 46분,"52S DG 292 944 배치 위치에 MLRS 8문이 확보되어 있음, 현재 상태는 사격불가능으로 보고됨."
화력부대 현황,2025년 11월 12일 10시 0분,"52S DG 287 947 사격 진지에 어네스트존 12문이 확보되어 있음, 현재 상태는 사격가능으로 보고됨."
화력부대 현황,2025년 11월 12일 10시 40분,"52S DG 277 959 배치 위치에 MLRS 8문이 운용 중, 현재 상태는 이동중으로 식별됨."
화력부대 현황,2025년 11월 12일 11시 8분,"52S DG 264 986 사격 배치지에 155mm자주포(K-55) 24문이 대기 중임, 현재 상태는 사격가능으로 판단됨."
화력부대 현황,2025년 11월 12일 11시 29분,"52S DG 289 971 사격 배치지에 155mm견인포 5문이 운용 중, 현재 상태는 이동중으로 관찰됨."
화력부대 현황,2025년 11월 12일 14시 55분,"52S DG 275 963 배치 위치에 155mm견인포 16문이 운용 중, 현재 상태는 사격중으로 추정됨."
화력부대 현황,2025년 11월 12일 23시 51분,"52S DG 267 977 배치 위치에 어네스트존 21문이 운용 중, 현재 상태는 사격불가능으로 확인됨."
화력부대 현황,2025년 11월 13일 8시 27분,"52S DG 291 954 사격 진지에 155mm자주포(K-55) 7문이 운용 중, 현재 상태는 사격준비중으로 추정됨."
화력부대 현황,2025년 11월 13일 8시 39분,"52S DG 266 981 사격 배치지에 175mm자주포 12문이 대기 중임, 현재 상태는 사격중으로 판단됨."
화력부대 현황,2025년 11월 13일 14시 29분,"52S DG 264 979 배치 위치에 8인치자주포 7문이 대기 중임, 현재 상태는 사격중으로 관찰됨."
화력부대 현황,2025년 11월 13일 14시 33분,"52S DG 291 970 배치 위치에 155mm자주포(K-9) 4문이 배치된 상태임, 현재 상태는 사격불가능으로 판단됨."
화력부대 현황,2025년 11월 13일 20시 13분,"52S DG 294 983 사격 진지에 155mm자주포(K-55) 28문이 대기 중임, 현재 상태는 이동중으로 확인됨."
화력부대 현황,2025년 11월 13일 23시 1분,"52S DG 292 977 전개 위치에 155mm견인포 22문이 확보되어 있음, 현재 상태는 사격중으로 유지 중임."
화력부대 현황,2025년 11월 14일 4시 54분,"52S DG 294 947 사격 진지에 175mm자주포 5문이 배치된 상태임, 현재 상태는 사격준비중으로 평가됨."
화력부대 현황,2025년 11월 14일 13시 42분,"52S DG 284 944 포진지에 어네스트존 6문이 배치된 상태임, 현재 상태는 사격가능으로 관찰됨."
화력부대 현황,2025년 11월 14일 14시 4분,"52S DG 271 964 배치 위치에 155mm자주포(K-55) 21문이 전개되어 있음, 현재 상태는 사격중으로 보고됨."
화력부대 현황,2025년 11월 14일 19시 34분,"52S DG 293 965 배치 위치에 155mm자주포(K-9) 21문이 대기 중임, 현재 상태는 사격준비중으로 유지 중임."
화력부대 현황,2025년 11월 14일 21시 32분,"52S DG 276 957 사격 배치지에 155mm자주포(K-55) 2문이 대기 중임, 현재 상태는 사격준비중으로 확인됨."
화력부대 현황,2025년 11월 14일 21시 58분,"52S DG 292 965 사격 진지에 155mm견인포 28문이 운용 중, 현재 상태는 사격가능으로 추정됨."
화력부대 현황,2025년 11월 15일 1시 44분,"52S DG 264 981 사격 진지에 105mm견인포 23문이 운용 중, 현재 상태는 사격준비중으로 확인됨."
화력부대 현황,2025년 11월 15일 5시 29분,"52S DG 277 977 포진지에 8인치자주포 16문이 확보되어 있음, 현재 상태는 이동중으로 추정됨."
화력부대 현황,2025년 11월 15일 8시 0분,"52S DG 280 973 포진지에 MLRS 14문이 배치된 상태임, 현재 상태는 이동중으로 유지 중임."
화력부대 현황,2025년 11월 15일 8시 3분,"52S DG 277 967 전개 위치에 155mm자주포(K-9) 21문이 확보되어 있음, 현재 상태는 이동중으로 확인됨."
화력부대 현황,2025년 11월 15일 11시 11분,"52S DG 292 961 전개 위치에 155mm자주포(K-9) 20문이 전개되어 있음, 현재 상태는 이동중으로 평가됨."
화력부대 현황,2025년 11월 15일 11시 44분,"52S DG 282 980 포진지에 8인치자주포 11문이 확보되어 있음, 현재 상태는 사격준비중으로 확인됨."
화력부대 현황,2025년 11월 15일 12시 16분,"52S DG 286 985 배치 위치에 155mm견인포 20문이 배치된 상태임, 현재 상태는 사격가능으로 유지 중임."
화력부대 현황,2025년 11월 15일 12시 53분,"52S DG 286 963 사격 배치지에 155mm견인포 19문이 확보되어 있음, 현재 상태는 이동중으로 유지 중임."
화력부대 현황,2025년 11월 15일 14시 12분,"52S DG 274 956 전개 위치에 155mm자주포(K-55) 15문이 운용 중, 현재 상태는 이동중으로 관찰됨."
화력부대 현황,2025년 11월 15일 15시 33분,"52S DG 266 965 사격 배치지에 8인치자주포 5문이 운용 중, 현재 상태는 이동중으로 식별됨."
화력부대 현황,2025년 11월 15일 16시 34분,"52S DG 281 954 배치 위치에 155mm자주포(K-55) 22문이 대기 중임, 현재 상태는 이동중으로 식별됨."
화력부대 현황,2025년 11월 15일 20시 26분,"52S DG 265 950 전개 위치에 155mm자주포(K-9) 28문이 배치된 상태임, 현재 상태는 사격준비중으로 확인됨."
화력부대 현황,2025년 11월 15일 23시 46분,"52S DG 271 954 사격 진지에 8인치자주포 29문이 운용 중, 현재 상태는 사격불가능으로 확인됨."
화력부대 현황,2025년 11월 15일 23시 51분,"52S DG 267 956 사격 진지에 105mm견인포 27문이 확보되어 있음, 현재 상태는 이동중으로 평가됨."
화력부대 현황,2025년 11월 16일 0시 10분,"52S DG 289 952 포진지에 MLRS 23문이 확보되어 있음, 현재 상태는 사격중으로 판단됨."
화력부대 현황,2025년 11월 16일 5시 26분,"52S DG 272 981 사격 배치지에 130mm다련장 20문이 배치된 상태임, 현재 상태는 사격중으로 보고됨."
화력부대 현황,2025년 11월 16일 12시 35분,"52S DG 280 951 전개 위치에 어네스트존 25문이 배치된 상태임, 현재 상태는 사격준비중으로 관찰됨."
화력부대 현황,2025년 11월 16일 14시 57분,"52S DG 273 982 배치 위치에 105mm견인포 4문이 운용 중, 현재 상태는 사격가능으로 유지 중임."
화력부대 현황,2025년 11월 16일 15시 48분,"52S DG 270 976 포진지에 어네스트존 16문이 대기 중임, 현재 상태는 사격불가능으로 추정됨."
화력부대 현황,2025년 11월 16일 20시 59분,"52S DG 286 966 배치 위치에 130mm다련장 3문이 운용 중, 현재 상태는 사격중으로 추정됨."
화력부대 현황,2025년 11월 16일 21시 57분,"52S DG 283 970 배치 위치에 175mm자주포 30문이 확보되어 있음, 현재 상태는 사격불가능으로 추정됨."
화력부대 현황,2025년 11월 16일 23시 49분,"52S DG 269 955 사격 진지에 130mm다련장 3문이 배치된 상태임, 현재 상태는 사격불가능으로 확인됨."
화력부대 현황,2025년 11월 17일 9시 22분,"52S DG 273 954 전개 위치에 105mm견인포 17문이 대기 중임, 현재 상태는 사격준비중으로 유지 중임."
화력부대 현황,2025년 11월 17일 9시 27분,"52S DG 278 952 포진지에 130mm다련장 25문이 전개되어 있음, 현재 상태는 사격가능으로 식별됨."
화력부대 현황,2025년 11월 17일 9시 53분,"52S DG 266 946 전개 위치에 155mm견인포 6문이 전개되어 있음, 현재 상태는 사격가능으로 유지 중임."
화력부대 현황,2025년 11월 17일 12시 31분,"52S DG 275 986 배치 위치에 MLRS 28문이 대기 중임, 현재 상태는 사격준비중으로 보고됨."
화력부대 현황,2025년 11월 17일 14시 37분,"52S DG 269 946 사격 배치지에 어네스트존 24문이 운용 중, 현재 상태는 이동중으로 평가됨."
화력부대 현황,2025년 11월 17일 15시 4분,"52S DG 290 971 사격 배치지에 MLRS 15문이 전개되어 있음, 현재 상태는 사격불가능으로 판단됨."
화력부대 현황,2025년 11월 17일 15시 26분,"52S DG 268 977 배치 위치에 175mm자주포 16문이 운용 중, 현재 상태는 이동중으로 추정됨."
화력부대 현황,2025년 11월 17일 16시 30분,"52S DG 271 980 포진지에 175mm자주포 15문이 확보되어 있음, 현재 상태는 사격준비중으로 확인됨."
화력부대 현황,2025년 11월 17일 16시 39분,"52S DG 278 947 전개 위치에 어네스트존 2문이 배치된 상태임, 현재 상태는 사격가능으로 관찰됨."
화력부대 현황,2025년 11월 17일 18시 12분,"52S DG 283 951 전개 위치에 105mm견인포 18문이 배치된 상태임, 현재 상태는 사격중으로 관찰됨."
화력부대 현황,2025년 11월 17일 20시 51분,"52S DG 267 967 배치 위치에 155mm자주포(K-55) 17문이 확보되어 있음, 현재 상태는 사격중으로 유지 중임."
화력부대 현황,2025년 11월 18일 2시 2분,"52S DG 291 986 포진지에 8인치자주포 19문이 대기 중임, 현재 상태는 사격불가능으로 확인됨."
화력부대 현황,2025년 11월 18일 4시 42분,"52S DG 285 956 사격 진지에 8인치자주포 7문이 전개되어 있음, 현재 상태는 사격준비중으로 평가됨."
화력부대 현황,2025년 11월 18일 9시 1분,"52S DG 265 977 전개 위치에 8인치자주포 18문이 대기 중임, 현재 상태는 사격가능으로 추정됨."
화력부대 현황,2025년 11월 18일 17시 18분,"52S DG 273 953 포진지에 8인치자주포 19문이 운용 중, 현재 상태는 사격중으로 추정됨."
화력부대 현황,2025년 11월 18일 17시 39분,"52S DG 281 978 배치 위치에 130mm다련장 29문이 배치된 상태임, 현재 상태는 사격준비중으로 판단됨."
화력부대 현황,2025년 11월 18일 17시 44분,"52S DG 273 965 포진지에 155mm자주포(K-55) 30문이 대기 중임, 현재 상태는 사격가능으로 평가됨."
화력부대 현황,2025년 11월 19일 0시 3분,"52S DG 287 984 전개 위치에 MLRS 23문이 대기 중임, 현재 상태는 사격준비중으로 식별됨."
화력부대 현황,2025년 11월 19일 0시 28분,"52S DG 266 985 사격 진지에 105mm견인포 29문이 배치된 상태임, 현재 상태는 사격준비중으로 식별됨."
화력부대 현황,2025년 11월 19일 5시 15분,"52S DG 292 969 전개 위치에 어네스트존 12문이 전개되어 있음, 현재 상태는 사격가능으로 평가됨."
화력부대 현황,2025년 11월 19일 5시 44분,"52S DG 284 984 사격 배치지에 어네스트존 16문이 배치된 상태임, 현재 상태는 사격불가능으로 추정됨."
화력부대 현황,2025년 11월 19일 7시 8분,"52S DG 280 951 사격 진지에 어네스트존 29문이 확보되어 있음, 현재 상태는 이동중으로 식별됨."
화력부대 현황,2025년 11월 19일 9시 2분,"52S DG 273 953 배치 위치에 어네스트존 3문이 운용 중, 현재 상태는 이동중으로 관찰됨."
화력부대 현황,2025년 11월 19일 11시 14분,"52S DG 272 984 배치 위치에 175mm자주포 4문이 확보되어 있음, 현재 상태는 사격가능으로 유지 중임."
화력부대 현황,2025년 11월 19일 11시 29분,"52S DG 294 955 사격 배치지에 155mm자주포(K-55) 3문이 확보되어 있음, 현재 상태는 사격불가능으로 평가됨."
화력부대 현황,2025년 11월 19일 11시 46분,"52S DG 288 971 포진지에 8인치자주포 4문이 확보되어 있음, 현재 상태는 사격불가능으로 추정됨."
화력부대 현황,2025년 11월 19일 21시 50분,"52S DG 280 975 배치 위치에 105mm견인포 3문이 전개되어 있음, 현재 상태는 사격가능으로 추정됨."
화력부대 현황,2025년 11월 19일 21시 56분,"52S DG 287 977 전개 위치에 어네스트존 3문이 운용 중, 현재 상태는 사격준비중으로 추정됨."
화력부대 현황,2025년 11월 19일 22시 11분,"52S DG 293 953 사격 배치지에 105mm견인포 17문이 배치된 상태임, 현재 상태는 사격가능으로 판단됨."
화력부대 현황,2025년 11월 20일 0시 30분,"52S DG 264 983 배치 위치에 155mm자주포(K-9) 5문이 전개되어 있음, 현재 상태는 사격가능으로 확인됨."
화력부대 현황,2025년 11월 20일 3시 0분,"52S DG 291 966 전개 위치에 155mm자주포(K-55) 14문이 배치된 상태임, 현재 상태는 사격중으로 보고됨."
화력부대 현황,2025년 11월 20일 3시 21분,"52S DG 282 978 사격 진지에 155mm자주포(K-55) 12문이 운용 중, 현재 상태는 사격중으로 확인됨."
화력부대 현황,2025년 11월 20일 3시 56분,"52S DG 281 966 포진지에 MLRS 2문이 배치된 상태임, 현재 상태는 사격중으로 보고됨."
화력부대 현황,2025년 11월 20일 6시 34분,"52S DG 291 973 배치 위치에 어네스트존 28문이 대기 중임, 현재 상태는 사격중으로 유지 중임."
화력부대 현황,2025년 11월 20일 6시 54분,"52S DG 285 960 배치 위치에 MLRS 6문이 배치된 상태임, 현재 상태는 사격가능으로 확인됨."
화력부대 현황,2025년 11월 20일 9시 29분,"52S DG 287 976 전개 위치에 130mm다련장 16문이 확보되어 있음, 현재 상태는 사격중으로 판단됨."
화력부대 현황,2025년 11월 20일 13시 52분,"52S DG 265 968 포진지에 175mm자주포 8문이 운용 중, 현재 상태는 사격준비중으로 추정됨."
화력부대 현황,2025년 11월 20일 14시 41분,"52S DG 284 957 포진지에 175mm자주포 2문이 전개되어 있음, 현재 상태는 이동중으로 평가됨."
화력부대 현황,2025년 11월 20일 15시 24분,"52S DG 278 980 사격 배치지에 155mm견인포 16문이 전개되어 있음, 현재 상태는 사격준비중으로 확인됨."
화력부대 현황,2025년 11월 20일 19시 33분,"52S DG 270 965 전개 위치에 105mm견인포 19문이 운용 중, 현재 상태는 사격불가능으로 판단됨."
화력부대 현황,2025년 11월 20일 21시 38분,"52S DG 265 975 전개 위치에 어네스트존 17문이 확보되어 있음, 현재 상태는 사격불가능으로 추정됨."
화력부대 현황,2025년 11월 20일 23시 37분,"52S DG 277 960 배치 위치에 130mm다련장 11문이 확보되어 있음, 현재 상태는 사격불가능으로 평가됨."
화력부대 현황,2025년 11월 20일 23시 40분,"52S DG 287 985 전개 위치에 175mm자주포 26문이 배치된 상태임, 현재 상태는 이동중으로 평가됨."
화력부대 현황,2025년 11월 21일 1시 43분,"52S DG 291 956 사격 진지에 8인치자주포 14문이 확보되어 있음, 현재 상태는 사격중으로 확인됨."
화력부대 현황,2025년 11월 21일 2시 12분,"52S DG 264 972 포진지에 130mm다련장 30문이 전개되어 있음, 현재 상태는 사격중으로 식별됨."
화력부대 현황,2025년 11월 21일 3시 30분,"52S DG 269 950 전개 위치에 MLRS 14문이 운용 중, 현재 상태는 이동중으로 평가됨."
화력부대 현황,2025년 11월 21일 9시 47분,"52S DG 273 985 사격 배치지에 155mm자주포(K-55) 11문이 확보되어 있음, 현재 상태는 사격중으로 식별됨."
화력부대 현황,2025년 11월 21일 10시 20분,"52S DG 269 946 전개 위치에 155mm자주포(K-55) 20문이 대기 중임, 현재 상태는 사격불가능으로 확인됨."
화력부대 현황,2025년 11월 21일 12시 15분,"52S DG 275 959 전개 위치에 105mm견인포 16문이 배치된 상태임, 현재 상태는 사격가능으로 평가됨."
화력부대 현황,2025년 11월 21일 15시 20분,"52S DG 265 969 포진지에 8인치자주포 22문이 확보되어 있음, 현재 상태는 사격가능으로 보고됨."
화력부대 현황,2025년 11월 21일 18시 24분,"52S DG 288 944 배치 위치에 MLRS 22문이 확보되어 있음, 현재 상태는 사격불가능으로 판단됨."
화력부대 현황,2025년 11월 21일 20시 44분,"52S DG 292 958 전개 위치에 130mm다련장 20문이 전개되어 있음, 현재 상태는 사격가능으로 판단됨."
화력부대 현황,2025년 11월 21일 22시 11분,"52S DG 284 966 사격 배치지에 155mm견인포 11문이 확보되어 있음, 현재 상태는 사격불가능으로 추정됨."
화력부대 현황,2025년 11월 21일 23시 22분,"52S DG 281 983 배치 위치에 105mm견인포 14문이 운용 중, 현재 상태는 사격중으로 식별됨."
화력부대 현황,2025년 11월 22일 2시 3분,"52S DG 277 958 배치 위치에 어네스트존 28문이 운용 중, 현재 상태는 사격준비중으로 식별됨."
화력부대 현황,2025년 11월 22일 4시 30분,"52S DG 289 961 배치 위치에 155mm견인포 27문이 전개되어 있음, 현재 상태는 사격불가능으로 확인됨."
화력부대 현황,2025년 11월 22일 5시 24분,"52S DG 275 985 전개 위치에 어네스트존 11문이 전개되어 있음, 현재 상태는 이동중으로 판단됨."
화력부대 현황,2025년 11월 22일 5시 33분,"52S DG 294 947 전개 위치에 155mm견인포 10문이 전개되어 있음, 현재 상태는 이동중으로 유지 중임."
화력부대 현황,2025년 11월 22일 6시 38분,"52S DG 267 948 사격 진지에 8인치자주포 3문이 확보되어 있음, 현재 상태는 사격준비중으로 판단됨."
화력부대 현황,2025년 11월 22일 8시 6분,"52S DG 276 985 배치 위치에 155mm자주포(K-9) 12문이 대기 중임, 현재 상태는 이동중으로 식별됨."
화력부대 현황,2025년 11월 22일 9시 58분,"52S DG 274 973 배치 위치에 155mm자주포(K-9) 5문이 운용 중, 현재 상태는 사격중으로 유지 중임."
화력부대 현황,2025년 11월 22일 12시 28분,"52S DG 269 984 배치 위치에 175mm자주포 12문이 전개되어 있음, 현재 상태는 사격불가능으로 유지 중임."
화력부대 현황,2025년 11월 22일 13시 34분,"52S DG 265 946 사격 진지에 8인치자주포 4문이 확보되어 있음, 현재 상태는 사격준비중으로 식별됨."
화력부대 현황,2025년 11월 22일 18시 1분,"52S DG 291 975 배치 위치에 8인치자주포 25문이 배치된 상태임, 현재 상태는 사격가능으로 평가됨."
화력부대 현황,2025년 11월 22일 19시 43분,"52S DG 266 983 전개 위치에 155mm자주포(K-9) 1문이 전개되어 있음, 현재 상태는 사격중으로 평가됨."
화력부대 현황,2025년 11월 22일 19시 56분,"52S DG 287 956 사격 배치지에 155mm자주포(K-9) 17문이 확보되어 있음, 현재 상태는 사격가능으로 평가됨."
화력부대 현황,2025년 11월 22일 20시 12분,"52S DG 294 982 전개 위치에 155mm자주포(K-55) 25문이 확보되어 있음, 현재 상태는 사격불가능으로 관찰됨."
화력부대 현황,2025년 11월 23일 2시 13분,"52S DG 277 952 포진지에 175mm자주포 24문이 전개되어 있음, 현재 상태는 사격중으로 식별됨."
화력부대 현황,2025년 11월 23일 2시 18분,"52S DG 269 966 사격 진지에 155mm자주포(K-55) 1문이 확보되어 있음, 현재 상태는 이동중으로 보고됨."
화력부대 현황,2025년 11월 23일 4시 36분,"52S DG 276 952 전개 위치에 155mm견인포 3문이 운용 중, 현재 상태는 이동중으로 관찰됨."
화력부대 현황,2025년 11월 23일 6시 10분,"52S DG 269 959 사격 배치지에 105mm견인포 12문이 배치된 상태임, 현재 상태는 사격중으로 유지 중임."
화력부대 현황,2025년 11월 23일 11시 54분,"52S DG 267 983 사격 배치지에 155mm견인포 20문이 전개되어 있음, 현재 상태는 사격중으로 확인됨."
화력부대 현황,2025년 11월 23일 13시 18분,"52S DG 289 944 전개 위치에 130mm다련장 3문이 대기 중임, 현재 상태는 이동중으로 유지 중임."
화력부대 현황,2025년 11월 23일 13시 51분,"52S DG 279 971 배치 위치에 155mm견인포 2문이 배치된 상태임, 현재 상태는 사격준비중으로 추정됨."
화력부대 현황,2025년 11월 23일 15시 40분,"52S DG 270 966 사격 진지에 175mm자주포 10문이 운용 중, 현재 상태는 사격불가능으로 평가됨."
화력부대 현황,2025년 11월 23일 17시 31분,"52S DG 288 968 전개 위치에 155mm자주포(K-55) 8문이 확보되어 있음, 현재 상태는 사격불가능으로 유지 중임."
화력부대 현황,2025년 11월 23일 19시 55분,"52S DG 280 962 사격 배치지에 155mm자주포(K-55) 12문이 운용 중, 현재 상태는 사격가능으로 유지 중임."
화력부대 현황,2025년 11월 23일 20시 58분,"52S DG 282 969 전개 위치에 175mm자주포 19문이 대기 중임, 현재 상태는 이동중으로 보고됨."
화력부대 현황,2025년 11월 23일 21시 49분,"52S DG 273 956 사격 진지에 어네스트존 8문이 운용 중, 현재 상태는 사격준비중으로 확인됨."
화력부대 현황,2025년 11월 24일 1시 34분,"52S DG 290 950 사격 진지에 어네스트존 3문이 운용 중, 현재 상태는 사격중으로 관찰됨."
화력부대 현황,2025년 11월 24일 1시 47분,"52S DG 283 964 사격 진지에 175mm자주포 25문이 확보되어 있음, 현재 상태는 사격가능으로 추정됨."
화력부대 현황,2025년 11월 24일 8시 6분,"52S DG 289 952 포진지에 105mm견인포 15문이 배치된 상태임, 현재 상태는 사격가능으로 유지 중임."
화력부대 현황,2025년 11월 24일 9시 53분,"52S DG 264 970 사격 진지에 155mm자주포(K-9) 6문이 전개되어 있음, 현재 상태는 사격가능으로 유지 중임."
화력부대 현황,2025년 11월 24일 9시 57분,"52S DG 270 944 사격 진지에 155mm자주포(K-9) 2문이 전개되어 있음, 현재 상태는 사격중으로 확인됨."
화력부대 현황,2025년 11월 25일 0시 3분,"52S DG 293 946 전개 위치에 155mm자주포(K-9) 19문이 전개되어 있음, 현재 상태는 사격불가능으로 추정됨."
화력부대 현황,2025년 11월 25일 3시 7분,"52S DG 277 960 전개 위치에 105mm견인포 25문이 배치된 상태임, 현재 상태는 사격준비중으로 유지 중임."
화력부대 현황,2025년 11월 25일 3시 58분,"52S DG 266 944 사격 진지에 175mm자주포 5문이 전개되어 있음, 현재 상태는 사격불가능으로 판단됨."
화력부대 현황,2025년 11월 25일 9시 6분,"52S DG 269 974 사격 진지에 155mm자주포(K-9) 23문이 전개되어 있음, 현재 상태는 사격중으로 추정됨."
화력부대 현황,2025년 11월 25일 11시 7분,"52S DG 268 981 배치 위치에 MLRS 21문이 확보되어 있음, 현재 상태는 이동중으로 관찰됨."
화력부대 현황,2025년 11월 25일 11시 46분,"52S DG 283 974 사격 진지에 155mm자주포(K-9) 12문이 대기 중임, 현재 상태는 사격가능으로 관찰됨."
화력부대 현황,2025년 11월 25일 15시 58분,"52S DG 282 983 전개 위치에 105mm견인포 1문이 전개되어 있음, 현재 상태는 사격중으로 유지 중임."
화력부대 현황,2025년 11월 25일 18시 23분,"52S DG 264 956 전개 위치에 8인치자주포 14문이 전개되어 있음, 현재 상태는 사격중으로 유지 중임."
화력부대 현황,2025년 11월 25일 21시 14분,"52S DG 282 955 전개 위치에 MLRS 20문이 대기 중임, 현재 상태는 사격가능으로 판단됨."
화력부대 현황,2025년 11월 25일 21시 35분,"52S DG 271 946 사격 진지에 130mm다련장 22문이 배치된 상태임, 현재 상태는 사격불가능으로 관찰됨."
화력부대 현황,2025년 11월 26일 2시 27분,"52S DG 268 979 전개 위치에 155mm자주포(K-55) 12문이 대기 중임, 현재 상태는 이동중으로 확인됨."
화력부대 현황,2025년 11월 26일 4시 33분,"52S DG 277 976 배치 위치에 어네스트존 14문이 대기 중임, 현재 상태는 사격가능으로 보고됨."
화력부대 현황,2025년 11월 26일 4시 52분,"52S DG 283 952 전개 위치에 155mm견인포 19문이 운용 중, 현재 상태는 사격불가능으로 확인됨."
화력부대 현황,2025년 11월 26일 7시 53분,"52S DG 289 954 사격 진지에 105mm견인포 7문이 전개되어 있음, 현재 상태는 이동중으로 식별됨."
화력부대 현황,2025년 11월 26일 11시 58분,"52S DG 279 985 사격 진지에 130mm다련장 29문이 전개되어 있음, 현재 상태는 사격중으로 식별됨."
화력부대 현황,2025년 11월 26일 16시 12분,"52S DG 284 959 전개 위치에 155mm자주포(K-9) 12문이 확보되어 있음, 현재 상태는 사격불가능으로 식별됨."
화력부대 현황,2025년 11월 26일 16시 42분,"52S DG 284 949 포진지에 175mm자주포 18문이 확보되어 있음, 현재 상태는 사격준비중으로 추정됨."
화력부대 현황,2025년 11월 26일 23시 6분,"52S DG 267 946 전개 위치에 어네스트존 11문이 운용 중, 현재 상태는 사격불가능으로 보고됨."
화력부대 현황,2025년 11월 27일 5시 33분,"52S DG 273 950 포진지에 155mm자주포(K-9) 14문이 배치된 상태임, 현재 상태는 사격준비중으로 확인됨."
화력부대 현황,2025년 11월 27일 6시 41분,"52S DG 272 954 배치 위치에 155mm견인포 10문이 확보되어 있음, 현재 상태는 사격불가능으로 평가됨."
화력부대 현황,2025년 11월 27일 10시 45분,"52S DG 276 956 포진지에 130mm다련장 7문이 대기 중임, 현재 상태는 사격준비중으로 관찰됨."
화력부대 현황,2025년 11월 27일 11시 22분,"52S DG 288 946 포진지에 155mm자주포(K-55) 7문이 대기 중임, 현재 상태는 사격불가능으로 추정됨."
화력부대 현황,2025년 11월 27일 15시 48분,"52S DG 274 953 사격 진지에 175mm자주포 11문이 배치된 상태임, 현재 상태는 이동중으로 확인됨."
화력부대 현황,2025년 11월 27일 17시 44분,"52S DG 289 959 사격 진지에 175mm자주포 12문이 배치된 상태임, 현재 상태는 사격중으로 관찰됨."
화력부대 현황,2025년 11월 27일 17시 48분,"52S DG 269 950 포진지에 175mm자주포 19문이 확보되어 있음, 현재 상태는 사격가능으로 식별됨."
화력부대 현황,2025년 11월 27일 17시 52분,"52S DG 277 966 사격 진지에 8인치자주포 4문이 전개되어 있음, 현재 상태는 사격준비중으로 판단됨."
화력부대 현황,2025년 11월 27일 19시 53분,"52S DG 277 956 사격 배치지에 130mm다련장 4문이 전개되어 있음, 현재 상태는 사격불가능으로 확인됨."
화력부대 현황,2025년 11월 27일 21시 14분,"52S DG 288 949 배치 위치에 MLRS 4문이 대기 중임, 현재 상태는 사격중으로 관찰됨."
화력부대 현황,2025년 11월 27일 23시 34분,"52S DG 266 956 사격 배치지에 어네스트존 6문이 대기 중임, 현재 상태는 사격가능으로 확인됨."
화력부대 현황,2025년 11월 28일 4시 22분,"52S DG 285 972 배치 위치에 130mm다련장 25문이 운용 중, 현재 상태는 사격가능으로 확인됨."
화력부대 현황,2025년 11월 28일 6시 44분,"52S DG 273 956 사격 진지에 130mm다련장 5문이 배치된 상태임, 현재 상태는 사격준비중으로 식별됨."
화력부대 현황,2025년 11월 28일 11시 18분,"52S DG 279 968 사격 진지에 어네스트존 14문이 배치된 상태임, 현재 상태는 사격중으로 유지 중임."
화력부대 현황,2025년 11월 28일 13시 22분,"52S DG 278 984 포진지에 8인치자주포 16문이 배치된 상태임, 현재 상태는 이동중으로 유지 중임."
화력부대 현황,2025년 11월 28일 14시 44분,"52S DG 277 956 사격 배치지에 130mm다련장 9문이 대기 중임, 현재 상태는 사격불가능으로 식별됨."
화력부대 현황,2025년 11월 28일 19시 5분,"52S DG 286 950 배치 위치에 155mm견인포 1문이 확보되어 있음, 현재 상태는 사격중으로 보고됨."
화력부대 현황,2025년 11월 28일 19시 57분,"52S DG 280 948 사격 배치지에 155mm견인포 5문이 운용 중, 현재 상태는 사격가능으로 평가됨."
화력부대 현황,2025년 11월 28일 20시 26분,"52S DG 288 944 배치 위치에 105mm견인포 17문이 확보되어 있음, 현재 상태는 사격중으로 관찰됨."
화력부대 현황,2025년 11월 28일 22시 51분,"52S DG 290 948 전개 위치에 MLRS 11문이 전개되어 있음, 현재 상태는 사격가능으로 보고됨."
화력부대 현황,2025년 11월 29일 1시 0분,"52S DG 272 979 포진지에 130mm다련장 26문이 대기 중임, 현재 상태는 이동중으로 식별됨."
화력부대 현황,2025년 11월 29일 1시 9분,"52S DG 283 968 전개 위치에 MLRS 29문이 운용 중, 현재 상태는 사격준비중으로 평가됨."
