1	cmd-0001	2025-10-30T06:33:00+09:00	user-001-0 user-002-0 user-003-1 user-004-0 user-005-0 user-006-0 user-007-0 user-008-0 user-009-0 user-010-0 user-011-0 user-012-0
2	cmd-0002	2025-10-30T08:04:00+09:00	user-001-0 user-002-0 user-003-1 user-004-0 user-005-0 user-006-0 user-007-0 user-008-0 user-009-0 user-010-0 user-011-0 user-012-0
3	cmd-0003	2025-10-30T08:30:00+09:00	user-001-0 user-002-0 user-003-1 user-004-0 user-005-0 user-006-0 user-007-0 user-008-0 user-009-0 user-010-0 user-011-0 user-012-0
4	cmd-0004	2025-10-30T19:31:00+09:00	user-001-0 user-002-0 user-003-1 user-004-0 user-005-0 user-006-0 user-007-0 user-008-0 user-009-0 user-010-0 user-011-0 user-012-0
5	cmd-0005	2025-10-30T20:45:00+09:00	user-001-1 user-002-0 user-003-1 user-004-0 user-005-0 user-006-0 user-007-0 user-008-0 user-009-0 user-010-0 user-011-0 user-012-0
6	cmd-0006	2025-10-30T23:07:00+09:00	user-001-0 user-002-0 user-003-1 user-004-0 user-005-0 user-006-0 user-007-0 user-008-0 user-009-0 user-010-0 user-011-0 user-012-0
7	cmd-0007	2025-10-30T23:32:00+09:00	user-001-1 user-002-1 user-003-1 user-004-0 user-005-0 user-006-0 user-007-1 user-008-0 user-009-0 user-010-0 user-011-0 user-012-0
8	cmd-0008	2025-10-30T23:33:00+09:00	user-001-0 user-002-0 user-003-1 user-004-0 user-005-0 user-006-0 user-007-0 user-008-0 user-009-0 user-010-0 user-011-0 user-012-0
9	cmd-0009	2025-10-31T00:54:00+09:00	user-001-0 user-002-0 user-003-1 user-004-0 user-005-0 user-006-0 user-007-0 user-008-0 user-009-0 user-010-0 user-011-0 user-012-0
10	cmd-0010	2025-10-31T02:24:00+09:00	user-001-0 user-002-0 user-003-1 user-004-0 user-005-0 user-006-0 user-007-0 user-008-0 user-009-0 user-010-0 user-011-0 user-012-0
11	cmd-0011	2025-10-31T03:53:00+09:00	user-001-0 user-002-0 user-003-1 user-004-0 user-005-0 user-006-0 user-007-0 user-008-0 user-009-0 user-010-0 user-011-0 user-012-0
12	cmd-0012	2025-10-31T08:21:00+09:00	user-001-0 user-002-0 user-003-1 user-004-0 user-005-0 user-006-0 user-007-0 user-008-0 user-009-0 user-010-0 user-011-0 user-012-0
13	cmd-0013	2025-10-31T09:43:00+09:00	user-001-0 user-002-0 user-003-1 user-004-0 user-005-0 user-006-0 user-007-0 user-008-0 user-009-0 user-010-0 user-011-0 user-012-0
14	cmd-0014	2025-10-31T14:43:00+09:00	user-001-0 user-002-0 user-003-1 user-004-0 user-005-0 user-006-0 user-007-0 user-008-0 user-009-0 user-010-0 user-011-0 user-012-0
15	cmd-0015	2025-10-31T15:10:00+09:00	user-001-0 user-002-0 user-003-1 user-004-0 user-005-0 user-006-0 user-007-0 user-008-0 user-009-0 user-010-0 user-011-0 user-012-0
16	cmd-0016	2025-10-31T16:03:00+09:00	user-001-0 user-002-0 user-003-1 user-004-0 user-005-0 user-006-0 user-007-0 user-008-0 user-009-0 user-010-0 user-011-0 user-012-0
17	cmd-0017	2025-10-31T17:28:00+09:00	user-001-0 user-002-0 user-003-1 user-004-0 user-005-0 user-006-0 user-007-0 user-008-0 user-009-0 user-010-0 user-011-0 user-012-0
18	cmd-0018	2025-10-31T20:19:00+09:00	user-001-0 user-002-0 user-003-1 user-004-0 user-005-0 user-006-0 user-007-0 user-008-0 user-009-0 user-010-0 user-011-0 user-012-0
19	cmd-0019	2025-11-01T01:08:00+09:00	user-001-0 user-002-0 user-003-1 user-004-0 user-005-0 user-006-0 user-007-0 user-008-0 user-009-0 user-010-0 user-011-0 user-012-0
20	cmd-0020	2025-11-01T03:53:00+09:00	user-001-0 user-002-0 user-003-1 user-004-0 user-005-0 user-006-0 user-007-0 user-008-0 user-009-0 user-010-0 user-011-0 user-012-0
21	cmd-0021	2025-11-01T04:02:00+09:00	user-001-0 user-002-0 user-003-1 user-004-0 user-005-0 user-006-0 user-007-0 user-008-0 user-009-0 user-010-0 user-011-0 user-012-0
22	cmd-0022	2025-11-01T05:57:00+09:00	user-001-0 user-002-0 user-003-1 user-004-0 user-005-0 user-006-0 user-007-0 user-008-0 user-009-0 user-010-0 user-011-0 user-012-0
23	cmd-0023	2025-11-01T09:38:00+09:00	user-001-0 user-002-0 user-003-1 user-004-0 user-005-0 user-006-0 user-007-0 user-008-0 user-009-0 user-010-0 user-011-0 user-012-0
24	cmd-0024	2025-11-01T12:09:00+09:00	user-001-0 user-002-0 user-003-1 user-004-0 user-005-0 user-006-0 user-007-0 user-008-0 user-009-0 user-010-0 user-011-0 user-012-0
25	cmd-0025	2025-11-01T12:59:00+09:00	user-001-0 user-002-0 user-003-1 user-004-0 user-005-0 user-006-0 user-007-0 user-008-0 user-009-0 user-010-0 user-011-0 user-012-0
26	cmd-0026	2025-11-01T13:52:00+09:00	user-001-0 user-002-0 user-003-1 user-004-0 user-005-0 user-006-0 user-007-0 user-008-0 user-009-0 user-010-0 user-011-0 user-012-0
27	cmd-0027	2025-11-01T14:48:00+09:00	user-001-0 user-002-0 user-003-1 user-004-0 user-005-0 user-006-0 user-007-0 user-008-0 user-009-0 user-010-0 user-011-0 user-012-0
28	cmd-0028	2025-11-01T17:19:00+09:00	user-001-0 user-002-0 user-003-1 user-004-0 user-005-0 user-006-0 user-007-0 user-008-0 user-009-0 user-010-0 user-011-0 user-012-0
29	cmd-0029	2025-11-01T18:09:00+09:00	user-001-0 user-002-0 user-003-1 user-004-0 user-005-0 user-006-0 user-007-0 user-008-0 user-009-0 user-010-0 user-011-0 user-012-0
30	cmd-0030	2025-11-01T18:36:00+09:00	user-001-0 user-002-0 user-003-1 user-004-0 user-005-0 user-006-0 user-007-0 user-008-0 user-009-0 user-010-0 user-011-0 user-012-0
31	cmd-0031	2025-11-02T08:15:00+09:00	user-001-0 user-002-0 user-003-1 user-004-0 user-005-0 user-006-0 user-007-0 user-008-0 user-009-0 user-010-0 user-011-0 user-012-0
32	cmd-0032	2025-11-02T09:55:00+09:00	user-001-0 user-002-0 user-003-1 user-004-0 user-005-0 user-006-0 user-007-0 user-008-0 user-009-0 user-010-0 user-011-0 user-012-0
33	cmd-0033	2025-11-02T20:23:00+09:00	user-001-0 user-002-0 user-003-1 user-004-0 user-005-0 user-006-0 user-007-0 user-008-0 user-009-0 user-010-0 user-011-0 user-012-0
34	cmd-0034	2025-11-02T23:45:00+09:00	user-001-0 user-002-0 user-003-1 user-004-0 user-005-0 user-006-0 user-007-0 user-008-0 user-009-0 user-010-0 user-011-0 user-012-0
35	cmd-0035	2025-11-03T01:18:00+09:00	user-001-0 user-002-0 user-003-1 user-004-0 user-005-0 user-006-0 user-007-0 user-008-0 user-009-0 user-010-0 user-011-0 user-012-0
36	cmd-0036	2025-11-03T03:30:00+09:00	user-001-0 user-002-0 user-003-1 user-004-0 user-005-0 user-006-0 user-007-0 user-008-0 user-009-0 user-010-0 user-011-0 user-012-0
37	cmd-0037	2025-11-03T04:59:00+09:00	user-001-0 user-002-0 user-003-1 user-004-0 user-005-0 user-006-0 user-007-0 user-008-0 user-009-0 user-010-0 user-011-0 user-012-0
38	cmd-0038	2025-11-03T05:38:00+09:00	user-001-0 user-002-0 user-003-1 user-004-0 user-005-0 user-006-0 user-007-0 user-008-0 user-009-0 user-010-0 user-011-0 user-012-0
39	cmd-0039	2025-11-03T07:05:00+09:00	user-001-0 user-002-0 user-003-1 user-004-0 user-005-0 user-006-0 user-007-0 user-008-0 user-009-0 user-010-0 user-011-0 user-012-0
40	cmd-0040	2025-11-03T08:49:00+09:00	user-001-1 user-002-1 user-003-1 user-004-0 user-005-0 user-006-0 user-007-1 user-008-0 user-009-0 user-010-0 user-011-0 user-012-0
41	cmd-0041	2025-11-03T09:14:00+09:00	user-001-0 user-002-0 user-003-1 user-004-0 user-005-0 user-006-0 user-007-0 user-008-0 user-009-0 user-010-0 user-011-0 user-012-0
42	cmd-0042	2025-11-03T09:34:00+09:00	user-001-0 user-002-0 user-003-1 user-004-0 user-005-0 user-006-0 user-007-0 user-008-0 user-009-0 user-010-0 user-011-0 user-012-0
43	cmd-0043	2025-11-03T15:07:00+09:00	user-001-0 user-002-0 user-003-1 user-004-0 user-005-0 user-006-0 user-007-0 user-008-0 user-009-0 user-010-0 user-011-0 user-012-0
44	cmd-0044	2025-11-03T16:33:00+09:00	user-001-0 user-002-0 user-003-1 user-004-0 user-005-0 user-006-0 user-007-0 user-008-0 user-009-0 user-010-0 user-011-0 user-012-0
45	cmd-0045	2025-11-03T16:38:00+09:00	user-001-0 user-002-0 user-003-1 user-004-0 user-005-0 user-006-0 user-007-0 user-008-0 user-009-0 user-010-0 user-011-0 user-012-0
46	cmd-0046	2025-11-03T18:05:00+09:00	user-001-0 user-002-0 user-003-1 user-004-0 user-005-0 user-006-0 user-007-0 user-008-0 user-009-0 user-010-0 user-011-0 user-012-0
47	cmd-0047	2025-11-04T00:14:00+09:00	user-001-0 user-002-0 user-003-1 user-004-0 user-005-0 user-006-0 user-007-0 user-008-0 user-009-0 user-010-0 user-011-0 user-012-0
48	cmd-0048	2025-11-04T00:28:00+09:00	user-001-1 user-002-1 user-003-1 user-004-0 user-005-0 user-006-0 user-007-1 user-008-0 user-009-0 user-010-0 user-011-0 user-012-0
49	cmd-0049	2025-11-04T01:25:00+09:00	user-001-0 user-002-0 user-003-1 user-004-0 user-005-0 user-006-0 user-007-0 user-008-0 user-009-0 user-010-0 user-011-0 user-012-0
50	cmd-0050	2025-11-04T01:56:00+09:00	user-001-0 user-002-0 user-003-1 user-004-0 user-005-0 user-006-0 user-007-0 user-008-0 user-009-0 user-010-0 user-011-0 user-012-0
51	cmd-0051	2025-11-04T05:14:00+09:00	user-001-0 user-002-0 user-003-1 user-004-0 user-005-0 user-006-0 user-007-0 user-008-0 user-009-0 user-010-0 user-011-0 user-012-0
52	cmd-0052	2025-11-04T09:35:00+09:00	user-001-0 user-002-0 user-003-1 user-004-0 user-005-0 user-006-0 user-007-0 user-008-0 user-009-0 user-010-0 user-011-0 user-012-0
53	cmd-0053	2025-11-04T11:03:00+09:00	user-001-0 user-002-0 user-003-1 user-004-0 user-005-0 user-006-0 user-007-0 user-008-0 user-009-0 user-010-0 user-011-0 user-012-0
54	cmd-0054	2025-11-04T14:19:00+09:00	user-001-0 user-002-0 user-003-1 user-004-0 user-005-0 user-006-0 user-007-0 user-008-0 user-009-0 user-010-0 user-011-0 user-012-0
55	cmd-0055	2025-11-04T16:05:00+09:00	user-001-0 user-002-0 user-003-1 user-004-0 user-005-0 user-006-0 user-007-0 user-008-0 user-009-0 user-010-0 user-011-0 user-012-0
56	cmd-0056	2025-11-04T22:37:00+09:00	user-001-0 user-002-0 user-003-1 user-004-0 user-005-0 user-006-0 user-007-0 user-008-0 user-009-0 user-010-0 user-011-0 user-012-0
57	cmd-0057	2025-11-05T01:33:00+09:00	user-001-1 user-002-1 user-003-1 user-004-0 user-005-0 user-006-0 user-007-1 user-008-0 user-009-0 user-010-0 user-011-0 user-012-0
58	cmd-0058	2025-11-05T03:56:00+09:00	user-001-0 user-002-0 user-003-1 user-004-0 user-005-0 user-006-0 user-007-0 user-008-0 user-009-0 user-010-0 user-011-0 user-012-0
59	cmd-0059	2025-11-05T06:12:00+09:00	user-001-0 user-002-0 user-003-1 user-004-0 user-005-0 user-006-0 user-007-0 user-008-0 user-009-0 user-010-0 user-011-0 user-012-0
60	cmd-0060	2025-11-05T08:42:00+09:00	user-001-0 user-002-0 user-003-1 user-004-0 user-005-0 user-006-0 user-007-0 user-008-0 user-009-0 user-010-0 user-011-0 user-012-0
61	cmd-0061	2025-11-05T09:26:00+09:00	user-001-0 user-002-0 user-003-1 user-004-0 user-005-0 user-006-0 user-007-0 user-008-0 user-009-0 user-010-0 user-011-0 user-012-0
62	cmd-0062	2025-11-05T09:55:00+09:00	user-001-0 user-002-0 user-003-1 user-004-0 user-005-0 user-006-0 user-007-0 user-008-0 user-009-0 user-010-0 user-011-0 user-012-0
63	cmd-0063	2025-11-05T10:20:00+09:00	user-001-0 user-002-0 user-003-1 user-004-0 user-005-0 user-006-0 user-007-0 user-008-0 user-009-0 user-010-0 user-011-0 user-012-0
64	cmd-0064	2025-11-05T11:05:00+09:00	user-001-0 user-002-0 user-003-1 user-004-0 user-005-0 user-006-0 user-007-0 user-008-0 user-009-0 user-010-0 user-011-0 user-012-0
65	cmd-0065	2025-11-05T20:03:00+09:00	user-001-0 user-002-0 user-003-1 user-004-0 user-005-0 user-006-0 user-007-0 user-008-0 user-009-0 user-010-0 user-011-0 user-012-0
66	cmd-0066	2025-11-05T22:45:00+09:00	user-001-0 user-002-0 user-003-1 user-004-0 user-005-0 user-006-0 user-007-0 user-008-0 user-009-0 user-010-0 user-011-0 user-012-0
67	cmd-0067	2025-11-05T23:13:00+09:00	user-001-0 user-002-0 user-003-1 user-004-0 user-005-0 user-006-0 user-007-0 user-008-0 user-009-0 user-010-0 user-011-0 user-012-0
68	cmd-0068	2025-11-06T01:10:00+09:00	user-001-0 user-002-0 user-003-1 user-004-0 user-005-0 user-006-0 user-007-0 user-008-0 user-009-0 user-010-0 user-011-0 user-012-0
69	cmd-0069	2025-11-06T05:26:00+09:00	user-001-0 user-002-0 user-003-1 user-004-0 user-005-0 user-006-0 user-007-0 user-008-0 user-009-0 user-010-0 user-011-0 user-012-0
70	cmd-0070	2025-11-06T07:10:00+09:00	user-001-0 user-002-0 user-003-1 user-004-0 user-005-0 user-006-0 user-007-0 user-008-0 user-009-0 user-010-0 user-011-0 user-012-0
71	cmd-0071	2025-11-06T10:51:00+09:00	user-001-0 user-002-0 user-003-1 user-004-0 user-005-0 user-006-0 user-007-0 user-008-0 user-009-0 user-010-0 user-011-0 user-012-0
72	cmd-0072	2025-11-06T11:21:00+09:00	user-001-0 user-002-0 user-003-1 user-004-0 user-005-0 user-006-0 user-007-0 user-008-0 user-009-0 user-010-0 user-011-0 user-012-0
73	cmd-0073	2025-11-06T15:27:00+09:00	user-001-0 user-002-0 user-003-1 user-004-0 user-005-0 user-006-0 user-007-0 user-008-0 user-009-0 user-010-0 user-011-0 user-012-0
74	cmd-0074	2025-11-06T17:30:00+09:00	user-001-1 user-002-1 user-003-1 user-004-0 user-005-0 user-006-0 user-007-1 user-008-0 user-009-0 user-010-0 user-011-0 user-012-0
75	cmd-0075	2025-11-06T23:51:00+09:00	user-001-0 user-002-0 user-003-1 user-004-0 user-005-0 user-006-0 user-007-0 user-008-0 user-009-0 user-010-0 user-011-0 user-012-0
76	cmd-0076	2025-11-07T00:28:00+09:00	user-001-0 user-002-0 user-003-1 user-004-0 user-005-0 user-006-0 user-007-0 user-008-0 user-009-0 user-010-0 user-011-0 user-012-0
77	cmd-0077	2025-11-07T01:55:00+09:00	user-001-0 user-002-0 user-003-1 user-004-0 user-005-0 user-006-0 user-007-0 user-008-0 user-009-0 user-010-0 user-011-0 user-012-0
78	cmd-0078	2025-11-07T03:22:00+09:00	user-001-0 user-002-0 user-003-1 user-004-0 user-005-0 user-006-0 user-007-0 user-008-0 user-009-0 user-010-0 user-011-0 user-012-0
79	cmd-0079	2025-11-07T03:30:00+09:00	user-001-0 user-002-0 user-003-1 user-004-0 user-005-0 user-006-0 user-007-0 user-008-0 user-009-0 user-010-0 user-011-0 user-012-0
80	cmd-0080	2025-11-07T06:28:00+09:00	user-001-0 user-002-0 user-003-1 user-004-0 user-005-0 user-006-0 user-007-0 user-008-0 user-009-0 user-010-0 user-011-0 user-012-0
81	cmd-0081	2025-11-07T08:31:00+09:00	user-001-0 user-002-0 user-003-1 user-004-0 user-005-0 user-006-0 user-007-0 user-008-0 user-009-0 user-010-0 user-011-0 user-012-0
82	cmd-0082	2025-11-07T09:24:00+09:00	user-001-0 user-002-0 user-003-1 user-004-0 user-005-0 user-006-0 user-007-0 user-008-0 user-009-0 user-010-0 user-011-0 user-012-0
83	cmd-0083	2025-11-07T09:51:00+09:00	user-001-0 user-002-0 user-003-1 user-004-0 user-005-0 user-006-0 user-007-0 user-008-0 user-009-0 user-010-0 user-011-0 user-012-0
84	cmd-0084	2025-11-07T12:02:00+09:00	user-001-0 user-002-0 user-003-1 user-004-0 user-005-0 user-006-0 user-007-0 user-008-0 user-009-0 user-010-0 user-011-0 user-012-0
85	cmd-0085	2025-11-07T16:12:00+09:00	user-001-0 user-002-0 user-003-1 user-004-0 user-005-0 user-006-0 user-007-0 user-008-0 user-009-0 user-010-0 user-011-0 user-012-0
86	cmd-0086	2025-11-07T20:42:00+09:00	user-001-0 user-002-0 user-003-1 user-004-0 user-005-0 user-006-0 user-007-0 user-008-0 user-009-0 user-010-0 user-011-0 user-012-0
87	cmd-0087	2025-11-07T21:19:00+09:00	user-001-0 user-002-0 user-003-1 user-004-0 user-005-0 user-006-0 user-007-0 user-008-0 user-009-0 user-010-0 user-011-0 user-012-0
88	cmd-0088	2025-11-08T03:55:00+09:00	user-001-0 user-002-0 user-003-1 user-004-0 user-005-0 user-006-0 user-007-0 user-008-0 user-009-0 user-010-0 user-011-0 user-012-0
89	cmd-0089	2025-11-08T04:41:00+09:00	user-001-0 user-002-0 user-003-1 user-004-0 user-005-0 user-006-0 user-007-0 user-008-0 user-009-0 user-010-0 user-011-0 user-012-0
90	cmd-0090	2025-11-08T05:32:00+09:00	user-001-0 user-002-0 user-003-1 user-004-0 user-005-0 user-006-0 user-007-0 user-008-0 user-009-0 user-010-0 user-011-0 user-012-0
91	cmd-0091	2025-11-08T06:19:00+09:00	user-001-0 user-002-0 user-003-1 user-004-0 user-005-0 user-006-0 user-007-0 user-008-0 user-009-0 user-010-0 user-011-0 user-012-0
92	cmd-0092	2025-11-08T12:17:00+09:00	user-001-1 user-002-0 user-003-1 user-004-0 user-005-0 user-006-0 user-007-0 user-008-0 user-009-0 user-010-0 user-011-0 user-012-0
93	cmd-0093	2025-11-08T18:06:00+09:00	user-001-0 user-002-0 user-003-1 user-004-0 user-005-0 user-006-0 user-007-0 user-008-0 user-009-0 user-010-0 user-011-0 user-012-0
94	cmd-0094	2025-11-08T20:40:00+09:00	user-001-0 user-002-0 user-003-1 user-004-0 user-005-0 user-006-0 user-007-0 user-008-0 user-009-0 user-010-0 user-011-0 user-012-0
95	cmd-0095	2025-11-08T22:19:00+09:00	user-001-0 user-002-0 user-003-1 user-004-0 user-005-0 user-006-0 user-007-0 user-008-0 user-009-0 user-010-0 user-011-0 user-012-0
96	cmd-0096	2025-11-08T23:12:00+09:00	user-001-0 user-002-0 user-003-1 user-004-0 user-005-0 user-006-0 user-007-0 user-008-0 user-009-0 user-010-0 user-011-0 user-012-0
97	cmd-0097	2025-11-09T05:15:00+09:00	user-001-0 user-002-0 user-003-1 user-004-0 user-005-0 user-006-0 user-007-0 user-008-0 user-009-0 user-010-0 user-011-0 user-012-0
98	cmd-0098	2025-11-09T08:28:00+09:00	user-001-0 user-002-0 user-003-1 user-004-0 user-005-0 user-006-0 user-007-0 user-008-0 user-009-0 user-010-0 user-011-0 user-012-0
99	cmd-0099	2025-11-09T09:07:00+09:00	user-001-1 user-002-0 user-003-1 user-004-0 user-005-0 user-006-0 user-007-0 user-008-0 user-009-0 user-010-0 user-011-0 user-012-0
100	cmd-0100	2025-11-09T13:03:00+09:00	user-001-0 user-002-0 user-003-1 user-004-0 user-005-0 user-006-0 user-007-0 user-008-0 user-009-0 user-010-0 user-011-0 user-012-0
101	cmd-0101	2025-11-09T15:47:00+09:00	user-001-0 user-002-0 user-003-1 user-004-0 user-005-0 user-006-0 user-007-0 user-008-0 user-009-0 user-010-0 user-011-0 user-012-0
102	cmd-0102	2025-11-09T16:37:00+09:00	user-001-0 user-002-0 user-003-1 user-004-0 user-005-0 user-006-0 user-007-0 user-008-0 user-009-0 user-010-0 user-011-0 user-012-0
103	cmd-0103	2025-11-09T19:21:00+09:00	user-001-0 user-002-0 user-003-1 user-004-0 user-005-0 user-006-0 user-007-0 user-008-0 user-009-0 user-010-0 user-011-0 user-012-0
104	cmd-0104	2025-11-09T21:58:00+09:00	user-001-0 user-002-0 user-003-1 user-004-0 user-005-0 user-006-0 user-007-0 user-008-0 user-009-0 user-010-0 user-011-0 user-012-0
105	cmd-0105	2025-11-09T22:16:00+09:00	user-001-0 user-002-0 user-003-1 user-004-0 user-005-0 user-006-0 user-007-0 user-008-0 user-009-0 user-010-0 user-011-0 user-012-0
106	cmd-0106	2025-11-09T22:50:00+09:00	user-001-0 user-002-0 user-003-1 user-004-0 user-005-0 user-006-0 user-007-0 user-008-0 user-009-0 user-010-0 user-011-0 user-012-0
107	cmd-0107	2025-11-10T01:56:00+09:00	user-001-0 user-002-0 user-003-1 user-004-0 user-005-0 user-006-0 user-007-0 user-008-0 user-009-0 user-010-0 user-011-0 user-012-0
108	cmd-0108	2025-11-10T02:23:00+09:00	user-001-1 user-002-1 user-003-1 user-004-0 user-005-0 user-006-0 user-007-1 user-008-0 user-009-0 user-010-0 user-011-0 user-012-0
109	cmd-0109	2025-11-10T02:48:00+09:00	user-001-1 user-002-1 user-003-1 user-004-0 user-005-0 user-006-0 user-007-1 user-008-0 user-009-0 user-010-0 user-011-0 user-012-0
110	cmd-0110	2025-11-10T03:53:00+09:00	user-001-1 user-002-1 user-003-1 user-004-0 user-005-0 user-006-0 user-007-1 user-008-0 user-009-0 user-010-0 user-011-0 user-012-0
111	cmd-0111	2025-11-10T08:40:00+09:00	user-001-1 user-002-1 user-003-1 user-004-0 user-005-0 user-006-0 user-007-1 user-008-0 user-009-0 user-010-0 user-011-0 user-012-0
112	cmd-0112	2025-11-10T10:42:00+09:00	user-001-0 user-002-0 user-003-1 user-004-0 user-005-0 user-006-0 user-007-0 user-008-0 user-009-0 user-010-0 user-011-0 user-012-0
113	cmd-0113	2025-11-10T11:07:00+09:00	user-001-1 user-002-0 user-003-1 user-004-0 user-005-0 user-006-0 user-007-0 user-008-0 user-009-0 user-010-0 user-011-0 user-012-0
114	cmd-0114	2025-11-10T16:21:00+09:00	user-001-0 user-002-0 user-003-1 user-004-0 user-005-0 user-006-0 user-007-0 user-008-0 user-009-0 user-010-0 user-011-0 user-012-0
115	cmd-0115	2025-11-10T18:47:00+09:00	user-001-0 user-002-0 user-003-1 user-004-0 user-005-0 user-006-0 user-007-0 user-008-0 user-009-0 user-010-0 user-011-0 user-012-0
116	cmd-0116	2025-11-10T18:48:00+09:00	user-001-0 user-002-0 user-003-1 user-004-0 user-005-0 user-006-0 user-007-0 user-008-0 user-009-0 user-010-0 user-011-0 user-012-0
117	cmd-0117	2025-11-10T19:20:00+09:00	user-001-0 user-002-0 user-003-1 user-004-0 user-005-0 user-006-0 user-007-0 user-008-0 user-009-0 user-010-0 user-011-0 user-012-0
118	cmd-0118	2025-11-10T19:48:00+09:00	user-001-0 user-002-0 user-003-1 user-004-0 user-005-0 user-006-0 user-007-0 user-008-0 user-009-0 user-010-0 user-011-0 user-012-0
119	cmd-0119	2025-11-10T19:50:00+09:00	user-001-0 user-002-0 user-003-1 user-004-0 user-005-0 user-006-0 user-007-0 user-008-0 user-009-0 user-010-0 user-011-0 user-012-0
120	cmd-0120	2025-11-10T20:05:00+09:00	user-001-1 user-002-0 user-003-1 user-004-0 user-005-0 user-006-0 user-007-0 user-008-0 user-009-0 user-010-0 user-011-0 user-012-0
121	cmd-0121	2025-11-10T20:15:00+09:00	user-001-0 user-002-0 user-003-1 user-004-0 user-005-0 user-006-0 user-007-0 user-008-0 user-009-0 user-010-0 user-011-0 user-012-0
122	cmd-0122	2025-11-11T00:57:00+09:00	user-001-0 user-002-0 user-003-1 user-004-0 user-005-0 user-006-0 user-007-0 user-008-0 user-009-0 user-010-0 user-011-0 user-012-0
123	cmd-0123	2025-11-11T01:39:00+09:00	user-001-0 user-002-0 user-003-1 user-004-0 user-005-0 user-006-0 user-007-0 user-008-0 user-009-0 user-010-0 user-011-0 user-012-0
124	cmd-0124	2025-11-11T03:23:00+09:00	user-001-0 user-002-0 user-003-1 user-004-0 user-005-0 user-006-0 user-007-0 user-008-0 user-009-0 user-010-0 user-011-0 user-012-0
125	cmd-0125	2025-11-11T15:15:00+09:00	user-001-0 user-002-0 user-003-1 user-004-0 user-005-0 user-006-0 user-007-0 user-008-0 user-009-0 user-010-0 user-011-0 user-012-0
126	cmd-0126	2025-11-11T17:07:00+09:00	user-001-0 user-002-0 user-003-1 user-004-0 user-005-0 user-006-0 user-007-0 user-008-0 user-009-0 user-010-0 user-011-0 user-012-0
127	cmd-0127	2025-11-12T01:25:00+09:00	user-001-0 user-002-0 user-003-1 user-004-0 user-005-0 user-006-0 user-007-0 user-008-0 user-009-0 user-010-0 user-011-0 user-012-0
128	cmd-0128	2025-11-12T05:13:00+09:00	user-001-0 user-002-0 user-003-1 user-004-0 user-005-0 user-006-0 user-007-0 user-008-0 user-009-0 user-010-0 user-011-0 user-012-0
129	cmd-0129	2025-11-12T07:36:00+09:00	user-001-0 user-002-0 user-003-1 user-004-0 user-005-0 user-006-0 user-007-0 user-008-0 user-009-0 user-010-0 user-011-0 user-012-0
130	cmd-0130	2025-11-12T09:17:00+09:00	user-001-1 user-002-0 user-003-1 user-004-0 user-005-0 user-006-0 user-007-0 user-008-0 user-009-0 user-010-0 user-011-0 user-012-0
131	cmd-0131	2025-11-12T16:24:00+09:00	user-001-0 user-002-0 user-003-1 user-004-0 user-005-0 user-006-0 user-007-0 user-008-0 user-009-0 user-010-0 user-011-0 user-012-0
132	cmd-0132	2025-11-12T17:21:00+09:00	user-001-0 user-002-0 user-003-1 user-004-0 user-005-0 user-006-0 user-007-0 user-008-0 user-009-0 user-010-0 user-011-0 user-012-0
133	cmd-0133	2025-11-12T17:49:00+09:00	user-001-0 user-002-0 user-003-1 user-004-0 user-005-0 user-006-0 user-007-0 user-008-0 user-009-0 user-010-0 user-011-0 user-012-0
134	cmd-0134	2025-11-12T23:53:00+09:00	user-001-1 user-002-0 user-003-1 user-004-0 user-005-0 user-006-0 user-007-0 user-008-0 user-009-0 user-010-0 user-011-0 user-012-0
135	cmd-0135	2025-11-13T04:06:00+09:00	user-001-1 user-002-1 user-003-1 user-004-0 user-005-0 user-006-0 user-007-1 user-008-0 user-009-0 user-010-0 user-011-0 user-012-0
136	cmd-0136	2025-11-13T06:37:00+09:00	user-001-0 user-002-0 user-003-1 user-004-0 user-005-0 user-006-0 user-007-0 user-008-0 user-009-0 user-010-0 user-011-0 user-012-0
137	cmd-0137	2025-11-13T07:58:00+09:00	user-001-0 user-002-0 user-003-1 user-004-0 user-005-0 user-006-0 user-007-0 user-008-0 user-009-0 user-010-0 user-011-0 user-012-0
138	cmd-0138	2025-11-13T10:53:00+09:00	user-001-0 user-002-0 user-003-1 user-004-0 user-005-0 user-006-0 user-007-0 user-008-0 user-009-0 user-010-0 user-011-0 user-012-0
139	cmd-0139	2025-11-13T12:59:00+09:00	user-001-0 user-002-0 user-003-1 user-004-0 user-005-0 user-006-0 user-007-0 user-008-0 user-009-0 user-010-0 user-011-0 user-012-0
140	cmd-0140	2025-11-13T17:33:00+09:00	user-001-0 user-002-0 user-003-1 user-004-0 user-005-0 user-006-0 user-007-0 user-008-0 user-009-0 user-010-0 user-011-0 user-012-0
141	cmd-0141	2025-11-13T18:23:00+09:00	user-001-0 user-002-0 user-003-1 user-004-0 user-005-0 user-006-0 user-007-0 user-008-0 user-009-0 user-010-0 user-011-0 user-012-0
142	cmd-0142	2025-11-13T19:08:00+09:00	user-001-0 user-002-0 user-003-1 user-004-0 user-005-0 user-006-0 user-007-0 user-008-0 user-009-0 user-010-0 user-011-0 user-012-0
143	cmd-0143	2025-11-13T21:06:00+09:00	user-001-0 user-002-0 user-003-1 user-004-0 user-005-0 user-006-0 user-007-0 user-008-0 user-009-0 user-010-0 user-011-0 user-012-0
144	cmd-0144	2025-11-13T21:31:00+09:00	user-001-0 user-002-0 user-003-1 user-004-0 user-005-0 user-006-0 user-007-0 user-008-0 user-009-0 user-010-0 user-011-0 user-012-0
145	cmd-0145	2025-11-14T01:47:00+09:00	user-001-1 user-002-0 user-003-1 user-004-0 user-005-0 user-006-0 user-007-0 user-008-0 user-009-0 user-010-0 user-011-0 user-012-0
146	cmd-0146	2025-11-14T02:42:00+09:00	user-001-0 user-002-0 user-003-1 user-004-0 user-005-0 user-006-0 user-007-0 user-008-0 user-009-0 user-010-0 user-011-0 user-012-0
147	cmd-0147	2025-11-14T02:54:00+09:00	user-001-0 user-002-0 user-003-1 user-004-0 user-005-0 user-006-0 user-007-0 user-008-0 user-009-0 user-010-0 user-011-0 user-012-0
148	cmd-0148	2025-11-14T03:05:00+09:00	user-001-0 user-002-0 user-003-1 user-004-0 user-005-0 user-006-0 user-007-0 user-008-0 user-009-0 user-010-0 user-011-0 user-012-0
149	cmd-0149	2025-11-14T03:33:00+09:00	user-001-0 user-002-0 user-003-1 user-004-0 user-005-0 user-006-0 user-007-0 user-008-0 user-009-0 user-010-0 user-011-0 user-012-0
150	cmd-0150	2025-11-14T17:56:00+09:00	user-001-0 user-002-0 user-003-1 user-004-0 user-005-0 user-006-0 user-007-0 user-008-0 user-009-0 user-010-0 user-011-0 user-012-0
151	cmd-0151	2025-11-14T20:51:00+09:00	user-001-1 user-002-1 user-003-1 user-004-0 user-005-0 user-006-0 user-007-1 user-008-0 user-009-0 user-010-0 user-011-0 user-012-0
152	cmd-0152	2025-11-15T04:26:00+09:00	user-001-0 user-002-0 user-003-1 user-004-0 user-005-0 user-006-0 user-007-0 user-008-0 user-009-0 user-010-0 user-011-0 user-012-0
153	cmd-0153	2025-11-15T06:23:00+09:00	user-001-0 user-002-0 user-003-1 user-004-0 user-005-0 user-006-0 user-007-0 user-008-0 user-009-0 user-010-0 user-011-0 user-012-0
154	cmd-0154	2025-11-15T08:41:00+09:00	user-001-0 user-002-0 user-003-1 user-004-0 user-005-0 user-006-0 user-007-0 user-008-0 user-009-0 user-010-0 user-011-0 user-012-0
155	cmd-0155	2025-11-15T11:09:00+09:00	user-001-0 user-002-0 user-003-1 user-004-0 user-005-0 user-006-0 user-007-0 user-008-0 user-009-0 user-010-0 user-011-0 user-012-0
156	cmd-0156	2025-11-15T15:03:00+09:00	user-001-0 user-002-0 user-003-1 user-004-0 user-005-0 user-006-0 user-007-0 user-008-0 user-009-0 user-010-0 user-011-0 user-012-0
157	cmd-0157	2025-11-15T19:56:00+09:00	user-001-1 user-002-1 user-003-1 user-004-0 user-005-0 user-006-0 user-007-1 user-008-0 user-009-0 user-010-0 user-011-0 user-012-0
158	cmd-0158	2025-11-15T23:48:00+09:00	user-001-1 user-002-1 user-003-1 user-004-0 user-005-0 user-006-0 user-007-1 user-008-0 user-009-0 user-010-0 user-011-0 user-012-0
159	cmd-0159	2025-11-16T03:02:00+09:00	user-001-0 user-002-0 user-003-1 user-004-0 user-005-0 user-006-0 user-007-0 user-008-0 user-009-0 user-010-0 user-011-0 user-012-0
160	cmd-0160	2025-11-16T04:31:00+09:00	user-001-0 user-002-0 user-003-1 user-004-0 user-005-0 user-006-0 user-007-0 user-008-0 user-009-0 user-010-0 user-011-0 user-012-0
161	cmd-0161	2025-11-16T07:44:00+09:00	user-001-0 user-002-0 user-003-1 user-004-0 user-005-0 user-006-0 user-007-0 user-008-0 user-009-0 user-010-0 user-011-0 user-012-0
162	cmd-0162	2025-11-16T17:11:00+09:00	user-001-0 user-002-0 user-003-1 user-004-0 user-005-0 user-006-0 user-007-0 user-008-0 user-009-0 user-010-0 user-011-0 user-012-0
163	cmd-0163	2025-11-16T21:32:00+09:00	user-001-0 user-002-0 user-003-1 user-004-0 user-005-0 user-006-0 user-007-0 user-008-0 user-009-0 user-010-0 user-011-0 user-012-0
164	cmd-0164	2025-11-17T01:01:00+09:00	user-001-0 user-002-0 user-003-1 user-004-0 user-005-0 user-006-0 user-007-0 user-008-0 user-009-0 user-010-0 user-011-0 user-012-0
165	cmd-0165	2025-11-17T01:03:00+09:00	user-001-0 user-002-0 user-003-1 user-004-0 user-005-0 user-006-0 user-007-0 user-008-0 user-009-0 user-010-0 user-011-0 user-012-0
166	cmd-0166	2025-11-17T01:22:00+09:00	user-001-0 user-002-0 user-003-1 user-004-0 user-005-0 user-006-0 user-007-0 user-008-0 user-009-0 user-010-0 user-011-0 user-012-0
167	cmd-0167	2025-11-17T04:08:00+09:00	user-001-0 user-002-0 user-003-1 user-004-0 user-005-0 user-006-0 user-007-0 user-008-0 user-009-0 user-010-0 user-011-0 user-012-0
168	cmd-0168	2025-11-17T04:52:00+09:00	user-001-0 user-002-0 user-003-1 user-004-0 user-005-0 user-006-0 user-007-0 user-008-0 user-009-0 user-010-0 user-011-0 user-012-0
169	cmd-0169	2025-11-17T06:41:00+09:00	user-001-1 user-002-0 user-003-1 user-004-0 user-005-0 user-006-0 user-007-0 user-008-0 user-009-0 user-010-0 user-011-0 user-012-0
170	cmd-0170	2025-11-17T06:58:00+09:00	user-001-0 user-002-0 user-003-1 user-004-0 user-005-0 user-006-0 user-007-0 user-008-0 user-009-0 user-010-0 user-011-0 user-012-0
171	cmd-0171	2025-11-17T08:01:00+09:00	user-001-0 user-002-0 user-003-1 user-004-0 user-005-0 user-006-0 user-007-0 user-008-0 user-009-0 user-010-0 user-011-0 user-012-0
172	cmd-0172	2025-11-17T12:23:00+09:00	user-001-0 user-002-0 user-003-1 user-004-0 user-005-0 user-006-0 user-007-0 user-008-0 user-009-0 user-010-0 user-011-0 user-012-0
173	cmd-0173	2025-11-17T13:57:00+09:00	user-001-1 user-002-1 user-003-1 user-004-0 user-005-0 user-006-0 user-007-1 user-008-0 user-009-0 user-010-0 user-011-0 user-012-0
174	cmd-0174	2025-11-17T14:08:00+09:00	user-001-0 user-002-0 user-003-1 user-004-0 user-005-0 user-006-0 user-007-0 user-008-0 user-009-0 user-010-0 user-011-0 user-012-0
175	cmd-0175	2025-11-17T14:43:00+09:00	user-001-0 user-002-0 user-003-1 user-004-0 user-005-0 user-006-0 user-007-0 user-008-0 user-009-0 user-010-0 user-011-0 user-012-0
176	cmd-0176	2025-11-17T17:21:00+09:00	user-001-0 user-002-0 user-003-1 user-004-0 user-005-0 user-006-0 user-007-0 user-008-0 user-009-0 user-010-0 user-011-0 user-012-0
177	cmd-0177	2025-11-17T18:10:00+09:00	user-001-1 user-002-1 user-003-1 user-004-0 user-005-0 user-006-0 user-007-1 user-008-0 user-009-0 user-010-0 user-011-0 user-012-0
178	cmd-0178	2025-11-17T21:55:00+09:00	user-001-0 user-002-0 user-003-1 user-004-0 user-005-0 user-006-0 user-007-0 user-008-0 user-009-0 user-010-0 user-011-0 user-012-0
179	cmd-0179	2025-11-18T02:25:00+09:00	user-001-0 user-002-0 user-003-1 user-004-0 user-005-0 user-006-0 user-007-0 user-008-0 user-009-0 user-010-0 user-011-0 user-012-0
180	cmd-0180	2025-11-18T05:55:00+09:00	user-001-0 user-002-0 user-003-1 user-004-0 user-005-0 user-006-0 user-007-0 user-008-0 user-009-0 user-010-0 user-011-0 user-012-0
181	cmd-0181	2025-11-18T06:21:00+09:00	user-001-1 user-002-0 user-003-1 user-004-0 user-005-0 user-006-0 user-007-0 user-008-0 user-009-0 user-010-0 user-011-0 user-012-0
182	cmd-0182	2025-11-18T09:36:00+09:00	user-001-0 user-002-0 user-003-1 user-004-0 user-005-0 user-006-0 user-007-0 user-008-0 user-009-0 user-010-0 user-011-0 user-012-0
183	cmd-0183	2025-11-18T11:42:00+09:00	user-001-0 user-002-0 user-003-1 user-004-0 user-005-0 user-006-0 user-007-0 user-008-0 user-009-0 user-010-0 user-011-0 user-012-0
184	cmd-0184	2025-11-18T12:54:00+09:00	user-001-0 user-002-0 user-003-1 user-004-0 user-005-0 user-006-0 user-007-0 user-008-0 user-009-0 user-010-0 user-011-0 user-012-0
185	cmd-0185	2025-11-18T14:01:00+09:00	user-001-0 user-002-0 user-003-1 user-004-0 user-005-0 user-006-0 user-007-0 user-008-0 user-009-0 user-010-0 user-011-0 user-012-0
186	cmd-0186	2025-11-18T15:09:00+09:00	user-001-0 user-002-0 user-003-1 user-004-0 user-005-0 user-006-0 user-007-0 user-008-0 user-009-0 user-010-0 user-011-0 user-012-0
187	cmd-0187	2025-11-18T15:36:00+09:00	user-001-0 user-002-0 user-003-1 user-004-0 user-005-0 user-006-0 user-007-0 user-008-0 user-009-0 user-010-0 user-011-0 user-012-0
188	cmd-0188	2025-11-18T16:14:00+09:00	user-001-0 user-002-0 user-003-1 user-004-0 user-005-0 user-006-0 user-007-0 user-008-0 user-009-0 user-010-0 user-011-0 user-012-0
189	cmd-0189	2025-11-18T17:44:00+09:00	user-001-1 user-002-0 user-003-1 user-004-0 user-005-0 user-006-0 user-007-0 user-008-0 user-009-0 user-010-0 user-011-0 user-012-0
190	cmd-0190	2025-11-18T21:34:00+09:00	user-001-0 user-002-0 user-003-1 user-004-0 user-005-0 user-006-0 user-007-0 user-008-0 user-009-0 user-010-0 user-011-0 user-012-0
191	cmd-0191	2025-11-19T03:12:00+09:00	user-001-0 user-002-0 user-003-1 user-004-0 user-005-0 user-006-0 user-007-0 user-008-0 user-009-0 user-010-0 user-011-0 user-012-0
192	cmd-0192	2025-11-19T04:45:00+09:00	user-001-1 user-002-0 user-003-1 user-004-0 user-005-0 user-006-0 user-007-0 user-008-0 user-009-0 user-010-0 user-011-0 user-012-0
193	cmd-0193	2025-11-19T05:37:00+09:00	user-001-0 user-002-0 user-003-1 user-004-0 user-005-0 user-006-0 user-007-0 user-008-0 user-009-0 user-010-0 user-011-0 user-012-0
194	cmd-0194	2025-11-19T07:27:00+09:00	user-001-0 user-002-0 user-003-1 user-004-0 user-005-0 user-006-0 user-007-0 user-008-0 user-009-0 user-010-0 user-011-0 user-012-0
195	cmd-0195	2025-11-19T10:34:00+09:00	user-001-0 user-002-0 user-003-1 user-004-0 user-005-0 user-006-0 user-007-0 user-008-0 user-009-0 user-010-0 user-011-0 user-012-0
196	cmd-0196	2025-11-19T13:56:00+09:00	user-001-0 user-002-0 user-003-1 user-004-0 user-005-0 user-006-0 user-007-0 user-008-0 user-009-0 user-010-0 user-011-0 user-012-0
197	cmd-0197	2025-11-19T20:13:00+09:00	user-001-0 user-002-0 user-003-1 user-004-0 user-005-0 user-006-0 user-007-0 user-008-0 user-009-0 user-010-0 user-011-0 user-012-0
198	cmd-0198	2025-11-19T20:39:00+09:00	user-001-0 user-002-0 user-003-1 user-004-0 user-005-0 user-006-0 user-007-0 user-008-0 user-009-0 user-010-0 user-011-0 user-012-0
199	cmd-0199	2025-11-19T21:25:00+09:00	user-001-0 user-002-0 user-003-1 user-004-0 user-005-0 user-006-0 user-007-0 user-008-0 user-009-0 user-010-0 user-011-0 user-012-0
200	cmd-0200	2025-11-19T23:05:00+09:00	user-001-0 user-002-0 user-003-1 user-004-0 user-005-0 user-006-0 user-007-0 user-008-0 user-009-0 user-010-0 user-011-0 user-012-0
201	cmd-0201	2025-11-19T23:15:00+09:00	user-001-1 user-002-1 user-003-1 user-004-0 user-005-0 user-006-0 user-007-1 user-008-0 user-009-0 user-010-0 user-011-0 user-012-0
202	cmd-0202	2025-11-20T01:02:00+09:00	user-001-0 user-002-0 user-003-1 user-004-0 user-005-0 user-006-0 user-007-0 user-008-0 user-009-0 user-010-0 user-011-0 user-012-0
203	cmd-0203	2025-11-20T01:45:00+09:00	user-001-0 user-002-0 user-003-1 user-004-0 user-005-0 user-006-0 user-007-0 user-008-0 user-009-0 user-010-0 user-011-0 user-012-0
204	cmd-0204	2025-11-20T02:25:00+09:00	user-001-0 user-002-0 user-003-1 user-004-0 user-005-0 user-006-0 user-007-0 user-008-0 user-009-0 user-010-0 user-011-0 user-012-0
205	cmd-0205	2025-11-20T05:37:00+09:00	user-001-0 user-002-0 user-003-1 user-004-0 user-005-0 user-006-0 user-007-0 user-008-0 user-009-0 user-010-0 user-011-0 user-012-0
206	cmd-0206	2025-11-20T05:51:00+09:00	user-001-0 user-002-0 user-003-1 user-004-0 user-005-0 user-006-0 user-007-0 user-008-0 user-009-0 user-010-0 user-011-0 user-012-0
207	cmd-0207	2025-11-20T07:40:00+09:00	user-001-0 user-002-0 user-003-1 user-004-0 user-005-0 user-006-0 user-007-0 user-008-0 user-009-0 user-010-0 user-011-0 user-012-0
208	cmd-0208	2025-11-20T08:09:00+09:00	user-001-1 user-002-0 user-003-1 user-004-0 user-005-0 user-006-0 user-007-0 user-008-0 user-009-0 user-010-0 user-011-0 user-012-0
209	cmd-0209	2025-11-20T13:27:00+09:00	user-001-0 user-002-0 user-003-1 user-004-0 user-005-0 user-006-0 user-007-0 user-008-0 user-009-0 user-010-0 user-011-0 user-012-0
210	cmd-0210	2025-11-20T13:40:00+09:00	user-001-0 user-002-0 user-003-1 user-004-0 user-005-0 user-006-0 user-007-0 user-008-0 user-009-0 user-010-0 user-011-0 user-012-0
211	cmd-0211	2025-11-20T18:35:00+09:00	user-001-0 user-002-0 user-003-1 user-004-0 user-005-0 user-006-0 user-007-0 user-008-0 user-009-0 user-010-0 user-011-0 user-012-0
212	cmd-0212	2025-11-20T19:53:00+09:00	user-001-0 user-002-0 user-003-1 user-004-0 user-005-0 user-006-0 user-007-0 user-008-0 user-009-0 user-010-0 user-011-0 user-012-0
213	cmd-0213	2025-11-20T21:23:00+09:00	user-001-0 user-002-0 user-003-1 user-004-0 user-005-0 user-006-0 user-007-0 user-008-0 user-009-0 user-010-0 user-011-0 user-012-0
214	cmd-0214	2025-11-20T22:37:00+09:00	user-001-0 user-002-0 user-003-1 user-004-0 user-005-0 user-006-0 user-007-0 user-008-0 user-009-0 user-010-0 user-011-0 user-012-0
215	cmd-0215	2025-11-21T00:58:00+09:00	user-001-0 user-002-0 user-003-1 user-004-0 user-005-0 user-006-0 user-007-0 user-008-0 user-009-0 user-010-0 user-011-0 user-012-0
216	cmd-0216	2025-11-21T01:07:00+09:00	user-001-0 user-002-0 user-003-1 user-004-0 user-005-0 user-006-0 user-007-0 user-008-0 user-009-0 user-010-0 user-011-0 user-012-0
217	cmd-0217	2025-11-21T03:46:00+09:00	user-001-0 user-002-0 user-003-1 user-004-0 user-005-0 user-006-0 user-007-0 user-008-0 user-009-0 user-010-0 user-011-0 user-012-0
218	cmd-0218	2025-11-21T03:49:00+09:00	user-001-1 user-002-1 user-003-1 user-004-0 user-005-0 user-006-0 user-007-1 user-008-0 user-009-0 user-010-0 user-011-0 user-012-0
219	cmd-0219	2025-11-21T05:47:00+09:00	user-001-0 user-002-0 user-003-1 user-004-0 user-005-0 user-006-0 user-007-0 user-008-0 user-009-0 user-010-0 user-011-0 user-012-0
220	cmd-0220	2025-11-21T06:33:00+09:00	user-001-0 user-002-0 user-003-1 user-004-0 user-005-0 user-006-0 user-007-0 user-008-0 user-009-0 user-010-0 user-011-0 user-012-0
221	cmd-0221	2025-11-21T06:59:00+09:00	user-001-0 user-002-0 user-003-1 user-004-0 user-005-0 user-006-0 user-007-0 user-008-0 user-009-0 user-010-0 user-011-0 user-012-0
222	cmd-0222	2025-11-21T11:40:00+09:00	user-001-0 user-002-0 user-003-1 user-004-0 user-005-0 user-006-0 user-007-0 user-008-0 user-009-0 user-010-0 user-011-0 user-012-0
223	cmd-0223	2025-11-21T15:38:00+09:00	user-001-0 user-002-0 user-003-1 user-004-0 user-005-0 user-006-0 user-007-0 user-008-0 user-009-0 user-010-0 user-011-0 user-012-0
224	cmd-0224	2025-11-21T19:13:00+09:00	user-001-0 user-002-0 user-003-1 user-004-0 user-005-0 user-006-0 user-007-0 user-008-0 user-009-0 user-010-0 user-011-0 user-012-0
225	cmd-0225	2025-11-21T19:50:00+09:00	user-001-0 user-002-0 user-003-1 user-004-0 user-005-0 user-006-0 user-007-0 user-008-0 user-009-0 user-010-0 user-011-0 user-012-0
226	cmd-0226	2025-11-21T21:48:00+09:00	user-001-0 user-002-0 user-003-1 user-004-0 user-005-0 user-006-0 user-007-0 user-008-0 user-009-0 user-010-0 user-011-0 user-012-0
227	cmd-0227	2025-11-21T22:07:00+09:00	user-001-0 user-002-0 user-003-1 user-004-0 user-005-0 user-006-0 user-007-0 user-008-0 user-009-0 user-010-0 user-011-0 user-012-0
228	cmd-0228	2025-11-21T23:21:00+09:00	user-001-1 user-002-1 user-003-1 user-004-0 user-005-0 user-006-0 user-007-1 user-008-0 user-009-0 user-010-0 user-011-0 user-012-0
229	cmd-0229	2025-11-22T02:24:00+09:00	user-001-0 user-002-0 user-003-1 user-004-0 user-005-0 user-006-0 user-007-0 user-008-0 user-009-0 user-010-0 user-011-0 user-012-0
230	cmd-0230	2025-11-22T03:43:00+09:00	user-001-0 user-002-0 user-003-1 user-004-0 user-005-0 user-006-0 user-007-0 user-008-0 user-009-0 user-010-0 user-011-0 user-012-0
231	cmd-0231	2025-11-22T04:49:00+09:00	user-001-1 user-002-0 user-003-1 user-004-0 user-005-0 user-006-0 user-007-0 user-008-0 user-009-0 user-010-0 user-011-0 user-012-0
232	cmd-0232	2025-11-22T06:59:00+09:00	user-001-0 user-002-0 user-003-1 user-004-0 user-005-0 user-006-0 user-007-0 user-008-0 user-009-0 user-010-0 user-011-0 user-012-0
233	cmd-0233	2025-11-22T07:57:00+09:00	user-001-0 user-002-0 user-003-1 user-004-0 user-005-0 user-006-0 user-007-0 user-008-0 user-009-0 user-010-0 user-011-0 user-012-0
234	cmd-0234	2025-11-22T09:29:00+09:00	user-001-0 user-002-0 user-003-1 user-004-0 user-005-0 user-006-0 user-007-0 user-008-0 user-009-0 user-010-0 user-011-0 user-012-0
235	cmd-0235	2025-11-22T09:34:00+09:00	user-001-0 user-002-0 user-003-1 user-004-0 user-005-0 user-006-0 user-007-0 user-008-0 user-009-0 user-010-0 user-011-0 user-012-0
236	cmd-0236	2025-11-22T14:26:00+09:00	user-001-0 user-002-0 user-003-1 user-004-0 user-005-0 user-006-0 user-007-0 user-008-0 user-009-0 user-010-0 user-011-0 user-012-0
237	cmd-0237	2025-11-22T14:36:00+09:00	user-001-0 user-002-0 user-003-1 user-004-0 user-005-0 user-006-0 user-007-0 user-008-0 user-009-0 user-010-0 user-011-0 user-012-0
238	cmd-0238	2025-11-22T15:20:00+09:00	user-001-0 user-002-0 user-003-1 user-004-0 user-005-0 user-006-0 user-007-0 user-008-0 user-009-0 user-010-0 user-011-0 user-012-0
239	cmd-0239	2025-11-22T17:22:00+09:00	user-001-0 user-002-0 user-003-1 user-004-0 user-005-0 user-006-0 user-007-0 user-008-0 user-009-0 user-010-0 user-011-0 user-012-0
240	cmd-0240	2025-11-22T19:56:00+09:00	user-001-0 user-002-0 user-003-1 user-004-0 user-005-0 user-006-0 user-007-0 user-008-0 user-009-0 user-010-0 user-011-0 user-012-0
241	cmd-0241	2025-11-22T20:40:00+09:00	user-001-0 user-002-0 user-003-1 user-004-0 user-005-0 user-006-0 user-007-0 user-008-0 user-009-0 user-010-0 user-011-0 user-012-0
242	cmd-0242	2025-11-22T22:34:00+09:00	user-001-0 user-002-0 user-003-1 user-004-0 user-005-0 user-006-0 user-007-0 user-008-0 user-009-0 user-010-0 user-011-0 user-012-0
243	cmd-0243	2025-11-23T02:20:00+09:00	user-001-0 user-002-0 user-003-1 user-004-0 user-005-0 user-006-0 user-007-0 user-008-0 user-009-0 user-010-0 user-011-0 user-012-0
244	cmd-0244	2025-11-23T04:29:00+09:00	user-001-0 user-002-0 user-003-1 user-004-0 user-005-0 user-006-0 user-007-0 user-008-0 user-009-0 user-010-0 user-011-0 user-012-0
245	cmd-0245	2025-11-23T06:37:00+09:00	user-001-0 user-002-0 user-003-1 user-004-0 user-005-0 user-006-0 user-007-0 user-008-0 user-009-0 user-010-0 user-011-0 user-012-0
246	cmd-0246	2025-11-23T10:49:00+09:00	user-001-1 user-002-0 user-003-1 user-004-0 user-005-0 user-006-0 user-007-0 user-008-0 user-009-0 user-010-0 user-011-0 user-012-0
247	cmd-0247	2025-11-23T13:24:00+09:00	user-001-0 user-002-0 user-003-1 user-004-0 user-005-0 user-006-0 user-007-0 user-008-0 user-009-0 user-010-0 user-011-0 user-012-0
248	cmd-0248	2025-11-23T13:35:00+09:00	user-001-0 user-002-0 user-003-1 user-004-0 user-005-0 user-006-0 user-007-0 user-008-0 user-009-0 user-010-0 user-011-0 user-012-0
249	cmd-0249	2025-11-23T14:02:00+09:00	user-001-0 user-002-0 user-003-1 user-004-0 user-005-0 user-006-0 user-007-0 user-008-0 user-009-0 user-010-0 user-011-0 user-012-0
250	cmd-0250	2025-11-23T14:36:00+09:00	user-001-0 user-002-0 user-003-1 user-004-0 user-005-0 user-006-0 user-007-0 user-008-0 user-009-0 user-010-0 user-011-0 user-012-0
251	cmd-0251	2025-11-23T18:53:00+09:00	user-001-0 user-002-0 user-003-1 user-004-0 user-005-0 user-006-0 user-007-0 user-008-0 user-009-0 user-010-0 user-011-0 user-012-0
252	cmd-0252	2025-11-23T19:34:00+09:00	user-001-0 user-002-0 user-003-1 user-004-0 user-005-0 user-006-0 user-007-0 user-008-0 user-009-0 user-010-0 user-011-0 user-012-0
253	cmd-0253	2025-11-23T21:17:00+09:00	user-001-0 user-002-0 user-003-1 user-004-0 user-005-0 user-006-0 user-007-0 user-008-0 user-009-0 user-010-0 user-011-0 user-012-0
254	cmd-0254	2025-11-23T21:34:00+09:00	user-001-0 user-002-0 user-003-1 user-004-0 user-005-0 user-006-0 user-007-0 user-008-0 user-009-0 user-010-0 user-011-0 user-012-0
255	cmd-0255	2025-11-24T09:03:00+09:00	user-001-0 user-002-0 user-003-1 user-004-0 user-005-0 user-006-0 user-007-0 user-008-0 user-009-0 user-010-0 user-011-0 user-012-0
256	cmd-0256	2025-11-24T12:53:00+09:00	user-001-0 user-002-0 user-003-1 user-004-0 user-005-0 user-006-0 user-007-0 user-008-0 user-009-0 user-010-0 user-011-0 user-012-0
257	cmd-0257	2025-11-24T18:28:00+09:00	user-001-0 user-002-0 user-003-1 user-004-0 user-005-0 user-006-0 user-007-0 user-008-0 user-009-0 user-010-0 user-011-0 user-012-0
258	cmd-0258	2025-11-24T19:35:00+09:00	user-001-0 user-002-0 user-003-1 user-004-0 user-005-0 user-006-0 user-007-0 user-008-0 user-009-0 user-010-0 user-011-0 user-012-0
259	cmd-0259	2025-11-24T20:33:00+09:00	user-001-0 user-002-0 user-003-1 user-004-0 user-005-0 user-006-0 user-007-0 user-008-0 user-009-0 user-010-0 user-011-0 user-012-0
260	cmd-0260	2025-11-24T21:11:00+09:00	user-001-1 user-002-1 user-003-1 user-004-0 user-005-0 user-006-0 user-007-1 user-008-0 user-009-0 user-010-0 user-011-0 user-012-0
261	cmd-0261	2025-11-24T21:16:00+09:00	user-001-0 user-002-0 user-003-1 user-004-0 user-005-0 user-006-0 user-007-0 user-008-0 user-009-0 user-010-0 user-011-0 user-012-0
262	cmd-0262	2025-11-24T21:34:00+09:00	user-001-0 user-002-0 user-003-1 user-004-0 user-005-0 user-006-0 user-007-0 user-008-0 user-009-0 user-010-0 user-011-0 user-012-0
263	cmd-0263	2025-11-25T01:14:00+09:00	user-001-0 user-002-0 user-003-1 user-004-0 user-005-0 user-006-0 user-007-0 user-008-0 user-009-0 user-010-0 user-011-0 user-012-0
264	cmd-0264	2025-11-25T01:16:00+09:00	user-001-1 user-002-1 user-003-1 user-004-0 user-005-0 user-006-0 user-007-1 user-008-0 user-009-0 user-010-0 user-011-0 user-012-0
265	cmd-0265	2025-11-25T08:35:00+09:00	user-001-0 user-002-0 user-003-1 user-004-0 user-005-0 user-006-0 user-007-0 user-008-0 user-009-0 user-010-0 user-011-0 user-012-0
266	cmd-0266	2025-11-25T10:23:00+09:00	user-001-0 user-002-0 user-003-1 user-004-0 user-005-0 user-006-0 user-007-0 user-008-0 user-009-0 user-010-0 user-011-0 user-012-0
267	cmd-0267	2025-11-25T10:44:00+09:00	user-001-0 user-002-0 user-003-1 user-004-0 user-005-0 user-006-0 user-007-0 user-008-0 user-009-0 user-010-0 user-011-0 user-012-0
268	cmd-0268	2025-11-25T17:09:00+09:00	user-001-0 user-002-0 user-003-1 user-004-0 user-005-0 user-006-0 user-007-0 user-008-0 user-009-0 user-010-0 user-011-0 user-012-0
269	cmd-0269	2025-11-25T17:37:00+09:00	user-001-0 user-002-0 user-003-1 user-004-0 user-005-0 user-006-0 user-007-0 user-008-0 user-009-0 user-010-0 user-011-0 user-012-0
270	cmd-0270	2025-11-25T21:57:00+09:00	user-001-0 user-002-0 user-003-1 user-004-0 user-005-0 user-006-0 user-007-0 user-008-0 user-009-0 user-010-0 user-011-0 user-012-0
271	cmd-0271	2025-11-25T22:24:00+09:00	user-001-0 user-002-0 user-003-1 user-004-0 user-005-0 user-006-0 user-007-0 user-008-0 user-009-0 user-010-0 user-011-0 user-012-0
272	cmd-0272	2025-11-25T23:37:00+09:00	user-001-0 user-002-0 user-003-1 user-004-0 user-005-0 user-006-0 user-007-0 user-008-0 user-009-0 user-010-0 user-011-0 user-012-0
273	cmd-0273	2025-11-26T00:20:00+09:00	user-001-0 user-002-0 user-003-1 user-004-0 user-005-0 user-006-0 user-007-0 user-008-0 user-009-0 user-010-0 user-011-0 user-012-0
274	cmd-0274	2025-11-26T01:48:00+09:00	user-001-0 user-002-0 user-003-1 user-004-0 user-005-0 user-006-0 user-007-0 user-008-0 user-009-0 user-010-0 user-011-0 user-012-0
275	cmd-0275	2025-11-26T04:42:00+09:00	user-001-0 user-002-0 user-003-1 user-004-0 user-005-0 user-006-0 user-007-0 user-008-0 user-009-0 user-010-0 user-011-0 user-012-0
276	cmd-0276	2025-11-26T07:35:00+09:00	user-001-1 user-002-0 user-003-1 user-004-0 user-005-0 user-006-0 user-007-0 user-008-0 user-009-0 user-010-0 user-011-0 user-012-0
277	cmd-0277	2025-11-26T17:22:00+09:00	user-001-0 user-002-0 user-003-1 user-004-0 user-005-0 user-006-0 user-007-0 user-008-0 user-009-0 user-010-0 user-011-0 user-012-0
278	cmd-0278	2025-11-26T19:25:00+09:00	user-001-0 user-002-0 user-003-1 user-004-0 user-005-0 user-006-0 user-007-0 user-008-0 user-009-0 user-010-0 user-011-0 user-012-0
279	cmd-0279	2025-11-27T10:09:00+09:00	user-001-1 user-002-0 user-003-1 user-004-0 user-005-0 user-006-0 user-007-0 user-008-0 user-009-0 user-010-0 user-011-0 user-012-0
280	cmd-0280	2025-11-27T14:27:00+09:00	user-001-0 user-002-0 user-003-1 user-004-0 user-005-0 user-006-0 user-007-0 user-008-0 user-009-0 user-010-0 user-011-0 user-012-0
281	cmd-0281	2025-11-27T16:20:00+09:00	user-001-0 user-002-0 user-003-1 user-004-0 user-005-0 user-006-0 user-007-0 user-008-0 user-009-0 user-010-0 user-011-0 user-012-0
282	cmd-0282	2025-11-27T22:48:00+09:00	user-001-0 user-002-0 user-003-1 user-004-0 user-005-0 user-006-0 user-007-0 user-008-0 user-009-0 user-010-0 user-011-0 user-012-0
283	cmd-0283	2025-11-28T00:02:00+09:00	user-001-0 user-002-0 user-003-1 user-004-0 user-005-0 user-006-0 user-007-0 user-008-0 user-009-0 user-010-0 user-011-0 user-012-0
284	cmd-0284	2025-11-28T04:31:00+09:00	user-001-0 user-002-0 user-003-1 user-004-0 user-005-0 user-006-0 user-007-0 user-008-0 user-009-0 user-010-0 user-011-0 user-012-0
285	cmd-0285	2025-11-28T04:43:00+09:00	user-001-0 user-002-0 user-003-1 user-004-0 user-005-0 user-006-0 user-007-0 user-008-0 user-009-0 user-010-0 user-011-0 user-012-0
286	cmd-0286	2025-11-28T05:04:00+09:00	user-001-0 user-002-0 user-003-1 user-004-0 user-005-0 user-006-0 user-007-0 user-008-0 user-009-0 user-010-0 user-011-0 user-012-0
287	cmd-0287	2025-11-28T07:47:00+09:00	user-001-0 user-002-0 user-003-1 user-004-0 user-005-0 user-006-0 user-007-0 user-008-0 user-009-0 user-010-0 user-011-0 user-012-0
288	cmd-0288	2025-11-28T07:47:00+09:00	user-001-0 user-002-0 user-003-1 user-004-0 user-005-0 user-006-0 user-007-0 user-008-0 user-009-0 user-010-0 user-011-0 user-012-0
289	cmd-0289	2025-11-28T08:24:00+09:00	user-001-0 user-002-0 user-003-1 user-004-0 user-005-0 user-006-0 user-007-0 user-008-0 user-009-0 user-010-0 user-011-0 user-012-0
290	cmd-0290	2025-11-28T08:26:00+09:00	user-001-1 user-002-0 user-003-1 user-004-0 user-005-0 user-006-0 user-007-0 user-008-0 user-009-0 user-010-0 user-011-0 user-012-0
291	cmd-0291	2025-11-28T15:14:00+09:00	user-001-0 user-002-0 user-003-1 user-004-0 user-005-0 user-006-0 user-007-0 user-008-0 user-009-0 user-010-0 user-011-0 user-012-0
292	cmd-0292	2025-11-28T17:25:00+09:00	user-001-0 user-002-0 user-003-1 user-004-0 user-005-0 user-006-0 user-007-0 user-008-0 user-009-0 user-010-0 user-011-0 user-012-0
293	cmd-0293	2025-11-28T21:02:00+09:00	user-001-0 user-002-0 user-003-1 user-004-0 user-005-0 user-006-0 user-007-0 user-008-0 user-009-0 user-010-0 user-011-0 user-012-0
294	cmd-0294	2025-11-28T22:07:00+09:00	user-001-0 user-002-0 user-003-1 user-004-0 user-005-0 user-006-0 user-007-0 user-008-0 user-009-0 user-010-0 user-011-0 user-012-0
295	cmd-0295	2025-11-28T22:33:00+09:00	user-001-0 user-002-0 user-003-1 user-004-0 user-005-0 user-006-0 user-007-0 user-008-0 user-009-0 user-010-0 user-011-0 user-012-0
296	cmd-0296	2025-11-29T00:06:00+09:00	user-001-0 user-002-0 user-003-1 user-004-0 user-005-0 user-006-0 user-007-0 user-008-0 user-009-0 user-010-0 user-011-0 user-012-0
297	cmd-0297	2025-11-29T02:05:00+09:00	user-001-1 user-002-1 user-003-1 user-004-0 user-005-0 user-006-0 user-007-1 user-008-0 user-009-0 user-010-0 user-011-0 user-012-0
298	cmd-0298	2025-11-29T02:45:00+09:00	user-001-0 user-002-0 user-003-1 user-004-0 user-005-0 user-006-0 user-007-0 user-008-0 user-009-0 user-010-0 user-011-0 user-012-0
299	cmd-0299	2025-11-29T03:07:00+09:00	user-001-0 user-002-0 user-003-1 user-004-0 user-005-0 user-006-0 user-007-0 user-008-0 user-009-0 user-010-0 user-011-0 user-012-0
300	cmd-0300	2025-11-29T03:48:00+09:00	user-001-0 user-002-0 user-003-1 user-004-0 user-005-0 user-006-0 user-007-0 user-008-0 user-009-0 user-010-0 user-011-0 user-012-0
301	cmd-0301	2025-10-30T09:29:00+09:00	user-001-1 user-002-1 user-003-0 user-004-0 user-005-0 user-006-0 user-007-0 user-008-0 user-009-0 user-010-0 user-011-0 user-012-0
302	cmd-0302	2025-10-30T10:00:00+09:00	user-001-1 user-002-1 user-003-0 user-004-0 user-005-0 user-006-0 user-007-0 user-008-0 user-009-0 user-010-0 user-011-0 user-012-0
303	cmd-0303	2025-10-30T10:07:00+09:00	user-001-1 user-002-1 user-003-0 user-004-0 user-005-0 user-006-0 user-007-0 user-008-0 user-009-0 user-010-0 user-011-0 user-012-0
304	cmd-0304	2025-10-30T10:39:00+09:00	user-001-1 user-002-1 user-003-0 user-004-0 user-005-0 user-006-0 user-007-0 user-008-0 user-009-0 user-010-0 user-011-0 user-012-0
305	cmd-0305	2025-10-30T15:18:00+09:00	user-001-1 user-002-1 user-003-0 user-004-0 user-005-0 user-006-0 user-007-0 user-008-0 user-009-0 user-010-0 user-011-0 user-012-0
306	cmd-0306	2025-10-30T16:40:00+09:00	user-001-1 user-002-1 user-003-0 user-004-0 user-005-0 user-006-0 user-007-0 user-008-0 user-009-0 user-010-0 user-011-0 user-012-0
307	cmd-0307	2025-10-30T16:54:00+09:00	user-001-1 user-002-1 user-003-0 user-004-0 user-005-0 user-006-0 user-007-0 user-008-0 user-009-0 user-010-0 user-011-0 user-012-0
308	cmd-0308	2025-10-30T18:56:00+09:00	user-001-1 user-002-1 user-003-0 user-004-0 user-005-0 user-006-0 user-007-0 user-008-0 user-009-0 user-010-0 user-011-0 user-012-0
309	cmd-0309	2025-10-30T20:19:00+09:00	user-001-1 user-002-1 user-003-0 user-004-0 user-005-0 user-006-0 user-007-0 user-008-0 user-009-0 user-010-0 user-011-0 user-012-0
310	cmd-0310	2025-10-30T20:55:00+09:00	user-001-1 user-002-1 user-003-0 user-004-0 user-005-0 user-006-0 user-007-0 user-008-0 user-009-0 user-010-0 user-011-0 user-012-0
311	cmd-0311	2025-10-30T22:22:00+09:00	user-001-1 user-002-1 user-003-0 user-004-0 user-005-0 user-006-0 user-007-0 user-008-0 user-009-0 user-010-0 user-011-0 user-012-0
312	cmd-0312	2025-10-31T02:07:00+09:00	user-001-1 user-002-1 user-003-0 user-004-0 user-005-0 user-006-0 user-007-0 user-008-0 user-009-0 user-010-0 user-011-0 user-012-0
313	cmd-0313	2025-10-31T02:33:00+09:00	user-001-1 user-002-1 user-003-0 user-004-0 user-005-0 user-006-0 user-007-0 user-008-0 user-009-0 user-010-0 user-011-0 user-012-0
314	cmd-0314	2025-10-31T03:39:00+09:00	user-001-1 user-002-1 user-003-0 user-004-0 user-005-0 user-006-0 user-007-0 user-008-0 user-009-0 user-010-0 user-011-0 user-012-0
315	cmd-0315	2025-10-31T04:32:00+09:00	user-001-1 user-002-1 user-003-0 user-004-0 user-005-0 user-006-0 user-007-0 user-008-0 user-009-0 user-010-0 user-011-0 user-012-0
316	cmd-0316	2025-10-31T11:46:00+09:00	user-001-1 user-002-1 user-003-0 user-004-0 user-005-0 user-006-0 user-007-0 user-008-0 user-009-0 user-010-0 user-011-0 user-012-0
317	cmd-0317	2025-10-31T11:48:00+09:00	user-001-1 user-002-1 user-003-0 user-004-0 user-005-0 user-006-0 user-007-0 user-008-0 user-009-0 user-010-0 user-011-0 user-012-0
318	cmd-0318	2025-10-31T15:11:00+09:00	user-001-1 user-002-1 user-003-0 user-004-0 user-005-0 user-006-0 user-007-0 user-008-0 user-009-0 user-010-0 user-011-0 user-012-0
319	cmd-0319	2025-10-31T15:49:00+09:00	user-001-1 user-002-1 user-003-0 user-004-0 user-005-0 user-006-0 user-007-0 user-008-0 user-009-0 user-010-0 user-011-0 user-012-0
320	cmd-0320	2025-10-31T17:35:00+09:00	user-001-1 user-002-1 user-003-0 user-004-0 user-005-0 user-006-0 user-007-0 user-008-0 user-009-0 user-010-0 user-011-0 user-012-0
321	cmd-0321	2025-10-31T20:05:00+09:00	user-001-1 user-002-1 user-003-0 user-004-0 user-005-0 user-006-0 user-007-0 user-008-0 user-009-0 user-010-0 user-011-0 user-012-0
322	cmd-0322	2025-10-31T22:43:00+09:00	user-001-1 user-002-1 user-003-0 user-004-0 user-005-0 user-006-0 user-007-0 user-008-0 user-009-0 user-010-0 user-011-0 user-012-0
323	cmd-0323	2025-11-01T00:19:00+09:00	user-001-1 user-002-1 user-003-0 user-004-0 user-005-0 user-006-0 user-007-0 user-008-0 user-009-0 user-010-0 user-011-0 user-012-0
324	cmd-0324	2025-11-01T00:40:00+09:00	user-001-1 user-002-1 user-003-0 user-004-0 user-005-0 user-006-0 user-007-0 user-008-0 user-009-0 user-010-0 user-011-0 user-012-0
325	cmd-0325	2025-11-01T00:52:00+09:00	user-001-1 user-002-1 user-003-0 user-004-0 user-005-0 user-006-0 user-007-0 user-008-0 user-009-0 user-010-0 user-011-0 user-012-0
326	cmd-0326	2025-11-01T02:04:00+09:00	user-001-1 user-002-1 user-003-0 user-004-0 user-005-0 user-006-0 user-007-0 user-008-0 user-009-0 user-010-0 user-011-0 user-012-0
327	cmd-0327	2025-11-01T03:35:00+09:00	user-001-1 user-002-1 user-003-0 user-004-0 user-005-0 user-006-0 user-007-0 user-008-0 user-009-0 user-010-0 user-011-0 user-012-0
328	cmd-0328	2025-11-01T04:42:00+09:00	user-001-1 user-002-1 user-003-0 user-004-0 user-005-0 user-006-0 user-007-0 user-008-0 user-009-0 user-010-0 user-011-0 user-012-0
329	cmd-0329	2025-11-01T04:45:00+09:00	user-001-1 user-002-1 user-003-0 user-004-0 user-005-0 user-006-0 user-007-0 user-008-0 user-009-0 user-010-0 user-011-0 user-012-0
330	cmd-0330	2025-11-01T04:58:00+09:00	user-001-1 user-002-1 user-003-0 user-004-0 user-005-0 user-006-0 user-007-0 user-008-0 user-009-0 user-010-0 user-011-0 user-012-0
331	cmd-0331	2025-11-01T06:27:00+09:00	user-001-1 user-002-1 user-003-0 user-004-0 user-005-0 user-006-0 user-007-0 user-008-0 user-009-0 user-010-0 user-011-0 user-012-0
332	cmd-0332	2025-11-01T07:18:00+09:00	user-001-1 user-002-1 user-003-0 user-004-0 user-005-0 user-006-0 user-007-0 user-008-0 user-009-0 user-010-0 user-011-0 user-012-0
333	cmd-0333	2025-11-01T09:01:00+09:00	user-001-1 user-002-1 user-003-0 user-004-0 user-005-0 user-006-0 user-007-0 user-008-0 user-009-0 user-010-0 user-011-0 user-012-0
334	cmd-0334	2025-11-01T10:25:00+09:00	user-001-1 user-002-1 user-003-0 user-004-0 user-005-0 user-006-0 user-007-0 user-008-0 user-009-0 user-010-0 user-011-0 user-012-0
335	cmd-0335	2025-11-01T15:01:00+09:00	user-001-1 user-002-1 user-003-0 user-004-0 user-005-0 user-006-0 user-007-0 user-008-0 user-009-0 user-010-0 user-011-0 user-012-0
336	cmd-0336	2025-11-01T16:45:00+09:00	user-001-1 user-002-1 user-003-0 user-004-0 user-005-0 user-006-0 user-007-0 user-008-0 user-009-0 user-010-0 user-011-0 user-012-0
337	cmd-0337	2025-11-01T17:04:00+09:00	user-001-1 user-002-1 user-003-0 user-004-0 user-005-0 user-006-0 user-007-0 user-008-0 user-009-0 user-010-0 user-011-0 user-012-0
338	cmd-0338	2025-11-01T17:21:00+09:00	user-001-1 user-002-1 user-003-0 user-004-0 user-005-0 user-006-0 user-007-0 user-008-0 user-009-0 user-010-0 user-011-0 user-012-0
339	cmd-0339	2025-11-01T19:57:00+09:00	user-001-1 user-002-1 user-003-0 user-004-0 user-005-0 user-006-0 user-007-0 user-008-0 user-009-0 user-010-0 user-011-0 user-012-0
340	cmd-0340	2025-11-01T21:00:00+09:00	user-001-1 user-002-1 user-003-0 user-004-0 user-005-0 user-006-0 user-007-0 user-008-0 user-009-0 user-010-0 user-011-0 user-012-0
341	cmd-0341	2025-11-02T00:07:00+09:00	user-001-1 user-002-1 user-003-0 user-004-0 user-005-0 user-006-0 user-007-0 user-008-0 user-009-0 user-010-0 user-011-0 user-012-0
342	cmd-0342	2025-11-02T00:18:00+09:00	user-001-1 user-002-1 user-003-0 user-004-0 user-005-0 user-006-0 user-007-0 user-008-0 user-009-0 user-010-0 user-011-0 user-012-0
343	cmd-0343	2025-11-02T01:46:00+09:00	user-001-1 user-002-1 user-003-0 user-004-0 user-005-0 user-006-0 user-007-0 user-008-0 user-009-0 user-010-0 user-011-0 user-012-0
344	cmd-0344	2025-11-02T01:55:00+09:00	user-001-1 user-002-1 user-003-0 user-004-0 user-005-0 user-006-0 user-007-0 user-008-0 user-009-0 user-010-0 user-011-0 user-012-0
345	cmd-0345	2025-11-02T05:09:00+09:00	user-001-1 user-002-1 user-003-0 user-004-0 user-005-0 user-006-0 user-007-0 user-008-0 user-009-0 user-010-0 user-011-0 user-012-0
346	cmd-0346	2025-11-02T05:23:00+09:00	user-001-1 user-002-1 user-003-0 user-004-0 user-005-0 user-006-0 user-007-0 user-008-0 user-009-0 user-010-0 user-011-0 user-012-0
347	cmd-0347	2025-11-02T06:34:00+09:00	user-001-1 user-002-1 user-003-0 user-004-0 user-005-0 user-006-0 user-007-0 user-008-0 user-009-0 user-010-0 user-011-0 user-012-0
348	cmd-0348	2025-11-02T09:13:00+09:00	user-001-1 user-002-1 user-003-0 user-004-0 user-005-0 user-006-0 user-007-0 user-008-0 user-009-0 user-010-0 user-011-0 user-012-0
349	cmd-0349	2025-11-02T11:47:00+09:00	user-001-1 user-002-1 user-003-0 user-004-0 user-005-0 user-006-0 user-007-0 user-008-0 user-009-0 user-010-0 user-011-0 user-012-0
350	cmd-0350	2025-11-02T13:24:00+09:00	user-001-1 user-002-1 user-003-0 user-004-0 user-005-0 user-006-0 user-007-0 user-008-0 user-009-0 user-010-0 user-011-0 user-012-0
351	cmd-0351	2025-11-02T13:46:00+09:00	user-001-1 user-002-1 user-003-0 user-004-0 user-005-0 user-006-0 user-007-0 user-008-0 user-009-0 user-010-0 user-011-0 user-012-0
352	cmd-0352	2025-11-02T13:52:00+09:00	user-001-1 user-002-1 user-003-0 user-004-0 user-005-0 user-006-0 user-007-0 user-008-0 user-009-0 user-010-0 user-011-0 user-012-0
353	cmd-0353	2025-11-02T14:35:00+09:00	user-001-1 user-002-1 user-003-0 user-004-0 user-005-0 user-006-0 user-007-0 user-008-0 user-009-0 user-010-0 user-011-0 user-012-0
354	cmd-0354	2025-11-02T17:22:00+09:00	user-001-1 user-002-1 user-003-0 user-004-0 user-005-0 user-006-0 user-007-0 user-008-0 user-009-0 user-010-0 user-011-0 user-012-0
355	cmd-0355	2025-11-02T17:29:00+09:00	user-001-1 user-002-1 user-003-0 user-004-0 user-005-0 user-006-0 user-007-0 user-008-0 user-009-0 user-010-0 user-011-0 user-012-0
356	cmd-0356	2025-11-02T18:10:00+09:00	user-001-1 user-002-1 user-003-0 user-004-0 user-005-0 user-006-0 user-007-0 user-008-0 user-009-0 user-010-0 user-011-0 user-012-0
357	cmd-0357	2025-11-02T19:28:00+09:00	user-001-1 user-002-1 user-003-0 user-004-0 user-005-0 user-006-0 user-007-0 user-008-0 user-009-0 user-010-0 user-011-0 user-012-0
358	cmd-0358	2025-11-02T20:59:00+09:00	user-001-1 user-002-1 user-003-0 user-004-0 user-005-0 user-006-0 user-007-0 user-008-0 user-009-0 user-010-0 user-011-0 user-012-0
359	cmd-0359	2025-11-02T21:10:00+09:00	user-001-1 user-002-1 user-003-0 user-004-0 user-005-0 user-006-0 user-007-0 user-008-0 user-009-0 user-010-0 user-011-0 user-012-0
360	cmd-0360	2025-11-02T21:23:00+09:00	user-001-1 user-002-1 user-003-0 user-004-0 user-005-0 user-006-0 user-007-0 user-008-0 user-009-0 user-010-0 user-011-0 user-012-0
361	cmd-0361	2025-11-02T23:15:00+09:00	user-001-1 user-002-1 user-003-0 user-004-0 user-005-0 user-006-0 user-007-0 user-008-0 user-009-0 user-010-0 user-011-0 user-012-0
362	cmd-0362	2025-11-02T23:26:00+09:00	user-001-1 user-002-1 user-003-0 user-004-0 user-005-0 user-006-0 user-007-0 user-008-0 user-009-0 user-010-0 user-011-0 user-012-0
363	cmd-0363	2025-11-03T00:18:00+09:00	user-001-1 user-002-1 user-003-0 user-004-0 user-005-0 user-006-0 user-007-0 user-008-0 user-009-0 user-010-0 user-011-0 user-012-0
364	cmd-0364	2025-11-03T02:08:00+09:00	user-001-1 user-002-1 user-003-0 user-004-0 user-005-0 user-006-0 user-007-0 user-008-0 user-009-0 user-010-0 user-011-0 user-012-0
365	cmd-0365	2025-11-03T03:10:00+09:00	user-001-1 user-002-1 user-003-0 user-004-0 user-005-0 user-006-0 user-007-0 user-008-0 user-009-0 user-010-0 user-011-0 user-012-0
366	cmd-0366	2025-11-03T03:50:00+09:00	user-001-1 user-002-1 user-003-0 user-004-0 user-005-0 user-006-0 user-007-0 user-008-0 user-009-0 user-010-0 user-011-0 user-012-0
367	cmd-0367	2025-11-03T06:17:00+09:00	user-001-1 user-002-1 user-003-0 user-004-0 user-005-0 user-006-0 user-007-0 user-008-0 user-009-0 user-010-0 user-011-0 user-012-0
368	cmd-0368	2025-11-03T09:54:00+09:00	user-001-1 user-002-1 user-003-0 user-004-0 user-005-0 user-006-0 user-007-0 user-008-0 user-009-0 user-010-0 user-011-0 user-012-0
369	cmd-0369	2025-11-03T10:52:00+09:00	user-001-1 user-002-1 user-003-0 user-004-0 user-005-0 user-006-0 user-007-0 user-008-0 user-009-0 user-010-0 user-011-0 user-012-0
370	cmd-0370	2025-11-03T10:54:00+09:00	user-001-1 user-002-1 user-003-0 user-004-0 user-005-0 user-006-0 user-007-0 user-008-0 user-009-0 user-010-0 user-011-0 user-012-0
371	cmd-0371	2025-11-03T12:23:00+09:00	user-001-1 user-002-1 user-003-0 user-004-0 user-005-0 user-006-0 user-007-0 user-008-0 user-009-0 user-010-0 user-011-0 user-012-0
372	cmd-0372	2025-11-03T12:41:00+09:00	user-001-1 user-002-1 user-003-0 user-004-0 user-005-0 user-006-0 user-007-0 user-008-0 user-009-0 user-010-0 user-011-0 user-012-0
373	cmd-0373	2025-11-03T14:34:00+09:00	user-001-1 user-002-1 user-003-0 user-004-0 user-005-0 user-006-0 user-007-0 user-008-0 user-009-0 user-010-0 user-011-0 user-012-0
374	cmd-0374	2025-11-03T15:26:00+09:00	user-001-1 user-002-1 user-003-0 user-004-0 user-005-0 user-006-0 user-007-0 user-008-0 user-009-0 user-010-0 user-011-0 user-012-0
375	cmd-0375	2025-11-03T15:35:00+09:00	user-001-1 user-002-1 user-003-0 user-004-0 user-005-0 user-006-0 user-007-0 user-008-0 user-009-0 user-010-0 user-011-0 user-012-0
376	cmd-0376	2025-11-03T22:15:00+09:00	user-001-1 user-002-1 user-003-0 user-004-0 user-005-0 user-006-0 user-007-0 user-008-0 user-009-0 user-010-0 user-011-0 user-012-0
377	cmd-0377	2025-11-04T00:54:00+09:00	user-001-1 user-002-1 user-003-0 user-004-0 user-005-0 user-006-0 user-007-0 user-008-0 user-009-0 user-010-0 user-011-0 user-012-0
378	cmd-0378	2025-11-04T02:08:00+09:00	user-001-1 user-002-1 user-003-0 user-004-0 user-005-0 user-006-0 user-007-0 user-008-0 user-009-0 user-010-0 user-011-0 user-012-0
379	cmd-0379	2025-11-04T02:57:00+09:00	user-001-1 user-002-1 user-003-0 user-004-0 user-005-0 user-006-0 user-007-0 user-008-0 user-009-0 user-010-0 user-011-0 user-012-0
380	cmd-0380	2025-11-04T04:08:00+09:00	user-001-1 user-002-1 user-003-0 user-004-0 user-005-0 user-006-0 user-007-0 user-008-0 user-009-0 user-010-0 user-011-0 user-012-0
381	cmd-0381	2025-11-04T04:29:00+09:00	user-001-1 user-002-1 user-003-0 user-004-0 user-005-0 user-006-0 user-007-0 user-008-0 user-009-0 user-010-0 user-011-0 user-012-0
382	cmd-0382	2025-11-04T09:19:00+09:00	user-001-1 user-002-1 user-003-0 user-004-0 user-005-0 user-006-0 user-007-0 user-008-0 user-009-0 user-010-0 user-011-0 user-012-0
383	cmd-0383	2025-11-04T10:28:00+09:00	user-001-1 user-002-1 user-003-0 user-004-0 user-005-0 user-006-0 user-007-0 user-008-0 user-009-0 user-010-0 user-011-0 user-012-0
384	cmd-0384	2025-11-04T11:00:00+09:00	user-001-1 user-002-1 user-003-0 user-004-0 user-005-0 user-006-0 user-007-0 user-008-0 user-009-0 user-010-0 user-011-0 user-012-0
385	cmd-0385	2025-11-04T13:46:00+09:00	user-001-1 user-002-1 user-003-0 user-004-0 user-005-0 user-006-0 user-007-0 user-008-0 user-009-0 user-010-0 user-011-0 user-012-0
386	cmd-0386	2025-11-04T15:50:00+09:00	user-001-1 user-002-1 user-003-0 user-004-0 user-005-0 user-006-0 user-007-0 user-008-0 user-009-0 user-010-0 user-011-0 user-012-0
387	cmd-0387	2025-11-04T18:17:00+09:00	user-001-1 user-002-1 user-003-0 user-004-0 user-005-0 user-006-0 user-007-0 user-008-0 user-009-0 user-010-0 user-011-0 user-012-0
388	cmd-0388	2025-11-04T18:53:00+09:00	user-001-1 user-002-1 user-003-0 user-004-0 user-005-0 user-006-0 user-007-0 user-008-0 user-009-0 user-010-0 user-011-0 user-012-0
389	cmd-0389	2025-11-04T19:02:00+09:00	user-001-1 user-002-1 user-003-0 user-004-0 user-005-0 user-006-0 user-007-0 user-008-0 user-009-0 user-010-0 user-011-0 user-012-0
390	cmd-0390	2025-11-05T00:18:00+09:00	user-001-1 user-002-1 user-003-0 user-004-0 user-005-0 user-006-0 user-007-0 user-008-0 user-009-0 user-010-0 user-011-0 user-012-0
391	cmd-0391	2025-11-05T01:43:00+09:00	user-001-1 user-002-1 user-003-0 user-004-0 user-005-0 user-006-0 user-007-0 user-008-0 user-009-0 user-010-0 user-011-0 user-012-0
392	cmd-0392	2025-11-05T01:51:00+09:00	user-001-1 user-002-1 user-003-0 user-004-0 user-005-0 user-006-0 user-007-0 user-008-0 user-009-0 user-010-0 user-011-0 user-012-0
393	cmd-0393	2025-11-05T02:21:00+09:00	user-001-1 user-002-1 user-003-0 user-004-0 user-005-0 user-006-0 user-007-0 user-008-0 user-009-0 user-010-0 user-011-0 user-012-0
394	cmd-0394	2025-11-05T03:56:00+09:00	user-001-1 user-002-1 user-003-0 user-004-0 user-005-0 user-006-0 user-007-0 user-008-0 user-009-0 user-010-0 user-011-0 user-012-0
395	cmd-0395	2025-11-05T04:38:00+09:00	user-001-1 user-002-1 user-003-0 user-004-0 user-005-0 user-006-0 user-007-0 user-008-0 user-009-0 user-010-0 user-011-0 user-012-0
396	cmd-0396	2025-11-05T04:48:00+09:00	user-001-1 user-002-1 user-003-0 user-004-0 user-005-0 user-006-0 user-007-0 user-008-0 user-009-0 user-010-0 user-011-0 user-012-0
397	cmd-0397	2025-11-05T06:49:00+09:00	user-001-1 user-002-1 user-003-0 user-004-0 user-005-0 user-006-0 user-007-0 user-008-0 user-009-0 user-010-0 user-011-0 user-012-0
398	cmd-0398	2025-11-05T08:16:00+09:00	user-001-1 user-002-1 user-003-0 user-004-0 user-005-0 user-006-0 user-007-0 user-008-0 user-009-0 user-010-0 user-011-0 user-012-0
399	cmd-0399	2025-11-05T10:11:00+09:00	user-001-1 user-002-1 user-003-0 user-004-0 user-005-0 user-006-0 user-007-0 user-008-0 user-009-0 user-010-0 user-011-0 user-012-0
400	cmd-0400	2025-11-05T14:57:00+09:00	user-001-1 user-002-1 user-003-0 user-004-0 user-005-0 user-006-0 user-007-0 user-008-0 user-009-0 user-010-0 user-011-0 user-012-0
401	cmd-0401	2025-11-05T17:32:00+09:00	user-001-1 user-002-1 user-003-0 user-004-0 user-005-0 user-006-0 user-007-0 user-008-0 user-009-0 user-010-0 user-011-0 user-012-0
402	cmd-0402	2025-11-05T17:58:00+09:00	user-001-1 user-002-1 user-003-0 user-004-0 user-005-0 user-006-0 user-007-0 user-008-0 user-009-0 user-010-0 user-011-0 user-012-0
403	cmd-0403	2025-11-05T21:13:00+09:00	user-001-1 user-002-1 user-003-0 user-004-0 user-005-0 user-006-0 user-007-0 user-008-0 user-009-0 user-010-0 user-011-0 user-012-0
404	cmd-0404	2025-11-05T22:04:00+09:00	user-001-1 user-002-1 user-003-0 user-004-0 user-005-0 user-006-0 user-007-0 user-008-0 user-009-0 user-010-0 user-011-0 user-012-0
405	cmd-0405	2025-11-05T22:18:00+09:00	user-001-1 user-002-1 user-003-0 user-004-0 user-005-0 user-006-0 user-007-0 user-008-0 user-009-0 user-010-0 user-011-0 user-012-0
406	cmd-0406	2025-11-05T23:15:00+09:00	user-001-1 user-002-1 user-003-0 user-004-0 user-005-0 user-006-0 user-007-0 user-008-0 user-009-0 user-010-0 user-011-0 user-012-0
407	cmd-0407	2025-11-05T23:33:00+09:00	user-001-1 user-002-1 user-003-0 user-004-0 user-005-0 user-006-0 user-007-0 user-008-0 user-009-0 user-010-0 user-011-0 user-012-0
408	cmd-0408	2025-11-05T23:37:00+09:00	user-001-1 user-002-1 user-003-0 user-004-0 user-005-0 user-006-0 user-007-0 user-008-0 user-009-0 user-010-0 user-011-0 user-012-0
409	cmd-0409	2025-11-06T01:42:00+09:00	user-001-1 user-002-1 user-003-0 user-004-0 user-005-0 user-006-0 user-007-0 user-008-0 user-009-0 user-010-0 user-011-0 user-012-0
410	cmd-0410	2025-11-06T02:25:00+09:00	user-001-1 user-002-1 user-003-0 user-004-0 user-005-0 user-006-0 user-007-0 user-008-0 user-009-0 user-010-0 user-011-0 user-012-0
411	cmd-0411	2025-11-06T04:03:00+09:00	user-001-1 user-002-1 user-003-0 user-004-0 user-005-0 user-006-0 user-007-0 user-008-0 user-009-0 user-010-0 user-011-0 user-012-0
412	cmd-0412	2025-11-06T06:15:00+09:00	user-001-1 user-002-1 user-003-0 user-004-0 user-005-0 user-006-0 user-007-0 user-008-0 user-009-0 user-010-0 user-011-0 user-012-0
413	cmd-0413	2025-11-06T06:29:00+09:00	user-001-1 user-002-1 user-003-0 user-004-0 user-005-0 user-006-0 user-007-0 user-008-0 user-009-0 user-010-0 user-011-0 user-012-0
414	cmd-0414	2025-11-06T07:32:00+09:00	user-001-1 user-002-1 user-003-0 user-004-0 user-005-0 user-006-0 user-007-0 user-008-0 user-009-0 user-010-0 user-011-0 user-012-0
415	cmd-0415	2025-11-06T08:14:00+09:00	user-001-1 user-002-1 user-003-0 user-004-0 user-005-0 user-006-0 user-007-0 user-008-0 user-009-0 user-010-0 user-011-0 user-012-0
416	cmd-0416	2025-11-06T08:20:00+09:00	user-001-1 user-002-1 user-003-0 user-004-0 user-005-0 user-006-0 user-007-0 user-008-0 user-009-0 user-010-0 user-011-0 user-012-0
417	cmd-0417	2025-11-06T08:33:00+09:00	user-001-1 user-002-1 user-003-0 user-004-0 user-005-0 user-006-0 user-007-0 user-008-0 user-009-0 user-010-0 user-011-0 user-012-0
418	cmd-0418	2025-11-06T09:20:00+09:00	user-001-1 user-002-1 user-003-0 user-004-0 user-005-0 user-006-0 user-007-0 user-008-0 user-009-0 user-010-0 user-011-0 user-012-0
419	cmd-0419	2025-11-06T09:32:00+09:00	user-001-1 user-002-1 user-003-0 user-004-0 user-005-0 user-006-0 user-007-0 user-008-0 user-009-0 user-010-0 user-011-0 user-012-0
420	cmd-0420	2025-11-06T10:23:00+09:00	user-001-1 user-002-1 user-003-0 user-004-0 user-005-0 user-006-0 user-007-0 user-008-0 user-009-0 user-010-0 user-011-0 user-012-0
421	cmd-0421	2025-11-06T11:30:00+09:00	user-001-1 user-002-1 user-003-0 user-004-0 user-005-0 user-006-0 user-007-0 user-008-0 user-009-0 user-010-0 user-011-0 user-012-0
422	cmd-0422	2025-11-06T16:03:00+09:00	user-001-1 user-002-1 user-003-0 user-004-0 user-005-0 user-006-0 user-007-0 user-008-0 user-009-0 user-010-0 user-011-0 user-012-0
423	cmd-0423	2025-11-06T16:16:00+09:00	user-001-1 user-002-1 user-003-0 user-004-0 user-005-0 user-006-0 user-007-0 user-008-0 user-009-0 user-010-0 user-011-0 user-012-0
424	cmd-0424	2025-11-06T17:37:00+09:00	user-001-1 user-002-1 user-003-0 user-004-0 user-005-0 user-006-0 user-007-0 user-008-0 user-009-0 user-010-0 user-011-0 user-012-0
425	cmd-0425	2025-11-06T18:05:00+09:00	user-001-1 user-002-1 user-003-0 user-004-0 user-005-0 user-006-0 user-007-0 user-008-0 user-009-0 user-010-0 user-011-0 user-012-0
426	cmd-0426	2025-11-06T19:20:00+09:00	user-001-1 user-002-1 user-003-0 user-004-0 user-005-0 user-006-0 user-007-0 user-008-0 user-009-0 user-010-0 user-011-0 user-012-0
427	cmd-0427	2025-11-06T22:16:00+09:00	user-001-1 user-002-1 user-003-0 user-004-0 user-005-0 user-006-0 user-007-0 user-008-0 user-009-0 user-010-0 user-011-0 user-012-0
428	cmd-0428	2025-11-06T22:24:00+09:00	user-001-1 user-002-1 user-003-0 user-004-0 user-005-0 user-006-0 user-007-0 user-008-0 user-009-0 user-010-0 user-011-0 user-012-0
429	cmd-0429	2025-11-07T01:22:00+09:00	user-001-1 user-002-1 user-003-0 user-004-0 user-005-0 user-006-0 user-007-0 user-008-0 user-009-0 user-010-0 user-011-0 user-012-0
430	cmd-0430	2025-11-07T02:05:00+09:00	user-001-1 user-002-1 user-003-0 user-004-0 user-005-0 user-006-0 user-007-0 user-008-0 user-009-0 user-010-0 user-011-0 user-012-0
431	cmd-0431	2025-11-07T03:12:00+09:00	user-001-1 user-002-1 user-003-0 user-004-0 user-005-0 user-006-0 user-007-0 user-008-0 user-009-0 user-010-0 user-011-0 user-012-0
432	cmd-0432	2025-11-07T05:18:00+09:00	user-001-1 user-002-1 user-003-0 user-004-0 user-005-0 user-006-0 user-007-0 user-008-0 user-009-0 user-010-0 user-011-0 user-012-0
433	cmd-0433	2025-11-07T05:39:00+09:00	user-001-1 user-002-1 user-003-0 user-004-0 user-005-0 user-006-0 user-007-0 user-008-0 user-009-0 user-010-0 user-011-0 user-012-0
434	cmd-0434	2025-11-07T11:23:00+09:00	user-001-1 user-002-1 user-003-0 user-004-0 user-005-0 user-006-0 user-007-0 user-008-0 user-009-0 user-010-0 user-011-0 user-012-0
435	cmd-0435	2025-11-07T13:04:00+09:00	user-001-1 user-002-1 user-003-0 user-004-0 user-005-0 user-006-0 user-007-0 user-008-0 user-009-0 user-010-0 user-011-0 user-012-0
436	cmd-0436	2025-11-07T16:26:00+09:00	user-001-1 user-002-1 user-003-0 user-004-0 user-005-0 user-006-0 user-007-0 user-008-0 user-009-0 user-010-0 user-011-0 user-012-0
437	cmd-0437	2025-11-07T17:22:00+09:00	user-001-1 user-002-1 user-003-0 user-004-0 user-005-0 user-006-0 user-007-0 user-008-0 user-009-0 user-010-0 user-011-0 user-012-0
438	cmd-0438	2025-11-07T17:23:00+09:00	user-001-1 user-002-1 user-003-0 user-004-0 user-005-0 user-006-0 user-007-0 user-008-0 user-009-0 user-010-0 user-011-0 user-012-0
439	cmd-0439	2025-11-07T23:34:00+09:00	user-001-1 user-002-1 user-003-0 user-004-0 user-005-0 user-006-0 user-007-0 user-008-0 user-009-0 user-010-0 user-011-0 user-012-0
440	cmd-0440	2025-11-08T00:14:00+09:00	user-001-1 user-002-1 user-003-0 user-004-0 user-005-0 user-006-0 user-007-0 user-008-0 user-009-0 user-010-0 user-011-0 user-012-0
441	cmd-0441	2025-11-08T01:23:00+09:00	user-001-1 user-002-1 user-003-0 user-004-0 user-005-0 user-006-0 user-007-0 user-008-0 user-009-0 user-010-0 user-011-0 user-012-0
442	cmd-0442	2025-11-08T09:53:00+09:00	user-001-1 user-002-1 user-003-0 user-004-0 user-005-0 user-006-0 user-007-0 user-008-0 user-009-0 user-010-0 user-011-0 user-012-0
443	cmd-0443	2025-11-08T09:59:00+09:00	user-001-1 user-002-1 user-003-0 user-004-0 user-005-0 user-006-0 user-007-0 user-008-0 user-009-0 user-010-0 user-011-0 user-012-0
444	cmd-0444	2025-11-08T11:11:00+09:00	user-001-1 user-002-1 user-003-0 user-004-0 user-005-0 user-006-0 user-007-0 user-008-0 user-009-0 user-010-0 user-011-0 user-012-0
445	cmd-0445	2025-11-08T13:31:00+09:00	user-001-1 user-002-1 user-003-0 user-004-0 user-005-0 user-006-0 user-007-0 user-008-0 user-009-0 user-010-0 user-011-0 user-012-0
446	cmd-0446	2025-11-08T16:45:00+09:00	user-001-1 user-002-1 user-003-0 user-004-0 user-005-0 user-006-0 user-007-0 user-008-0 user-009-0 user-010-0 user-011-0 user-012-0
447	cmd-0447	2025-11-08T20:08:00+09:00	user-001-1 user-002-1 user-003-0 user-004-0 user-005-0 user-006-0 user-007-0 user-008-0 user-009-0 user-010-0 user-011-0 user-012-0
448	cmd-0448	2025-11-08T22:55:00+09:00	user-001-1 user-002-1 user-003-0 user-004-0 user-005-0 user-006-0 user-007-0 user-008-0 user-009-0 user-010-0 user-011-0 user-012-0
449	cmd-0449	2025-11-09T00:32:00+09:00	user-001-1 user-002-1 user-003-0 user-004-0 user-005-0 user-006-0 user-007-0 user-008-0 user-009-0 user-010-0 user-011-0 user-012-0
450	cmd-0450	2025-11-09T01:35:00+09:00	user-001-1 user-002-1 user-003-0 user-004-0 user-005-0 user-006-0 user-007-0 user-008-0 user-009-0 user-010-0 user-011-0 user-012-0
451	cmd-0451	2025-10-30T07:15:00+09:00	user-001-0 user-002-0 user-003-0 user-004-0 user-005-0 user-006-0 user-007-0 user-008-0 user-009-1 user-010-0 user-011-1 user-012-0
452	cmd-0452	2025-10-30T07:59:00+09:00	user-001-0 user-002-0 user-003-1 user-004-0 user-005-0 user-006-0 user-007-0 user-008-0 user-009-1 user-010-0 user-011-1 user-012-0
453	cmd-0453	2025-10-30T12:25:00+09:00	user-001-0 user-002-0 user-003-0 user-004-0 user-005-0 user-006-0 user-007-0 user-008-0 user-009-1 user-010-0 user-011-1 user-012-0
454	cmd-0454	2025-10-30T13:54:00+09:00	user-001-0 user-002-0 user-003-0 user-004-0 user-005-0 user-006-0 user-007-0 user-008-0 user-009-0 user-010-0 user-011-1 user-012-0
455	cmd-0455	2025-10-30T15:23:00+09:00	user-001-0 user-002-0 user-003-1 user-004-0 user-005-0 user-006-0 user-007-0 user-008-0 user-009-1 user-010-0 user-011-1 user-012-0
456	cmd-0456	2025-10-30T17:08:00+09:00	user-001-0 user-002-0 user-003-1 user-004-0 user-005-0 user-006-0 user-007-0 user-008-0 user-009-1 user-010-0 user-011-1 user-012-0
457	cmd-0457	2025-10-30T18:38:00+09:00	user-001-0 user-002-0 user-003-1 user-004-0 user-005-0 user-006-0 user-007-0 user-008-0 user-009-1 user-010-0 user-011-1 user-012-0
458	cmd-0458	2025-10-30T18:38:00+09:00	user-001-0 user-002-0 user-003-1 user-004-0 user-005-0 user-006-0 user-007-0 user-008-0 user-009-1 user-010-0 user-011-1 user-012-0
459	cmd-0459	2025-10-30T21:52:00+09:00	user-001-0 user-002-0 user-003-0 user-004-0 user-005-0 user-006-0 user-007-0 user-008-0 user-009-0 user-010-0 user-011-1 user-012-0
460	cmd-0460	2025-10-30T23:56:00+09:00	user-001-0 user-002-0 user-003-1 user-004-0 user-005-0 user-006-0 user-007-0 user-008-0 user-009-1 user-010-0 user-011-1 user-012-0
461	cmd-0461	2025-10-31T00:47:00+09:00	user-001-0 user-002-0 user-003-1 user-004-0 user-005-0 user-006-0 user-007-0 user-008-0 user-009-1 user-010-0 user-011-1 user-012-0
462	cmd-0462	2025-10-31T01:06:00+09:00	user-001-0 user-002-0 user-003-0 user-004-0 user-005-0 user-006-0 user-007-0 user-008-0 user-009-0 user-010-0 user-011-1 user-012-0
463	cmd-0463	2025-10-31T02:54:00+09:00	user-001-0 user-002-0 user-003-0 user-004-0 user-005-0 user-006-0 user-007-0 user-008-0 user-009-1 user-010-0 user-011-1 user-012-0
464	cmd-0464	2025-10-31T02:55:00+09:00	user-001-0 user-002-0 user-003-0 user-004-0 user-005-0 user-006-0 user-007-0 user-008-0 user-009-0 user-010-0 user-011-1 user-012-0
465	cmd-0465	2025-10-31T03:17:00+09:00	user-001-0 user-002-0 user-003-1 user-004-0 user-005-0 user-006-0 user-007-0 user-008-0 user-009-1 user-010-0 user-011-1 user-012-0
466	cmd-0466	2025-10-31T03:41:00+09:00	user-001-0 user-002-0 user-003-1 user-004-0 user-005-0 user-006-0 user-007-0 user-008-0 user-009-1 user-010-0 user-011-1 user-012-0
467	cmd-0467	2025-10-31T04:33:00+09:00	user-001-0 user-002-0 user-003-1 user-004-0 user-005-0 user-006-0 user-007-0 user-008-0 user-009-1 user-010-0 user-011-1 user-012-0
468	cmd-0468	2025-10-31T05:00:00+09:00	user-001-0 user-002-0 user-003-0 user-004-0 user-005-0 user-006-0 user-007-0 user-008-0 user-009-0 user-010-0 user-011-1 user-012-0
469	cmd-0469	2025-10-31T05:59:00+09:00	user-001-0 user-002-0 user-003-1 user-004-0 user-005-0 user-006-0 user-007-0 user-008-0 user-009-1 user-010-0 user-011-1 user-012-0
470	cmd-0470	2025-10-31T06:48:00+09:00	user-001-0 user-002-0 user-003-1 user-004-0 user-005-0 user-006-0 user-007-0 user-008-0 user-009-1 user-010-0 user-011-1 user-012-0
471	cmd-0471	2025-10-31T12:51:00+09:00	user-001-0 user-002-0 user-003-0 user-004-0 user-005-0 user-006-0 user-007-0 user-008-0 user-009-0 user-010-0 user-011-1 user-012-0
472	cmd-0472	2025-10-31T21:19:00+09:00	user-001-0 user-002-0 user-003-0 user-004-0 user-005-0 user-006-0 user-007-0 user-008-0 user-009-0 user-010-0 user-011-1 user-012-0
473	cmd-0473	2025-11-01T06:37:00+09:00	user-001-0 user-002-0 user-003-1 user-004-0 user-005-0 user-006-0 user-007-0 user-008-0 user-009-1 user-010-0 user-011-1 user-012-0
474	cmd-0474	2025-11-01T07:00:00+09:00	user-001-0 user-002-0 user-003-1 user-004-0 user-005-0 user-006-0 user-007-0 user-008-0 user-009-1 user-010-0 user-011-1 user-012-0
475	cmd-0475	2025-11-01T16:52:00+09:00	user-001-0 user-002-0 user-003-1 user-004-0 user-005-0 user-006-0 user-007-0 user-008-0 user-009-1 user-010-0 user-011-1 user-012-0
476	cmd-0476	2025-11-01T18:12:00+09:00	user-001-0 user-002-0 user-003-0 user-004-0 user-005-0 user-006-0 user-007-0 user-008-0 user-009-0 user-010-0 user-011-1 user-012-0
477	cmd-0477	2025-11-01T18:58:00+09:00	user-001-0 user-002-0 user-003-0 user-004-0 user-005-0 user-006-0 user-007-0 user-008-0 user-009-1 user-010-0 user-011-1 user-012-0
478	cmd-0478	2025-11-02T02:07:00+09:00	user-001-0 user-002-0 user-003-0 user-004-0 user-005-0 user-006-0 user-007-0 user-008-0 user-009-0 user-010-0 user-011-1 user-012-0
479	cmd-0479	2025-11-02T05:27:00+09:00	user-001-0 user-002-0 user-003-1 user-004-0 user-005-0 user-006-0 user-007-0 user-008-0 user-009-1 user-010-0 user-011-1 user-012-0
480	cmd-0480	2025-11-02T07:39:00+09:00	user-001-0 user-002-0 user-003-1 user-004-0 user-005-0 user-006-0 user-007-0 user-008-0 user-009-1 user-010-0 user-011-1 user-012-0
481	cmd-0481	2025-11-02T08:27:00+09:00	user-001-0 user-002-0 user-003-0 user-004-0 user-005-0 user-006-0 user-007-0 user-008-0 user-009-0 user-010-0 user-011-1 user-012-0
482	cmd-0482	2025-11-02T17:31:00+09:00	user-001-0 user-002-0 user-003-0 user-004-0 user-005-0 user-006-0 user-007-0 user-008-0 user-009-0 user-010-0 user-011-1 user-012-0
483	cmd-0483	2025-11-02T18:21:00+09:00	user-001-0 user-002-0 user-003-0 user-004-0 user-005-0 user-006-0 user-007-0 user-008-0 user-009-0 user-010-0 user-011-1 user-012-0
484	cmd-0484	2025-11-02T19:09:00+09:00	user-001-0 user-002-0 user-003-0 user-004-0 user-005-0 user-006-0 user-007-0 user-008-0 user-009-0 user-010-0 user-011-1 user-012-0
485	cmd-0485	2025-11-02T19:44:00+09:00	user-001-0 user-002-0 user-003-0 user-004-0 user-005-0 user-006-0 user-007-0 user-008-0 user-009-0 user-010-0 user-011-1 user-012-0
486	cmd-0486	2025-11-02T19:48:00+09:00	user-001-0 user-002-0 user-003-1 user-004-0 user-005-0 user-006-0 user-007-0 user-008-0 user-009-1 user-010-0 user-011-1 user-012-0
487	cmd-0487	2025-11-02T19:58:00+09:00	user-001-0 user-002-0 user-003-0 user-004-0 user-005-0 user-006-0 user-007-0 user-008-0 user-009-0 user-010-0 user-011-1 user-012-0
488	cmd-0488	2025-11-02T20:22:00+09:00	user-001-0 user-002-0 user-003-1 user-004-0 user-005-0 user-006-0 user-007-0 user-008-0 user-009-1 user-010-0 user-011-1 user-012-0
489	cmd-0489	2025-11-02T22:31:00+09:00	user-001-0 user-002-0 user-003-1 user-004-0 user-005-0 user-006-0 user-007-0 user-008-0 user-009-1 user-010-0 user-011-1 user-012-0
490	cmd-0490	2025-11-03T01:50:00+09:00	user-001-0 user-002-0 user-003-0 user-004-0 user-005-0 user-006-0 user-007-0 user-008-0 user-009-0 user-010-0 user-011-1 user-012-0
491	cmd-0491	2025-11-03T02:31:00+09:00	user-001-0 user-002-0 user-003-1 user-004-0 user-005-0 user-006-0 user-007-0 user-008-0 user-009-1 user-010-0 user-011-1 user-012-0
492	cmd-0492	2025-11-03T04:12:00+09:00	user-001-0 user-002-0 user-003-1 user-004-0 user-005-0 user-006-0 user-007-0 user-008-0 user-009-1 user-010-0 user-011-1 user-012-0
493	cmd-0493	2025-11-03T07:42:00+09:00	user-001-0 user-002-0 user-003-1 user-004-0 user-005-0 user-006-0 user-007-0 user-008-0 user-009-1 user-010-0 user-011-1 user-012-0
494	cmd-0494	2025-11-03T10:44:00+09:00	user-001-0 user-002-0 user-003-1 user-004-0 user-005-0 user-006-0 user-007-0 user-008-0 user-009-1 user-010-0 user-011-1 user-012-0
495	cmd-0495	2025-11-03T10:45:00+09:00	user-001-0 user-002-0 user-003-1 user-004-0 user-005-0 user-006-0 user-007-0 user-008-0 user-009-1 user-010-0 user-011-1 user-012-0
496	cmd-0496	2025-11-03T12:55:00+09:00	user-001-0 user-002-0 user-003-0 user-004-0 user-005-0 user-006-0 user-007-0 user-008-0 user-009-0 user-010-0 user-011-1 user-012-0
497	cmd-0497	2025-11-03T15:44:00+09:00	user-001-0 user-002-0 user-003-0 user-004-0 user-005-0 user-006-0 user-007-0 user-008-0 user-009-0 user-010-0 user-011-1 user-012-0
498	cmd-0498	2025-11-03T16:46:00+09:00	user-001-0 user-002-0 user-003-0 user-004-0 user-005-0 user-006-0 user-007-0 user-008-0 user-009-0 user-010-0 user-011-1 user-012-0
499	cmd-0499	2025-11-03T20:31:00+09:00	user-001-0 user-002-0 user-003-0 user-004-0 user-005-0 user-006-0 user-007-0 user-008-0 user-009-0 user-010-0 user-011-1 user-012-0
500	cmd-0500	2025-11-03T21:50:00+09:00	user-001-0 user-002-0 user-003-0 user-004-0 user-005-0 user-006-0 user-007-0 user-008-0 user-009-0 user-010-0 user-011-1 user-012-0
501	cmd-0501	2025-11-03T23:23:00+09:00	user-001-0 user-002-0 user-003-0 user-004-0 user-005-0 user-006-0 user-007-0 user-008-0 user-009-1 user-010-0 user-011-1 user-012-0
502	cmd-0502	2025-11-04T02:05:00+09:00	user-001-0 user-002-0 user-003-1 user-004-0 user-005-0 user-006-0 user-007-0 user-008-0 user-009-1 user-010-0 user-011-1 user-012-0
503	cmd-0503	2025-11-04T04:45:00+09:00	user-001-0 user-002-0 user-003-1 user-004-0 user-005-0 user-006-0 user-007-0 user-008-0 user-009-1 user-010-0 user-011-1 user-012-0
504	cmd-0504	2025-11-04T06:25:00+09:00	user-001-0 user-002-0 user-003-1 user-004-0 user-005-0 user-006-0 user-007-0 user-008-0 user-009-1 user-010-0 user-011-1 user-012-0
505	cmd-0505	2025-11-04T16:40:00+09:00	user-001-0 user-002-0 user-003-0 user-004-0 user-005-0 user-006-0 user-007-0 user-008-0 user-009-0 user-010-0 user-011-1 user-012-0
506	cmd-0506	2025-11-04T19:12:00+09:00	user-001-0 user-002-0 user-003-0 user-004-0 user-005-0 user-006-0 user-007-0 user-008-0 user-009-0 user-010-0 user-011-1 user-012-0
507	cmd-0507	2025-11-05T04:17:00+09:00	user-001-0 user-002-0 user-003-1 user-004-0 user-005-0 user-006-0 user-007-0 user-008-0 user-009-1 user-010-0 user-011-1 user-012-0
508	cmd-0508	2025-11-05T05:03:00+09:00	user-001-0 user-002-0 user-003-1 user-004-0 user-005-0 user-006-0 user-007-0 user-008-0 user-009-1 user-010-0 user-011-1 user-012-0
509	cmd-0509	2025-11-05T05:05:00+09:00	user-001-0 user-002-0 user-003-1 user-004-0 user-005-0 user-006-0 user-007-0 user-008-0 user-009-1 user-010-0 user-011-1 user-012-0
510	cmd-0510	2025-11-05T06:02:00+09:00	user-001-0 user-002-0 user-003-1 user-004-0 user-005-0 user-006-0 user-007-0 user-008-0 user-009-1 user-010-0 user-011-1 user-012-0
511	cmd-0511	2025-11-05T10:56:00+09:00	user-001-0 user-002-0 user-003-1 user-004-0 user-005-0 user-006-0 user-007-0 user-008-0 user-009-1 user-010-0 user-011-1 user-012-0
512	cmd-0512	2025-11-05T14:23:00+09:00	user-001-0 user-002-0 user-003-0 user-004-0 user-005-0 user-006-0 user-007-0 user-008-0 user-009-0 user-010-0 user-011-1 user-012-0
513	cmd-0513	2025-11-05T15:20:00+09:00	user-001-0 user-002-0 user-003-0 user-004-0 user-005-0 user-006-0 user-007-0 user-008-0 user-009-1 user-010-0 user-011-1 user-012-0
514	cmd-0514	2025-11-05T17:16:00+09:00	user-001-0 user-002-0 user-003-1 user-004-0 user-005-0 user-006-0 user-007-0 user-008-0 user-009-1 user-010-0 user-011-1 user-012-0
515	cmd-0515	2025-11-05T18:29:00+09:00	user-001-0 user-002-0 user-003-0 user-004-0 user-005-0 user-006-0 user-007-0 user-008-0 user-009-0 user-010-0 user-011-1 user-012-0
516	cmd-0516	2025-11-06T01:55:00+09:00	user-001-0 user-002-0 user-003-0 user-004-0 user-005-0 user-006-0 user-007-0 user-008-0 user-009-0 user-010-0 user-011-1 user-012-0
517	cmd-0517	2025-11-06T02:40:00+09:00	user-001-0 user-002-0 user-003-0 user-004-0 user-005-0 user-006-0 user-007-0 user-008-0 user-009-0 user-010-0 user-011-1 user-012-0
518	cmd-0518	2025-11-06T03:15:00+09:00	user-001-0 user-002-0 user-003-1 user-004-0 user-005-0 user-006-0 user-007-0 user-008-0 user-009-1 user-010-0 user-011-1 user-012-0
519	cmd-0519	2025-11-06T11:51:00+09:00	user-001-0 user-002-0 user-003-0 user-004-0 user-005-0 user-006-0 user-007-0 user-008-0 user-009-1 user-010-0 user-011-1 user-012-0
520	cmd-0520	2025-11-06T13:41:00+09:00	user-001-0 user-002-0 user-003-1 user-004-0 user-005-0 user-006-0 user-007-0 user-008-0 user-009-1 user-010-0 user-011-1 user-012-0
521	cmd-0521	2025-11-06T18:17:00+09:00	user-001-0 user-002-0 user-003-0 user-004-0 user-005-0 user-006-0 user-007-0 user-008-0 user-009-0 user-010-0 user-011-1 user-012-0
522	cmd-0522	2025-11-06T18:26:00+09:00	user-001-0 user-002-0 user-003-1 user-004-0 user-005-0 user-006-0 user-007-0 user-008-0 user-009-1 user-010-0 user-011-1 user-012-0
523	cmd-0523	2025-11-06T18:42:00+09:00	user-001-0 user-002-0 user-003-1 user-004-0 user-005-0 user-006-0 user-007-0 user-008-0 user-009-1 user-010-0 user-011-1 user-012-0
524	cmd-0524	2025-11-06T19:48:00+09:00	user-001-0 user-002-0 user-003-1 user-004-0 user-005-0 user-006-0 user-007-0 user-008-0 user-009-1 user-010-0 user-011-1 user-012-0
525	cmd-0525	2025-11-06T19:56:00+09:00	user-001-0 user-002-0 user-003-1 user-004-0 user-005-0 user-006-0 user-007-0 user-008-0 user-009-1 user-010-0 user-011-1 user-012-0
526	cmd-0526	2025-11-06T20:23:00+09:00	user-001-0 user-002-0 user-003-1 user-004-0 user-005-0 user-006-0 user-007-0 user-008-0 user-009-1 user-010-0 user-011-1 user-012-0
527	cmd-0527	2025-11-06T21:24:00+09:00	user-001-0 user-002-0 user-003-0 user-004-0 user-005-0 user-006-0 user-007-0 user-008-0 user-009-0 user-010-0 user-011-1 user-012-0
528	cmd-0528	2025-11-06T22:52:00+09:00	user-001-0 user-002-0 user-003-1 user-004-0 user-005-0 user-006-0 user-007-0 user-008-0 user-009-1 user-010-0 user-011-1 user-012-0
529	cmd-0529	2025-11-07T03:04:00+09:00	user-001-0 user-002-0 user-003-1 user-004-0 user-005-0 user-006-0 user-007-0 user-008-0 user-009-1 user-010-0 user-011-1 user-012-0
530	cmd-0530	2025-11-07T05:33:00+09:00	user-001-0 user-002-0 user-003-1 user-004-0 user-005-0 user-006-0 user-007-0 user-008-0 user-009-1 user-010-0 user-011-1 user-012-0
531	cmd-0531	2025-11-07T07:18:00+09:00	user-001-0 user-002-0 user-003-1 user-004-0 user-005-0 user-006-0 user-007-0 user-008-0 user-009-1 user-010-0 user-011-1 user-012-0
532	cmd-0532	2025-11-07T10:19:00+09:00	user-001-0 user-002-0 user-003-0 user-004-0 user-005-0 user-006-0 user-007-0 user-008-0 user-009-0 user-010-0 user-011-1 user-012-0
533	cmd-0533	2025-11-07T10:39:00+09:00	user-001-0 user-002-0 user-003-0 user-004-0 user-005-0 user-006-0 user-007-0 user-008-0 user-009-0 user-010-0 user-011-1 user-012-0
534	cmd-0534	2025-11-07T12:10:00+09:00	user-001-0 user-002-0 user-003-1 user-004-0 user-005-0 user-006-0 user-007-0 user-008-0 user-009-1 user-010-0 user-011-1 user-012-0
535	cmd-0535	2025-11-07T15:57:00+09:00	user-001-0 user-002-0 user-003-0 user-004-0 user-005-0 user-006-0 user-007-0 user-008-0 user-009-1 user-010-0 user-011-1 user-012-0
536	cmd-0536	2025-11-07T16:38:00+09:00	user-001-0 user-002-0 user-003-1 user-004-0 user-005-0 user-006-0 user-007-0 user-008-0 user-009-1 user-010-0 user-011-1 user-012-0
537	cmd-0537	2025-11-07T17:18:00+09:00	user-001-0 user-002-0 user-003-0 user-004-0 user-005-0 user-006-0 user-007-0 user-008-0 user-009-0 user-010-0 user-011-1 user-012-0
538	cmd-0538	2025-11-07T20:00:00+09:00	user-001-0 user-002-0 user-003-0 user-004-0 user-005-0 user-006-0 user-007-0 user-008-0 user-009-0 user-010-0 user-011-1 user-012-0
539	cmd-0539	2025-11-07T20:13:00+09:00	user-001-0 user-002-0 user-003-0 user-004-0 user-005-0 user-006-0 user-007-0 user-008-0 user-009-0 user-010-0 user-011-1 user-012-0
540	cmd-0540	2025-11-08T00:16:00+09:00	user-001-0 user-002-0 user-003-1 user-004-0 user-005-0 user-006-0 user-007-0 user-008-0 user-009-1 user-010-0 user-011-1 user-012-0
541	cmd-0541	2025-11-08T03:13:00+09:00	user-001-0 user-002-0 user-003-0 user-004-0 user-005-0 user-006-0 user-007-0 user-008-0 user-009-0 user-010-0 user-011-1 user-012-0
542	cmd-0542	2025-11-08T06:54:00+09:00	user-001-0 user-002-0 user-003-0 user-004-0 user-005-0 user-006-0 user-007-0 user-008-0 user-009-0 user-010-0 user-011-1 user-012-0
543	cmd-0543	2025-11-08T12:18:00+09:00	user-001-0 user-002-0 user-003-1 user-004-0 user-005-0 user-006-0 user-007-0 user-008-0 user-009-1 user-010-0 user-011-1 user-012-0
544	cmd-0544	2025-11-08T12:55:00+09:00	user-001-0 user-002-0 user-003-0 user-004-0 user-005-0 user-006-0 user-007-0 user-008-0 user-009-0 user-010-0 user-011-1 user-012-0
545	cmd-0545	2025-11-08T13:21:00+09:00	user-001-0 user-002-0 user-003-1 user-004-0 user-005-0 user-006-0 user-007-0 user-008-0 user-009-1 user-010-0 user-011-1 user-012-0
546	cmd-0546	2025-11-08T21:48:00+09:00	user-001-0 user-002-0 user-003-1 user-004-0 user-005-0 user-006-0 user-007-0 user-008-0 user-009-1 user-010-0 user-011-1 user-012-0
547	cmd-0547	2025-11-08T22:35:00+09:00	user-001-0 user-002-0 user-003-1 user-004-0 user-005-0 user-006-0 user-007-0 user-008-0 user-009-1 user-010-0 user-011-1 user-012-0
548	cmd-0548	2025-11-08T22:41:00+09:00	user-001-0 user-002-0 user-003-0 user-004-0 user-005-0 user-006-0 user-007-0 user-008-0 user-009-0 user-010-0 user-011-1 user-012-0
549	cmd-0549	2025-11-08T23:23:00+09:00	user-001-0 user-002-0 user-003-0 user-004-0 user-005-0 user-006-0 user-007-0 user-008-0 user-009-1 user-010-0 user-011-1 user-012-0
550	cmd-0550	2025-11-09T03:17:00+09:00	user-001-0 user-002-0 user-003-1 user-004-0 user-005-0 user-006-0 user-007-0 user-008-0 user-009-1 user-010-0 user-011-1 user-012-0
551	cmd-0551	2025-10-30T09:48:00+09:00	user-001-0 user-002-0 user-003-0 user-004-0 user-005-0 user-006-0 user-007-0 user-008-0 user-009-0 user-010-0 user-011-1 user-012-0
552	cmd-0552	2025-10-30T12:26:00+09:00	user-001-0 user-002-0 user-003-0 user-004-0 user-005-0 user-006-0 user-007-0 user-008-0 user-009-0 user-010-0 user-011-1 user-012-0
553	cmd-0553	2025-10-30T14:16:00+09:00	user-001-0 user-002-0 user-003-0 user-004-0 user-005-0 user-006-0 user-007-0 user-008-0 user-009-0 user-010-0 user-011-1 user-012-0
554	cmd-0554	2025-10-30T14:50:00+09:00	user-001-0 user-002-0 user-003-0 user-004-0 user-005-0 user-006-0 user-007-0 user-008-0 user-009-0 user-010-0 user-011-1 user-012-0
555	cmd-0555	2025-10-30T15:23:00+09:00	user-001-0 user-002-0 user-003-0 user-004-0 user-005-0 user-006-0 user-007-0 user-008-0 user-009-0 user-010-0 user-011-1 user-012-0
556	cmd-0556	2025-10-30T15:59:00+09:00	user-001-0 user-002-0 user-003-0 user-004-0 user-005-0 user-006-0 user-007-0 user-008-0 user-009-0 user-010-0 user-011-1 user-012-0
557	cmd-0557	2025-10-30T16:04:00+09:00	user-001-0 user-002-0 user-003-0 user-004-0 user-005-0 user-006-0 user-007-0 user-008-0 user-009-0 user-010-0 user-011-1 user-012-0
558	cmd-0558	2025-10-30T17:46:00+09:00	user-001-0 user-002-0 user-003-0 user-004-0 user-005-0 user-006-0 user-007-0 user-008-0 user-009-0 user-010-0 user-011-1 user-012-0
559	cmd-0559	2025-10-30T18:16:00+09:00	user-001-0 user-002-0 user-003-0 user-004-0 user-005-0 user-006-0 user-007-0 user-008-0 user-009-0 user-010-0 user-011-1 user-012-0
560	cmd-0560	2025-10-30T23:34:00+09:00	user-001-0 user-002-0 user-003-0 user-004-0 user-005-0 user-006-0 user-007-0 user-008-0 user-009-0 user-010-0 user-011-1 user-012-0
561	cmd-0561	2025-10-31T04:10:00+09:00	user-001-0 user-002-0 user-003-0 user-004-0 user-005-0 user-006-0 user-007-0 user-008-0 user-009-0 user-010-0 user-011-1 user-012-0
562	cmd-0562	2025-10-31T04:40:00+09:00	user-001-0 user-002-0 user-003-0 user-004-0 user-005-0 user-006-0 user-007-0 user-008-0 user-009-0 user-010-0 user-011-1 user-012-0
563	cmd-0563	2025-10-31T13:34:00+09:00	user-001-0 user-002-0 user-003-0 user-004-0 user-005-0 user-006-0 user-007-0 user-008-0 user-009-0 user-010-0 user-011-1 user-012-0
564	cmd-0564	2025-10-31T20:17:00+09:00	user-001-0 user-002-0 user-003-0 user-004-0 user-005-0 user-006-0 user-007-0 user-008-0 user-009-0 user-010-0 user-011-1 user-012-0
565	cmd-0565	2025-10-31T20:38:00+09:00	user-001-0 user-002-0 user-003-0 user-004-0 user-005-0 user-006-0 user-007-0 user-008-0 user-009-0 user-010-0 user-011-1 user-012-0
566	cmd-0566	2025-11-01T03:19:00+09:00	user-001-0 user-002-0 user-003-0 user-004-0 user-005-0 user-006-0 user-007-0 user-008-0 user-009-0 user-010-0 user-011-1 user-012-0
567	cmd-0567	2025-11-01T17:02:00+09:00	user-001-0 user-002-0 user-003-0 user-004-0 user-005-0 user-006-0 user-007-0 user-008-0 user-009-0 user-010-0 user-011-1 user-012-0
568	cmd-0568	2025-11-01T20:39:00+09:00	user-001-0 user-002-0 user-003-0 user-004-0 user-005-0 user-006-0 user-007-0 user-008-0 user-009-0 user-010-0 user-011-1 user-012-0
569	cmd-0569	2025-11-01T21:13:00+09:00	user-001-0 user-002-0 user-003-0 user-004-0 user-005-0 user-006-0 user-007-0 user-008-0 user-009-0 user-010-0 user-011-1 user-012-0
570	cmd-0570	2025-11-02T06:36:00+09:00	user-001-0 user-002-0 user-003-0 user-004-0 user-005-0 user-006-0 user-007-0 user-008-0 user-009-0 user-010-0 user-011-1 user-012-0
571	cmd-0571	2025-11-02T12:56:00+09:00	user-001-0 user-002-0 user-003-0 user-004-0 user-005-0 user-006-0 user-007-0 user-008-0 user-009-0 user-010-0 user-011-1 user-012-0
572	cmd-0572	2025-11-02T16:30:00+09:00	user-001-0 user-002-0 user-003-0 user-004-0 user-005-0 user-006-0 user-007-0 user-008-0 user-009-0 user-010-0 user-011-1 user-012-0
573	cmd-0573	2025-11-02T20:02:00+09:00	user-001-0 user-002-0 user-003-0 user-004-0 user-005-0 user-006-0 user-007-0 user-008-0 user-009-0 user-010-0 user-011-1 user-012-0
574	cmd-0574	2025-11-02T20:23:00+09:00	user-001-0 user-002-0 user-003-0 user-004-0 user-005-0 user-006-0 user-007-0 user-008-0 user-009-0 user-010-0 user-011-1 user-012-0
575	cmd-0575	2025-11-03T01:50:00+09:00	user-001-0 user-002-0 user-003-0 user-004-0 user-005-0 user-006-0 user-007-0 user-008-0 user-009-0 user-010-0 user-011-1 user-012-0
576	cmd-0576	2025-11-03T04:24:00+09:00	user-001-0 user-002-0 user-003-0 user-004-0 user-005-0 user-006-0 user-007-0 user-008-0 user-009-0 user-010-0 user-011-1 user-012-0
577	cmd-0577	2025-11-03T04:58:00+09:00	user-001-0 user-002-0 user-003-0 user-004-0 user-005-0 user-006-0 user-007-0 user-008-0 user-009-0 user-010-0 user-011-1 user-012-0
578	cmd-0578	2025-11-03T05:36:00+09:00	user-001-0 user-002-0 user-003-0 user-004-0 user-005-0 user-006-0 user-007-0 user-008-0 user-009-0 user-010-0 user-011-1 user-012-0
579	cmd-0579	2025-11-03T06:08:00+09:00	user-001-0 user-002-0 user-003-0 user-004-0 user-005-0 user-006-0 user-007-0 user-008-0 user-009-0 user-010-0 user-011-1 user-012-0
580	cmd-0580	2025-11-03T06:40:00+09:00	user-001-0 user-002-0 user-003-0 user-004-0 user-005-0 user-006-0 user-007-0 user-008-0 user-009-0 user-010-0 user-011-1 user-012-0
581	cmd-0581	2025-11-03T07:07:00+09:00	user-001-0 user-002-0 user-003-0 user-004-0 user-005-0 user-006-0 user-007-0 user-008-0 user-009-0 user-010-0 user-011-1 user-012-0
582	cmd-0582	2025-11-03T13:11:00+09:00	user-001-0 user-002-0 user-003-0 user-004-0 user-005-0 user-006-0 user-007-0 user-008-0 user-009-0 user-010-0 user-011-1 user-012-0
583	cmd-0583	2025-11-03T22:33:00+09:00	user-001-0 user-002-0 user-003-0 user-004-0 user-005-0 user-006-0 user-007-0 user-008-0 user-009-0 user-010-0 user-011-1 user-012-0
584	cmd-0584	2025-11-04T05:52:00+09:00	user-001-0 user-002-0 user-003-0 user-004-0 user-005-0 user-006-0 user-007-0 user-008-0 user-009-0 user-010-0 user-011-1 user-012-0
585	cmd-0585	2025-11-04T06:20:00+09:00	user-001-0 user-002-0 user-003-0 user-004-0 user-005-0 user-006-0 user-007-0 user-008-0 user-009-0 user-010-0 user-011-1 user-012-0
586	cmd-0586	2025-11-04T11:15:00+09:00	user-001-0 user-002-0 user-003-0 user-004-0 user-005-0 user-006-0 user-007-0 user-008-0 user-009-0 user-010-0 user-011-1 user-012-0
587	cmd-0587	2025-11-04T13:16:00+09:00	user-001-0 user-002-0 user-003-0 user-004-0 user-005-0 user-006-0 user-007-0 user-008-0 user-009-0 user-010-0 user-011-1 user-012-0
588	cmd-0588	2025-11-04T18:58:00+09:00	user-001-0 user-002-0 user-003-0 user-004-0 user-005-0 user-006-0 user-007-0 user-008-0 user-009-0 user-010-0 user-011-1 user-012-0
589	cmd-0589	2025-11-05T07:02:00+09:00	user-001-0 user-002-0 user-003-0 user-004-0 user-005-0 user-006-0 user-007-0 user-008-0 user-009-0 user-010-0 user-011-1 user-012-0
590	cmd-0590	2025-11-05T09:09:00+09:00	user-001-0 user-002-0 user-003-0 user-004-0 user-005-0 user-006-0 user-007-0 user-008-0 user-009-0 user-010-0 user-011-1 user-012-0
591	cmd-0591	2025-11-05T13:59:00+09:00	user-001-0 user-002-0 user-003-0 user-004-0 user-005-0 user-006-0 user-007-0 user-008-0 user-009-0 user-010-0 user-011-1 user-012-0
592	cmd-0592	2025-11-05T16:26:00+09:00	user-001-0 user-002-0 user-003-0 user-004-0 user-005-0 user-006-0 user-007-0 user-008-0 user-009-0 user-010-0 user-011-1 user-012-0
593	cmd-0593	2025-11-05T17:50:00+09:00	user-001-0 user-002-0 user-003-0 user-004-0 user-005-0 user-006-0 user-007-0 user-008-0 user-009-0 user-010-0 user-011-1 user-012-0
594	cmd-0594	2025-11-06T01:21:00+09:00	user-001-0 user-002-0 user-003-0 user-004-0 user-005-0 user-006-0 user-007-0 user-008-0 user-009-0 user-010-0 user-011-1 user-012-0
595	cmd-0595	2025-11-06T02:13:00+09:00	user-001-0 user-002-0 user-003-0 user-004-0 user-005-0 user-006-0 user-007-0 user-008-0 user-009-0 user-010-0 user-011-1 user-012-0
596	cmd-0596	2025-11-06T05:11:00+09:00	user-001-0 user-002-0 user-003-0 user-004-0 user-005-0 user-006-0 user-007-0 user-008-0 user-009-0 user-010-0 user-011-1 user-012-0
597	cmd-0597	2025-11-06T09:05:00+09:00	user-001-0 user-002-0 user-003-0 user-004-0 user-005-0 user-006-0 user-007-0 user-008-0 user-009-0 user-010-0 user-011-1 user-012-0
598	cmd-0598	2025-11-06T11:43:00+09:00	user-001-0 user-002-0 user-003-0 user-004-0 user-005-0 user-006-0 user-007-0 user-008-0 user-009-0 user-010-0 user-011-1 user-012-0
599	cmd-0599	2025-11-06T15:11:00+09:00	user-001-0 user-002-0 user-003-0 user-004-0 user-005-0 user-006-0 user-007-0 user-008-0 user-009-0 user-010-0 user-011-1 user-012-0
600	cmd-0600	2025-11-06T15:37:00+09:00	user-001-0 user-002-0 user-003-0 user-004-0 user-005-0 user-006-0 user-007-0 user-008-0 user-009-0 user-010-0 user-011-1 user-012-0
601	cmd-0601	2025-11-06T19:57:00+09:00	user-001-0 user-002-0 user-003-0 user-004-0 user-005-0 user-006-0 user-007-0 user-008-0 user-009-0 user-010-0 user-011-1 user-012-0
602	cmd-0602	2025-11-06T20:01:00+09:00	user-001-0 user-002-0 user-003-0 user-004-0 user-005-0 user-006-0 user-007-0 user-008-0 user-009-0 user-010-0 user-011-1 user-012-0
603	cmd-0603	2025-11-07T01:44:00+09:00	user-001-0 user-002-0 user-003-0 user-004-0 user-005-0 user-006-0 user-007-0 user-008-0 user-009-0 user-010-0 user-011-1 user-012-0
604	cmd-0604	2025-11-07T01:51:00+09:00	user-001-0 user-002-0 user-003-0 user-004-0 user-005-0 user-006-0 user-007-0 user-008-0 user-009-0 user-010-0 user-011-1 user-012-0
605	cmd-0605	2025-11-07T03:29:00+09:00	user-001-0 user-002-0 user-003-0 user-004-0 user-005-0 user-006-0 user-007-0 user-008-0 user-009-0 user-010-0 user-011-1 user-012-0
606	cmd-0606	2025-11-07T04:49:00+09:00	user-001-0 user-002-0 user-003-0 user-004-0 user-005-0 user-006-0 user-007-0 user-008-0 user-009-0 user-010-0 user-011-1 user-012-0
607	cmd-0607	2025-11-07T05:31:00+09:00	user-001-0 user-002-0 user-003-0 user-004-0 user-005-0 user-006-0 user-007-0 user-008-0 user-009-0 user-010-0 user-011-1 user-012-0
608	cmd-0608	2025-11-07T10:56:00+09:00	user-001-0 user-002-0 user-003-0 user-004-0 user-005-0 user-006-0 user-007-0 user-008-0 user-009-0 user-010-0 user-011-1 user-012-0
609	cmd-0609	2025-11-07T17:14:00+09:00	user-001-0 user-002-0 user-003-0 user-004-0 user-005-0 user-006-0 user-007-0 user-008-0 user-009-0 user-010-0 user-011-1 user-012-0
610	cmd-0610	2025-11-08T05:13:00+09:00	user-001-0 user-002-0 user-003-0 user-004-0 user-005-0 user-006-0 user-007-0 user-008-0 user-009-0 user-010-0 user-011-1 user-012-0
611	cmd-0611	2025-11-08T08:37:00+09:00	user-001-0 user-002-0 user-003-0 user-004-0 user-005-0 user-006-0 user-007-0 user-008-0 user-009-0 user-010-0 user-011-1 user-012-0
612	cmd-0612	2025-11-08T13:29:00+09:00	user-001-0 user-002-0 user-003-0 user-004-0 user-005-0 user-006-0 user-007-0 user-008-0 user-009-0 user-010-0 user-011-1 user-012-0
613	cmd-0613	2025-11-08T14:43:00+09:00	user-001-0 user-002-0 user-003-0 user-004-0 user-005-0 user-006-0 user-007-0 user-008-0 user-009-0 user-010-0 user-011-1 user-012-0
614	cmd-0614	2025-11-08T16:10:00+09:00	user-001-0 user-002-0 user-003-0 user-004-0 user-005-0 user-006-0 user-007-0 user-008-0 user-009-0 user-010-0 user-011-1 user-012-0
615	cmd-0615	2025-11-08T17:08:00+09:00	user-001-0 user-002-0 user-003-0 user-004-0 user-005-0 user-006-0 user-007-0 user-008-0 user-009-0 user-010-0 user-011-1 user-012-0
616	cmd-0616	2025-11-08T22:06:00+09:00	user-001-0 user-002-0 user-003-0 user-004-0 user-005-0 user-006-0 user-007-0 user-008-0 user-009-0 user-010-0 user-011-1 user-012-0
617	cmd-0617	2025-11-09T00:36:00+09:00	user-001-0 user-002-0 user-003-0 user-004-0 user-005-0 user-006-0 user-007-0 user-008-0 user-009-0 user-010-0 user-011-1 user-012-0
618	cmd-0618	2025-11-09T01:16:00+09:00	user-001-0 user-002-0 user-003-0 user-004-0 user-005-0 user-006-0 user-007-0 user-008-0 user-009-0 user-010-0 user-011-1 user-012-0
619	cmd-0619	2025-11-09T02:58:00+09:00	user-001-0 user-002-0 user-003-0 user-004-0 user-005-0 user-006-0 user-007-0 user-008-0 user-009-0 user-010-0 user-011-1 user-012-0
620	cmd-0620	2025-11-09T08:47:00+09:00	user-001-0 user-002-0 user-003-0 user-004-0 user-005-0 user-006-0 user-007-0 user-008-0 user-009-0 user-010-0 user-011-1 user-012-0
621	cmd-0621	2025-11-09T20:36:00+09:00	user-001-0 user-002-0 user-003-0 user-004-0 user-005-0 user-006-0 user-007-0 user-008-0 user-009-0 user-010-0 user-011-1 user-012-0
622	cmd-0622	2025-11-10T02:18:00+09:00	user-001-0 user-002-0 user-003-0 user-004-0 user-005-0 user-006-0 user-007-0 user-008-0 user-009-0 user-010-0 user-011-1 user-012-0
623	cmd-0623	2025-11-10T05:44:00+09:00	user-001-0 user-002-0 user-003-0 user-004-0 user-005-0 user-006-0 user-007-0 user-008-0 user-009-0 user-010-0 user-011-1 user-012-0
624	cmd-0624	2025-11-10T06:04:00+09:00	user-001-0 user-002-0 user-003-0 user-004-0 user-005-0 user-006-0 user-007-0 user-008-0 user-009-0 user-010-0 user-011-1 user-012-0
625	cmd-0625	2025-11-10T06:41:00+09:00	user-001-0 user-002-0 user-003-0 user-004-0 user-005-0 user-006-0 user-007-0 user-008-0 user-009-0 user-010-0 user-011-1 user-012-0
626	cmd-0626	2025-11-10T14:47:00+09:00	user-001-0 user-002-0 user-003-0 user-004-0 user-005-0 user-006-0 user-007-0 user-008-0 user-009-0 user-010-0 user-011-1 user-012-0
627	cmd-0627	2025-11-10T16:16:00+09:00	user-001-0 user-002-0 user-003-0 user-004-0 user-005-0 user-006-0 user-007-0 user-008-0 user-009-0 user-010-0 user-011-1 user-012-0
628	cmd-0628	2025-11-10T21:38:00+09:00	user-001-0 user-002-0 user-003-0 user-004-0 user-005-0 user-006-0 user-007-0 user-008-0 user-009-0 user-010-0 user-011-1 user-012-0
629	cmd-0629	2025-11-10T23:41:00+09:00	user-001-0 user-002-0 user-003-0 user-004-0 user-005-0 user-006-0 user-007-0 user-008-0 user-009-0 user-010-0 user-011-1 user-012-0
630	cmd-0630	2025-11-11T00:01:00+09:00	user-001-0 user-002-0 user-003-0 user-004-0 user-005-0 user-006-0 user-007-0 user-008-0 user-009-0 user-010-0 user-011-1 user-012-0
631	cmd-0631	2025-11-11T04:20:00+09:00	user-001-0 user-002-0 user-003-0 user-004-0 user-005-0 user-006-0 user-007-0 user-008-0 user-009-0 user-010-0 user-011-1 user-012-0
632	cmd-0632	2025-11-11T04:38:00+09:00	user-001-0 user-002-0 user-003-0 user-004-0 user-005-0 user-006-0 user-007-0 user-008-0 user-009-0 user-010-0 user-011-1 user-012-0
633	cmd-0633	2025-11-11T10:14:00+09:00	user-001-0 user-002-0 user-003-0 user-004-0 user-005-0 user-006-0 user-007-0 user-008-0 user-009-0 user-010-0 user-011-1 user-012-0
634	cmd-0634	2025-11-11T10:27:00+09:00	user-001-0 user-002-0 user-003-0 user-004-0 user-005-0 user-006-0 user-007-0 user-008-0 user-009-0 user-010-0 user-011-1 user-012-0
635	cmd-0635	2025-11-11T11:10:00+09:00	user-001-0 user-002-0 user-003-0 user-004-0 user-005-0 user-006-0 user-007-0 user-008-0 user-009-0 user-010-0 user-011-1 user-012-0
636	cmd-0636	2025-11-11T11:38:00+09:00	user-001-0 user-002-0 user-003-0 user-004-0 user-005-0 user-006-0 user-007-0 user-008-0 user-009-0 user-010-0 user-011-1 user-012-0
637	cmd-0637	2025-11-11T12:04:00+09:00	user-001-0 user-002-0 user-003-0 user-004-0 user-005-0 user-006-0 user-007-0 user-008-0 user-009-0 user-010-0 user-011-1 user-012-0
638	cmd-0638	2025-11-11T15:33:00+09:00	user-001-0 user-002-0 user-003-0 user-004-0 user-005-0 user-006-0 user-007-0 user-008-0 user-009-0 user-010-0 user-011-1 user-012-0
639	cmd-0639	2025-11-11T16:17:00+09:00	user-001-0 user-002-0 user-003-0 user-004-0 user-005-0 user-006-0 user-007-0 user-008-0 user-009-0 user-010-0 user-011-1 user-012-0
640	cmd-0640	2025-11-11T18:20:00+09:00	user-001-0 user-002-0 user-003-0 user-004-0 user-005-0 user-006-0 user-007-0 user-008-0 user-009-0 user-010-0 user-011-1 user-012-0
641	cmd-0641	2025-11-11T20:50:00+09:00	user-001-0 user-002-0 user-003-0 user-004-0 user-005-0 user-006-0 user-007-0 user-008-0 user-009-0 user-010-0 user-011-1 user-012-0
642	cmd-0642	2025-11-11T22:34:00+09:00	user-001-0 user-002-0 user-003-0 user-004-0 user-005-0 user-006-0 user-007-0 user-008-0 user-009-0 user-010-0 user-011-1 user-012-0
643	cmd-0643	2025-11-12T09:12:00+09:00	user-001-0 user-002-0 user-003-0 user-004-0 user-005-0 user-006-0 user-007-0 user-008-0 user-009-0 user-010-0 user-011-1 user-012-0
644	cmd-0644	2025-11-12T09:19:00+09:00	user-001-0 user-002-0 user-003-0 user-004-0 user-005-0 user-006-0 user-007-0 user-008-0 user-009-0 user-010-0 user-011-1 user-012-0
645	cmd-0645	2025-11-12T15:07:00+09:00	user-001-0 user-002-0 user-003-0 user-004-0 user-005-0 user-006-0 user-007-0 user-008-0 user-009-0 user-010-0 user-011-1 user-012-0
646	cmd-0646	2025-11-12T17:30:00+09:00	user-001-0 user-002-0 user-003-0 user-004-0 user-005-0 user-006-0 user-007-0 user-008-0 user-009-0 user-010-0 user-011-1 user-012-0
647	cmd-0647	2025-11-12T21:14:00+09:00	user-001-0 user-002-0 user-003-0 user-004-0 user-005-0 user-006-0 user-007-0 user-008-0 user-009-0 user-010-0 user-011-1 user-012-0
648	cmd-0648	2025-11-13T00:10:00+09:00	user-001-0 user-002-0 user-003-0 user-004-0 user-005-0 user-006-0 user-007-0 user-008-0 user-009-0 user-010-0 user-011-1 user-012-0
649	cmd-0649	2025-11-13T13:29:00+09:00	user-001-0 user-002-0 user-003-0 user-004-0 user-005-0 user-006-0 user-007-0 user-008-0 user-009-0 user-010-0 user-011-1 user-012-0
650	cmd-0650	2025-11-13T15:14:00+09:00	user-001-0 user-002-0 user-003-0 user-004-0 user-005-0 user-006-0 user-007-0 user-008-0 user-009-0 user-010-0 user-011-1 user-012-0
651	cmd-0651	2025-11-13T19:15:00+09:00	user-001-0 user-002-0 user-003-0 user-004-0 user-005-0 user-006-0 user-007-0 user-008-0 user-009-0 user-010-0 user-011-1 user-012-0
652	cmd-0652	2025-11-13T19:37:00+09:00	user-001-0 user-002-0 user-003-0 user-004-0 user-005-0 user-006-0 user-007-0 user-008-0 user-009-0 user-010-0 user-011-1 user-012-0
653	cmd-0653	2025-11-13T20:56:00+09:00	user-001-0 user-002-0 user-003-0 user-004-0 user-005-0 user-006-0 user-007-0 user-008-0 user-009-0 user-010-0 user-011-1 user-012-0
654	cmd-0654	2025-11-14T01:28:00+09:00	user-001-0 user-002-0 user-003-0 user-004-0 user-005-0 user-006-0 user-007-0 user-008-0 user-009-0 user-010-0 user-011-1 user-012-0
655	cmd-0655	2025-11-15T05:07:00+09:00	user-001-0 user-002-0 user-003-0 user-004-0 user-005-0 user-006-0 user-007-0 user-008-0 user-009-0 user-010-0 user-011-1 user-012-0
656	cmd-0656	2025-11-15T11:05:00+09:00	user-001-0 user-002-0 user-003-0 user-004-0 user-005-0 user-006-0 user-007-0 user-008-0 user-009-0 user-010-0 user-011-1 user-012-0
657	cmd-0657	2025-11-15T17:25:00+09:00	user-001-0 user-002-0 user-003-0 user-004-0 user-005-0 user-006-0 user-007-0 user-008-0 user-009-0 user-010-0 user-011-1 user-012-0
658	cmd-0658	2025-11-15T20:17:00+09:00	user-001-0 user-002-0 user-003-0 user-004-0 user-005-0 user-006-0 user-007-0 user-008-0 user-009-0 user-010-0 user-011-1 user-012-0
659	cmd-0659	2025-11-16T03:42:00+09:00	user-001-0 user-002-0 user-003-0 user-004-0 user-005-0 user-006-0 user-007-0 user-008-0 user-009-0 user-010-0 user-011-1 user-012-0
660	cmd-0660	2025-11-16T10:02:00+09:00	user-001-0 user-002-0 user-003-0 user-004-0 user-005-0 user-006-0 user-007-0 user-008-0 user-009-0 user-010-0 user-011-1 user-012-0
661	cmd-0661	2025-11-16T14:38:00+09:00	user-001-0 user-002-0 user-003-0 user-004-0 user-005-0 user-006-0 user-007-0 user-008-0 user-009-0 user-010-0 user-011-1 user-012-0
662	cmd-0662	2025-11-17T02:33:00+09:00	user-001-0 user-002-0 user-003-0 user-004-0 user-005-0 user-006-0 user-007-0 user-008-0 user-009-0 user-010-0 user-011-1 user-012-0
663	cmd-0663	2025-11-17T06:46:00+09:00	user-001-0 user-002-0 user-003-0 user-004-0 user-005-0 user-006-0 user-007-0 user-008-0 user-009-0 user-010-0 user-011-1 user-012-0
664	cmd-0664	2025-11-17T08:51:00+09:00	user-001-0 user-002-0 user-003-0 user-004-0 user-005-0 user-006-0 user-007-0 user-008-0 user-009-0 user-010-0 user-011-1 user-012-0
665	cmd-0665	2025-11-17T10:23:00+09:00	user-001-0 user-002-0 user-003-0 user-004-0 user-005-0 user-006-0 user-007-0 user-008-0 user-009-0 user-010-0 user-011-1 user-012-0
666	cmd-0666	2025-11-17T10:35:00+09:00	user-001-0 user-002-0 user-003-0 user-004-0 user-005-0 user-006-0 user-007-0 user-008-0 user-009-0 user-010-0 user-011-1 user-012-0
667	cmd-0667	2025-11-17T11:48:00+09:00	user-001-0 user-002-0 user-003-0 user-004-0 user-005-0 user-006-0 user-007-0 user-008-0 user-009-0 user-010-0 user-011-1 user-012-0
668	cmd-0668	2025-11-17T12:21:00+09:00	user-001-0 user-002-0 user-003-0 user-004-0 user-005-0 user-006-0 user-007-0 user-008-0 user-009-0 user-010-0 user-011-1 user-012-0
669	cmd-0669	2025-11-17T20:53:00+09:00	user-001-0 user-002-0 user-003-0 user-004-0 user-005-0 user-006-0 user-007-0 user-008-0 user-009-0 user-010-0 user-011-1 user-012-0
670	cmd-0670	2025-11-18T01:04:00+09:00	user-001-0 user-002-0 user-003-0 user-004-0 user-005-0 user-006-0 user-007-0 user-008-0 user-009-0 user-010-0 user-011-1 user-012-0
671	cmd-0671	2025-11-18T01:57:00+09:00	user-001-0 user-002-0 user-003-0 user-004-0 user-005-0 user-006-0 user-007-0 user-008-0 user-009-0 user-010-0 user-011-1 user-012-0
672	cmd-0672	2025-11-18T04:01:00+09:00	user-001-0 user-002-0 user-003-0 user-004-0 user-005-0 user-006-0 user-007-0 user-008-0 user-009-0 user-010-0 user-011-1 user-012-0
673	cmd-0673	2025-11-18T05:07:00+09:00	user-001-0 user-002-0 user-003-0 user-004-0 user-005-0 user-006-0 user-007-0 user-008-0 user-009-0 user-010-0 user-011-1 user-012-0
674	cmd-0674	2025-11-18T05:51:00+09:00	user-001-0 user-002-0 user-003-0 user-004-0 user-005-0 user-006-0 user-007-0 user-008-0 user-009-0 user-010-0 user-011-1 user-012-0
675	cmd-0675	2025-11-18T08:30:00+09:00	user-001-0 user-002-0 user-003-0 user-004-0 user-005-0 user-006-0 user-007-0 user-008-0 user-009-0 user-010-0 user-011-1 user-012-0
676	cmd-0676	2025-11-18T14:52:00+09:00	user-001-0 user-002-0 user-003-0 user-004-0 user-005-0 user-006-0 user-007-0 user-008-0 user-009-0 user-010-0 user-011-1 user-012-0
677	cmd-0677	2025-11-19T00:45:00+09:00	user-001-0 user-002-0 user-003-0 user-004-0 user-005-0 user-006-0 user-007-0 user-008-0 user-009-0 user-010-0 user-011-1 user-012-0
678	cmd-0678	2025-11-19T03:19:00+09:00	user-001-0 user-002-0 user-003-0 user-004-0 user-005-0 user-006-0 user-007-0 user-008-0 user-009-0 user-010-0 user-011-1 user-012-0
679	cmd-0679	2025-11-19T03:38:00+09:00	user-001-0 user-002-0 user-003-0 user-004-0 user-005-0 user-006-0 user-007-0 user-008-0 user-009-0 user-010-0 user-011-1 user-012-0
680	cmd-0680	2025-11-19T10:50:00+09:00	user-001-0 user-002-0 user-003-0 user-004-0 user-005-0 user-006-0 user-007-0 user-008-0 user-009-0 user-010-0 user-011-1 user-012-0
681	cmd-0681	2025-11-19T13:15:00+09:00	user-001-0 user-002-0 user-003-0 user-004-0 user-005-0 user-006-0 user-007-0 user-008-0 user-009-0 user-010-0 user-011-1 user-012-0
682	cmd-0682	2025-11-19T13:36:00+09:00	user-001-0 user-002-0 user-003-0 user-004-0 user-005-0 user-006-0 user-007-0 user-008-0 user-009-0 user-010-0 user-011-1 user-012-0
683	cmd-0683	2025-11-19T14:41:00+09:00	user-001-0 user-002-0 user-003-0 user-004-0 user-005-0 user-006-0 user-007-0 user-008-0 user-009-0 user-010-0 user-011-1 user-012-0
684	cmd-0684	2025-11-19T21:34:00+09:00	user-001-0 user-002-0 user-003-0 user-004-0 user-005-0 user-006-0 user-007-0 user-008-0 user-009-0 user-010-0 user-011-1 user-012-0
685	cmd-0685	2025-11-20T01:07:00+09:00	user-001-0 user-002-0 user-003-0 user-004-0 user-005-0 user-006-0 user-007-0 user-008-0 user-009-0 user-010-0 user-011-1 user-012-0
686	cmd-0686	2025-11-20T06:32:00+09:00	user-001-0 user-002-0 user-003-0 user-004-0 user-005-0 user-006-0 user-007-0 user-008-0 user-009-0 user-010-0 user-011-1 user-012-0
687	cmd-0687	2025-11-20T10:22:00+09:00	user-001-0 user-002-0 user-003-0 user-004-0 user-005-0 user-006-0 user-007-0 user-008-0 user-009-0 user-010-0 user-011-1 user-012-0
688	cmd-0688	2025-11-20T20:35:00+09:00	user-001-0 user-002-0 user-003-0 user-004-0 user-005-0 user-006-0 user-007-0 user-008-0 user-009-0 user-010-0 user-011-1 user-012-0
689	cmd-0689	2025-11-21T03:10:00+09:00	user-001-0 user-002-0 user-003-0 user-004-0 user-005-0 user-006-0 user-007-0 user-008-0 user-009-0 user-010-0 user-011-1 user-012-0
690	cmd-0690	2025-11-21T04:44:00+09:00	user-001-0 user-002-0 user-003-0 user-004-0 user-005-0 user-006-0 user-007-0 user-008-0 user-009-0 user-010-0 user-011-1 user-012-0
691	cmd-0691	2025-11-21T05:13:00+09:00	user-001-0 user-002-0 user-003-0 user-004-0 user-005-0 user-006-0 user-007-0 user-008-0 user-009-0 user-010-0 user-011-1 user-012-0
692	cmd-0692	2025-11-21T05:28:00+09:00	user-001-0 user-002-0 user-003-0 user-004-0 user-005-0 user-006-0 user-007-0 user-008-0 user-009-0 user-010-0 user-011-1 user-012-0
693	cmd-0693	2025-11-21T11:39:00+09:00	user-001-0 user-002-0 user-003-0 user-004-0 user-005-0 user-006-0 user-007-0 user-008-0 user-009-0 user-010-0 user-011-1 user-012-0
694	cmd-0694	2025-11-21T17:38:00+09:00	user-001-0 user-002-0 user-003-0 user-004-0 user-005-0 user-006-0 user-007-0 user-008-0 user-009-0 user-010-0 user-011-1 user-012-0
695	cmd-0695	2025-11-21T19:08:00+09:00	user-001-0 user-002-0 user-003-0 user-004-0 user-005-0 user-006-0 user-007-0 user-008-0 user-009-0 user-010-0 user-011-1 user-012-0
696	cmd-0696	2025-11-22T00:39:00+09:00	user-001-0 user-002-0 user-003-0 user-004-0 user-005-0 user-006-0 user-007-0 user-008-0 user-009-0 user-010-0 user-011-1 user-012-0
697	cmd-0697	2025-11-22T05:34:00+09:00	user-001-0 user-002-0 user-003-0 user-004-0 user-005-0 user-006-0 user-007-0 user-008-0 user-009-0 user-010-0 user-011-1 user-012-0
698	cmd-0698	2025-11-22T06:07:00+09:00	user-001-0 user-002-0 user-003-0 user-004-0 user-005-0 user-006-0 user-007-0 user-008-0 user-009-0 user-010-0 user-011-1 user-012-0
699	cmd-0699	2025-11-22T12:51:00+09:00	user-001-0 user-002-0 user-003-0 user-004-0 user-005-0 user-006-0 user-007-0 user-008-0 user-009-0 user-010-0 user-011-1 user-012-0
700	cmd-0700	2025-11-22T14:04:00+09:00	user-001-0 user-002-0 user-003-0 user-004-0 user-005-0 user-006-0 user-007-0 user-008-0 user-009-0 user-010-0 user-011-1 user-012-0
701	cmd-0701	2025-11-22T17:11:00+09:00	user-001-0 user-002-0 user-003-0 user-004-0 user-005-0 user-006-0 user-007-0 user-008-0 user-009-0 user-010-0 user-011-1 user-012-0
702	cmd-0702	2025-11-22T17:23:00+09:00	user-001-0 user-002-0 user-003-0 user-004-0 user-005-0 user-006-0 user-007-0 user-008-0 user-009-0 user-010-0 user-011-1 user-012-0
703	cmd-0703	2025-11-22T22:58:00+09:00	user-001-0 user-002-0 user-003-0 user-004-0 user-005-0 user-006-0 user-007-0 user-008-0 user-009-0 user-010-0 user-011-1 user-012-0
704	cmd-0704	2025-11-23T04:12:00+09:00	user-001-0 user-002-0 user-003-0 user-004-0 user-005-0 user-006-0 user-007-0 user-008-0 user-009-0 user-010-0 user-011-1 user-012-0
705	cmd-0705	2025-11-23T05:34:00+09:00	user-001-0 user-002-0 user-003-0 user-004-0 user-005-0 user-006-0 user-007-0 user-008-0 user-009-0 user-010-0 user-011-1 user-012-0
706	cmd-0706	2025-11-23T05:40:00+09:00	user-001-0 user-002-0 user-003-0 user-004-0 user-005-0 user-006-0 user-007-0 user-008-0 user-009-0 user-010-0 user-011-1 user-012-0
707	cmd-0707	2025-11-23T09:03:00+09:00	user-001-0 user-002-0 user-003-0 user-004-0 user-005-0 user-006-0 user-007-0 user-008-0 user-009-0 user-010-0 user-011-1 user-012-0
708	cmd-0708	2025-11-23T09:10:00+09:00	user-001-0 user-002-0 user-003-0 user-004-0 user-005-0 user-006-0 user-007-0 user-008-0 user-009-0 user-010-0 user-011-1 user-012-0
709	cmd-0709	2025-11-23T17:26:00+09:00	user-001-0 user-002-0 user-003-0 user-004-0 user-005-0 user-006-0 user-007-0 user-008-0 user-009-0 user-010-0 user-011-1 user-012-0
710	cmd-0710	2025-11-24T05:11:00+09:00	user-001-0 user-002-0 user-003-0 user-004-0 user-005-0 user-006-0 user-007-0 user-008-0 user-009-0 user-010-0 user-011-1 user-012-0
711	cmd-0711	2025-11-24T05:29:00+09:00	user-001-0 user-002-0 user-003-0 user-004-0 user-005-0 user-006-0 user-007-0 user-008-0 user-009-0 user-010-0 user-011-1 user-012-0
712	cmd-0712	2025-11-24T06:13:00+09:00	user-001-0 user-002-0 user-003-0 user-004-0 user-005-0 user-006-0 user-007-0 user-008-0 user-009-0 user-010-0 user-011-1 user-012-0
713	cmd-0713	2025-11-24T07:39:00+09:00	user-001-0 user-002-0 user-003-0 user-004-0 user-005-0 user-006-0 user-007-0 user-008-0 user-009-0 user-010-0 user-011-1 user-012-0
714	cmd-0714	2025-11-24T09:16:00+09:00	user-001-0 user-002-0 user-003-0 user-004-0 user-005-0 user-006-0 user-007-0 user-008-0 user-009-0 user-010-0 user-011-1 user-012-0
715	cmd-0715	2025-11-24T09:51:00+09:00	user-001-0 user-002-0 user-003-0 user-004-0 user-005-0 user-006-0 user-007-0 user-008-0 user-009-0 user-010-0 user-011-1 user-012-0
716	cmd-0716	2025-11-24T12:12:00+09:00	user-001-0 user-002-0 user-003-0 user-004-0 user-005-0 user-006-0 user-007-0 user-008-0 user-009-0 user-010-0 user-011-1 user-012-0
717	cmd-0717	2025-11-24T14:10:00+09:00	user-001-0 user-002-0 user-003-0 user-004-0 user-005-0 user-006-0 user-007-0 user-008-0 user-009-0 user-010-0 user-011-1 user-012-0
718	cmd-0718	2025-11-24T18:28:00+09:00	user-001-0 user-002-0 user-003-0 user-004-0 user-005-0 user-006-0 user-007-0 user-008-0 user-009-0 user-010-0 user-011-1 user-012-0
719	cmd-0719	2025-11-24T20:12:00+09:00	user-001-0 user-002-0 user-003-0 user-004-0 user-005-0 user-006-0 user-007-0 user-008-0 user-009-0 user-010-0 user-011-1 user-012-0
720	cmd-0720	2025-11-24T21:53:00+09:00	user-001-0 user-002-0 user-003-0 user-004-0 user-005-0 user-006-0 user-007-0 user-008-0 user-009-0 user-010-0 user-011-1 user-012-0
721	cmd-0721	2025-11-25T02:28:00+09:00	user-001-0 user-002-0 user-003-0 user-004-0 user-005-0 user-006-0 user-007-0 user-008-0 user-009-0 user-010-0 user-011-1 user-012-0
722	cmd-0722	2025-11-25T05:27:00+09:00	user-001-0 user-002-0 user-003-0 user-004-0 user-005-0 user-006-0 user-007-0 user-008-0 user-009-0 user-010-0 user-011-1 user-012-0
723	cmd-0723	2025-11-25T06:24:00+09:00	user-001-0 user-002-0 user-003-0 user-004-0 user-005-0 user-006-0 user-007-0 user-008-0 user-009-0 user-010-0 user-011-1 user-012-0
724	cmd-0724	2025-11-25T11:34:00+09:00	user-001-0 user-002-0 user-003-0 user-004-0 user-005-0 user-006-0 user-007-0 user-008-0 user-009-0 user-010-0 user-011-1 user-012-0
725	cmd-0725	2025-11-25T23:18:00+09:00	user-001-0 user-002-0 user-003-0 user-004-0 user-005-0 user-006-0 user-007-0 user-008-0 user-009-0 user-010-0 user-011-1 user-012-0
726	cmd-0726	2025-11-26T01:01:00+09:00	user-001-0 user-002-0 user-003-0 user-004-0 user-005-0 user-006-0 user-007-0 user-008-0 user-009-0 user-010-0 user-011-1 user-012-0
727	cmd-0727	2025-11-26T02:05:00+09:00	user-001-0 user-002-0 user-003-0 user-004-0 user-005-0 user-006-0 user-007-0 user-008-0 user-009-0 user-010-0 user-011-1 user-012-0
728	cmd-0728	2025-11-26T02:33:00+09:00	user-001-0 user-002-0 user-003-0 user-004-0 user-005-0 user-006-0 user-007-0 user-008-0 user-009-0 user-010-0 user-011-1 user-012-0
729	cmd-0729	2025-11-26T03:29:00+09:00	user-001-0 user-002-0 user-003-0 user-004-0 user-005-0 user-006-0 user-007-0 user-008-0 user-009-0 user-010-0 user-011-1 user-012-0
730	cmd-0730	2025-11-26T16:57:00+09:00	user-001-0 user-002-0 user-003-0 user-004-0 user-005-0 user-006-0 user-007-0 user-008-0 user-009-0 user-010-0 user-011-1 user-012-0
731	cmd-0731	2025-11-27T10:21:00+09:00	user-001-0 user-002-0 user-003-0 user-004-0 user-005-0 user-006-0 user-007-0 user-008-0 user-009-0 user-010-0 user-011-1 user-012-0
732	cmd-0732	2025-11-27T10:44:00+09:00	user-001-0 user-002-0 user-003-0 user-004-0 user-005-0 user-006-0 user-007-0 user-008-0 user-009-0 user-010-0 user-011-1 user-012-0
733	cmd-0733	2025-11-27T12:10:00+09:00	user-001-0 user-002-0 user-003-0 user-004-0 user-005-0 user-006-0 user-007-0 user-008-0 user-009-0 user-010-0 user-011-1 user-012-0
734	cmd-0734	2025-11-27T15:05:00+09:00	user-001-0 user-002-0 user-003-0 user-004-0 user-005-0 user-006-0 user-007-0 user-008-0 user-009-0 user-010-0 user-011-1 user-012-0
735	cmd-0735	2025-11-27T16:22:00+09:00	user-001-0 user-002-0 user-003-0 user-004-0 user-005-0 user-006-0 user-007-0 user-008-0 user-009-0 user-010-0 user-011-1 user-012-0
736	cmd-0736	2025-11-27T16:33:00+09:00	user-001-0 user-002-0 user-003-0 user-004-0 user-005-0 user-006-0 user-007-0 user-008-0 user-009-0 user-010-0 user-011-1 user-012-0
737	cmd-0737	2025-11-27T16:55:00+09:00	user-001-0 user-002-0 user-003-0 user-004-0 user-005-0 user-006-0 user-007-0 user-008-0 user-009-0 user-010-0 user-011-1 user-012-0
738	cmd-0738	2025-11-27T20:18:00+09:00	user-001-0 user-002-0 user-003-0 user-004-0 user-005-0 user-006-0 user-007-0 user-008-0 user-009-0 user-010-0 user-011-1 user-012-0
739	cmd-0739	2025-11-27T21:18:00+09:00	user-001-0 user-002-0 user-003-0 user-004-0 user-005-0 user-006-0 user-007-0 user-008-0 user-009-0 user-010-0 user-011-1 user-012-0
740	cmd-0740	2025-11-27T21:41:00+09:00	user-001-0 user-002-0 user-003-0 user-004-0 user-005-0 user-006-0 user-007-0 user-008-0 user-009-0 user-010-0 user-011-1 user-012-0
741	cmd-0741	2025-11-27T21:45:00+09:00	user-001-0 user-002-0 user-003-0 user-004-0 user-005-0 user-006-0 user-007-0 user-008-0 user-009-0 user-010-0 user-011-1 user-012-0
742	cmd-0742	2025-11-27T22:06:00+09:00	user-001-0 user-002-0 user-003-0 user-004-0 user-005-0 user-006-0 user-007-0 user-008-0 user-009-0 user-010-0 user-011-1 user-012-0
743	cmd-0743	2025-11-27T22:44:00+09:00	user-001-0 user-002-0 user-003-0 user-004-0 user-005-0 user-006-0 user-007-0 user-008-0 user-009-0 user-010-0 user-011-1 user-012-0
744	cmd-0744	2025-11-28T02:23:00+09:00	user-001-0 user-002-0 user-003-0 user-004-0 user-005-0 user-006-0 user-007-0 user-008-0 user-009-0 user-010-0 user-011-1 user-012-0
745	cmd-0745	2025-11-28T11:57:00+09:00	user-001-0 user-002-0 user-003-0 user-004-0 user-005-0 user-006-0 user-007-0 user-008-0 user-009-0 user-010-0 user-011-1 user-012-0
746	cmd-0746	2025-11-28T15:01:00+09:00	user-001-0 user-002-0 user-003-0 user-004-0 user-005-0 user-006-0 user-007-0 user-008-0 user-009-0 user-010-0 user-011-1 user-012-0
747	cmd-0747	2025-11-28T18:13:00+09:00	user-001-0 user-002-0 user-003-0 user-004-0 user-005-0 user-006-0 user-007-0 user-008-0 user-009-0 user-010-0 user-011-1 user-012-0
748	cmd-0748	2025-11-28T20:02:00+09:00	user-001-0 user-002-0 user-003-0 user-004-0 user-005-0 user-006-0 user-007-0 user-008-0 user-009-0 user-010-0 user-011-1 user-012-0
749	cmd-0749	2025-11-28T22:24:00+09:00	user-001-0 user-002-0 user-003-0 user-004-0 user-005-0 user-006-0 user-007-0 user-008-0 user-009-0 user-010-0 user-011-1 user-012-0
750	cmd-0750	2025-11-29T00:32:00+09:00	user-001-0 user-002-0 user-003-0 user-004-0 user-005-0 user-006-0 user-007-0 user-008-0 user-009-0 user-010-0 user-011-1 user-012-0
751	cmd-0751	2025-10-29T07:25:00+09:00	user-001-0 user-002-0 user-003-1 user-004-0 user-005-0 user-006-0 user-007-0 user-008-0 user-009-0 user-010-0 user-011-0 user-012-0
752	cmd-0752	2025-10-29T11:12:00+09:00	user-001-0 user-002-0 user-003-1 user-004-0 user-005-0 user-006-0 user-007-0 user-008-0 user-009-0 user-010-0 user-011-0 user-012-1
753	cmd-0753	2025-10-29T11:31:00+09:00	user-001-0 user-002-0 user-003-1 user-004-0 user-005-0 user-006-0 user-007-0 user-008-0 user-009-0 user-010-0 user-011-0 user-012-1
754	cmd-0754	2025-10-29T14:14:00+09:00	user-001-0 user-002-0 user-003-1 user-004-0 user-005-0 user-006-0 user-007-0 user-008-0 user-009-0 user-010-0 user-011-0 user-012-0
755	cmd-0755	2025-10-29T14:21:00+09:00	user-001-0 user-002-0 user-003-1 user-004-0 user-005-0 user-006-0 user-007-0 user-008-0 user-009-0 user-010-0 user-011-0 user-012-1
756	cmd-0756	2025-10-29T16:02:00+09:00	user-001-0 user-002-0 user-003-1 user-004-0 user-005-0 user-006-0 user-007-0 user-008-0 user-009-0 user-010-0 user-011-0 user-012-1
757	cmd-0757	2025-10-29T17:06:00+09:00	user-001-0 user-002-0 user-003-1 user-004-0 user-005-0 user-006-0 user-007-0 user-008-0 user-009-0 user-010-0 user-011-0 user-012-0
758	cmd-0758	2025-10-29T17:13:00+09:00	user-001-0 user-002-0 user-003-1 user-004-0 user-005-0 user-006-0 user-007-0 user-008-0 user-009-0 user-010-0 user-011-0 user-012-0
759	cmd-0759	2025-10-29T18:21:00+09:00	user-001-0 user-002-0 user-003-1 user-004-0 user-005-0 user-006-0 user-007-0 user-008-0 user-009-0 user-010-0 user-011-0 user-012-0
760	cmd-0760	2025-10-29T18:23:00+09:00	user-001-0 user-002-0 user-003-1 user-004-0 user-005-0 user-006-0 user-007-0 user-008-0 user-009-0 user-010-0 user-011-0 user-012-0
761	cmd-0761	2025-10-29T19:48:00+09:00	user-001-0 user-002-0 user-003-1 user-004-0 user-005-0 user-006-0 user-007-0 user-008-0 user-009-0 user-010-0 user-011-0 user-012-1
762	cmd-0762	2025-10-29T20:25:00+09:00	user-001-0 user-002-0 user-003-1 user-004-0 user-005-0 user-006-0 user-007-0 user-008-0 user-009-0 user-010-0 user-011-0 user-012-0
763	cmd-0763	2025-10-29T23:50:00+09:00	user-001-0 user-002-0 user-003-1 user-004-0 user-005-0 user-006-0 user-007-0 user-008-0 user-009-0 user-010-0 user-011-0 user-012-1
764	cmd-0764	2025-10-30T02:31:00+09:00	user-001-0 user-002-0 user-003-1 user-004-0 user-005-0 user-006-0 user-007-0 user-008-0 user-009-0 user-010-0 user-011-0 user-012-1
765	cmd-0765	2025-10-30T05:21:00+09:00	user-001-0 user-002-0 user-003-1 user-004-0 user-005-0 user-006-0 user-007-0 user-008-0 user-009-0 user-010-0 user-011-0 user-012-1
766	cmd-0766	2025-10-30T05:28:00+09:00	user-001-0 user-002-0 user-003-1 user-004-0 user-005-0 user-006-0 user-007-0 user-008-0 user-009-0 user-010-0 user-011-0 user-012-0
767	cmd-0767	2025-10-30T07:43:00+09:00	user-001-0 user-002-0 user-003-1 user-004-0 user-005-0 user-006-0 user-007-0 user-008-0 user-009-0 user-010-0 user-011-0 user-012-1
768	cmd-0768	2025-10-30T07:56:00+09:00	user-001-0 user-002-0 user-003-1 user-004-0 user-005-0 user-006-0 user-007-0 user-008-0 user-009-0 user-010-0 user-011-0 user-012-1
769	cmd-0769	2025-10-30T08:11:00+09:00	user-001-0 user-002-0 user-003-1 user-004-0 user-005-0 user-006-0 user-007-0 user-008-0 user-009-0 user-010-0 user-011-0 user-012-1
770	cmd-0770	2025-10-30T08:19:00+09:00	user-001-0 user-002-0 user-003-1 user-004-0 user-005-0 user-006-0 user-007-0 user-008-0 user-009-0 user-010-0 user-011-0 user-012-0
771	cmd-0771	2025-10-30T08:52:00+09:00	user-001-0 user-002-0 user-003-1 user-004-0 user-005-0 user-006-0 user-007-0 user-008-0 user-009-0 user-010-0 user-011-0 user-012-1
772	cmd-0772	2025-10-30T10:39:00+09:00	user-001-0 user-002-0 user-003-1 user-004-0 user-005-0 user-006-0 user-007-0 user-008-0 user-009-0 user-010-0 user-011-0 user-012-1
773	cmd-0773	2025-10-30T10:55:00+09:00	user-001-0 user-002-0 user-003-1 user-004-0 user-005-0 user-006-0 user-007-0 user-008-0 user-009-0 user-010-0 user-011-0 user-012-1
774	cmd-0774	2025-10-30T11:39:00+09:00	user-001-0 user-002-0 user-003-1 user-004-0 user-005-0 user-006-0 user-007-0 user-008-0 user-009-0 user-010-0 user-011-0 user-012-0
775	cmd-0775	2025-10-30T11:51:00+09:00	user-001-0 user-002-0 user-003-1 user-004-0 user-005-0 user-006-0 user-007-0 user-008-0 user-009-0 user-010-0 user-011-0 user-012-1
776	cmd-0776	2025-10-30T12:02:00+09:00	user-001-0 user-002-0 user-003-1 user-004-0 user-005-0 user-006-0 user-007-0 user-008-0 user-009-0 user-010-0 user-011-0 user-012-0
777	cmd-0777	2025-10-30T13:26:00+09:00	user-001-0 user-002-0 user-003-1 user-004-0 user-005-0 user-006-0 user-007-0 user-008-0 user-009-0 user-010-0 user-011-0 user-012-0
778	cmd-0778	2025-10-30T14:20:00+09:00	user-001-0 user-002-0 user-003-1 user-004-0 user-005-0 user-006-0 user-007-0 user-008-0 user-009-0 user-010-0 user-011-0 user-012-1
779	cmd-0779	2025-10-30T14:46:00+09:00	user-001-0 user-002-0 user-003-1 user-004-0 user-005-0 user-006-0 user-007-0 user-008-0 user-009-0 user-010-0 user-011-0 user-012-1
780	cmd-0780	2025-10-30T14:50:00+09:00	user-001-0 user-002-0 user-003-1 user-004-0 user-005-0 user-006-0 user-007-0 user-008-0 user-009-0 user-010-0 user-011-0 user-012-1
781	cmd-0781	2025-10-30T15:30:00+09:00	user-001-0 user-002-0 user-003-1 user-004-0 user-005-0 user-006-0 user-007-0 user-008-0 user-009-0 user-010-0 user-011-0 user-012-0
782	cmd-0782	2025-10-30T16:38:00+09:00	user-001-0 user-002-0 user-003-1 user-004-0 user-005-0 user-006-0 user-007-0 user-008-0 user-009-0 user-010-0 user-011-0 user-012-1
783	cmd-0783	2025-10-30T17:37:00+09:00	user-001-0 user-002-0 user-003-1 user-004-0 user-005-0 user-006-0 user-007-0 user-008-0 user-009-0 user-010-0 user-011-0 user-012-1
784	cmd-0784	2025-10-30T17:54:00+09:00	user-001-0 user-002-0 user-003-1 user-004-0 user-005-0 user-006-0 user-007-0 user-008-0 user-009-0 user-010-0 user-011-0 user-012-0
785	cmd-0785	2025-10-30T17:57:00+09:00	user-001-0 user-002-0 user-003-1 user-004-0 user-005-0 user-006-0 user-007-0 user-008-0 user-009-0 user-010-0 user-011-0 user-012-1
786	cmd-0786	2025-10-30T19:19:00+09:00	user-001-0 user-002-0 user-003-1 user-004-0 user-005-0 user-006-0 user-007-0 user-008-0 user-009-0 user-010-0 user-011-0 user-012-0
787	cmd-0787	2025-10-30T20:45:00+09:00	user-001-0 user-002-0 user-003-1 user-004-0 user-005-0 user-006-0 user-007-0 user-008-0 user-009-0 user-010-0 user-011-0 user-012-1
788	cmd-0788	2025-10-30T21:51:00+09:00	user-001-0 user-002-0 user-003-1 user-004-0 user-005-0 user-006-0 user-007-0 user-008-0 user-009-0 user-010-0 user-011-0 user-012-1
789	cmd-0789	2025-10-30T21:53:00+09:00	user-001-0 user-002-0 user-003-1 user-004-0 user-005-0 user-006-0 user-007-0 user-008-0 user-009-0 user-010-0 user-011-0 user-012-0
790	cmd-0790	2025-10-30T22:10:00+09:00	user-001-0 user-002-0 user-003-1 user-004-0 user-005-0 user-006-0 user-007-0 user-008-0 user-009-0 user-010-0 user-011-0 user-012-1
791	cmd-0791	2025-10-30T23:59:00+09:00	user-001-0 user-002-0 user-003-1 user-004-0 user-005-0 user-006-0 user-007-0 user-008-0 user-009-0 user-010-0 user-011-0 user-012-1
792	cmd-0792	2025-10-31T02:23:00+09:00	user-001-0 user-002-0 user-003-1 user-004-0 user-005-0 user-006-0 user-007-0 user-008-0 user-009-0 user-010-0 user-011-0 user-012-0
793	cmd-0793	2025-10-31T02:37:00+09:00	user-001-0 user-002-0 user-003-1 user-004-0 user-005-0 user-006-0 user-007-0 user-008-0 user-009-0 user-010-0 user-011-0 user-012-0
794	cmd-0794	2025-10-31T03:20:00+09:00	user-001-0 user-002-0 user-003-1 user-004-0 user-005-0 user-006-0 user-007-0 user-008-0 user-009-0 user-010-0 user-011-0 user-012-1
795	cmd-0795	2025-10-31T03:37:00+09:00	user-001-0 user-002-0 user-003-1 user-004-0 user-005-0 user-006-0 user-007-0 user-008-0 user-009-0 user-010-0 user-011-0 user-012-1
796	cmd-0796	2025-10-31T06:04:00+09:00	user-001-0 user-002-0 user-003-1 user-004-0 user-005-0 user-006-0 user-007-0 user-008-0 user-009-0 user-010-0 user-011-0 user-012-1
797	cmd-0797	2025-10-31T06:07:00+09:00	user-001-0 user-002-0 user-003-1 user-004-0 user-005-0 user-006-0 user-007-0 user-008-0 user-009-0 user-010-0 user-011-0 user-012-1
798	cmd-0798	2025-10-31T07:49:00+09:00	user-001-0 user-002-0 user-003-1 user-004-0 user-005-0 user-006-0 user-007-0 user-008-0 user-009-0 user-010-0 user-011-0 user-012-1
799	cmd-0799	2025-10-31T08:05:00+09:00	user-001-0 user-002-0 user-003-1 user-004-0 user-005-0 user-006-0 user-007-0 user-008-0 user-009-0 user-010-0 user-011-0 user-012-1
800	cmd-0800	2025-10-31T08:44:00+09:00	user-001-0 user-002-0 user-003-1 user-004-0 user-005-0 user-006-0 user-007-0 user-008-0 user-009-0 user-010-0 user-011-0 user-012-1
801	cmd-0801	2025-10-31T09:07:00+09:00	user-001-0 user-002-0 user-003-1 user-004-0 user-005-0 user-006-0 user-007-0 user-008-0 user-009-0 user-010-0 user-011-0 user-012-1
802	cmd-0802	2025-10-31T11:01:00+09:00	user-001-0 user-002-0 user-003-1 user-004-0 user-005-0 user-006-0 user-007-0 user-008-0 user-009-0 user-010-0 user-011-0 user-012-0
803	cmd-0803	2025-10-31T11:02:00+09:00	user-001-0 user-002-0 user-003-1 user-004-0 user-005-0 user-006-0 user-007-0 user-008-0 user-009-0 user-010-0 user-011-0 user-012-1
804	cmd-0804	2025-10-31T15:10:00+09:00	user-001-0 user-002-0 user-003-1 user-004-0 user-005-0 user-006-0 user-007-0 user-008-0 user-009-0 user-010-0 user-011-0 user-012-0
805	cmd-0805	2025-10-31T15:11:00+09:00	user-001-0 user-002-0 user-003-1 user-004-0 user-005-0 user-006-0 user-007-0 user-008-0 user-009-0 user-010-0 user-011-0 user-012-1
806	cmd-0806	2025-10-31T15:41:00+09:00	user-001-0 user-002-0 user-003-1 user-004-0 user-005-0 user-006-0 user-007-0 user-008-0 user-009-0 user-010-0 user-011-0 user-012-1
807	cmd-0807	2025-10-31T17:53:00+09:00	user-001-0 user-002-0 user-003-1 user-004-0 user-005-0 user-006-0 user-007-0 user-008-0 user-009-0 user-010-0 user-011-0 user-012-1
808	cmd-0808	2025-10-31T18:50:00+09:00	user-001-0 user-002-0 user-003-1 user-004-0 user-005-0 user-006-0 user-007-0 user-008-0 user-009-0 user-010-0 user-011-0 user-012-0
809	cmd-0809	2025-10-31T19:02:00+09:00	user-001-0 user-002-0 user-003-1 user-004-0 user-005-0 user-006-0 user-007-0 user-008-0 user-009-0 user-010-0 user-011-0 user-012-0
810	cmd-0810	2025-10-31T23:10:00+09:00	user-001-0 user-002-0 user-003-1 user-004-0 user-005-0 user-006-0 user-007-0 user-008-0 user-009-0 user-010-0 user-011-0 user-012-0
811	cmd-0811	2025-10-31T23:24:00+09:00	user-001-0 user-002-0 user-003-1 user-004-0 user-005-0 user-006-0 user-007-0 user-008-0 user-009-0 user-010-0 user-011-0 user-012-0
812	cmd-0812	2025-10-31T23:59:00+09:00	user-001-0 user-002-0 user-003-1 user-004-0 user-005-0 user-006-0 user-007-0 user-008-0 user-009-0 user-010-0 user-011-0 user-012-1
813	cmd-0813	2025-11-01T00:57:00+09:00	user-001-0 user-002-0 user-003-1 user-004-0 user-005-0 user-006-0 user-007-0 user-008-0 user-009-0 user-010-0 user-011-0 user-012-1
814	cmd-0814	2025-11-01T02:00:00+09:00	user-001-0 user-002-0 user-003-1 user-004-0 user-005-0 user-006-0 user-007-0 user-008-0 user-009-0 user-010-0 user-011-0 user-012-0
815	cmd-0815	2025-11-01T03:28:00+09:00	user-001-0 user-002-0 user-003-1 user-004-0 user-005-0 user-006-0 user-007-0 user-008-0 user-009-0 user-010-0 user-011-0 user-012-1
816	cmd-0816	2025-11-01T03:41:00+09:00	user-001-0 user-002-0 user-003-1 user-004-0 user-005-0 user-006-0 user-007-0 user-008-0 user-009-0 user-010-0 user-011-0 user-012-0
817	cmd-0817	2025-11-01T03:46:00+09:00	user-001-0 user-002-0 user-003-1 user-004-0 user-005-0 user-006-0 user-007-0 user-008-0 user-009-0 user-010-0 user-011-0 user-012-0
818	cmd-0818	2025-11-01T03:55:00+09:00	user-001-0 user-002-0 user-003-1 user-004-0 user-005-0 user-006-0 user-007-0 user-008-0 user-009-0 user-010-0 user-011-0 user-012-0
819	cmd-0819	2025-11-01T05:44:00+09:00	user-001-0 user-002-0 user-003-1 user-004-0 user-005-0 user-006-0 user-007-0 user-008-0 user-009-0 user-010-0 user-011-0 user-012-1
820	cmd-0820	2025-11-01T07:01:00+09:00	user-001-0 user-002-0 user-003-1 user-004-0 user-005-0 user-006-0 user-007-0 user-008-0 user-009-0 user-010-0 user-011-0 user-012-1
821	cmd-0821	2025-11-01T09:29:00+09:00	user-001-0 user-002-0 user-003-1 user-004-0 user-005-0 user-006-0 user-007-0 user-008-0 user-009-0 user-010-0 user-011-0 user-012-0
822	cmd-0822	2025-11-01T10:05:00+09:00	user-001-0 user-002-0 user-003-1 user-004-0 user-005-0 user-006-0 user-007-0 user-008-0 user-009-0 user-010-0 user-011-0 user-012-0
823	cmd-0823	2025-11-01T14:39:00+09:00	user-001-0 user-002-0 user-003-1 user-004-0 user-005-0 user-006-0 user-007-0 user-008-0 user-009-0 user-010-0 user-011-0 user-012-0
824	cmd-0824	2025-11-01T14:59:00+09:00	user-001-0 user-002-0 user-003-1 user-004-0 user-005-0 user-006-0 user-007-0 user-008-0 user-009-0 user-010-0 user-011-0 user-012-1
825	cmd-0825	2025-11-01T15:37:00+09:00	user-001-0 user-002-0 user-003-1 user-004-0 user-005-0 user-006-0 user-007-0 user-008-0 user-009-0 user-010-0 user-011-0 user-012-1
826	cmd-0826	2025-11-01T16:06:00+09:00	user-001-0 user-002-0 user-003-1 user-004-0 user-005-0 user-006-0 user-007-0 user-008-0 user-009-0 user-010-0 user-011-0 user-012-1
827	cmd-0827	2025-11-01T17:30:00+09:00	user-001-0 user-002-0 user-003-1 user-004-0 user-005-0 user-006-0 user-007-0 user-008-0 user-009-0 user-010-0 user-011-0 user-012-1
828	cmd-0828	2025-11-01T18:53:00+09:00	user-001-0 user-002-0 user-003-1 user-004-0 user-005-0 user-006-0 user-007-0 user-008-0 user-009-0 user-010-0 user-011-0 user-012-0
829	cmd-0829	2025-11-01T19:03:00+09:00	user-001-0 user-002-0 user-003-1 user-004-0 user-005-0 user-006-0 user-007-0 user-008-0 user-009-0 user-010-0 user-011-0 user-012-0
830	cmd-0830	2025-11-01T20:07:00+09:00	user-001-0 user-002-0 user-003-1 user-004-0 user-005-0 user-006-0 user-007-0 user-008-0 user-009-0 user-010-0 user-011-0 user-012-1
831	cmd-0831	2025-11-01T20:27:00+09:00	user-001-0 user-002-0 user-003-1 user-004-0 user-005-0 user-006-0 user-007-0 user-008-0 user-009-0 user-010-0 user-011-0 user-012-1
832	cmd-0832	2025-11-01T21:01:00+09:00	user-001-0 user-002-0 user-003-1 user-004-0 user-005-0 user-006-0 user-007-0 user-008-0 user-009-0 user-010-0 user-011-0 user-012-1
833	cmd-0833	2025-11-01T21:18:00+09:00	user-001-0 user-002-0 user-003-1 user-004-0 user-005-0 user-006-0 user-007-0 user-008-0 user-009-0 user-010-0 user-011-0 user-012-1
834	cmd-0834	2025-11-01T22:36:00+09:00	user-001-0 user-002-0 user-003-1 user-004-0 user-005-0 user-006-0 user-007-0 user-008-0 user-009-0 user-010-0 user-011-0 user-012-0
835	cmd-0835	2025-11-01T22:39:00+09:00	user-001-0 user-002-0 user-003-1 user-004-0 user-005-0 user-006-0 user-007-0 user-008-0 user-009-0 user-010-0 user-011-0 user-012-1
836	cmd-0836	2025-11-01T23:25:00+09:00	user-001-0 user-002-0 user-003-1 user-004-0 user-005-0 user-006-0 user-007-0 user-008-0 user-009-0 user-010-0 user-011-0 user-012-1
837	cmd-0837	2025-11-02T00:45:00+09:00	user-001-0 user-002-0 user-003-1 user-004-0 user-005-0 user-006-0 user-007-0 user-008-0 user-009-0 user-010-0 user-011-0 user-012-1
838	cmd-0838	2025-11-02T02:07:00+09:00	user-001-0 user-002-0 user-003-1 user-004-0 user-005-0 user-006-0 user-007-0 user-008-0 user-009-0 user-010-0 user-011-1 user-012-1
839	cmd-0839	2025-11-02T02:20:00+09:00	user-001-0 user-002-0 user-003-1 user-004-0 user-005-0 user-006-0 user-007-0 user-008-0 user-009-0 user-010-0 user-011-0 user-012-0
840	cmd-0840	2025-11-02T03:12:00+09:00	user-001-0 user-002-0 user-003-1 user-004-0 user-005-0 user-006-0 user-007-0 user-008-0 user-009-0 user-010-0 user-011-0 user-012-1
841	cmd-0841	2025-11-02T03:52:00+09:00	user-001-0 user-002-0 user-003-1 user-004-0 user-005-0 user-006-0 user-007-0 user-008-0 user-009-0 user-010-0 user-011-0 user-012-1
842	cmd-0842	2025-11-02T04:02:00+09:00	user-001-0 user-002-0 user-003-1 user-004-0 user-005-0 user-006-0 user-007-0 user-008-0 user-009-0 user-010-0 user-011-0 user-012-0
843	cmd-0843	2025-11-02T04:30:00+09:00	user-001-0 user-002-0 user-003-1 user-004-0 user-005-0 user-006-0 user-007-0 user-008-0 user-009-0 user-010-0 user-011-0 user-012-1
844	cmd-0844	2025-11-02T04:44:00+09:00	user-001-0 user-002-0 user-003-1 user-004-0 user-005-0 user-006-0 user-007-0 user-008-0 user-009-0 user-010-0 user-011-0 user-012-0
845	cmd-0845	2025-11-02T05:52:00+09:00	user-001-0 user-002-0 user-003-1 user-004-0 user-005-0 user-006-0 user-007-0 user-008-0 user-009-0 user-010-0 user-011-0 user-012-1
846	cmd-0846	2025-11-02T08:00:00+09:00	user-001-0 user-002-0 user-003-1 user-004-0 user-005-0 user-006-0 user-007-0 user-008-0 user-009-0 user-010-0 user-011-0 user-012-1
847	cmd-0847	2025-11-02T10:50:00+09:00	user-001-0 user-002-0 user-003-1 user-004-0 user-005-0 user-006-0 user-007-0 user-008-0 user-009-0 user-010-0 user-011-0 user-012-0
848	cmd-0848	2025-11-02T11:05:00+09:00	user-001-0 user-002-0 user-003-1 user-004-0 user-005-0 user-006-0 user-007-0 user-008-0 user-009-0 user-010-0 user-011-0 user-012-1
849	cmd-0849	2025-11-02T12:08:00+09:00	user-001-0 user-002-0 user-003-1 user-004-0 user-005-0 user-006-0 user-007-0 user-008-0 user-009-0 user-010-0 user-011-0 user-012-0
850	cmd-0850	2025-11-02T12:12:00+09:00	user-001-0 user-002-0 user-003-1 user-004-0 user-005-0 user-006-0 user-007-0 user-008-0 user-009-0 user-010-0 user-011-0 user-012-0
851	cmd-0851	2025-11-02T12:39:00+09:00	user-001-0 user-002-0 user-003-1 user-004-0 user-005-0 user-006-0 user-007-0 user-008-0 user-009-0 user-010-0 user-011-0 user-012-0
852	cmd-0852	2025-11-02T12:56:00+09:00	user-001-0 user-002-0 user-003-1 user-004-0 user-005-0 user-006-0 user-007-0 user-008-0 user-009-0 user-010-0 user-011-0 user-012-1
853	cmd-0853	2025-11-02T13:52:00+09:00	user-001-0 user-002-0 user-003-1 user-004-0 user-005-0 user-006-0 user-007-0 user-008-0 user-009-0 user-010-0 user-011-0 user-012-1
854	cmd-0854	2025-11-02T16:24:00+09:00	user-001-0 user-002-0 user-003-1 user-004-0 user-005-0 user-006-0 user-007-0 user-008-0 user-009-0 user-010-0 user-011-0 user-012-1
855	cmd-0855	2025-11-02T17:38:00+09:00	user-001-0 user-002-0 user-003-1 user-004-0 user-005-0 user-006-0 user-007-0 user-008-0 user-009-0 user-010-0 user-011-0 user-012-1
856	cmd-0856	2025-11-02T18:58:00+09:00	user-001-0 user-002-0 user-003-1 user-004-0 user-005-0 user-006-0 user-007-0 user-008-0 user-009-0 user-010-0 user-011-0 user-012-0
857	cmd-0857	2025-11-02T19:00:00+09:00	user-001-0 user-002-0 user-003-1 user-004-0 user-005-0 user-006-0 user-007-0 user-008-0 user-009-0 user-010-0 user-011-0 user-012-1
858	cmd-0858	2025-11-02T19:09:00+09:00	user-001-0 user-002-0 user-003-1 user-004-0 user-005-0 user-006-0 user-007-0 user-008-0 user-009-0 user-010-0 user-011-0 user-012-1
859	cmd-0859	2025-11-02T19:15:00+09:00	user-001-0 user-002-0 user-003-1 user-004-0 user-005-0 user-006-0 user-007-0 user-008-0 user-009-0 user-010-0 user-011-0 user-012-0
860	cmd-0860	2025-11-02T20:01:00+09:00	user-001-0 user-002-0 user-003-1 user-004-0 user-005-0 user-006-0 user-007-0 user-008-0 user-009-0 user-010-0 user-011-0 user-012-1
861	cmd-0861	2025-11-02T20:17:00+09:00	user-001-0 user-002-0 user-003-1 user-004-0 user-005-0 user-006-0 user-007-0 user-008-0 user-009-0 user-010-0 user-011-0 user-012-1
862	cmd-0862	2025-11-02T22:13:00+09:00	user-001-0 user-002-0 user-003-1 user-004-0 user-005-0 user-006-0 user-007-0 user-008-0 user-009-0 user-010-0 user-011-0 user-012-1
863	cmd-0863	2025-11-03T00:05:00+09:00	user-001-0 user-002-0 user-003-1 user-004-0 user-005-0 user-006-0 user-007-0 user-008-0 user-009-0 user-010-0 user-011-0 user-012-1
864	cmd-0864	2025-11-03T00:13:00+09:00	user-001-0 user-002-0 user-003-1 user-004-0 user-005-0 user-006-0 user-007-0 user-008-0 user-009-0 user-010-0 user-011-0 user-012-1
865	cmd-0865	2025-11-03T01:16:00+09:00	user-001-0 user-002-0 user-003-1 user-004-0 user-005-0 user-006-0 user-007-0 user-008-0 user-009-0 user-010-0 user-011-0 user-012-1
866	cmd-0866	2025-11-03T01:17:00+09:00	user-001-0 user-002-0 user-003-1 user-004-0 user-005-0 user-006-0 user-007-0 user-008-0 user-009-0 user-010-0 user-011-0 user-012-1
867	cmd-0867	2025-11-03T01:22:00+09:00	user-001-0 user-002-0 user-003-1 user-004-0 user-005-0 user-006-0 user-007-0 user-008-0 user-009-0 user-010-0 user-011-0 user-012-1
868	cmd-0868	2025-11-03T03:17:00+09:00	user-001-0 user-002-0 user-003-1 user-004-0 user-005-0 user-006-0 user-007-0 user-008-0 user-009-0 user-010-0 user-011-0 user-012-0
869	cmd-0869	2025-11-03T03:34:00+09:00	user-001-0 user-002-0 user-003-1 user-004-0 user-005-0 user-006-0 user-007-0 user-008-0 user-009-0 user-010-0 user-011-0 user-012-0
870	cmd-0870	2025-11-03T03:46:00+09:00	user-001-0 user-002-0 user-003-1 user-004-0 user-005-0 user-006-0 user-007-0 user-008-0 user-009-0 user-010-0 user-011-0 user-012-0
871	cmd-0871	2025-11-03T05:11:00+09:00	user-001-0 user-002-0 user-003-1 user-004-0 user-005-0 user-006-0 user-007-0 user-008-0 user-009-0 user-010-0 user-011-0 user-012-0
872	cmd-0872	2025-11-03T06:18:00+09:00	user-001-0 user-002-0 user-003-1 user-004-0 user-005-0 user-006-0 user-007-0 user-008-0 user-009-0 user-010-0 user-011-0 user-012-1
873	cmd-0873	2025-11-03T06:50:00+09:00	user-001-0 user-002-0 user-003-1 user-004-0 user-005-0 user-006-0 user-007-0 user-008-0 user-009-0 user-010-0 user-011-0 user-012-1
874	cmd-0874	2025-11-03T07:30:00+09:00	user-001-0 user-002-0 user-003-1 user-004-0 user-005-0 user-006-0 user-007-0 user-008-0 user-009-0 user-010-0 user-011-0 user-012-1
875	cmd-0875	2025-11-03T10:14:00+09:00	user-001-0 user-002-0 user-003-1 user-004-0 user-005-0 user-006-0 user-007-0 user-008-0 user-009-0 user-010-0 user-011-0 user-012-0
876	cmd-0876	2025-11-03T10:19:00+09:00	user-001-0 user-002-0 user-003-1 user-004-0 user-005-0 user-006-0 user-007-0 user-008-0 user-009-0 user-010-0 user-011-0 user-012-1
877	cmd-0877	2025-11-03T13:03:00+09:00	user-001-0 user-002-0 user-003-1 user-004-0 user-005-0 user-006-0 user-007-0 user-008-0 user-009-0 user-010-0 user-011-0 user-012-1
878	cmd-0878	2025-11-03T13:12:00+09:00	user-001-0 user-002-0 user-003-1 user-004-0 user-005-0 user-006-0 user-007-0 user-008-0 user-009-0 user-010-0 user-011-0 user-012-1
879	cmd-0879	2025-11-03T13:13:00+09:00	user-001-0 user-002-0 user-003-1 user-004-0 user-005-0 user-006-0 user-007-0 user-008-0 user-009-0 user-010-0 user-011-0 user-012-0
880	cmd-0880	2025-11-03T13:21:00+09:00	user-001-0 user-002-0 user-003-1 user-004-0 user-005-0 user-006-0 user-007-0 user-008-0 user-009-0 user-010-0 user-011-0 user-012-1
881	cmd-0881	2025-11-03T13:31:00+09:00	user-001-0 user-002-0 user-003-1 user-004-0 user-005-0 user-006-0 user-007-0 user-008-0 user-009-0 user-010-0 user-011-0 user-012-0
882	cmd-0882	2025-11-03T14:45:00+09:00	user-001-0 user-002-0 user-003-1 user-004-0 user-005-0 user-006-0 user-007-0 user-008-0 user-009-0 user-010-0 user-011-0 user-012-1
883	cmd-0883	2025-11-03T14:51:00+09:00	user-001-0 user-002-0 user-003-1 user-004-0 user-005-0 user-006-0 user-007-0 user-008-0 user-009-0 user-010-0 user-011-0 user-012-0
884	cmd-0884	2025-11-03T15:37:00+09:00	user-001-0 user-002-0 user-003-1 user-004-0 user-005-0 user-006-0 user-007-0 user-008-0 user-009-0 user-010-0 user-011-0 user-012-1
885	cmd-0885	2025-11-03T15:46:00+09:00	user-001-0 user-002-0 user-003-1 user-004-0 user-005-0 user-006-0 user-007-0 user-008-0 user-009-0 user-010-0 user-011-0 user-012-1
886	cmd-0886	2025-11-03T16:29:00+09:00	user-001-0 user-002-0 user-003-1 user-004-0 user-005-0 user-006-0 user-007-0 user-008-0 user-009-0 user-010-0 user-011-0 user-012-1
887	cmd-0887	2025-11-03T16:54:00+09:00	user-001-0 user-002-0 user-003-1 user-004-0 user-005-0 user-006-0 user-007-0 user-008-0 user-009-0 user-010-0 user-011-0 user-012-0
888	cmd-0888	2025-11-03T16:58:00+09:00	user-001-0 user-002-0 user-003-1 user-004-0 user-005-0 user-006-0 user-007-0 user-008-0 user-009-0 user-010-0 user-011-0 user-012-1
889	cmd-0889	2025-11-03T17:01:00+09:00	user-001-0 user-002-0 user-003-1 user-004-0 user-005-0 user-006-0 user-007-0 user-008-0 user-009-0 user-010-0 user-011-0 user-012-0
890	cmd-0890	2025-11-03T17:05:00+09:00	user-001-0 user-002-0 user-003-1 user-004-0 user-005-0 user-006-0 user-007-0 user-008-0 user-009-0 user-010-0 user-011-0 user-012-1
891	cmd-0891	2025-11-03T17:08:00+09:00	user-001-0 user-002-0 user-003-1 user-004-0 user-005-0 user-006-0 user-007-0 user-008-0 user-009-0 user-010-0 user-011-0 user-012-1
892	cmd-0892	2025-11-03T17:11:00+09:00	user-001-0 user-002-0 user-003-1 user-004-0 user-005-0 user-006-0 user-007-0 user-008-0 user-009-0 user-010-0 user-011-0 user-012-1
893	cmd-0893	2025-11-03T17:17:00+09:00	user-001-0 user-002-0 user-003-1 user-004-0 user-005-0 user-006-0 user-007-0 user-008-0 user-009-0 user-010-0 user-011-0 user-012-1
894	cmd-0894	2025-11-03T18:14:00+09:00	user-001-0 user-002-0 user-003-1 user-004-0 user-005-0 user-006-0 user-007-0 user-008-0 user-009-0 user-010-0 user-011-0 user-012-1
895	cmd-0895	2025-11-03T18:27:00+09:00	user-001-0 user-002-0 user-003-1 user-004-0 user-005-0 user-006-0 user-007-0 user-008-0 user-009-0 user-010-0 user-011-0 user-012-0
896	cmd-0896	2025-11-03T18:31:00+09:00	user-001-0 user-002-0 user-003-1 user-004-0 user-005-0 user-006-0 user-007-0 user-008-0 user-009-0 user-010-0 user-011-0 user-012-0
897	cmd-0897	2025-11-03T23:48:00+09:00	user-001-0 user-002-0 user-003-1 user-004-0 user-005-0 user-006-0 user-007-0 user-008-0 user-009-0 user-010-0 user-011-0 user-012-1
898	cmd-0898	2025-11-04T00:06:00+09:00	user-001-0 user-002-0 user-003-1 user-004-0 user-005-0 user-006-0 user-007-0 user-008-0 user-009-0 user-010-0 user-011-0 user-012-1
899	cmd-0899	2025-11-04T01:31:00+09:00	user-001-0 user-002-0 user-003-1 user-004-0 user-005-0 user-006-0 user-007-0 user-008-0 user-009-0 user-010-0 user-011-0 user-012-1
900	cmd-0900	2025-11-04T02:10:00+09:00	user-001-0 user-002-0 user-003-1 user-004-0 user-005-0 user-006-0 user-007-0 user-008-0 user-009-0 user-010-0 user-011-0 user-012-0
901	cmd-0901	2025-11-04T03:16:00+09:00	user-001-0 user-002-0 user-003-1 user-004-0 user-005-0 user-006-0 user-007-0 user-008-0 user-009-0 user-010-0 user-011-0 user-012-0
902	cmd-0902	2025-11-04T03:44:00+09:00	user-001-0 user-002-0 user-003-1 user-004-0 user-005-0 user-006-0 user-007-0 user-008-0 user-009-0 user-010-0 user-011-0 user-012-0
903	cmd-0903	2025-11-04T04:10:00+09:00	user-001-0 user-002-0 user-003-1 user-004-0 user-005-0 user-006-0 user-007-0 user-008-0 user-009-0 user-010-0 user-011-0 user-012-0
904	cmd-0904	2025-11-04T04:37:00+09:00	user-001-0 user-002-0 user-003-1 user-004-0 user-005-0 user-006-0 user-007-0 user-008-0 user-009-0 user-010-0 user-011-0 user-012-0
905	cmd-0905	2025-11-04T05:43:00+09:00	user-001-0 user-002-0 user-003-1 user-004-0 user-005-0 user-006-0 user-007-0 user-008-0 user-009-0 user-010-0 user-011-0 user-012-1
906	cmd-0906	2025-11-04T06:06:00+09:00	user-001-0 user-002-0 user-003-1 user-004-0 user-005-0 user-006-0 user-007-0 user-008-0 user-009-0 user-010-0 user-011-0 user-012-1
907	cmd-0907	2025-11-04T06:13:00+09:00	user-001-0 user-002-0 user-003-1 user-004-0 user-005-0 user-006-0 user-007-0 user-008-0 user-009-0 user-010-0 user-011-0 user-012-1
908	cmd-0908	2025-11-04T07:26:00+09:00	user-001-0 user-002-0 user-003-1 user-004-0 user-005-0 user-006-0 user-007-0 user-008-0 user-009-0 user-010-0 user-011-0 user-012-1
909	cmd-0909	2025-11-04T08:42:00+09:00	user-001-0 user-002-0 user-003-1 user-004-0 user-005-0 user-006-0 user-007-0 user-008-0 user-009-0 user-010-0 user-011-0 user-012-1
910	cmd-0910	2025-11-04T08:51:00+09:00	user-001-0 user-002-0 user-003-1 user-004-0 user-005-0 user-006-0 user-007-0 user-008-0 user-009-0 user-010-0 user-011-0 user-012-1
911	cmd-0911	2025-11-04T09:19:00+09:00	user-001-0 user-002-0 user-003-1 user-004-0 user-005-0 user-006-0 user-007-0 user-008-0 user-009-0 user-010-0 user-011-0 user-012-1
912	cmd-0912	2025-11-04T11:49:00+09:00	user-001-0 user-002-0 user-003-1 user-004-0 user-005-0 user-006-0 user-007-0 user-008-0 user-009-0 user-010-0 user-011-0 user-012-0
913	cmd-0913	2025-11-04T12:14:00+09:00	user-001-0 user-002-0 user-003-1 user-004-0 user-005-0 user-006-0 user-007-0 user-008-0 user-009-0 user-010-0 user-011-1 user-012-1
914	cmd-0914	2025-11-04T12:22:00+09:00	user-001-0 user-002-0 user-003-1 user-004-0 user-005-0 user-006-0 user-007-0 user-008-0 user-009-0 user-010-0 user-011-0 user-012-1
915	cmd-0915	2025-11-04T12:40:00+09:00	user-001-0 user-002-0 user-003-1 user-004-0 user-005-0 user-006-0 user-007-0 user-008-0 user-009-0 user-010-0 user-011-0 user-012-1
916	cmd-0916	2025-11-04T13:06:00+09:00	user-001-0 user-002-0 user-003-1 user-004-0 user-005-0 user-006-0 user-007-0 user-008-0 user-009-0 user-010-0 user-011-0 user-012-0
917	cmd-0917	2025-11-04T13:45:00+09:00	user-001-0 user-002-0 user-003-1 user-004-0 user-005-0 user-006-0 user-007-0 user-008-0 user-009-0 user-010-0 user-011-0 user-012-0
918	cmd-0918	2025-11-04T13:49:00+09:00	user-001-0 user-002-0 user-003-1 user-004-0 user-005-0 user-006-0 user-007-0 user-008-0 user-009-0 user-010-0 user-011-0 user-012-0
919	cmd-0919	2025-11-04T15:09:00+09:00	user-001-0 user-002-0 user-003-1 user-004-0 user-005-0 user-006-0 user-007-0 user-008-0 user-009-0 user-010-0 user-011-0 user-012-1
920	cmd-0920	2025-11-04T17:26:00+09:00	user-001-0 user-002-0 user-003-1 user-004-0 user-005-0 user-006-0 user-007-0 user-008-0 user-009-0 user-010-0 user-011-0 user-012-0
921	cmd-0921	2025-11-04T18:24:00+09:00	user-001-0 user-002-0 user-003-1 user-004-0 user-005-0 user-006-0 user-007-0 user-008-0 user-009-0 user-010-0 user-011-0 user-012-1
922	cmd-0922	2025-11-04T18:46:00+09:00	user-001-0 user-002-0 user-003-1 user-004-0 user-005-0 user-006-0 user-007-0 user-008-0 user-009-0 user-010-0 user-011-0 user-012-0
923	cmd-0923	2025-11-04T19:33:00+09:00	user-001-0 user-002-0 user-003-1 user-004-0 user-005-0 user-006-0 user-007-0 user-008-0 user-009-0 user-010-0 user-011-0 user-012-1
924	cmd-0924	2025-11-04T19:42:00+09:00	user-001-0 user-002-0 user-003-1 user-004-0 user-005-0 user-006-0 user-007-0 user-008-0 user-009-0 user-010-0 user-011-0 user-012-1
925	cmd-0925	2025-11-04T19:52:00+09:00	user-001-0 user-002-0 user-003-1 user-004-0 user-005-0 user-006-0 user-007-0 user-008-0 user-009-0 user-010-0 user-011-0 user-012-0
926	cmd-0926	2025-11-04T21:27:00+09:00	user-001-0 user-002-0 user-003-1 user-004-0 user-005-0 user-006-0 user-007-0 user-008-0 user-009-0 user-010-0 user-011-0 user-012-0
927	cmd-0927	2025-11-04T21:43:00+09:00	user-001-0 user-002-0 user-003-1 user-004-0 user-005-0 user-006-0 user-007-0 user-008-0 user-009-0 user-010-0 user-011-0 user-012-1
928	cmd-0928	2025-11-04T21:46:00+09:00	user-001-0 user-002-0 user-003-1 user-004-0 user-005-0 user-006-0 user-007-0 user-008-0 user-009-0 user-010-0 user-011-0 user-012-0
929	cmd-0929	2025-11-04T22:26:00+09:00	user-001-0 user-002-0 user-003-1 user-004-0 user-005-0 user-006-0 user-007-0 user-008-0 user-009-0 user-010-0 user-011-0 user-012-1
930	cmd-0930	2025-11-04T22:48:00+09:00	user-001-0 user-002-0 user-003-1 user-004-0 user-005-0 user-006-0 user-007-0 user-008-0 user-009-0 user-010-0 user-011-0 user-012-1
931	cmd-0931	2025-11-04T23:21:00+09:00	user-001-0 user-002-0 user-003-1 user-004-0 user-005-0 user-006-0 user-007-0 user-008-0 user-009-0 user-010-0 user-011-0 user-012-1
932	cmd-0932	2025-11-05T00:15:00+09:00	user-001-0 user-002-0 user-003-1 user-004-0 user-005-0 user-006-0 user-007-0 user-008-0 user-009-0 user-010-0 user-011-0 user-012-1
933	cmd-0933	2025-11-05T00:32:00+09:00	user-001-0 user-002-0 user-003-1 user-004-0 user-005-0 user-006-0 user-007-0 user-008-0 user-009-0 user-010-0 user-011-0 user-012-1
934	cmd-0934	2025-11-05T00:32:00+09:00	user-001-0 user-002-0 user-003-1 user-004-0 user-005-0 user-006-0 user-007-0 user-008-0 user-009-0 user-010-0 user-011-0 user-012-0
935	cmd-0935	2025-11-05T01:14:00+09:00	user-001-0 user-002-0 user-003-1 user-004-0 user-005-0 user-006-0 user-007-0 user-008-0 user-009-0 user-010-0 user-011-0 user-012-1
936	cmd-0936	2025-11-05T02:02:00+09:00	user-001-0 user-002-0 user-003-1 user-004-0 user-005-0 user-006-0 user-007-0 user-008-0 user-009-0 user-010-0 user-011-0 user-012-1
937	cmd-0937	2025-11-05T06:03:00+09:00	user-001-0 user-002-0 user-003-1 user-004-0 user-005-0 user-006-0 user-007-0 user-008-0 user-009-0 user-010-0 user-011-0 user-012-1
938	cmd-0938	2025-11-05T06:18:00+09:00	user-001-0 user-002-0 user-003-1 user-004-0 user-005-0 user-006-0 user-007-0 user-008-0 user-009-0 user-010-0 user-011-0 user-012-1
939	cmd-0939	2025-11-05T08:05:00+09:00	user-001-0 user-002-0 user-003-1 user-004-0 user-005-0 user-006-0 user-007-0 user-008-0 user-009-0 user-010-0 user-011-0 user-012-1
940	cmd-0940	2025-11-05T08:16:00+09:00	user-001-0 user-002-0 user-003-1 user-004-0 user-005-0 user-006-0 user-007-0 user-008-0 user-009-0 user-010-0 user-011-0 user-012-0
941	cmd-0941	2025-11-05T08:19:00+09:00	user-001-0 user-002-0 user-003-1 user-004-0 user-005-0 user-006-0 user-007-0 user-008-0 user-009-0 user-010-0 user-011-0 user-012-0
942	cmd-0942	2025-11-05T10:20:00+09:00	user-001-0 user-002-0 user-003-1 user-004-0 user-005-0 user-006-0 user-007-0 user-008-0 user-009-0 user-010-0 user-011-0 user-012-0
943	cmd-0943	2025-11-05T11:33:00+09:00	user-001-0 user-002-0 user-003-1 user-004-0 user-005-0 user-006-0 user-007-0 user-008-0 user-009-0 user-010-0 user-011-0 user-012-0
944	cmd-0944	2025-11-05T11:43:00+09:00	user-001-0 user-002-0 user-003-1 user-004-0 user-005-0 user-006-0 user-007-0 user-008-0 user-009-0 user-010-0 user-011-1 user-012-1
945	cmd-0945	2025-11-05T13:33:00+09:00	user-001-0 user-002-0 user-003-1 user-004-0 user-005-0 user-006-0 user-007-0 user-008-0 user-009-0 user-010-0 user-011-0 user-012-1
946	cmd-0946	2025-11-05T14:04:00+09:00	user-001-0 user-002-0 user-003-1 user-004-0 user-005-0 user-006-0 user-007-0 user-008-0 user-009-0 user-010-0 user-011-0 user-012-0
947	cmd-0947	2025-11-05T14:21:00+09:00	user-001-0 user-002-0 user-003-1 user-004-0 user-005-0 user-006-0 user-007-0 user-008-0 user-009-0 user-010-0 user-011-0 user-012-1
948	cmd-0948	2025-11-05T15:09:00+09:00	user-001-0 user-002-0 user-003-1 user-004-0 user-005-0 user-006-0 user-007-0 user-008-0 user-009-0 user-010-0 user-011-0 user-012-1
949	cmd-0949	2025-11-05T15:30:00+09:00	user-001-0 user-002-0 user-003-1 user-004-0 user-005-0 user-006-0 user-007-0 user-008-0 user-009-0 user-010-0 user-011-0 user-012-1
950	cmd-0950	2025-11-05T16:07:00+09:00	user-001-0 user-002-0 user-003-1 user-004-0 user-005-0 user-006-0 user-007-0 user-008-0 user-009-0 user-010-0 user-011-0 user-012-0
951	cmd-0951	2025-11-05T16:08:00+09:00	user-001-0 user-002-0 user-003-1 user-004-0 user-005-0 user-006-0 user-007-0 user-008-0 user-009-0 user-010-0 user-011-0 user-012-1
952	cmd-0952	2025-11-05T16:42:00+09:00	user-001-0 user-002-0 user-003-1 user-004-0 user-005-0 user-006-0 user-007-0 user-008-0 user-009-0 user-010-0 user-011-0 user-012-1
953	cmd-0953	2025-11-05T17:04:00+09:00	user-001-0 user-002-0 user-003-1 user-004-0 user-005-0 user-006-0 user-007-0 user-008-0 user-009-0 user-010-0 user-011-0 user-012-1
954	cmd-0954	2025-11-05T17:47:00+09:00	user-001-0 user-002-0 user-003-1 user-004-0 user-005-0 user-006-0 user-007-0 user-008-0 user-009-0 user-010-0 user-011-0 user-012-1
955	cmd-0955	2025-11-05T18:20:00+09:00	user-001-0 user-002-0 user-003-1 user-004-0 user-005-0 user-006-0 user-007-0 user-008-0 user-009-0 user-010-0 user-011-0 user-012-1
956	cmd-0956	2025-11-05T18:26:00+09:00	user-001-0 user-002-0 user-003-1 user-004-0 user-005-0 user-006-0 user-007-0 user-008-0 user-009-0 user-010-0 user-011-0 user-012-1
957	cmd-0957	2025-11-05T18:33:00+09:00	user-001-0 user-002-0 user-003-1 user-004-0 user-005-0 user-006-0 user-007-0 user-008-0 user-009-0 user-010-0 user-011-0 user-012-0
958	cmd-0958	2025-11-05T19:13:00+09:00	user-001-0 user-002-0 user-003-1 user-004-0 user-005-0 user-006-0 user-007-0 user-008-0 user-009-0 user-010-0 user-011-0 user-012-1
959	cmd-0959	2025-11-05T20:48:00+09:00	user-001-0 user-002-0 user-003-1 user-004-0 user-005-0 user-006-0 user-007-0 user-008-0 user-009-0 user-010-0 user-011-0 user-012-1
960	cmd-0960	2025-11-05T21:51:00+09:00	user-001-0 user-002-0 user-003-1 user-004-0 user-005-0 user-006-0 user-007-0 user-008-0 user-009-0 user-010-0 user-011-0 user-012-0
961	cmd-0961	2025-11-05T22:45:00+09:00	user-001-0 user-002-0 user-003-1 user-004-0 user-005-0 user-006-0 user-007-0 user-008-0 user-009-0 user-010-0 user-011-0 user-012-0
962	cmd-0962	2025-11-05T23:23:00+09:00	user-001-0 user-002-0 user-003-1 user-004-0 user-005-0 user-006-0 user-007-0 user-008-0 user-009-0 user-010-0 user-011-0 user-012-1
963	cmd-0963	2025-11-05T23:59:00+09:00	user-001-0 user-002-0 user-003-1 user-004-0 user-005-0 user-006-0 user-007-0 user-008-0 user-009-0 user-010-0 user-011-0 user-012-0
964	cmd-0964	2025-11-06T01:04:00+09:00	user-001-0 user-002-0 user-003-1 user-004-0 user-005-0 user-006-0 user-007-0 user-008-0 user-009-0 user-010-0 user-011-0 user-012-1
965	cmd-0965	2025-11-06T01:51:00+09:00	user-001-0 user-002-0 user-003-1 user-004-0 user-005-0 user-006-0 user-007-0 user-008-0 user-009-0 user-010-0 user-011-0 user-012-1
966	cmd-0966	2025-11-06T04:55:00+09:00	user-001-0 user-002-0 user-003-1 user-004-0 user-005-0 user-006-0 user-007-0 user-008-0 user-009-0 user-010-0 user-011-0 user-012-1
967	cmd-0967	2025-11-06T09:34:00+09:00	user-001-0 user-002-0 user-003-1 user-004-0 user-005-0 user-006-0 user-007-0 user-008-0 user-009-0 user-010-0 user-011-0 user-012-1
968	cmd-0968	2025-11-06T10:21:00+09:00	user-001-0 user-002-0 user-003-1 user-004-0 user-005-0 user-006-0 user-007-0 user-008-0 user-009-0 user-010-0 user-011-0 user-012-1
969	cmd-0969	2025-11-06T11:28:00+09:00	user-001-0 user-002-0 user-003-1 user-004-0 user-005-0 user-006-0 user-007-0 user-008-0 user-009-0 user-010-0 user-011-0 user-012-1
970	cmd-0970	2025-11-06T12:03:00+09:00	user-001-0 user-002-0 user-003-1 user-004-0 user-005-0 user-006-0 user-007-0 user-008-0 user-009-0 user-010-0 user-011-0 user-012-1
971	cmd-0971	2025-11-06T12:58:00+09:00	user-001-0 user-002-0 user-003-1 user-004-0 user-005-0 user-006-0 user-007-0 user-008-0 user-009-0 user-010-0 user-011-0 user-012-1
972	cmd-0972	2025-11-06T13:48:00+09:00	user-001-0 user-002-0 user-003-1 user-004-0 user-005-0 user-006-0 user-007-0 user-008-0 user-009-0 user-010-0 user-011-0 user-012-1
973	cmd-0973	2025-11-06T14:52:00+09:00	user-001-0 user-002-0 user-003-1 user-004-0 user-005-0 user-006-0 user-007-0 user-008-0 user-009-0 user-010-0 user-011-0 user-012-0
974	cmd-0974	2025-11-06T15:59:00+09:00	user-001-0 user-002-0 user-003-1 user-004-0 user-005-0 user-006-0 user-007-0 user-008-0 user-009-0 user-010-0 user-011-0 user-012-0
975	cmd-0975	2025-11-06T16:06:00+09:00	user-001-0 user-002-0 user-003-1 user-004-0 user-005-0 user-006-0 user-007-0 user-008-0 user-009-0 user-010-0 user-011-0 user-012-1
976	cmd-0976	2025-11-06T16:43:00+09:00	user-001-0 user-002-0 user-003-1 user-004-0 user-005-0 user-006-0 user-007-0 user-008-0 user-009-0 user-010-0 user-011-0 user-012-1
977	cmd-0977	2025-11-06T16:49:00+09:00	user-001-0 user-002-0 user-003-1 user-004-0 user-005-0 user-006-0 user-007-0 user-008-0 user-009-0 user-010-0 user-011-0 user-012-1
978	cmd-0978	2025-11-06T17:08:00+09:00	user-001-0 user-002-0 user-003-1 user-004-0 user-005-0 user-006-0 user-007-0 user-008-0 user-009-0 user-010-0 user-011-0 user-012-1
979	cmd-0979	2025-11-06T17:30:00+09:00	user-001-0 user-002-0 user-003-1 user-004-0 user-005-0 user-006-0 user-007-0 user-008-0 user-009-0 user-010-0 user-011-0 user-012-1
980	cmd-0980	2025-11-06T18:31:00+09:00	user-001-0 user-002-0 user-003-1 user-004-0 user-005-0 user-006-0 user-007-0 user-008-0 user-009-0 user-010-0 user-011-0 user-012-1
981	cmd-0981	2025-11-06T20:13:00+09:00	user-001-0 user-002-0 user-003-1 user-004-0 user-005-0 user-006-0 user-007-0 user-008-0 user-009-0 user-010-0 user-011-0 user-012-0
982	cmd-0982	2025-11-06T20:36:00+09:00	user-001-0 user-002-0 user-003-1 user-004-0 user-005-0 user-006-0 user-007-0 user-008-0 user-009-0 user-010-0 user-011-0 user-012-1
983	cmd-0983	2025-11-07T00:06:00+09:00	user-001-0 user-002-0 user-003-1 user-004-0 user-005-0 user-006-0 user-007-0 user-008-0 user-009-0 user-010-0 user-011-0 user-012-1
984	cmd-0984	2025-11-07T01:26:00+09:00	user-001-0 user-002-0 user-003-1 user-004-0 user-005-0 user-006-0 user-007-0 user-008-0 user-009-0 user-010-0 user-011-0 user-012-0
985	cmd-0985	2025-11-07T07:02:00+09:00	user-001-0 user-002-0 user-003-1 user-004-0 user-005-0 user-006-0 user-007-0 user-008-0 user-009-0 user-010-0 user-011-0 user-012-1
986	cmd-0986	2025-11-07T08:23:00+09:00	user-001-0 user-002-0 user-003-1 user-004-0 user-005-0 user-006-0 user-007-0 user-008-0 user-009-0 user-010-0 user-011-0 user-012-0
987	cmd-0987	2025-11-07T08:58:00+09:00	user-001-0 user-002-0 user-003-1 user-004-0 user-005-0 user-006-0 user-007-0 user-008-0 user-009-0 user-010-0 user-011-0 user-012-1
988	cmd-0988	2025-11-07T09:21:00+09:00	user-001-0 user-002-0 user-003-1 user-004-0 user-005-0 user-006-0 user-007-0 user-008-0 user-009-0 user-010-0 user-011-0 user-012-0
989	cmd-0989	2025-11-07T09:42:00+09:00	user-001-0 user-002-0 user-003-1 user-004-0 user-005-0 user-006-0 user-007-0 user-008-0 user-009-0 user-010-0 user-011-0 user-012-1
990	cmd-0990	2025-11-07T10:49:00+09:00	user-001-0 user-002-0 user-003-1 user-004-0 user-005-0 user-006-0 user-007-0 user-008-0 user-009-0 user-010-0 user-011-0 user-012-1
991	cmd-0991	2025-11-07T14:51:00+09:00	user-001-0 user-002-0 user-003-1 user-004-0 user-005-0 user-006-0 user-007-0 user-008-0 user-009-0 user-010-0 user-011-0 user-012-1
992	cmd-0992	2025-11-07T15:41:00+09:00	user-001-0 user-002-0 user-003-1 user-004-0 user-005-0 user-006-0 user-007-0 user-008-0 user-009-0 user-010-0 user-011-0 user-012-1
993	cmd-0993	2025-11-07T19:05:00+09:00	user-001-0 user-002-0 user-003-1 user-004-0 user-005-0 user-006-0 user-007-0 user-008-0 user-009-0 user-010-0 user-011-0 user-012-1
994	cmd-0994	2025-11-07T19:48:00+09:00	user-001-0 user-002-0 user-003-1 user-004-0 user-005-0 user-006-0 user-007-0 user-008-0 user-009-0 user-010-0 user-011-0 user-012-1
995	cmd-0995	2025-11-07T22:47:00+09:00	user-001-0 user-002-0 user-003-1 user-004-0 user-005-0 user-006-0 user-007-0 user-008-0 user-009-0 user-010-0 user-011-0 user-012-1
996	cmd-0996	2025-11-07T23:39:00+09:00	user-001-0 user-002-0 user-003-1 user-004-0 user-005-0 user-006-0 user-007-0 user-008-0 user-009-0 user-010-0 user-011-0 user-012-1
997	cmd-0997	2025-11-08T00:47:00+09:00	user-001-0 user-002-0 user-003-1 user-004-0 user-005-0 user-006-0 user-007-0 user-008-0 user-009-0 user-010-0 user-011-0 user-012-1
998	cmd-0998	2025-11-08T01:23:00+09:00	user-001-0 user-002-0 user-003-1 user-004-0 user-005-0 user-006-0 user-007-0 user-008-0 user-009-0 user-010-0 user-011-0 user-012-1
999	cmd-0999	2025-11-08T02:21:00+09:00	user-001-0 user-002-0 user-003-1 user-004-0 user-005-0 user-006-0 user-007-0 user-008-0 user-009-0 user-010-0 user-011-0 user-012-0
1000	cmd-1000	2025-11-08T04:19:00+09:00	user-001-0 user-002-0 user-003-1 user-004-0 user-005-0 user-006-0 user-007-0 user-008-0 user-009-0 user-010-0 user-011-0 user-012-0
1001	cmd-1001	2025-11-08T05:21:00+09:00	user-001-0 user-002-0 user-003-1 user-004-0 user-005-0 user-006-0 user-007-0 user-008-0 user-009-0 user-010-0 user-011-0 user-012-1
1002	cmd-1002	2025-11-08T05:53:00+09:00	user-001-0 user-002-0 user-003-1 user-004-0 user-005-0 user-006-0 user-007-0 user-008-0 user-009-0 user-010-0 user-011-0 user-012-0
1003	cmd-1003	2025-11-08T07:54:00+09:00	user-001-0 user-002-0 user-003-1 user-004-0 user-005-0 user-006-0 user-007-0 user-008-0 user-009-0 user-010-0 user-011-0 user-012-1
1004	cmd-1004	2025-11-08T08:13:00+09:00	user-001-0 user-002-0 user-003-1 user-004-0 user-005-0 user-006-0 user-007-0 user-008-0 user-009-0 user-010-0 user-011-0 user-012-1
1005	cmd-1005	2025-11-08T08:29:00+09:00	user-001-0 user-002-0 user-003-1 user-004-0 user-005-0 user-006-0 user-007-0 user-008-0 user-009-0 user-010-0 user-011-0 user-012-1
1006	cmd-1006	2025-11-08T09:57:00+09:00	user-001-0 user-002-0 user-003-1 user-004-0 user-005-0 user-006-0 user-007-0 user-008-0 user-009-0 user-010-0 user-011-0 user-012-1
1007	cmd-1007	2025-11-08T10:34:00+09:00	user-001-0 user-002-0 user-003-1 user-004-0 user-005-0 user-006-0 user-007-0 user-008-0 user-009-0 user-010-0 user-011-0 user-012-0
1008	cmd-1008	2025-11-08T14:57:00+09:00	user-001-0 user-002-0 user-003-1 user-004-0 user-005-0 user-006-0 user-007-0 user-008-0 user-009-0 user-010-0 user-011-0 user-012-1
1009	cmd-1009	2025-11-08T16:44:00+09:00	user-001-0 user-002-0 user-003-1 user-004-0 user-005-0 user-006-0 user-007-0 user-008-0 user-009-0 user-010-0 user-011-0 user-012-1
1010	cmd-1010	2025-11-08T18:16:00+09:00	user-001-0 user-002-0 user-003-1 user-004-0 user-005-0 user-006-0 user-007-0 user-008-0 user-009-0 user-010-0 user-011-0 user-012-1
1011	cmd-1011	2025-11-08T19:27:00+09:00	user-001-0 user-002-0 user-003-1 user-004-0 user-005-0 user-006-0 user-007-0 user-008-0 user-009-0 user-010-0 user-011-0 user-012-1
1012	cmd-1012	2025-11-08T19:54:00+09:00	user-001-0 user-002-0 user-003-1 user-004-0 user-005-0 user-006-0 user-007-0 user-008-0 user-009-0 user-010-0 user-011-0 user-012-1
1013	cmd-1013	2025-11-08T20:30:00+09:00	user-001-0 user-002-0 user-003-1 user-004-0 user-005-0 user-006-0 user-007-0 user-008-0 user-009-0 user-010-0 user-011-0 user-012-0
1014	cmd-1014	2025-11-08T20:30:00+09:00	user-001-0 user-002-0 user-003-1 user-004-0 user-005-0 user-006-0 user-007-0 user-008-0 user-009-0 user-010-0 user-011-0 user-012-0
1015	cmd-1015	2025-11-08T20:50:00+09:00	user-001-0 user-002-0 user-003-1 user-004-0 user-005-0 user-006-0 user-007-0 user-008-0 user-009-0 user-010-0 user-011-0 user-012-1
1016	cmd-1016	2025-11-08T21:59:00+09:00	user-001-0 user-002-0 user-003-1 user-004-0 user-005-0 user-006-0 user-007-0 user-008-0 user-009-0 user-010-0 user-011-0 user-012-1
1017	cmd-1017	2025-11-09T01:13:00+09:00	user-001-0 user-002-0 user-003-1 user-004-0 user-005-0 user-006-0 user-007-0 user-008-0 user-009-0 user-010-0 user-011-0 user-012-1
1018	cmd-1018	2025-11-09T01:51:00+09:00	user-001-0 user-002-0 user-003-1 user-004-0 user-005-0 user-006-0 user-007-0 user-008-0 user-009-0 user-010-0 user-011-0 user-012-0
1019	cmd-1019	2025-11-09T02:04:00+09:00	user-001-0 user-002-0 user-003-1 user-004-0 user-005-0 user-006-0 user-007-0 user-008-0 user-009-0 user-010-0 user-011-0 user-012-1
1020	cmd-1020	2025-11-09T02:13:00+09:00	user-001-0 user-002-0 user-003-1 user-004-0 user-005-0 user-006-0 user-007-0 user-008-0 user-009-0 user-010-0 user-011-0 user-012-1
1021	cmd-1021	2025-11-09T03:29:00+09:00	user-001-0 user-002-0 user-003-1 user-004-0 user-005-0 user-006-0 user-007-0 user-008-0 user-009-0 user-010-0 user-011-0 user-012-1
1022	cmd-1022	2025-11-09T03:31:00+09:00	user-001-0 user-002-0 user-003-1 user-004-0 user-005-0 user-006-0 user-007-0 user-008-0 user-009-0 user-010-0 user-011-0 user-012-1
1023	cmd-1023	2025-11-09T04:23:00+09:00	user-001-0 user-002-0 user-003-1 user-004-0 user-005-0 user-006-0 user-007-0 user-008-0 user-009-0 user-010-0 user-011-0 user-012-1
1024	cmd-1024	2025-11-09T06:38:00+09:00	user-001-0 user-002-0 user-003-1 user-004-0 user-005-0 user-006-0 user-007-0 user-008-0 user-009-0 user-010-0 user-011-0 user-012-1
1025	cmd-1025	2025-11-09T07:14:00+09:00	user-001-0 user-002-0 user-003-1 user-004-0 user-005-0 user-006-0 user-007-0 user-008-0 user-009-0 user-010-0 user-011-0 user-012-1
1026	cmd-1026	2025-11-09T08:22:00+09:00	user-001-0 user-002-0 user-003-1 user-004-0 user-005-0 user-006-0 user-007-0 user-008-0 user-009-0 user-010-0 user-011-0 user-012-1
1027	cmd-1027	2025-11-09T08:28:00+09:00	user-001-0 user-002-0 user-003-1 user-004-0 user-005-0 user-006-0 user-007-0 user-008-0 user-009-0 user-010-0 user-011-0 user-012-1
1028	cmd-1028	2025-11-09T08:47:00+09:00	user-001-0 user-002-0 user-003-1 user-004-0 user-005-0 user-006-0 user-007-0 user-008-0 user-009-0 user-010-0 user-011-0 user-012-0
1029	cmd-1029	2025-11-09T08:55:00+09:00	user-001-0 user-002-0 user-003-1 user-004-0 user-005-0 user-006-0 user-007-0 user-008-0 user-009-0 user-010-0 user-011-0 user-012-1
1030	cmd-1030	2025-11-09T10:46:00+09:00	user-001-0 user-002-0 user-003-1 user-004-0 user-005-0 user-006-0 user-007-0 user-008-0 user-009-0 user-010-0 user-011-0 user-012-0
1031	cmd-1031	2025-11-09T12:06:00+09:00	user-001-0 user-002-0 user-003-1 user-004-0 user-005-0 user-006-0 user-007-0 user-008-0 user-009-0 user-010-0 user-011-0 user-012-0
1032	cmd-1032	2025-11-09T13:06:00+09:00	user-001-0 user-002-0 user-003-1 user-004-0 user-005-0 user-006-0 user-007-0 user-008-0 user-009-0 user-010-0 user-011-0 user-012-1
1033	cmd-1033	2025-11-09T13:13:00+09:00	user-001-0 user-002-0 user-003-1 user-004-0 user-005-0 user-006-0 user-007-0 user-008-0 user-009-0 user-010-0 user-011-0 user-012-0
1034	cmd-1034	2025-11-09T13:41:00+09:00	user-001-0 user-002-0 user-003-1 user-004-0 user-005-0 user-006-0 user-007-0 user-008-0 user-009-0 user-010-0 user-011-0 user-012-1
1035	cmd-1035	2025-11-09T14:32:00+09:00	user-001-0 user-002-0 user-003-1 user-004-0 user-005-0 user-006-0 user-007-0 user-008-0 user-009-0 user-010-0 user-011-0 user-012-1
1036	cmd-1036	2025-11-09T15:14:00+09:00	user-001-0 user-002-0 user-003-1 user-004-0 user-005-0 user-006-0 user-007-0 user-008-0 user-009-0 user-010-0 user-011-1 user-012-1
1037	cmd-1037	2025-11-09T15:49:00+09:00	user-001-0 user-002-0 user-003-1 user-004-0 user-005-0 user-006-0 user-007-0 user-008-0 user-009-0 user-010-0 user-011-0 user-012-1
1038	cmd-1038	2025-11-09T17:49:00+09:00	user-001-0 user-002-0 user-003-1 user-004-0 user-005-0 user-006-0 user-007-0 user-008-0 user-009-0 user-010-0 user-011-0 user-012-1
1039	cmd-1039	2025-11-09T18:27:00+09:00	user-001-0 user-002-0 user-003-1 user-004-0 user-005-0 user-006-0 user-007-0 user-008-0 user-009-0 user-010-0 user-011-0 user-012-1
1040	cmd-1040	2025-11-09T20:30:00+09:00	user-001-0 user-002-0 user-003-1 user-004-0 user-005-0 user-006-0 user-007-0 user-008-0 user-009-0 user-010-0 user-011-0 user-012-0
1041	cmd-1041	2025-11-09T22:57:00+09:00	user-001-0 user-002-0 user-003-1 user-004-0 user-005-0 user-006-0 user-007-0 user-008-0 user-009-0 user-010-0 user-011-0 user-012-0
1042	cmd-1042	2025-11-10T00:31:00+09:00	user-001-0 user-002-0 user-003-1 user-004-0 user-005-0 user-006-0 user-007-0 user-008-0 user-009-0 user-010-0 user-011-0 user-012-1
1043	cmd-1043	2025-11-10T01:21:00+09:00	user-001-0 user-002-0 user-003-1 user-004-0 user-005-0 user-006-0 user-007-0 user-008-0 user-009-0 user-010-0 user-011-0 user-012-1
1044	cmd-1044	2025-11-10T01:38:00+09:00	user-001-0 user-002-0 user-003-1 user-004-0 user-005-0 user-006-0 user-007-0 user-008-0 user-009-0 user-010-0 user-011-0 user-012-1
1045	cmd-1045	2025-11-10T02:11:00+09:00	user-001-0 user-002-0 user-003-1 user-004-0 user-005-0 user-006-0 user-007-0 user-008-0 user-009-0 user-010-0 user-011-0 user-012-1
1046	cmd-1046	2025-11-10T02:29:00+09:00	user-001-0 user-002-0 user-003-1 user-004-0 user-005-0 user-006-0 user-007-0 user-008-0 user-009-0 user-010-0 user-011-0 user-012-1
1047	cmd-1047	2025-11-10T05:09:00+09:00	user-001-0 user-002-0 user-003-1 user-004-0 user-005-0 user-006-0 user-007-0 user-008-0 user-009-0 user-010-0 user-011-0 user-012-1
1048	cmd-1048	2025-11-10T05:30:00+09:00	user-001-0 user-002-0 user-003-1 user-004-0 user-005-0 user-006-0 user-007-0 user-008-0 user-009-0 user-010-0 user-011-0 user-012-1
1049	cmd-1049	2025-11-10T05:57:00+09:00	user-001-0 user-002-0 user-003-1 user-004-0 user-005-0 user-006-0 user-007-0 user-008-0 user-009-0 user-010-0 user-011-0 user-012-1
1050	cmd-1050	2025-11-10T07:21:00+09:00	user-001-0 user-002-0 user-003-1 user-004-0 user-005-0 user-006-0 user-007-0 user-008-0 user-009-0 user-010-0 user-011-0 user-012-0
1051	cmd-1051	2025-11-10T09:32:00+09:00	user-001-0 user-002-0 user-003-1 user-004-0 user-005-0 user-006-0 user-007-0 user-008-0 user-009-0 user-010-0 user-011-0 user-012-0
1052	cmd-1052	2025-11-10T12:13:00+09:00	user-001-0 user-002-0 user-003-1 user-004-0 user-005-0 user-006-0 user-007-0 user-008-0 user-009-0 user-010-0 user-011-0 user-012-0
1053	cmd-1053	2025-11-10T12:26:00+09:00	user-001-0 user-002-0 user-003-1 user-004-0 user-005-0 user-006-0 user-007-0 user-008-0 user-009-0 user-010-0 user-011-0 user-012-1
1054	cmd-1054	2025-11-10T12:41:00+09:00	user-001-0 user-002-0 user-003-1 user-004-0 user-005-0 user-006-0 user-007-0 user-008-0 user-009-0 user-010-0 user-011-0 user-012-1
1055	cmd-1055	2025-11-10T13:20:00+09:00	user-001-0 user-002-0 user-003-1 user-004-0 user-005-0 user-006-0 user-007-0 user-008-0 user-009-0 user-010-0 user-011-0 user-012-1
1056	cmd-1056	2025-11-10T13:26:00+09:00	user-001-0 user-002-0 user-003-1 user-004-0 user-005-0 user-006-0 user-007-0 user-008-0 user-009-0 user-010-0 user-011-0 user-012-1
1057	cmd-1057	2025-11-10T14:18:00+09:00	user-001-0 user-002-0 user-003-1 user-004-0 user-005-0 user-006-0 user-007-0 user-008-0 user-009-0 user-010-0 user-011-0 user-012-1
1058	cmd-1058	2025-11-10T15:17:00+09:00	user-001-0 user-002-0 user-003-1 user-004-0 user-005-0 user-006-0 user-007-0 user-008-0 user-009-0 user-010-0 user-011-0 user-012-0
1059	cmd-1059	2025-11-10T15:49:00+09:00	user-001-0 user-002-0 user-003-1 user-004-0 user-005-0 user-006-0 user-007-0 user-008-0 user-009-0 user-010-0 user-011-0 user-012-1
1060	cmd-1060	2025-11-10T16:11:00+09:00	user-001-0 user-002-0 user-003-1 user-004-0 user-005-0 user-006-0 user-007-0 user-008-0 user-009-0 user-010-0 user-011-0 user-012-0
1061	cmd-1061	2025-11-10T16:53:00+09:00	user-001-0 user-002-0 user-003-1 user-004-0 user-005-0 user-006-0 user-007-0 user-008-0 user-009-0 user-010-0 user-011-0 user-012-1
1062	cmd-1062	2025-11-10T19:37:00+09:00	user-001-0 user-002-0 user-003-1 user-004-0 user-005-0 user-006-0 user-007-0 user-008-0 user-009-0 user-010-0 user-011-0 user-012-1
1063	cmd-1063	2025-11-10T20:12:00+09:00	user-001-0 user-002-0 user-003-1 user-004-0 user-005-0 user-006-0 user-007-0 user-008-0 user-009-0 user-010-0 user-011-0 user-012-0
1064	cmd-1064	2025-11-10T20:51:00+09:00	user-001-0 user-002-0 user-003-1 user-004-0 user-005-0 user-006-0 user-007-0 user-008-0 user-009-0 user-010-0 user-011-0 user-012-1
1065	cmd-1065	2025-11-10T22:13:00+09:00	user-001-0 user-002-0 user-003-1 user-004-0 user-005-0 user-006-0 user-007-0 user-008-0 user-009-0 user-010-0 user-011-0 user-012-0
1066	cmd-1066	2025-11-10T22:21:00+09:00	user-001-0 user-002-0 user-003-1 user-004-0 user-005-0 user-006-0 user-007-0 user-008-0 user-009-0 user-010-0 user-011-0 user-012-0
1067	cmd-1067	2025-11-10T22:47:00+09:00	user-001-0 user-002-0 user-003-1 user-004-0 user-005-0 user-006-0 user-007-0 user-008-0 user-009-0 user-010-0 user-011-0 user-012-1
1068	cmd-1068	2025-11-11T00:38:00+09:00	user-001-0 user-002-0 user-003-1 user-004-0 user-005-0 user-006-0 user-007-0 user-008-0 user-009-0 user-010-0 user-011-0 user-012-0
1069	cmd-1069	2025-11-11T02:16:00+09:00	user-001-0 user-002-0 user-003-1 user-004-0 user-005-0 user-006-0 user-007-0 user-008-0 user-009-0 user-010-0 user-011-0 user-012-1
1070	cmd-1070	2025-11-11T02:43:00+09:00	user-001-0 user-002-0 user-003-1 user-004-0 user-005-0 user-006-0 user-007-0 user-008-0 user-009-0 user-010-0 user-011-0 user-012-0
1071	cmd-1071	2025-11-11T04:05:00+09:00	user-001-0 user-002-0 user-003-1 user-004-0 user-005-0 user-006-0 user-007-0 user-008-0 user-009-0 user-010-0 user-011-0 user-012-1
1072	cmd-1072	2025-11-11T04:13:00+09:00	user-001-0 user-002-0 user-003-1 user-004-0 user-005-0 user-006-0 user-007-0 user-008-0 user-009-0 user-010-0 user-011-0 user-012-1
1073	cmd-1073	2025-11-11T04:32:00+09:00	user-001-0 user-002-0 user-003-1 user-004-0 user-005-0 user-006-0 user-007-0 user-008-0 user-009-0 user-010-0 user-011-0 user-012-1
1074	cmd-1074	2025-11-11T06:11:00+09:00	user-001-0 user-002-0 user-003-1 user-004-0 user-005-0 user-006-0 user-007-0 user-008-0 user-009-0 user-010-0 user-011-0 user-012-1
1075	cmd-1075	2025-11-11T07:06:00+09:00	user-001-0 user-002-0 user-003-1 user-004-0 user-005-0 user-006-0 user-007-0 user-008-0 user-009-0 user-010-0 user-011-0 user-012-0
1076	cmd-1076	2025-11-11T07:13:00+09:00	user-001-0 user-002-0 user-003-1 user-004-0 user-005-0 user-006-0 user-007-0 user-008-0 user-009-0 user-010-0 user-011-0 user-012-0
1077	cmd-1077	2025-11-11T08:29:00+09:00	user-001-0 user-002-0 user-003-1 user-004-0 user-005-0 user-006-0 user-007-0 user-008-0 user-009-0 user-010-0 user-011-0 user-012-1
1078	cmd-1078	2025-11-11T10:49:00+09:00	user-001-0 user-002-0 user-003-1 user-004-0 user-005-0 user-006-0 user-007-0 user-008-0 user-009-0 user-010-0 user-011-0 user-012-1
1079	cmd-1079	2025-11-11T11:25:00+09:00	user-001-0 user-002-0 user-003-1 user-004-0 user-005-0 user-006-0 user-007-0 user-008-0 user-009-0 user-010-0 user-011-0 user-012-1
1080	cmd-1080	2025-11-11T11:46:00+09:00	user-001-0 user-002-0 user-003-1 user-004-0 user-005-0 user-006-0 user-007-0 user-008-0 user-009-0 user-010-0 user-011-0 user-012-0
1081	cmd-1081	2025-11-11T13:02:00+09:00	user-001-0 user-002-0 user-003-1 user-004-0 user-005-0 user-006-0 user-007-0 user-008-0 user-009-0 user-010-0 user-011-0 user-012-1
1082	cmd-1082	2025-11-11T13:45:00+09:00	user-001-0 user-002-0 user-003-1 user-004-0 user-005-0 user-006-0 user-007-0 user-008-0 user-009-0 user-010-0 user-011-0 user-012-1
1083	cmd-1083	2025-11-11T14:43:00+09:00	user-001-0 user-002-0 user-003-1 user-004-0 user-005-0 user-006-0 user-007-0 user-008-0 user-009-0 user-010-0 user-011-0 user-012-1
1084	cmd-1084	2025-11-11T15:00:00+09:00	user-001-0 user-002-0 user-003-1 user-004-0 user-005-0 user-006-0 user-007-0 user-008-0 user-009-0 user-010-0 user-011-0 user-012-1
1085	cmd-1085	2025-11-11T15:19:00+09:00	user-001-0 user-002-0 user-003-1 user-004-0 user-005-0 user-006-0 user-007-0 user-008-0 user-009-0 user-010-0 user-011-0 user-012-1
1086	cmd-1086	2025-11-11T16:51:00+09:00	user-001-0 user-002-0 user-003-1 user-004-0 user-005-0 user-006-0 user-007-0 user-008-0 user-009-0 user-010-0 user-011-0 user-012-1
1087	cmd-1087	2025-11-11T17:24:00+09:00	user-001-0 user-002-0 user-003-1 user-004-0 user-005-0 user-006-0 user-007-0 user-008-0 user-009-0 user-010-0 user-011-0 user-012-1
1088	cmd-1088	2025-11-11T17:56:00+09:00	user-001-0 user-002-0 user-003-1 user-004-0 user-005-0 user-006-0 user-007-0 user-008-0 user-009-0 user-010-0 user-011-0 user-012-1
1089	cmd-1089	2025-11-11T18:35:00+09:00	user-001-0 user-002-0 user-003-1 user-004-0 user-005-0 user-006-0 user-007-0 user-008-0 user-009-0 user-010-0 user-011-0 user-012-1
1090	cmd-1090	2025-11-11T18:49:00+09:00	user-001-0 user-002-0 user-003-1 user-004-0 user-005-0 user-006-0 user-007-0 user-008-0 user-009-0 user-010-0 user-011-0 user-012-1
1091	cmd-1091	2025-11-11T19:26:00+09:00	user-001-0 user-002-0 user-003-1 user-004-0 user-005-0 user-006-0 user-007-0 user-008-0 user-009-0 user-010-0 user-011-0 user-012-0
1092	cmd-1092	2025-11-11T20:18:00+09:00	user-001-0 user-002-0 user-003-1 user-004-0 user-005-0 user-006-0 user-007-0 user-008-0 user-009-0 user-010-0 user-011-0 user-012-1
1093	cmd-1093	2025-11-11T20:26:00+09:00	user-001-0 user-002-0 user-003-1 user-004-0 user-005-0 user-006-0 user-007-0 user-008-0 user-009-0 user-010-0 user-011-0 user-012-1
1094	cmd-1094	2025-11-11T20:51:00+09:00	user-001-0 user-002-0 user-003-1 user-004-0 user-005-0 user-006-0 user-007-0 user-008-0 user-009-0 user-010-0 user-011-0 user-012-1
1095	cmd-1095	2025-11-11T21:23:00+09:00	user-001-0 user-002-0 user-003-1 user-004-0 user-005-0 user-006-0 user-007-0 user-008-0 user-009-0 user-010-0 user-011-0 user-012-0
1096	cmd-1096	2025-11-11T21:23:00+09:00	user-001-0 user-002-0 user-003-1 user-004-0 user-005-0 user-006-0 user-007-0 user-008-0 user-009-0 user-010-0 user-011-0 user-012-0
1097	cmd-1097	2025-11-11T21:28:00+09:00	user-001-0 user-002-0 user-003-1 user-004-0 user-005-0 user-006-0 user-007-0 user-008-0 user-009-0 user-010-0 user-011-0 user-012-1
1098	cmd-1098	2025-11-11T22:19:00+09:00	user-001-0 user-002-0 user-003-1 user-004-0 user-005-0 user-006-0 user-007-0 user-008-0 user-009-0 user-010-0 user-011-0 user-012-1
1099	cmd-1099	2025-11-11T22:36:00+09:00	user-001-0 user-002-0 user-003-1 user-004-0 user-005-0 user-006-0 user-007-0 user-008-0 user-009-0 user-010-0 user-011-0 user-012-1
1100	cmd-1100	2025-11-11T22:44:00+09:00	user-001-0 user-002-0 user-003-1 user-004-0 user-005-0 user-006-0 user-007-0 user-008-0 user-009-0 user-010-0 user-011-0 user-012-1
1101	cmd-1101	2025-11-11T23:18:00+09:00	user-001-0 user-002-0 user-003-1 user-004-0 user-005-0 user-006-0 user-007-0 user-008-0 user-009-0 user-010-0 user-011-0 user-012-0
1102	cmd-1102	2025-11-12T01:23:00+09:00	user-001-0 user-002-0 user-003-1 user-004-0 user-005-0 user-006-0 user-007-0 user-008-0 user-009-0 user-010-0 user-011-0 user-012-1
1103	cmd-1103	2025-11-12T03:57:00+09:00	user-001-0 user-002-0 user-003-1 user-004-0 user-005-0 user-006-0 user-007-0 user-008-0 user-009-0 user-010-0 user-011-0 user-012-1
1104	cmd-1104	2025-11-12T04:42:00+09:00	user-001-0 user-002-0 user-003-1 user-004-0 user-005-0 user-006-0 user-007-0 user-008-0 user-009-0 user-010-0 user-011-0 user-012-1
1105	cmd-1105	2025-11-12T04:43:00+09:00	user-001-0 user-002-0 user-003-1 user-004-0 user-005-0 user-006-0 user-007-0 user-008-0 user-009-0 user-010-0 user-011-0 user-012-0
1106	cmd-1106	2025-11-12T05:33:00+09:00	user-001-0 user-002-0 user-003-1 user-004-0 user-005-0 user-006-0 user-007-0 user-008-0 user-009-0 user-010-0 user-011-0 user-012-1
1107	cmd-1107	2025-11-12T05:41:00+09:00	user-001-0 user-002-0 user-003-1 user-004-0 user-005-0 user-006-0 user-007-0 user-008-0 user-009-0 user-010-0 user-011-0 user-012-1
1108	cmd-1108	2025-11-12T07:12:00+09:00	user-001-0 user-002-0 user-003-1 user-004-0 user-005-0 user-006-0 user-007-0 user-008-0 user-009-0 user-010-0 user-011-0 user-012-0
1109	cmd-1109	2025-11-12T07:18:00+09:00	user-001-0 user-002-0 user-003-1 user-004-0 user-005-0 user-006-0 user-007-0 user-008-0 user-009-0 user-010-0 user-011-0 user-012-1
1110	cmd-1110	2025-11-12T09:12:00+09:00	user-001-0 user-002-0 user-003-1 user-004-0 user-005-0 user-006-0 user-007-0 user-008-0 user-009-0 user-010-0 user-011-0 user-012-1
1111	cmd-1111	2025-11-12T11:52:00+09:00	user-001-0 user-002-0 user-003-1 user-004-0 user-005-0 user-006-0 user-007-0 user-008-0 user-009-0 user-010-0 user-011-0 user-012-1
1112	cmd-1112	2025-11-12T13:09:00+09:00	user-001-0 user-002-0 user-003-1 user-004-0 user-005-0 user-006-0 user-007-0 user-008-0 user-009-0 user-010-0 user-011-0 user-012-1
1113	cmd-1113	2025-11-12T13:13:00+09:00	user-001-0 user-002-0 user-003-1 user-004-0 user-005-0 user-006-0 user-007-0 user-008-0 user-009-0 user-010-0 user-011-0 user-012-1
1114	cmd-1114	2025-11-12T14:09:00+09:00	user-001-0 user-002-0 user-003-1 user-004-0 user-005-0 user-006-0 user-007-0 user-008-0 user-009-0 user-010-0 user-011-0 user-012-1
1115	cmd-1115	2025-11-12T14:36:00+09:00	user-001-0 user-002-0 user-003-1 user-004-0 user-005-0 user-006-0 user-007-0 user-008-0 user-009-0 user-010-0 user-011-0 user-012-1
1116	cmd-1116	2025-11-12T16:10:00+09:00	user-001-0 user-002-0 user-003-1 user-004-0 user-005-0 user-006-0 user-007-0 user-008-0 user-009-0 user-010-0 user-011-0 user-012-1
1117	cmd-1117	2025-11-12T16:26:00+09:00	user-001-0 user-002-0 user-003-1 user-004-0 user-005-0 user-006-0 user-007-0 user-008-0 user-009-0 user-010-0 user-011-0 user-012-1
1118	cmd-1118	2025-11-12T16:36:00+09:00	user-001-0 user-002-0 user-003-1 user-004-0 user-005-0 user-006-0 user-007-0 user-008-0 user-009-0 user-010-0 user-011-0 user-012-1
1119	cmd-1119	2025-11-12T16:54:00+09:00	user-001-0 user-002-0 user-003-1 user-004-0 user-005-0 user-006-0 user-007-0 user-008-0 user-009-0 user-010-0 user-011-0 user-012-0
1120	cmd-1120	2025-11-12T17:32:00+09:00	user-001-0 user-002-0 user-003-1 user-004-0 user-005-0 user-006-0 user-007-0 user-008-0 user-009-0 user-010-0 user-011-0 user-012-1
1121	cmd-1121	2025-11-12T17:59:00+09:00	user-001-0 user-002-0 user-003-1 user-004-0 user-005-0 user-006-0 user-007-0 user-008-0 user-009-0 user-010-0 user-011-0 user-012-1
1122	cmd-1122	2025-11-12T18:10:00+09:00	user-001-0 user-002-0 user-003-1 user-004-0 user-005-0 user-006-0 user-007-0 user-008-0 user-009-0 user-010-0 user-011-0 user-012-0
1123	cmd-1123	2025-11-12T19:19:00+09:00	user-001-0 user-002-0 user-003-1 user-004-0 user-005-0 user-006-0 user-007-0 user-008-0 user-009-0 user-010-0 user-011-0 user-012-1
1124	cmd-1124	2025-11-12T19:29:00+09:00	user-001-0 user-002-0 user-003-1 user-004-0 user-005-0 user-006-0 user-007-0 user-008-0 user-009-0 user-010-0 user-011-0 user-012-0
1125	cmd-1125	2025-11-12T20:21:00+09:00	user-001-0 user-002-0 user-003-1 user-004-0 user-005-0 user-006-0 user-007-0 user-008-0 user-009-0 user-010-0 user-011-0 user-012-0
1126	cmd-1126	2025-11-12T20:21:00+09:00	user-001-0 user-002-0 user-003-1 user-004-0 user-005-0 user-006-0 user-007-0 user-008-0 user-009-0 user-010-0 user-011-0 user-012-1
1127	cmd-1127	2025-11-12T22:09:00+09:00	user-001-0 user-002-0 user-003-1 user-004-0 user-005-0 user-006-0 user-007-0 user-008-0 user-009-0 user-010-0 user-011-0 user-012-0
1128	cmd-1128	2025-11-12T22:19:00+09:00	user-001-0 user-002-0 user-003-1 user-004-0 user-005-0 user-006-0 user-007-0 user-008-0 user-009-0 user-010-0 user-011-0 user-012-1
1129	cmd-1129	2025-11-12T22:28:00+09:00	user-001-0 user-002-0 user-003-1 user-004-0 user-005-0 user-006-0 user-007-0 user-008-0 user-009-0 user-010-0 user-011-0 user-012-1
1130	cmd-1130	2025-11-12T22:40:00+09:00	user-001-0 user-002-0 user-003-1 user-004-0 user-005-0 user-006-0 user-007-0 user-008-0 user-009-0 user-010-0 user-011-0 user-012-1
1131	cmd-1131	2025-11-12T23:24:00+09:00	user-001-0 user-002-0 user-003-1 user-004-0 user-005-0 user-006-0 user-007-0 user-008-0 user-009-0 user-010-0 user-011-0 user-012-1
1132	cmd-1132	2025-11-12T23:47:00+09:00	user-001-0 user-002-0 user-003-1 user-004-0 user-005-0 user-006-0 user-007-0 user-008-0 user-009-0 user-010-0 user-011-0 user-012-1
1133	cmd-1133	2025-11-13T00:45:00+09:00	user-001-0 user-002-0 user-003-1 user-004-0 user-005-0 user-006-0 user-007-0 user-008-0 user-009-0 user-010-0 user-011-0 user-012-1
1134	cmd-1134	2025-11-13T00:53:00+09:00	user-001-0 user-002-0 user-003-1 user-004-0 user-005-0 user-006-0 user-007-0 user-008-0 user-009-0 user-010-0 user-011-0 user-012-1
1135	cmd-1135	2025-11-13T03:53:00+09:00	user-001-0 user-002-0 user-003-1 user-004-0 user-005-0 user-006-0 user-007-0 user-008-0 user-009-0 user-010-0 user-011-0 user-012-1
1136	cmd-1136	2025-11-13T05:27:00+09:00	user-001-0 user-002-0 user-003-1 user-004-0 user-005-0 user-006-0 user-007-0 user-008-0 user-009-0 user-010-0 user-011-0 user-012-1
1137	cmd-1137	2025-11-13T05:44:00+09:00	user-001-0 user-002-0 user-003-1 user-004-0 user-005-0 user-006-0 user-007-0 user-008-0 user-009-0 user-010-0 user-011-0 user-012-1
1138	cmd-1138	2025-11-13T06:52:00+09:00	user-001-0 user-002-0 user-003-1 user-004-0 user-005-0 user-006-0 user-007-0 user-008-0 user-009-0 user-010-0 user-011-0 user-012-1
1139	cmd-1139	2025-11-13T08:17:00+09:00	user-001-0 user-002-0 user-003-1 user-004-0 user-005-0 user-006-0 user-007-0 user-008-0 user-009-0 user-010-0 user-011-0 user-012-0
1140	cmd-1140	2025-11-13T08:54:00+09:00	user-001-0 user-002-0 user-003-1 user-004-0 user-005-0 user-006-0 user-007-0 user-008-0 user-009-0 user-010-0 user-011-0 user-012-1
1141	cmd-1141	2025-11-13T10:47:00+09:00	user-001-0 user-002-0 user-003-1 user-004-0 user-005-0 user-006-0 user-007-0 user-008-0 user-009-0 user-010-0 user-011-0 user-012-1
1142	cmd-1142	2025-11-13T10:54:00+09:00	user-001-0 user-002-0 user-003-1 user-004-0 user-005-0 user-006-0 user-007-0 user-008-0 user-009-0 user-010-0 user-011-0 user-012-1
1143	cmd-1143	2025-11-13T11:23:00+09:00	user-001-0 user-002-0 user-003-1 user-004-0 user-005-0 user-006-0 user-007-0 user-008-0 user-009-0 user-010-0 user-011-0 user-012-1
1144	cmd-1144	2025-11-13T12:52:00+09:00	user-001-0 user-002-0 user-003-1 user-004-0 user-005-0 user-006-0 user-007-0 user-008-0 user-009-0 user-010-0 user-011-0 user-012-0
1145	cmd-1145	2025-11-13T13:46:00+09:00	user-001-0 user-002-0 user-003-1 user-004-0 user-005-0 user-006-0 user-007-0 user-008-0 user-009-0 user-010-0 user-011-0 user-012-0
1146	cmd-1146	2025-11-13T14:45:00+09:00	user-001-0 user-002-0 user-003-1 user-004-0 user-005-0 user-006-0 user-007-0 user-008-0 user-009-0 user-010-0 user-011-0 user-012-0
1147	cmd-1147	2025-11-13T14:54:00+09:00	user-001-0 user-002-0 user-003-1 user-004-0 user-005-0 user-006-0 user-007-0 user-008-0 user-009-0 user-010-0 user-011-0 user-012-0
1148	cmd-1148	2025-11-13T15:19:00+09:00	user-001-0 user-002-0 user-003-1 user-004-0 user-005-0 user-006-0 user-007-0 user-008-0 user-009-0 user-010-0 user-011-0 user-012-1
1149	cmd-1149	2025-11-13T17:09:00+09:00	user-001-0 user-002-0 user-003-1 user-004-0 user-005-0 user-006-0 user-007-0 user-008-0 user-009-0 user-010-0 user-011-0 user-012-1
1150	cmd-1150	2025-11-13T18:41:00+09:00	user-001-0 user-002-0 user-003-1 user-004-0 user-005-0 user-006-0 user-007-0 user-008-0 user-009-0 user-010-0 user-011-0 user-012-0
1151	cmd-1151	2025-11-13T19:18:00+09:00	user-001-0 user-002-0 user-003-1 user-004-0 user-005-0 user-006-0 user-007-0 user-008-0 user-009-0 user-010-0 user-011-0 user-012-1
1152	cmd-1152	2025-11-13T19:20:00+09:00	user-001-0 user-002-0 user-003-1 user-004-0 user-005-0 user-006-0 user-007-0 user-008-0 user-009-0 user-010-0 user-011-0 user-012-0
1153	cmd-1153	2025-11-13T19:24:00+09:00	user-001-0 user-002-0 user-003-1 user-004-0 user-005-0 user-006-0 user-007-0 user-008-0 user-009-0 user-010-0 user-011-0 user-012-1
1154	cmd-1154	2025-11-13T19:34:00+09:00	user-001-0 user-002-0 user-003-1 user-004-0 user-005-0 user-006-0 user-007-0 user-008-0 user-009-0 user-010-0 user-011-0 user-012-0
1155	cmd-1155	2025-11-13T22:46:00+09:00	user-001-0 user-002-0 user-003-1 user-004-0 user-005-0 user-006-0 user-007-0 user-008-0 user-009-0 user-010-0 user-011-0 user-012-0
1156	cmd-1156	2025-11-14T01:48:00+09:00	user-001-0 user-002-0 user-003-1 user-004-0 user-005-0 user-006-0 user-007-0 user-008-0 user-009-0 user-010-0 user-011-0 user-012-0
1157	cmd-1157	2025-11-14T01:55:00+09:00	user-001-0 user-002-0 user-003-1 user-004-0 user-005-0 user-006-0 user-007-0 user-008-0 user-009-0 user-010-0 user-011-0 user-012-0
1158	cmd-1158	2025-11-14T03:45:00+09:00	user-001-0 user-002-0 user-003-1 user-004-0 user-005-0 user-006-0 user-007-0 user-008-0 user-009-0 user-010-0 user-011-0 user-012-0
1159	cmd-1159	2025-11-14T04:35:00+09:00	user-001-0 user-002-0 user-003-1 user-004-0 user-005-0 user-006-0 user-007-0 user-008-0 user-009-0 user-010-0 user-011-0 user-012-1
1160	cmd-1160	2025-11-14T04:36:00+09:00	user-001-0 user-002-0 user-003-1 user-004-0 user-005-0 user-006-0 user-007-0 user-008-0 user-009-0 user-010-0 user-011-0 user-012-0
1161	cmd-1161	2025-11-14T05:22:00+09:00	user-001-0 user-002-0 user-003-1 user-004-0 user-005-0 user-006-0 user-007-0 user-008-0 user-009-0 user-010-0 user-011-0 user-012-1
1162	cmd-1162	2025-11-14T05:23:00+09:00	user-001-0 user-002-0 user-003-1 user-004-0 user-005-0 user-006-0 user-007-0 user-008-0 user-009-0 user-010-0 user-011-0 user-012-1
1163	cmd-1163	2025-11-14T06:34:00+09:00	user-001-0 user-002-0 user-003-1 user-004-0 user-005-0 user-006-0 user-007-0 user-008-0 user-009-0 user-010-0 user-011-0 user-012-0
1164	cmd-1164	2025-11-14T08:04:00+09:00	user-001-0 user-002-0 user-003-1 user-004-0 user-005-0 user-006-0 user-007-0 user-008-0 user-009-0 user-010-0 user-011-0 user-012-1
1165	cmd-1165	2025-11-14T08:26:00+09:00	user-001-0 user-002-0 user-003-1 user-004-0 user-005-0 user-006-0 user-007-0 user-008-0 user-009-0 user-010-0 user-011-0 user-012-1
1166	cmd-1166	2025-11-14T10:05:00+09:00	user-001-0 user-002-0 user-003-1 user-004-0 user-005-0 user-006-0 user-007-0 user-008-0 user-009-0 user-010-0 user-011-0 user-012-1
1167	cmd-1167	2025-11-14T11:06:00+09:00	user-001-0 user-002-0 user-003-1 user-004-0 user-005-0 user-006-0 user-007-0 user-008-0 user-009-0 user-010-0 user-011-0 user-012-1
1168	cmd-1168	2025-11-14T12:42:00+09:00	user-001-0 user-002-0 user-003-1 user-004-0 user-005-0 user-006-0 user-007-0 user-008-0 user-009-0 user-010-0 user-011-0 user-012-1
1169	cmd-1169	2025-11-14T12:44:00+09:00	user-001-0 user-002-0 user-003-1 user-004-0 user-005-0 user-006-0 user-007-0 user-008-0 user-009-0 user-010-0 user-011-0 user-012-1
1170	cmd-1170	2025-11-14T12:44:00+09:00	user-001-0 user-002-0 user-003-1 user-004-0 user-005-0 user-006-0 user-007-0 user-008-0 user-009-0 user-010-0 user-011-0 user-012-1
1171	cmd-1171	2025-11-14T17:21:00+09:00	user-001-0 user-002-0 user-003-1 user-004-0 user-005-0 user-006-0 user-007-0 user-008-0 user-009-0 user-010-0 user-011-0 user-012-1
1172	cmd-1172	2025-11-14T17:27:00+09:00	user-001-0 user-002-0 user-003-1 user-004-0 user-005-0 user-006-0 user-007-0 user-008-0 user-009-0 user-010-0 user-011-0 user-012-0
1173	cmd-1173	2025-11-14T17:46:00+09:00	user-001-0 user-002-0 user-003-1 user-004-0 user-005-0 user-006-0 user-007-0 user-008-0 user-009-0 user-010-0 user-011-0 user-012-1
1174	cmd-1174	2025-11-14T20:11:00+09:00	user-001-0 user-002-0 user-003-1 user-004-0 user-005-0 user-006-0 user-007-0 user-008-0 user-009-0 user-010-0 user-011-0 user-012-1
1175	cmd-1175	2025-11-14T20:58:00+09:00	user-001-0 user-002-0 user-003-1 user-004-0 user-005-0 user-006-0 user-007-0 user-008-0 user-009-0 user-010-0 user-011-0 user-012-1
1176	cmd-1176	2025-11-14T22:13:00+09:00	user-001-0 user-002-0 user-003-1 user-004-0 user-005-0 user-006-0 user-007-0 user-008-0 user-009-0 user-010-0 user-011-0 user-012-1
1177	cmd-1177	2025-11-14T22:16:00+09:00	user-001-0 user-002-0 user-003-1 user-004-0 user-005-0 user-006-0 user-007-0 user-008-0 user-009-0 user-010-0 user-011-0 user-012-1
1178	cmd-1178	2025-11-14T23:30:00+09:00	user-001-0 user-002-0 user-003-1 user-004-0 user-005-0 user-006-0 user-007-0 user-008-0 user-009-0 user-010-0 user-011-0 user-012-1
1179	cmd-1179	2025-11-15T00:17:00+09:00	user-001-0 user-002-0 user-003-1 user-004-0 user-005-0 user-006-0 user-007-0 user-008-0 user-009-0 user-010-0 user-011-0 user-012-0
1180	cmd-1180	2025-11-15T01:43:00+09:00	user-001-0 user-002-0 user-003-1 user-004-0 user-005-0 user-006-0 user-007-0 user-008-0 user-009-0 user-010-0 user-011-0 user-012-1
1181	cmd-1181	2025-11-15T01:43:00+09:00	user-001-0 user-002-0 user-003-1 user-004-0 user-005-0 user-006-0 user-007-0 user-008-0 user-009-0 user-010-0 user-011-0 user-012-1
1182	cmd-1182	2025-11-15T01:53:00+09:00	user-001-0 user-002-0 user-003-1 user-004-0 user-005-0 user-006-0 user-007-0 user-008-0 user-009-0 user-010-0 user-011-0 user-012-1
1183	cmd-1183	2025-11-15T02:01:00+09:00	user-001-0 user-002-0 user-003-1 user-004-0 user-005-0 user-006-0 user-007-0 user-008-0 user-009-0 user-010-0 user-011-0 user-012-1
1184	cmd-1184	2025-11-15T03:40:00+09:00	user-001-0 user-002-0 user-003-1 user-004-0 user-005-0 user-006-0 user-007-0 user-008-0 user-009-0 user-010-0 user-011-0 user-012-1
1185	cmd-1185	2025-11-15T04:35:00+09:00	user-001-0 user-002-0 user-003-1 user-004-0 user-005-0 user-006-0 user-007-0 user-008-0 user-009-0 user-010-0 user-011-0 user-012-1
1186	cmd-1186	2025-11-15T05:49:00+09:00	user-001-0 user-002-0 user-003-1 user-004-0 user-005-0 user-006-0 user-007-0 user-008-0 user-009-0 user-010-0 user-011-0 user-012-1
1187	cmd-1187	2025-11-15T06:05:00+09:00	user-001-0 user-002-0 user-003-1 user-004-0 user-005-0 user-006-0 user-007-0 user-008-0 user-009-0 user-010-0 user-011-0 user-012-1
1188	cmd-1188	2025-11-15T06:29:00+09:00	user-001-0 user-002-0 user-003-1 user-004-0 user-005-0 user-006-0 user-007-0 user-008-0 user-009-0 user-010-0 user-011-0 user-012-0
1189	cmd-1189	2025-11-15T08:50:00+09:00	user-001-0 user-002-0 user-003-1 user-004-0 user-005-0 user-006-0 user-007-0 user-008-0 user-009-0 user-010-0 user-011-0 user-012-0
1190	cmd-1190	2025-11-15T08:56:00+09:00	user-001-0 user-002-0 user-003-1 user-004-0 user-005-0 user-006-0 user-007-0 user-008-0 user-009-0 user-010-0 user-011-0 user-012-1
1191	cmd-1191	2025-11-15T11:48:00+09:00	user-001-0 user-002-0 user-003-1 user-004-0 user-005-0 user-006-0 user-007-0 user-008-0 user-009-0 user-010-0 user-011-0 user-012-1
1192	cmd-1192	2025-11-15T12:37:00+09:00	user-001-0 user-002-0 user-003-1 user-004-0 user-005-0 user-006-0 user-007-0 user-008-0 user-009-0 user-010-0 user-011-0 user-012-0
1193	cmd-1193	2025-11-15T16:50:00+09:00	user-001-0 user-002-0 user-003-1 user-004-0 user-005-0 user-006-0 user-007-0 user-008-0 user-009-0 user-010-0 user-011-0 user-012-0
1194	cmd-1194	2025-11-15T18:12:00+09:00	user-001-0 user-002-0 user-003-1 user-004-0 user-005-0 user-006-0 user-007-0 user-008-0 user-009-0 user-010-0 user-011-0 user-012-1
1195	cmd-1195	2025-11-15T19:08:00+09:00	user-001-0 user-002-0 user-003-1 user-004-0 user-005-0 user-006-0 user-007-0 user-008-0 user-009-0 user-010-0 user-011-0 user-012-1
1196	cmd-1196	2025-11-15T19:30:00+09:00	user-001-0 user-002-0 user-003-1 user-004-0 user-005-0 user-006-0 user-007-0 user-008-0 user-009-0 user-010-0 user-011-0 user-012-1
1197	cmd-1197	2025-11-15T21:05:00+09:00	user-001-0 user-002-0 user-003-1 user-004-0 user-005-0 user-006-0 user-007-0 user-008-0 user-009-0 user-010-0 user-011-0 user-012-1
1198	cmd-1198	2025-11-15T22:00:00+09:00	user-001-0 user-002-0 user-003-1 user-004-0 user-005-0 user-006-0 user-007-0 user-008-0 user-009-0 user-010-0 user-011-0 user-012-1
1199	cmd-1199	2025-11-15T22:12:00+09:00	user-001-0 user-002-0 user-003-1 user-004-0 user-005-0 user-006-0 user-007-0 user-008-0 user-009-0 user-010-0 user-011-0 user-012-1
1200	cmd-1200	2025-11-15T22:50:00+09:00	user-001-0 user-002-0 user-003-1 user-004-0 user-005-0 user-006-0 user-007-0 user-008-0 user-009-0 user-010-0 user-011-0 user-012-1
1201	cmd-1201	2025-11-15T23:27:00+09:00	user-001-0 user-002-0 user-003-1 user-004-0 user-005-0 user-006-0 user-007-0 user-008-0 user-009-0 user-010-0 user-011-0 user-012-0
1202	cmd-1202	2025-11-16T00:16:00+09:00	user-001-0 user-002-0 user-003-1 user-004-0 user-005-0 user-006-0 user-007-0 user-008-0 user-009-0 user-010-0 user-011-0 user-012-1
1203	cmd-1203	2025-11-16T00:18:00+09:00	user-001-0 user-002-0 user-003-1 user-004-0 user-005-0 user-006-0 user-007-0 user-008-0 user-009-0 user-010-0 user-011-0 user-012-0
1204	cmd-1204	2025-11-16T01:18:00+09:00	user-001-0 user-002-0 user-003-1 user-004-0 user-005-0 user-006-0 user-007-0 user-008-0 user-009-0 user-010-0 user-011-0 user-012-1
1205	cmd-1205	2025-11-16T01:45:00+09:00	user-001-0 user-002-0 user-003-1 user-004-0 user-005-0 user-006-0 user-007-0 user-008-0 user-009-0 user-010-0 user-011-0 user-012-1
1206	cmd-1206	2025-11-16T02:47:00+09:00	user-001-0 user-002-0 user-003-1 user-004-0 user-005-0 user-006-0 user-007-0 user-008-0 user-009-0 user-010-0 user-011-0 user-012-1
1207	cmd-1207	2025-11-16T02:48:00+09:00	user-001-0 user-002-0 user-003-1 user-004-0 user-005-0 user-006-0 user-007-0 user-008-0 user-009-0 user-010-0 user-011-0 user-012-0
1208	cmd-1208	2025-11-16T03:04:00+09:00	user-001-0 user-002-0 user-003-1 user-004-0 user-005-0 user-006-0 user-007-0 user-008-0 user-009-0 user-010-0 user-011-0 user-012-1
1209	cmd-1209	2025-11-16T05:18:00+09:00	user-001-0 user-002-0 user-003-1 user-004-0 user-005-0 user-006-0 user-007-0 user-008-0 user-009-0 user-010-0 user-011-0 user-012-1
1210	cmd-1210	2025-11-16T07:05:00+09:00	user-001-0 user-002-0 user-003-1 user-004-0 user-005-0 user-006-0 user-007-0 user-008-0 user-009-0 user-010-0 user-011-0 user-012-1
1211	cmd-1211	2025-11-16T10:26:00+09:00	user-001-0 user-002-0 user-003-1 user-004-0 user-005-0 user-006-0 user-007-0 user-008-0 user-009-0 user-010-0 user-011-0 user-012-1
1212	cmd-1212	2025-11-16T11:41:00+09:00	user-001-0 user-002-0 user-003-1 user-004-0 user-005-0 user-006-0 user-007-0 user-008-0 user-009-0 user-010-0 user-011-0 user-012-1
1213	cmd-1213	2025-11-16T12:11:00+09:00	user-001-0 user-002-0 user-003-1 user-004-0 user-005-0 user-006-0 user-007-0 user-008-0 user-009-0 user-010-0 user-011-0 user-012-0
1214	cmd-1214	2025-11-16T12:57:00+09:00	user-001-0 user-002-0 user-003-1 user-004-0 user-005-0 user-006-0 user-007-0 user-008-0 user-009-0 user-010-0 user-011-0 user-012-0
1215	cmd-1215	2025-11-16T14:12:00+09:00	user-001-0 user-002-0 user-003-1 user-004-0 user-005-0 user-006-0 user-007-0 user-008-0 user-009-0 user-010-0 user-011-0 user-012-1
1216	cmd-1216	2025-11-16T16:40:00+09:00	user-001-0 user-002-0 user-003-1 user-004-0 user-005-0 user-006-0 user-007-0 user-008-0 user-009-0 user-010-0 user-011-0 user-012-1
1217	cmd-1217	2025-11-16T16:57:00+09:00	user-001-0 user-002-0 user-003-1 user-004-0 user-005-0 user-006-0 user-007-0 user-008-0 user-009-0 user-010-0 user-011-0 user-012-1
1218	cmd-1218	2025-11-16T17:37:00+09:00	user-001-0 user-002-0 user-003-1 user-004-0 user-005-0 user-006-0 user-007-0 user-008-0 user-009-0 user-010-0 user-011-0 user-012-1
1219	cmd-1219	2025-11-16T19:02:00+09:00	user-001-0 user-002-0 user-003-1 user-004-0 user-005-0 user-006-0 user-007-0 user-008-0 user-009-0 user-010-0 user-011-0 user-012-0
1220	cmd-1220	2025-11-16T20:19:00+09:00	user-001-0 user-002-0 user-003-1 user-004-0 user-005-0 user-006-0 user-007-0 user-008-0 user-009-0 user-010-0 user-011-0 user-012-0
1221	cmd-1221	2025-11-16T20:19:00+09:00	user-001-0 user-002-0 user-003-1 user-004-0 user-005-0 user-006-0 user-007-0 user-008-0 user-009-0 user-010-0 user-011-0 user-012-1
1222	cmd-1222	2025-11-17T00:16:00+09:00	user-001-0 user-002-0 user-003-1 user-004-0 user-005-0 user-006-0 user-007-0 user-008-0 user-009-0 user-010-0 user-011-0 user-012-1
1223	cmd-1223	2025-11-17T00:42:00+09:00	user-001-0 user-002-0 user-003-1 user-004-0 user-005-0 user-006-0 user-007-0 user-008-0 user-009-0 user-010-0 user-011-0 user-012-1
1224	cmd-1224	2025-11-17T00:44:00+09:00	user-001-0 user-002-0 user-003-1 user-004-0 user-005-0 user-006-0 user-007-0 user-008-0 user-009-0 user-010-0 user-011-0 user-012-1
1225	cmd-1225	2025-11-17T01:48:00+09:00	user-001-0 user-002-0 user-003-1 user-004-0 user-005-0 user-006-0 user-007-0 user-008-0 user-009-0 user-010-0 user-011-0 user-012-1
1226	cmd-1226	2025-11-17T02:18:00+09:00	user-001-0 user-002-0 user-003-1 user-004-0 user-005-0 user-006-0 user-007-0 user-008-0 user-009-0 user-010-0 user-011-0 user-012-0
1227	cmd-1227	2025-11-17T03:52:00+09:00	user-001-0 user-002-0 user-003-1 user-004-0 user-005-0 user-006-0 user-007-0 user-008-0 user-009-0 user-010-0 user-011-0 user-012-1
1228	cmd-1228	2025-11-17T04:34:00+09:00	user-001-0 user-002-0 user-003-1 user-004-0 user-005-0 user-006-0 user-007-0 user-008-0 user-009-0 user-010-0 user-011-0 user-012-0
1229	cmd-1229	2025-11-17T05:32:00+09:00	user-001-0 user-002-0 user-003-1 user-004-0 user-005-0 user-006-0 user-007-0 user-008-0 user-009-0 user-010-0 user-011-0 user-012-1
1230	cmd-1230	2025-11-17T06:38:00+09:00	user-001-0 user-002-0 user-003-1 user-004-0 user-005-0 user-006-0 user-007-0 user-008-0 user-009-0 user-010-0 user-011-0 user-012-0
1231	cmd-1231	2025-11-17T09:36:00+09:00	user-001-0 user-002-0 user-003-1 user-004-0 user-005-0 user-006-0 user-007-0 user-008-0 user-009-0 user-010-0 user-011-0 user-012-0
1232	cmd-1232	2025-11-17T13:14:00+09:00	user-001-0 user-002-0 user-003-1 user-004-0 user-005-0 user-006-0 user-007-0 user-008-0 user-009-0 user-010-0 user-011-0 user-012-0
1233	cmd-1233	2025-11-17T13:19:00+09:00	user-001-0 user-002-0 user-003-1 user-004-0 user-005-0 user-006-0 user-007-0 user-008-0 user-009-0 user-010-0 user-011-0 user-012-1
1234	cmd-1234	2025-11-17T14:11:00+09:00	user-001-0 user-002-0 user-003-1 user-004-0 user-005-0 user-006-0 user-007-0 user-008-0 user-009-0 user-010-0 user-011-0 user-012-1
1235	cmd-1235	2025-11-17T17:18:00+09:00	user-001-0 user-002-0 user-003-1 user-004-0 user-005-0 user-006-0 user-007-0 user-008-0 user-009-0 user-010-0 user-011-0 user-012-1
1236	cmd-1236	2025-11-17T17:24:00+09:00	user-001-0 user-002-0 user-003-1 user-004-0 user-005-0 user-006-0 user-007-0 user-008-0 user-009-0 user-010-0 user-011-0 user-012-1
1237	cmd-1237	2025-11-17T18:14:00+09:00	user-001-0 user-002-0 user-003-1 user-004-0 user-005-0 user-006-0 user-007-0 user-008-0 user-009-0 user-010-0 user-011-0 user-012-1
1238	cmd-1238	2025-11-17T20:29:00+09:00	user-001-0 user-002-0 user-003-1 user-004-0 user-005-0 user-006-0 user-007-0 user-008-0 user-009-0 user-010-0 user-011-0 user-012-1
1239	cmd-1239	2025-11-17T20:54:00+09:00	user-001-0 user-002-0 user-003-1 user-004-0 user-005-0 user-006-0 user-007-0 user-008-0 user-009-0 user-010-0 user-011-0 user-012-1
1240	cmd-1240	2025-11-17T22:33:00+09:00	user-001-0 user-002-0 user-003-1 user-004-0 user-005-0 user-006-0 user-007-0 user-008-0 user-009-0 user-010-0 user-011-0 user-012-0
1241	cmd-1241	2025-11-17T23:25:00+09:00	user-001-0 user-002-0 user-003-1 user-004-0 user-005-0 user-006-0 user-007-0 user-008-0 user-009-0 user-010-0 user-011-0 user-012-1
1242	cmd-1242	2025-11-17T23:56:00+09:00	user-001-0 user-002-0 user-003-1 user-004-0 user-005-0 user-006-0 user-007-0 user-008-0 user-009-0 user-010-0 user-011-0 user-012-1
1243	cmd-1243	2025-11-18T00:09:00+09:00	user-001-0 user-002-0 user-003-1 user-004-0 user-005-0 user-006-0 user-007-0 user-008-0 user-009-0 user-010-0 user-011-0 user-012-1
1244	cmd-1244	2025-11-18T00:27:00+09:00	user-001-0 user-002-0 user-003-1 user-004-0 user-005-0 user-006-0 user-007-0 user-008-0 user-009-0 user-010-0 user-011-0 user-012-1
1245	cmd-1245	2025-11-18T00:50:00+09:00	user-001-0 user-002-0 user-003-1 user-004-0 user-005-0 user-006-0 user-007-0 user-008-0 user-009-0 user-010-0 user-011-0 user-012-0
1246	cmd-1246	2025-11-18T01:42:00+09:00	user-001-0 user-002-0 user-003-1 user-004-0 user-005-0 user-006-0 user-007-0 user-008-0 user-009-0 user-010-0 user-011-0 user-012-1
1247	cmd-1247	2025-11-18T02:27:00+09:00	user-001-0 user-002-0 user-003-1 user-004-0 user-005-0 user-006-0 user-007-0 user-008-0 user-009-0 user-010-0 user-011-0 user-012-1
1248	cmd-1248	2025-11-18T03:34:00+09:00	user-001-0 user-002-0 user-003-1 user-004-0 user-005-0 user-006-0 user-007-0 user-008-0 user-009-0 user-010-0 user-011-0 user-012-0
1249	cmd-1249	2025-11-18T03:51:00+09:00	user-001-0 user-002-0 user-003-1 user-004-0 user-005-0 user-006-0 user-007-0 user-008-0 user-009-0 user-010-0 user-011-0 user-012-1
1250	cmd-1250	2025-11-18T05:14:00+09:00	user-001-0 user-002-0 user-003-1 user-004-0 user-005-0 user-006-0 user-007-0 user-008-0 user-009-0 user-010-0 user-011-0 user-012-0
1251	cmd-1251	2025-10-29T06:26:00+09:00	user-001-1 user-002-1 user-003-0 user-004-0 user-005-0 user-006-0 user-007-0 user-008-0 user-009-0 user-010-0 user-011-0 user-012-0
1252	cmd-1252	2025-10-29T06:39:00+09:00	user-001-1 user-002-1 user-003-0 user-004-0 user-005-0 user-006-0 user-007-0 user-008-0 user-009-0 user-010-0 user-011-0 user-012-0
1253	cmd-1253	2025-10-29T07:03:00+09:00	user-001-1 user-002-1 user-003-0 user-004-0 user-005-0 user-006-0 user-007-0 user-008-0 user-009-0 user-010-0 user-011-0 user-012-0
1254	cmd-1254	2025-10-29T07:42:00+09:00	user-001-1 user-002-1 user-003-0 user-004-0 user-005-0 user-006-0 user-007-0 user-008-0 user-009-0 user-010-0 user-011-0 user-012-0
1255	cmd-1255	2025-10-29T08:03:00+09:00	user-001-1 user-002-1 user-003-0 user-004-0 user-005-0 user-006-0 user-007-0 user-008-0 user-009-0 user-010-0 user-011-0 user-012-0
1256	cmd-1256	2025-10-29T08:36:00+09:00	user-001-1 user-002-1 user-003-0 user-004-0 user-005-0 user-006-0 user-007-0 user-008-0 user-009-0 user-010-0 user-011-0 user-012-0
1257	cmd-1257	2025-10-29T09:57:00+09:00	user-001-1 user-002-1 user-003-0 user-004-0 user-005-0 user-006-0 user-007-0 user-008-0 user-009-0 user-010-0 user-011-0 user-012-0
1258	cmd-1258	2025-10-29T10:14:00+09:00	user-001-1 user-002-1 user-003-0 user-004-0 user-005-0 user-006-0 user-007-0 user-008-0 user-009-0 user-010-0 user-011-0 user-012-0
1259	cmd-1259	2025-10-29T10:22:00+09:00	user-001-1 user-002-1 user-003-0 user-004-0 user-005-0 user-006-0 user-007-0 user-008-0 user-009-0 user-010-0 user-011-0 user-012-0
1260	cmd-1260	2025-10-29T10:27:00+09:00	user-001-1 user-002-1 user-003-0 user-004-0 user-005-0 user-006-0 user-007-0 user-008-0 user-009-0 user-010-0 user-011-0 user-012-0
1261	cmd-1261	2025-10-29T11:52:00+09:00	user-001-1 user-002-1 user-003-0 user-004-0 user-005-0 user-006-0 user-007-0 user-008-0 user-009-0 user-010-0 user-011-0 user-012-0
1262	cmd-1262	2025-10-29T12:45:00+09:00	user-001-1 user-002-1 user-003-0 user-004-0 user-005-0 user-006-0 user-007-0 user-008-0 user-009-0 user-010-0 user-011-0 user-012-0
1263	cmd-1263	2025-10-29T12:50:00+09:00	user-001-1 user-002-1 user-003-0 user-004-0 user-005-0 user-006-0 user-007-0 user-008-0 user-009-0 user-010-0 user-011-0 user-012-0
1264	cmd-1264	2025-10-29T13:18:00+09:00	user-001-1 user-002-1 user-003-0 user-004-0 user-005-0 user-006-0 user-007-0 user-008-0 user-009-0 user-010-0 user-011-0 user-012-0
1265	cmd-1265	2025-10-29T14:09:00+09:00	user-001-1 user-002-1 user-003-0 user-004-0 user-005-0 user-006-0 user-007-0 user-008-0 user-009-0 user-010-0 user-011-0 user-012-0
1266	cmd-1266	2025-10-29T14:25:00+09:00	user-001-1 user-002-1 user-003-0 user-004-0 user-005-0 user-006-0 user-007-0 user-008-0 user-009-0 user-010-0 user-011-0 user-012-0
1267	cmd-1267	2025-10-29T14:30:00+09:00	user-001-1 user-002-1 user-003-0 user-004-0 user-005-0 user-006-0 user-007-0 user-008-0 user-009-0 user-010-0 user-011-0 user-012-0
1268	cmd-1268	2025-10-29T15:19:00+09:00	user-001-1 user-002-1 user-003-0 user-004-0 user-005-0 user-006-0 user-007-0 user-008-0 user-009-0 user-010-0 user-011-0 user-012-0
1269	cmd-1269	2025-10-29T16:01:00+09:00	user-001-1 user-002-1 user-003-0 user-004-0 user-005-0 user-006-0 user-007-0 user-008-0 user-009-0 user-010-0 user-011-0 user-012-0
1270	cmd-1270	2025-10-29T16:16:00+09:00	user-001-1 user-002-1 user-003-0 user-004-0 user-005-0 user-006-0 user-007-0 user-008-0 user-009-0 user-010-0 user-011-0 user-012-0
1271	cmd-1271	2025-10-29T16:49:00+09:00	user-001-1 user-002-1 user-003-0 user-004-0 user-005-0 user-006-0 user-007-0 user-008-0 user-009-0 user-010-0 user-011-0 user-012-0
1272	cmd-1272	2025-10-29T17:35:00+09:00	user-001-1 user-002-1 user-003-0 user-004-0 user-005-0 user-006-0 user-007-0 user-008-0 user-009-0 user-010-0 user-011-0 user-012-0
1273	cmd-1273	2025-10-29T18:32:00+09:00	user-001-1 user-002-1 user-003-0 user-004-0 user-005-0 user-006-0 user-007-0 user-008-0 user-009-0 user-010-0 user-011-0 user-012-0
1274	cmd-1274	2025-10-29T21:32:00+09:00	user-001-1 user-002-1 user-003-0 user-004-0 user-005-0 user-006-0 user-007-0 user-008-0 user-009-0 user-010-0 user-011-0 user-012-0
1275	cmd-1275	2025-10-29T21:46:00+09:00	user-001-1 user-002-1 user-003-0 user-004-0 user-005-0 user-006-0 user-007-0 user-008-0 user-009-0 user-010-0 user-011-0 user-012-0
1276	cmd-1276	2025-10-29T22:00:00+09:00	user-001-1 user-002-1 user-003-0 user-004-0 user-005-0 user-006-0 user-007-0 user-008-0 user-009-0 user-010-0 user-011-0 user-012-0
1277	cmd-1277	2025-10-29T22:20:00+09:00	user-001-1 user-002-1 user-003-0 user-004-0 user-005-0 user-006-0 user-007-0 user-008-0 user-009-0 user-010-0 user-011-0 user-012-0
1278	cmd-1278	2025-10-29T23:18:00+09:00	user-001-1 user-002-1 user-003-0 user-004-0 user-005-0 user-006-0 user-007-0 user-008-0 user-009-0 user-010-0 user-011-0 user-012-0
1279	cmd-1279	2025-10-29T23:49:00+09:00	user-001-1 user-002-1 user-003-0 user-004-0 user-005-0 user-006-0 user-007-0 user-008-0 user-009-0 user-010-0 user-011-0 user-012-0
1280	cmd-1280	2025-10-30T00:19:00+09:00	user-001-1 user-002-1 user-003-0 user-004-0 user-005-0 user-006-0 user-007-0 user-008-0 user-009-0 user-010-0 user-011-0 user-012-0
1281	cmd-1281	2025-10-30T01:11:00+09:00	user-001-1 user-002-1 user-003-0 user-004-0 user-005-0 user-006-0 user-007-0 user-008-0 user-009-0 user-010-0 user-011-0 user-012-0
1282	cmd-1282	2025-10-30T02:31:00+09:00	user-001-1 user-002-1 user-003-0 user-004-0 user-005-0 user-006-0 user-007-0 user-008-0 user-009-0 user-010-0 user-011-0 user-012-0
1283	cmd-1283	2025-10-30T02:33:00+09:00	user-001-1 user-002-1 user-003-0 user-004-0 user-005-0 user-006-0 user-007-0 user-008-0 user-009-0 user-010-0 user-011-0 user-012-0
1284	cmd-1284	2025-10-30T02:34:00+09:00	user-001-1 user-002-1 user-003-0 user-004-0 user-005-0 user-006-0 user-007-0 user-008-0 user-009-0 user-010-0 user-011-0 user-012-0
1285	cmd-1285	2025-10-30T03:11:00+09:00	user-001-1 user-002-1 user-003-0 user-004-0 user-005-0 user-006-0 user-007-0 user-008-0 user-009-0 user-010-0 user-011-0 user-012-0
1286	cmd-1286	2025-10-30T04:15:00+09:00	user-001-1 user-002-1 user-003-0 user-004-0 user-005-0 user-006-0 user-007-0 user-008-0 user-009-0 user-010-0 user-011-0 user-012-0
1287	cmd-1287	2025-10-30T05:21:00+09:00	user-001-1 user-002-1 user-003-0 user-004-0 user-005-0 user-006-0 user-007-0 user-008-0 user-009-0 user-010-0 user-011-0 user-012-0
1288	cmd-1288	2025-10-30T06:40:00+09:00	user-001-1 user-002-1 user-003-0 user-004-0 user-005-0 user-006-0 user-007-0 user-008-0 user-009-0 user-010-0 user-011-0 user-012-0
1289	cmd-1289	2025-10-30T07:10:00+09:00	user-001-1 user-002-1 user-003-0 user-004-0 user-005-0 user-006-0 user-007-0 user-008-0 user-009-0 user-010-0 user-011-0 user-012-0
1290	cmd-1290	2025-10-30T08:11:00+09:00	user-001-1 user-002-1 user-003-0 user-004-0 user-005-0 user-006-0 user-007-0 user-008-0 user-009-0 user-010-0 user-011-0 user-012-0
1291	cmd-1291	2025-10-30T08:14:00+09:00	user-001-1 user-002-1 user-003-0 user-004-0 user-005-0 user-006-0 user-007-0 user-008-0 user-009-0 user-010-0 user-011-0 user-012-0
1292	cmd-1292	2025-10-30T08:28:00+09:00	user-001-1 user-002-1 user-003-0 user-004-0 user-005-0 user-006-0 user-007-0 user-008-0 user-009-0 user-010-0 user-011-0 user-012-0
1293	cmd-1293	2025-10-30T09:29:00+09:00	user-001-1 user-002-1 user-003-0 user-004-0 user-005-0 user-006-0 user-007-0 user-008-0 user-009-0 user-010-0 user-011-0 user-012-0
1294	cmd-1294	2025-10-30T09:57:00+09:00	user-001-1 user-002-1 user-003-0 user-004-0 user-005-0 user-006-0 user-007-0 user-008-0 user-009-0 user-010-0 user-011-0 user-012-0
1295	cmd-1295	2025-10-30T10:28:00+09:00	user-001-1 user-002-1 user-003-0 user-004-0 user-005-0 user-006-0 user-007-0 user-008-0 user-009-0 user-010-0 user-011-0 user-012-0
1296	cmd-1296	2025-10-30T11:36:00+09:00	user-001-1 user-002-1 user-003-0 user-004-0 user-005-0 user-006-0 user-007-0 user-008-0 user-009-0 user-010-0 user-011-0 user-012-0
1297	cmd-1297	2025-10-30T11:59:00+09:00	user-001-1 user-002-1 user-003-0 user-004-0 user-005-0 user-006-0 user-007-0 user-008-0 user-009-0 user-010-0 user-011-0 user-012-0
1298	cmd-1298	2025-10-30T12:28:00+09:00	user-001-1 user-002-1 user-003-0 user-004-0 user-005-0 user-006-0 user-007-0 user-008-0 user-009-0 user-010-0 user-011-0 user-012-0
1299	cmd-1299	2025-10-30T12:55:00+09:00	user-001-1 user-002-1 user-003-0 user-004-0 user-005-0 user-006-0 user-007-0 user-008-0 user-009-0 user-010-0 user-011-0 user-012-0
1300	cmd-1300	2025-10-30T13:05:00+09:00	user-001-1 user-002-1 user-003-0 user-004-0 user-005-0 user-006-0 user-007-0 user-008-0 user-009-0 user-010-0 user-011-0 user-012-0
1301	cmd-1301	2025-10-30T14:00:00+09:00	user-001-1 user-002-1 user-003-0 user-004-0 user-005-0 user-006-0 user-007-0 user-008-0 user-009-0 user-010-0 user-011-0 user-012-0
1302	cmd-1302	2025-10-30T14:07:00+09:00	user-001-1 user-002-1 user-003-0 user-004-0 user-005-0 user-006-0 user-007-0 user-008-0 user-009-0 user-010-0 user-011-0 user-012-0
1303	cmd-1303	2025-10-30T16:32:00+09:00	user-001-1 user-002-1 user-003-0 user-004-0 user-005-0 user-006-0 user-007-0 user-008-0 user-009-0 user-010-0 user-011-0 user-012-0
1304	cmd-1304	2025-10-30T18:01:00+09:00	user-001-1 user-002-1 user-003-0 user-004-0 user-005-0 user-006-0 user-007-0 user-008-0 user-009-0 user-010-0 user-011-0 user-012-0
1305	cmd-1305	2025-10-30T20:37:00+09:00	user-001-1 user-002-1 user-003-0 user-004-0 user-005-0 user-006-0 user-007-0 user-008-0 user-009-0 user-010-0 user-011-0 user-012-0
1306	cmd-1306	2025-10-30T21:22:00+09:00	user-001-1 user-002-1 user-003-0 user-004-0 user-005-0 user-006-0 user-007-0 user-008-0 user-009-0 user-010-0 user-011-0 user-012-0
1307	cmd-1307	2025-10-30T22:08:00+09:00	user-001-1 user-002-1 user-003-0 user-004-0 user-005-0 user-006-0 user-007-0 user-008-0 user-009-0 user-010-0 user-011-0 user-012-0
1308	cmd-1308	2025-10-30T22:17:00+09:00	user-001-1 user-002-1 user-003-0 user-004-0 user-005-0 user-006-0 user-007-0 user-008-0 user-009-0 user-010-0 user-011-0 user-012-0
1309	cmd-1309	2025-10-30T22:22:00+09:00	user-001-1 user-002-1 user-003-0 user-004-0 user-005-0 user-006-0 user-007-0 user-008-0 user-009-0 user-010-0 user-011-0 user-012-0
1310	cmd-1310	2025-10-31T00:55:00+09:00	user-001-1 user-002-1 user-003-0 user-004-0 user-005-0 user-006-0 user-007-0 user-008-0 user-009-0 user-010-0 user-011-0 user-012-0
1311	cmd-1311	2025-10-31T01:04:00+09:00	user-001-1 user-002-1 user-003-0 user-004-0 user-005-0 user-006-0 user-007-0 user-008-0 user-009-0 user-010-0 user-011-0 user-012-0
1312	cmd-1312	2025-10-31T02:07:00+09:00	user-001-1 user-002-1 user-003-0 user-004-0 user-005-0 user-006-0 user-007-0 user-008-0 user-009-0 user-010-0 user-011-0 user-012-0
1313	cmd-1313	2025-10-31T02:15:00+09:00	user-001-1 user-002-1 user-003-0 user-004-0 user-005-0 user-006-0 user-007-0 user-008-0 user-009-0 user-010-0 user-011-0 user-012-0
1314	cmd-1314	2025-10-31T02:57:00+09:00	user-001-1 user-002-1 user-003-0 user-004-0 user-005-0 user-006-0 user-007-0 user-008-0 user-009-0 user-010-0 user-011-0 user-012-0
1315	cmd-1315	2025-10-31T04:53:00+09:00	user-001-1 user-002-1 user-003-0 user-004-0 user-005-0 user-006-0 user-007-0 user-008-0 user-009-0 user-010-0 user-011-0 user-012-0
1316	cmd-1316	2025-10-31T05:16:00+09:00	user-001-1 user-002-1 user-003-0 user-004-0 user-005-0 user-006-0 user-007-0 user-008-0 user-009-0 user-010-0 user-011-0 user-012-0
1317	cmd-1317	2025-10-31T05:19:00+09:00	user-001-1 user-002-1 user-003-0 user-004-0 user-005-0 user-006-0 user-007-0 user-008-0 user-009-0 user-010-0 user-011-0 user-012-0
1318	cmd-1318	2025-10-31T05:44:00+09:00	user-001-1 user-002-1 user-003-0 user-004-0 user-005-0 user-006-0 user-007-0 user-008-0 user-009-0 user-010-0 user-011-0 user-012-0
1319	cmd-1319	2025-10-31T07:49:00+09:00	user-001-1 user-002-1 user-003-0 user-004-0 user-005-0 user-006-0 user-007-0 user-008-0 user-009-0 user-010-0 user-011-0 user-012-0
1320	cmd-1320	2025-10-31T07:53:00+09:00	user-001-1 user-002-1 user-003-0 user-004-0 user-005-0 user-006-0 user-007-0 user-008-0 user-009-0 user-010-0 user-011-0 user-012-0
1321	cmd-1321	2025-10-31T08:05:00+09:00	user-001-1 user-002-1 user-003-0 user-004-0 user-005-0 user-006-0 user-007-0 user-008-0 user-009-0 user-010-0 user-011-0 user-012-0
1322	cmd-1322	2025-10-31T08:10:00+09:00	user-001-1 user-002-1 user-003-0 user-004-0 user-005-0 user-006-0 user-007-0 user-008-0 user-009-0 user-010-0 user-011-0 user-012-0
1323	cmd-1323	2025-10-31T08:14:00+09:00	user-001-1 user-002-1 user-003-0 user-004-0 user-005-0 user-006-0 user-007-0 user-008-0 user-009-0 user-010-0 user-011-0 user-012-0
1324	cmd-1324	2025-10-31T08:37:00+09:00	user-001-1 user-002-1 user-003-0 user-004-0 user-005-0 user-006-0 user-007-0 user-008-0 user-009-0 user-010-0 user-011-0 user-012-0
1325	cmd-1325	2025-10-31T09:52:00+09:00	user-001-1 user-002-1 user-003-0 user-004-0 user-005-0 user-006-0 user-007-0 user-008-0 user-009-0 user-010-0 user-011-0 user-012-0
1326	cmd-1326	2025-10-31T11:27:00+09:00	user-001-1 user-002-1 user-003-0 user-004-0 user-005-0 user-006-0 user-007-0 user-008-0 user-009-0 user-010-0 user-011-0 user-012-0
1327	cmd-1327	2025-10-31T11:58:00+09:00	user-001-1 user-002-1 user-003-0 user-004-0 user-005-0 user-006-0 user-007-0 user-008-0 user-009-0 user-010-0 user-011-0 user-012-0
1328	cmd-1328	2025-10-31T13:40:00+09:00	user-001-1 user-002-1 user-003-0 user-004-0 user-005-0 user-006-0 user-007-0 user-008-0 user-009-0 user-010-0 user-011-0 user-012-0
1329	cmd-1329	2025-10-31T14:45:00+09:00	user-001-1 user-002-1 user-003-0 user-004-0 user-005-0 user-006-0 user-007-0 user-008-0 user-009-0 user-010-0 user-011-0 user-012-0
1330	cmd-1330	2025-10-31T15:15:00+09:00	user-001-1 user-002-1 user-003-0 user-004-0 user-005-0 user-006-0 user-007-0 user-008-0 user-009-0 user-010-0 user-011-0 user-012-0
1331	cmd-1331	2025-10-31T15:46:00+09:00	user-001-1 user-002-1 user-003-0 user-004-0 user-005-0 user-006-0 user-007-0 user-008-0 user-009-0 user-010-0 user-011-0 user-012-0
1332	cmd-1332	2025-10-31T17:16:00+09:00	user-001-1 user-002-1 user-003-0 user-004-0 user-005-0 user-006-0 user-007-0 user-008-0 user-009-0 user-010-0 user-011-0 user-012-0
1333	cmd-1333	2025-10-31T17:20:00+09:00	user-001-1 user-002-1 user-003-0 user-004-0 user-005-0 user-006-0 user-007-0 user-008-0 user-009-0 user-010-0 user-011-0 user-012-0
1334	cmd-1334	2025-10-31T18:03:00+09:00	user-001-1 user-002-1 user-003-0 user-004-0 user-005-0 user-006-0 user-007-0 user-008-0 user-009-0 user-010-0 user-011-0 user-012-0
1335	cmd-1335	2025-10-31T18:50:00+09:00	user-001-1 user-002-1 user-003-0 user-004-0 user-005-0 user-006-0 user-007-0 user-008-0 user-009-0 user-010-0 user-011-0 user-012-0
1336	cmd-1336	2025-10-31T20:17:00+09:00	user-001-1 user-002-1 user-003-0 user-004-0 user-005-0 user-006-0 user-007-0 user-008-0 user-009-0 user-010-0 user-011-0 user-012-0
1337	cmd-1337	2025-10-31T20:21:00+09:00	user-001-1 user-002-1 user-003-0 user-004-0 user-005-0 user-006-0 user-007-0 user-008-0 user-009-0 user-010-0 user-011-0 user-012-0
1338	cmd-1338	2025-10-31T21:47:00+09:00	user-001-1 user-002-1 user-003-0 user-004-0 user-005-0 user-006-0 user-007-0 user-008-0 user-009-0 user-010-0 user-011-0 user-012-0
1339	cmd-1339	2025-10-31T22:15:00+09:00	user-001-1 user-002-1 user-003-0 user-004-0 user-005-0 user-006-0 user-007-0 user-008-0 user-009-0 user-010-0 user-011-0 user-012-0
1340	cmd-1340	2025-10-31T22:40:00+09:00	user-001-1 user-002-1 user-003-0 user-004-0 user-005-0 user-006-0 user-007-0 user-008-0 user-009-0 user-010-0 user-011-0 user-012-0
1341	cmd-1341	2025-10-31T23:16:00+09:00	user-001-1 user-002-1 user-003-0 user-004-0 user-005-0 user-006-0 user-007-0 user-008-0 user-009-0 user-010-0 user-011-0 user-012-0
1342	cmd-1342	2025-10-31T23:59:00+09:00	user-001-1 user-002-1 user-003-0 user-004-0 user-005-0 user-006-0 user-007-0 user-008-0 user-009-0 user-010-0 user-011-0 user-012-0
1343	cmd-1343	2025-11-01T00:58:00+09:00	user-001-1 user-002-1 user-003-0 user-004-0 user-005-0 user-006-0 user-007-0 user-008-0 user-009-0 user-010-0 user-011-0 user-012-0
1344	cmd-1344	2025-11-01T01:39:00+09:00	user-001-1 user-002-1 user-003-0 user-004-0 user-005-0 user-006-0 user-007-0 user-008-0 user-009-0 user-010-0 user-011-0 user-012-0
1345	cmd-1345	2025-11-01T02:06:00+09:00	user-001-1 user-002-1 user-003-0 user-004-0 user-005-0 user-006-0 user-007-0 user-008-0 user-009-0 user-010-0 user-011-0 user-012-0
1346	cmd-1346	2025-11-01T04:49:00+09:00	user-001-1 user-002-1 user-003-0 user-004-0 user-005-0 user-006-0 user-007-0 user-008-0 user-009-0 user-010-0 user-011-0 user-012-0
1347	cmd-1347	2025-11-01T05:16:00+09:00	user-001-1 user-002-1 user-003-0 user-004-0 user-005-0 user-006-0 user-007-0 user-008-0 user-009-0 user-010-0 user-011-0 user-012-0
1348	cmd-1348	2025-11-01T07:07:00+09:00	user-001-1 user-002-1 user-003-0 user-004-0 user-005-0 user-006-0 user-007-0 user-008-0 user-009-0 user-010-0 user-011-0 user-012-0
1349	cmd-1349	2025-11-01T08:12:00+09:00	user-001-1 user-002-1 user-003-0 user-004-0 user-005-0 user-006-0 user-007-0 user-008-0 user-009-0 user-010-0 user-011-0 user-012-0
1350	cmd-1350	2025-11-01T10:09:00+09:00	user-001-1 user-002-1 user-003-0 user-004-0 user-005-0 user-006-0 user-007-0 user-008-0 user-009-0 user-010-0 user-011-0 user-012-0
1351	cmd-1351	2025-11-01T10:25:00+09:00	user-001-1 user-002-1 user-003-0 user-004-0 user-005-0 user-006-0 user-007-0 user-008-0 user-009-0 user-010-0 user-011-0 user-012-0
1352	cmd-1352	2025-11-01T10:28:00+09:00	user-001-1 user-002-1 user-003-0 user-004-0 user-005-0 user-006-0 user-007-0 user-008-0 user-009-0 user-010-0 user-011-0 user-012-0
1353	cmd-1353	2025-11-01T10:51:00+09:00	user-001-1 user-002-1 user-003-0 user-004-0 user-005-0 user-006-0 user-007-0 user-008-0 user-009-0 user-010-0 user-011-0 user-012-0
1354	cmd-1354	2025-11-01T11:25:00+09:00	user-001-1 user-002-1 user-003-0 user-004-0 user-005-0 user-006-0 user-007-0 user-008-0 user-009-0 user-010-0 user-011-0 user-012-0
1355	cmd-1355	2025-11-01T12:26:00+09:00	user-001-1 user-002-1 user-003-0 user-004-0 user-005-0 user-006-0 user-007-0 user-008-0 user-009-0 user-010-0 user-011-0 user-012-0
1356	cmd-1356	2025-11-01T12:46:00+09:00	user-001-1 user-002-1 user-003-0 user-004-0 user-005-0 user-006-0 user-007-0 user-008-0 user-009-0 user-010-0 user-011-0 user-012-0
1357	cmd-1357	2025-11-01T13:24:00+09:00	user-001-1 user-002-1 user-003-0 user-004-0 user-005-0 user-006-0 user-007-0 user-008-0 user-009-0 user-010-0 user-011-0 user-012-0
1358	cmd-1358	2025-11-01T14:50:00+09:00	user-001-1 user-002-1 user-003-0 user-004-0 user-005-0 user-006-0 user-007-0 user-008-0 user-009-0 user-010-0 user-011-0 user-012-0
1359	cmd-1359	2025-11-01T14:56:00+09:00	user-001-1 user-002-1 user-003-0 user-004-0 user-005-0 user-006-0 user-007-0 user-008-0 user-009-0 user-010-0 user-011-0 user-012-0
1360	cmd-1360	2025-11-01T15:10:00+09:00	user-001-1 user-002-1 user-003-0 user-004-0 user-005-0 user-006-0 user-007-0 user-008-0 user-009-0 user-010-0 user-011-0 user-012-0
1361	cmd-1361	2025-11-01T17:00:00+09:00	user-001-1 user-002-1 user-003-0 user-004-0 user-005-0 user-006-0 user-007-0 user-008-0 user-009-0 user-010-0 user-011-0 user-012-0
1362	cmd-1362	2025-11-01T17:19:00+09:00	user-001-1 user-002-1 user-003-0 user-004-0 user-005-0 user-006-0 user-007-0 user-008-0 user-009-0 user-010-0 user-011-0 user-012-0
1363	cmd-1363	2025-11-01T17:43:00+09:00	user-001-1 user-002-1 user-003-0 user-004-0 user-005-0 user-006-0 user-007-0 user-008-0 user-009-0 user-010-0 user-011-0 user-012-0
1364	cmd-1364	2025-11-01T18:12:00+09:00	user-001-1 user-002-1 user-003-0 user-004-0 user-005-0 user-006-0 user-007-0 user-008-0 user-009-0 user-010-0 user-011-0 user-012-0
1365	cmd-1365	2025-11-01T18:16:00+09:00	user-001-1 user-002-1 user-003-0 user-004-0 user-005-0 user-006-0 user-007-0 user-008-0 user-009-0 user-010-0 user-011-0 user-012-0
1366	cmd-1366	2025-11-01T18:59:00+09:00	user-001-1 user-002-1 user-003-0 user-004-0 user-005-0 user-006-0 user-007-0 user-008-0 user-009-0 user-010-0 user-011-0 user-012-0
1367	cmd-1367	2025-11-01T19:43:00+09:00	user-001-1 user-002-1 user-003-0 user-004-0 user-005-0 user-006-0 user-007-0 user-008-0 user-009-0 user-010-0 user-011-0 user-012-0
1368	cmd-1368	2025-11-01T22:12:00+09:00	user-001-1 user-002-1 user-003-0 user-004-0 user-005-0 user-006-0 user-007-0 user-008-0 user-009-0 user-010-0 user-011-0 user-012-0
1369	cmd-1369	2025-11-01T23:29:00+09:00	user-001-1 user-002-1 user-003-0 user-004-0 user-005-0 user-006-0 user-007-0 user-008-0 user-009-0 user-010-0 user-011-0 user-012-0
1370	cmd-1370	2025-11-01T23:44:00+09:00	user-001-1 user-002-1 user-003-0 user-004-0 user-005-0 user-006-0 user-007-0 user-008-0 user-009-0 user-010-0 user-011-0 user-012-0
1371	cmd-1371	2025-11-02T00:27:00+09:00	user-001-1 user-002-1 user-003-0 user-004-0 user-005-0 user-006-0 user-007-0 user-008-0 user-009-0 user-010-0 user-011-0 user-012-0
1372	cmd-1372	2025-11-02T00:45:00+09:00	user-001-1 user-002-1 user-003-0 user-004-0 user-005-0 user-006-0 user-007-0 user-008-0 user-009-0 user-010-0 user-011-0 user-012-0
1373	cmd-1373	2025-11-02T01:09:00+09:00	user-001-1 user-002-1 user-003-0 user-004-0 user-005-0 user-006-0 user-007-0 user-008-0 user-009-0 user-010-0 user-011-0 user-012-0
1374	cmd-1374	2025-11-02T01:24:00+09:00	user-001-1 user-002-1 user-003-0 user-004-0 user-005-0 user-006-0 user-007-0 user-008-0 user-009-0 user-010-0 user-011-0 user-012-0
1375	cmd-1375	2025-11-02T01:28:00+09:00	user-001-1 user-002-1 user-003-0 user-004-0 user-005-0 user-006-0 user-007-0 user-008-0 user-009-0 user-010-0 user-011-0 user-012-0
1376	cmd-1376	2025-11-02T02:10:00+09:00	user-001-1 user-002-1 user-003-0 user-004-0 user-005-0 user-006-0 user-007-0 user-008-0 user-009-0 user-010-0 user-011-0 user-012-0
1377	cmd-1377	2025-11-02T02:20:00+09:00	user-001-1 user-002-1 user-003-0 user-004-0 user-005-0 user-006-0 user-007-0 user-008-0 user-009-0 user-010-0 user-011-0 user-012-0
1378	cmd-1378	2025-11-02T02:49:00+09:00	user-001-1 user-002-1 user-003-0 user-004-0 user-005-0 user-006-0 user-007-0 user-008-0 user-009-0 user-010-0 user-011-0 user-012-0
1379	cmd-1379	2025-11-02T03:41:00+09:00	user-001-1 user-002-1 user-003-0 user-004-0 user-005-0 user-006-0 user-007-0 user-008-0 user-009-0 user-010-0 user-011-0 user-012-0
1380	cmd-1380	2025-11-02T04:02:00+09:00	user-001-1 user-002-1 user-003-0 user-004-0 user-005-0 user-006-0 user-007-0 user-008-0 user-009-0 user-010-0 user-011-0 user-012-0
1381	cmd-1381	2025-11-02T04:07:00+09:00	user-001-1 user-002-1 user-003-0 user-004-0 user-005-0 user-006-0 user-007-0 user-008-0 user-009-0 user-010-0 user-011-0 user-012-0
1382	cmd-1382	2025-11-02T04:26:00+09:00	user-001-1 user-002-1 user-003-0 user-004-0 user-005-0 user-006-0 user-007-0 user-008-0 user-009-0 user-010-0 user-011-0 user-012-0
1383	cmd-1383	2025-11-02T04:44:00+09:00	user-001-1 user-002-1 user-003-0 user-004-0 user-005-0 user-006-0 user-007-0 user-008-0 user-009-0 user-010-0 user-011-0 user-012-0
1384	cmd-1384	2025-11-02T06:21:00+09:00	user-001-1 user-002-1 user-003-0 user-004-0 user-005-0 user-006-0 user-007-0 user-008-0 user-009-0 user-010-0 user-011-0 user-012-0
1385	cmd-1385	2025-11-02T07:07:00+09:00	user-001-1 user-002-1 user-003-0 user-004-0 user-005-0 user-006-0 user-007-0 user-008-0 user-009-0 user-010-0 user-011-0 user-012-0
1386	cmd-1386	2025-11-02T09:13:00+09:00	user-001-1 user-002-1 user-003-0 user-004-0 user-005-0 user-006-0 user-007-0 user-008-0 user-009-0 user-010-0 user-011-0 user-012-0
1387	cmd-1387	2025-11-02T09:42:00+09:00	user-001-1 user-002-1 user-003-0 user-004-0 user-005-0 user-006-0 user-007-0 user-008-0 user-009-0 user-010-0 user-011-0 user-012-0
1388	cmd-1388	2025-11-02T10:24:00+09:00	user-001-1 user-002-1 user-003-0 user-004-0 user-005-0 user-006-0 user-007-0 user-008-0 user-009-0 user-010-0 user-011-0 user-012-0
1389	cmd-1389	2025-11-02T11:04:00+09:00	user-001-1 user-002-1 user-003-0 user-004-0 user-005-0 user-006-0 user-007-0 user-008-0 user-009-0 user-010-0 user-011-0 user-012-0
1390	cmd-1390	2025-11-02T15:04:00+09:00	user-001-1 user-002-1 user-003-0 user-004-0 user-005-0 user-006-0 user-007-0 user-008-0 user-009-0 user-010-0 user-011-0 user-012-0
1391	cmd-1391	2025-11-02T15:12:00+09:00	user-001-1 user-002-1 user-003-0 user-004-0 user-005-0 user-006-0 user-007-0 user-008-0 user-009-0 user-010-0 user-011-0 user-012-0
1392	cmd-1392	2025-11-02T16:33:00+09:00	user-001-1 user-002-1 user-003-0 user-004-0 user-005-0 user-006-0 user-007-0 user-008-0 user-009-0 user-010-0 user-011-0 user-012-0
1393	cmd-1393	2025-11-02T17:01:00+09:00	user-001-1 user-002-1 user-003-0 user-004-0 user-005-0 user-006-0 user-007-0 user-008-0 user-009-0 user-010-0 user-011-0 user-012-0
1394	cmd-1394	2025-11-02T18:17:00+09:00	user-001-1 user-002-1 user-003-0 user-004-0 user-005-0 user-006-0 user-007-0 user-008-0 user-009-0 user-010-0 user-011-0 user-012-0
1395	cmd-1395	2025-11-02T18:45:00+09:00	user-001-1 user-002-1 user-003-0 user-004-0 user-005-0 user-006-0 user-007-0 user-008-0 user-009-0 user-010-0 user-011-0 user-012-0
1396	cmd-1396	2025-11-02T19:28:00+09:00	user-001-1 user-002-1 user-003-0 user-004-0 user-005-0 user-006-0 user-007-0 user-008-0 user-009-0 user-010-0 user-011-0 user-012-0
1397	cmd-1397	2025-11-02T20:48:00+09:00	user-001-1 user-002-1 user-003-0 user-004-0 user-005-0 user-006-0 user-007-0 user-008-0 user-009-0 user-010-0 user-011-0 user-012-0
1398	cmd-1398	2025-11-02T20:53:00+09:00	user-001-1 user-002-1 user-003-0 user-004-0 user-005-0 user-006-0 user-007-0 user-008-0 user-009-0 user-010-0 user-011-0 user-012-0
1399	cmd-1399	2025-11-02T21:44:00+09:00	user-001-1 user-002-1 user-003-0 user-004-0 user-005-0 user-006-0 user-007-0 user-008-0 user-009-0 user-010-0 user-011-0 user-012-0
1400	cmd-1400	2025-11-02T22:17:00+09:00	user-001-1 user-002-1 user-003-0 user-004-0 user-005-0 user-006-0 user-007-0 user-008-0 user-009-0 user-010-0 user-011-0 user-012-0
1401	cmd-1401	2025-11-02T22:45:00+09:00	user-001-1 user-002-1 user-003-0 user-004-0 user-005-0 user-006-0 user-007-0 user-008-0 user-009-0 user-010-0 user-011-0 user-012-0
1402	cmd-1402	2025-11-02T23:57:00+09:00	user-001-1 user-002-1 user-003-0 user-004-0 user-005-0 user-006-0 user-007-0 user-008-0 user-009-0 user-010-0 user-011-0 user-012-0
1403	cmd-1403	2025-11-03T01:46:00+09:00	user-001-1 user-002-1 user-003-0 user-004-0 user-005-0 user-006-0 user-007-0 user-008-0 user-009-0 user-010-0 user-011-0 user-012-0
1404	cmd-1404	2025-11-03T03:41:00+09:00	user-001-1 user-002-1 user-003-0 user-004-0 user-005-0 user-006-0 user-007-0 user-008-0 user-009-0 user-010-0 user-011-0 user-012-0
1405	cmd-1405	2025-11-03T03:46:00+09:00	user-001-1 user-002-1 user-003-0 user-004-0 user-005-0 user-006-0 user-007-0 user-008-0 user-009-0 user-010-0 user-011-0 user-012-0
1406	cmd-1406	2025-11-03T03:59:00+09:00	user-001-1 user-002-1 user-003-0 user-004-0 user-005-0 user-006-0 user-007-0 user-008-0 user-009-0 user-010-0 user-011-0 user-012-0
1407	cmd-1407	2025-11-03T04:07:00+09:00	user-001-1 user-002-1 user-003-0 user-004-0 user-005-0 user-006-0 user-007-0 user-008-0 user-009-0 user-010-0 user-011-0 user-012-0
1408	cmd-1408	2025-11-03T07:01:00+09:00	user-001-1 user-002-1 user-003-0 user-004-0 user-005-0 user-006-0 user-007-0 user-008-0 user-009-0 user-010-0 user-011-0 user-012-0
1409	cmd-1409	2025-11-03T07:27:00+09:00	user-001-1 user-002-1 user-003-0 user-004-0 user-005-0 user-006-0 user-007-0 user-008-0 user-009-0 user-010-0 user-011-0 user-012-0
1410	cmd-1410	2025-11-03T07:58:00+09:00	user-001-1 user-002-1 user-003-0 user-004-0 user-005-0 user-006-0 user-007-0 user-008-0 user-009-0 user-010-0 user-011-0 user-012-0
1411	cmd-1411	2025-11-03T09:03:00+09:00	user-001-1 user-002-1 user-003-0 user-004-0 user-005-0 user-006-0 user-007-0 user-008-0 user-009-0 user-010-0 user-011-0 user-012-0
1412	cmd-1412	2025-11-03T10:01:00+09:00	user-001-1 user-002-1 user-003-0 user-004-0 user-005-0 user-006-0 user-007-0 user-008-0 user-009-0 user-010-0 user-011-0 user-012-0
1413	cmd-1413	2025-11-03T10:45:00+09:00	user-001-1 user-002-1 user-003-0 user-004-0 user-005-0 user-006-0 user-007-0 user-008-0 user-009-0 user-010-0 user-011-0 user-012-0
1414	cmd-1414	2025-11-03T13:00:00+09:00	user-001-1 user-002-1 user-003-0 user-004-0 user-005-0 user-006-0 user-007-0 user-008-0 user-009-0 user-010-0 user-011-0 user-012-0
1415	cmd-1415	2025-11-03T14:16:00+09:00	user-001-1 user-002-1 user-003-0 user-004-0 user-005-0 user-006-0 user-007-0 user-008-0 user-009-0 user-010-0 user-011-0 user-012-0
1416	cmd-1416	2025-11-03T16:28:00+09:00	user-001-1 user-002-1 user-003-0 user-004-0 user-005-0 user-006-0 user-007-0 user-008-0 user-009-0 user-010-0 user-011-0 user-012-0
1417	cmd-1417	2025-11-03T16:28:00+09:00	user-001-1 user-002-1 user-003-0 user-004-0 user-005-0 user-006-0 user-007-0 user-008-0 user-009-0 user-010-0 user-011-0 user-012-0
1418	cmd-1418	2025-11-03T16:32:00+09:00	user-001-1 user-002-1 user-003-0 user-004-0 user-005-0 user-006-0 user-007-0 user-008-0 user-009-0 user-010-0 user-011-0 user-012-0
1419	cmd-1419	2025-11-03T18:10:00+09:00	user-001-1 user-002-1 user-003-0 user-004-0 user-005-0 user-006-0 user-007-0 user-008-0 user-009-0 user-010-0 user-011-0 user-012-0
1420	cmd-1420	2025-11-03T18:13:00+09:00	user-001-1 user-002-1 user-003-0 user-004-0 user-005-0 user-006-0 user-007-0 user-008-0 user-009-0 user-010-0 user-011-0 user-012-0
1421	cmd-1421	2025-11-03T21:02:00+09:00	user-001-1 user-002-1 user-003-0 user-004-0 user-005-0 user-006-0 user-007-0 user-008-0 user-009-0 user-010-0 user-011-0 user-012-0
1422	cmd-1422	2025-11-03T23:29:00+09:00	user-001-1 user-002-1 user-003-0 user-004-0 user-005-0 user-006-0 user-007-0 user-008-0 user-009-0 user-010-0 user-011-0 user-012-0
1423	cmd-1423	2025-11-04T00:06:00+09:00	user-001-1 user-002-1 user-003-0 user-004-0 user-005-0 user-006-0 user-007-0 user-008-0 user-009-0 user-010-0 user-011-0 user-012-0
1424	cmd-1424	2025-11-04T00:08:00+09:00	user-001-1 user-002-1 user-003-0 user-004-0 user-005-0 user-006-0 user-007-0 user-008-0 user-009-0 user-010-0 user-011-0 user-012-0
1425	cmd-1425	2025-11-04T02:29:00+09:00	user-001-1 user-002-1 user-003-0 user-004-0 user-005-0 user-006-0 user-007-0 user-008-0 user-009-0 user-010-0 user-011-0 user-012-0
1426	cmd-1426	2025-11-04T02:47:00+09:00	user-001-1 user-002-1 user-003-0 user-004-0 user-005-0 user-006-0 user-007-0 user-008-0 user-009-0 user-010-0 user-011-0 user-012-0
1427	cmd-1427	2025-11-04T03:31:00+09:00	user-001-1 user-002-1 user-003-0 user-004-0 user-005-0 user-006-0 user-007-0 user-008-0 user-009-0 user-010-0 user-011-0 user-012-0
1428	cmd-1428	2025-11-04T04:10:00+09:00	user-001-1 user-002-1 user-003-0 user-004-0 user-005-0 user-006-0 user-007-0 user-008-0 user-009-0 user-010-0 user-011-0 user-012-0
1429	cmd-1429	2025-11-04T04:16:00+09:00	user-001-1 user-002-1 user-003-0 user-004-0 user-005-0 user-006-0 user-007-0 user-008-0 user-009-0 user-010-0 user-011-0 user-012-0
1430	cmd-1430	2025-11-04T04:58:00+09:00	user-001-1 user-002-1 user-003-0 user-004-0 user-005-0 user-006-0 user-007-0 user-008-0 user-009-0 user-010-0 user-011-0 user-012-0
1431	cmd-1431	2025-11-04T05:20:00+09:00	user-001-1 user-002-1 user-003-0 user-004-0 user-005-0 user-006-0 user-007-0 user-008-0 user-009-0 user-010-0 user-011-0 user-012-0
1432	cmd-1432	2025-11-04T06:13:00+09:00	user-001-1 user-002-1 user-003-0 user-004-0 user-005-0 user-006-0 user-007-0 user-008-0 user-009-0 user-010-0 user-011-0 user-012-0
1433	cmd-1433	2025-11-04T09:28:00+09:00	user-001-1 user-002-1 user-003-0 user-004-0 user-005-0 user-006-0 user-007-0 user-008-0 user-009-0 user-010-0 user-011-0 user-012-0
1434	cmd-1434	2025-11-04T10:10:00+09:00	user-001-1 user-002-1 user-003-0 user-004-0 user-005-0 user-006-0 user-007-0 user-008-0 user-009-0 user-010-0 user-011-0 user-012-0
1435	cmd-1435	2025-11-04T10:52:00+09:00	user-001-1 user-002-1 user-003-0 user-004-0 user-005-0 user-006-0 user-007-0 user-008-0 user-009-0 user-010-0 user-011-0 user-012-0
1436	cmd-1436	2025-11-04T11:32:00+09:00	user-001-1 user-002-1 user-003-0 user-004-0 user-005-0 user-006-0 user-007-0 user-008-0 user-009-0 user-010-0 user-011-0 user-012-0
1437	cmd-1437	2025-11-04T11:49:00+09:00	user-001-1 user-002-1 user-003-0 user-004-0 user-005-0 user-006-0 user-007-0 user-008-0 user-009-0 user-010-0 user-011-0 user-012-0
1438	cmd-1438	2025-11-04T12:08:00+09:00	user-001-1 user-002-1 user-003-0 user-004-0 user-005-0 user-006-0 user-007-0 user-008-0 user-009-0 user-010-0 user-011-0 user-012-0
1439	cmd-1439	2025-11-04T12:55:00+09:00	user-001-1 user-002-1 user-003-0 user-004-0 user-005-0 user-006-0 user-007-0 user-008-0 user-009-0 user-010-0 user-011-0 user-012-0
1440	cmd-1440	2025-11-04T12:57:00+09:00	user-001-1 user-002-1 user-003-0 user-004-0 user-005-0 user-006-0 user-007-0 user-008-0 user-009-0 user-010-0 user-011-0 user-012-0
1441	cmd-1441	2025-11-04T13:48:00+09:00	user-001-1 user-002-1 user-003-0 user-004-0 user-005-0 user-006-0 user-007-0 user-008-0 user-009-0 user-010-0 user-011-0 user-012-0
1442	cmd-1442	2025-11-04T14:22:00+09:00	user-001-1 user-002-1 user-003-0 user-004-0 user-005-0 user-006-0 user-007-0 user-008-0 user-009-0 user-010-0 user-011-0 user-012-0
1443	cmd-1443	2025-11-04T14:26:00+09:00	user-001-1 user-002-1 user-003-0 user-004-0 user-005-0 user-006-0 user-007-0 user-008-0 user-009-0 user-010-0 user-011-0 user-012-0
1444	cmd-1444	2025-11-04T14:51:00+09:00	user-001-1 user-002-1 user-003-0 user-004-0 user-005-0 user-006-0 user-007-0 user-008-0 user-009-0 user-010-0 user-011-0 user-012-0
1445	cmd-1445	2025-11-04T17:26:00+09:00	user-001-1 user-002-1 user-003-0 user-004-0 user-005-0 user-006-0 user-007-0 user-008-0 user-009-0 user-010-0 user-011-0 user-012-0
1446	cmd-1446	2025-11-04T18:23:00+09:00	user-001-1 user-002-1 user-003-0 user-004-0 user-005-0 user-006-0 user-007-0 user-008-0 user-009-0 user-010-0 user-011-0 user-012-0
1447	cmd-1447	2025-11-04T18:25:00+09:00	user-001-1 user-002-1 user-003-0 user-004-0 user-005-0 user-006-0 user-007-0 user-008-0 user-009-0 user-010-0 user-011-0 user-012-0
1448	cmd-1448	2025-11-04T18:57:00+09:00	user-001-1 user-002-1 user-003-0 user-004-0 user-005-0 user-006-0 user-007-0 user-008-0 user-009-0 user-010-0 user-011-0 user-012-0
1449	cmd-1449	2025-11-04T19:17:00+09:00	user-001-1 user-002-1 user-003-0 user-004-0 user-005-0 user-006-0 user-007-0 user-008-0 user-009-0 user-010-0 user-011-0 user-012-0
1450	cmd-1450	2025-11-04T19:24:00+09:00	user-001-1 user-002-1 user-003-0 user-004-0 user-005-0 user-006-0 user-007-0 user-008-0 user-009-0 user-010-0 user-011-0 user-012-0
1451	cmd-1451	2025-11-04T19:53:00+09:00	user-001-1 user-002-1 user-003-0 user-004-0 user-005-0 user-006-0 user-007-0 user-008-0 user-009-0 user-010-0 user-011-0 user-012-0
1452	cmd-1452	2025-11-04T22:26:00+09:00	user-001-1 user-002-1 user-003-0 user-004-0 user-005-0 user-006-0 user-007-0 user-008-0 user-009-0 user-010-1 user-011-1 user-012-0
1453	cmd-1453	2025-11-04T22:36:00+09:00	user-001-1 user-002-1 user-003-0 user-004-0 user-005-0 user-006-0 user-007-0 user-008-0 user-009-0 user-010-0 user-011-0 user-012-0
1454	cmd-1454	2025-11-04T23:01:00+09:00	user-001-1 user-002-1 user-003-0 user-004-0 user-005-0 user-006-0 user-007-0 user-008-0 user-009-0 user-010-0 user-011-0 user-012-0
1455	cmd-1455	2025-11-04T23:15:00+09:00	user-001-1 user-002-1 user-003-0 user-004-0 user-005-0 user-006-0 user-007-0 user-008-0 user-009-0 user-010-0 user-011-0 user-012-0
1456	cmd-1456	2025-11-04T23:40:00+09:00	user-001-1 user-002-1 user-003-0 user-004-0 user-005-0 user-006-0 user-007-0 user-008-0 user-009-0 user-010-0 user-011-0 user-012-0
1457	cmd-1457	2025-11-05T01:57:00+09:00	user-001-1 user-002-1 user-003-0 user-004-0 user-005-0 user-006-0 user-007-0 user-008-0 user-009-0 user-010-0 user-011-0 user-012-0
1458	cmd-1458	2025-11-05T02:03:00+09:00	user-001-1 user-002-1 user-003-0 user-004-0 user-005-0 user-006-0 user-007-0 user-008-0 user-009-0 user-010-0 user-011-0 user-012-0
1459	cmd-1459	2025-11-05T02:12:00+09:00	user-001-1 user-002-1 user-003-0 user-004-0 user-005-0 user-006-0 user-007-0 user-008-0 user-009-0 user-010-0 user-011-0 user-012-0
1460	cmd-1460	2025-11-05T04:09:00+09:00	user-001-1 user-002-1 user-003-0 user-004-0 user-005-0 user-006-0 user-007-0 user-008-0 user-009-0 user-010-0 user-011-0 user-012-0
1461	cmd-1461	2025-11-05T05:08:00+09:00	user-001-1 user-002-1 user-003-0 user-004-0 user-005-0 user-006-0 user-007-0 user-008-0 user-009-0 user-010-0 user-011-0 user-012-0
1462	cmd-1462	2025-11-05T05:42:00+09:00	user-001-1 user-002-1 user-003-0 user-004-0 user-005-0 user-006-0 user-007-0 user-008-0 user-009-0 user-010-0 user-011-0 user-012-0
1463	cmd-1463	2025-11-05T06:13:00+09:00	user-001-1 user-002-1 user-003-0 user-004-0 user-005-0 user-006-0 user-007-0 user-008-0 user-009-0 user-010-0 user-011-0 user-012-0
1464	cmd-1464	2025-11-05T08:39:00+09:00	user-001-1 user-002-1 user-003-0 user-004-0 user-005-0 user-006-0 user-007-0 user-008-0 user-009-0 user-010-0 user-011-0 user-012-0
1465	cmd-1465	2025-11-05T09:02:00+09:00	user-001-1 user-002-1 user-003-0 user-004-0 user-005-0 user-006-0 user-007-0 user-008-0 user-009-0 user-010-0 user-011-0 user-012-0
1466	cmd-1466	2025-11-05T09:13:00+09:00	user-001-1 user-002-1 user-003-0 user-004-0 user-005-0 user-006-0 user-007-0 user-008-0 user-009-0 user-010-0 user-011-0 user-012-0
1467	cmd-1467	2025-11-05T09:18:00+09:00	user-001-1 user-002-1 user-003-0 user-004-0 user-005-0 user-006-0 user-007-0 user-008-0 user-009-0 user-010-0 user-011-0 user-012-0
1468	cmd-1468	2025-11-05T10:07:00+09:00	user-001-1 user-002-1 user-003-0 user-004-0 user-005-0 user-006-0 user-007-0 user-008-0 user-009-0 user-010-0 user-011-0 user-012-0
1469	cmd-1469	2025-11-05T10:19:00+09:00	user-001-1 user-002-1 user-003-0 user-004-0 user-005-0 user-006-0 user-007-0 user-008-0 user-009-0 user-010-0 user-011-0 user-012-0
1470	cmd-1470	2025-11-05T10:30:00+09:00	user-001-1 user-002-1 user-003-0 user-004-0 user-005-0 user-006-0 user-007-0 user-008-0 user-009-0 user-010-0 user-011-0 user-012-0
1471	cmd-1471	2025-11-05T11:00:00+09:00	user-001-1 user-002-1 user-003-0 user-004-0 user-005-0 user-006-0 user-007-0 user-008-0 user-009-0 user-010-0 user-011-0 user-012-0
1472	cmd-1472	2025-11-05T11:22:00+09:00	user-001-1 user-002-1 user-003-0 user-004-0 user-005-0 user-006-0 user-007-0 user-008-0 user-009-0 user-010-0 user-011-0 user-012-0
1473	cmd-1473	2025-11-05T14:25:00+09:00	user-001-1 user-002-1 user-003-0 user-004-0 user-005-0 user-006-0 user-007-0 user-008-0 user-009-0 user-010-0 user-011-0 user-012-0
1474	cmd-1474	2025-11-05T14:33:00+09:00	user-001-1 user-002-1 user-003-0 user-004-0 user-005-0 user-006-0 user-007-0 user-008-0 user-009-0 user-010-0 user-011-0 user-012-0
1475	cmd-1475	2025-11-05T15:17:00+09:00	user-001-1 user-002-1 user-003-0 user-004-0 user-005-0 user-006-0 user-007-0 user-008-0 user-009-0 user-010-0 user-011-0 user-012-0
1476	cmd-1476	2025-11-05T15:20:00+09:00	user-001-1 user-002-1 user-003-0 user-004-0 user-005-0 user-006-0 user-007-0 user-008-0 user-009-0 user-010-0 user-011-0 user-012-0
1477	cmd-1477	2025-11-05T17:09:00+09:00	user-001-1 user-002-1 user-003-0 user-004-0 user-005-0 user-006-0 user-007-0 user-008-0 user-009-0 user-010-1 user-011-1 user-012-0
1478	cmd-1478	2025-11-05T17:22:00+09:00	user-001-1 user-002-1 user-003-0 user-004-0 user-005-0 user-006-0 user-007-0 user-008-0 user-009-0 user-010-0 user-011-0 user-012-0
1479	cmd-1479	2025-11-05T17:37:00+09:00	user-001-1 user-002-1 user-003-0 user-004-0 user-005-0 user-006-0 user-007-0 user-008-0 user-009-0 user-010-0 user-011-0 user-012-0
1480	cmd-1480	2025-11-05T18:10:00+09:00	user-001-1 user-002-1 user-003-0 user-004-0 user-005-0 user-006-0 user-007-0 user-008-0 user-009-0 user-010-0 user-011-0 user-012-0
1481	cmd-1481	2025-11-05T18:26:00+09:00	user-001-1 user-002-1 user-003-0 user-004-0 user-005-0 user-006-0 user-007-0 user-008-0 user-009-0 user-010-0 user-011-0 user-012-0
1482	cmd-1482	2025-11-05T18:43:00+09:00	user-001-1 user-002-1 user-003-0 user-004-0 user-005-0 user-006-0 user-007-0 user-008-0 user-009-0 user-010-0 user-011-0 user-012-0
1483	cmd-1483	2025-11-05T19:29:00+09:00	user-001-1 user-002-1 user-003-0 user-004-0 user-005-0 user-006-0 user-007-0 user-008-0 user-009-0 user-010-0 user-011-0 user-012-0
1484	cmd-1484	2025-11-05T19:48:00+09:00	user-001-1 user-002-1 user-003-0 user-004-0 user-005-0 user-006-0 user-007-0 user-008-0 user-009-0 user-010-0 user-011-0 user-012-0
1485	cmd-1485	2025-11-05T19:56:00+09:00	user-001-1 user-002-1 user-003-0 user-004-0 user-005-0 user-006-0 user-007-0 user-008-0 user-009-0 user-010-0 user-011-0 user-012-0
1486	cmd-1486	2025-11-05T20:48:00+09:00	user-001-1 user-002-1 user-003-0 user-004-0 user-005-0 user-006-0 user-007-0 user-008-0 user-009-0 user-010-0 user-011-0 user-012-0
1487	cmd-1487	2025-11-05T21:45:00+09:00	user-001-1 user-002-1 user-003-0 user-004-0 user-005-0 user-006-0 user-007-0 user-008-0 user-009-0 user-010-0 user-011-0 user-012-0
1488	cmd-1488	2025-11-05T22:04:00+09:00	user-001-1 user-002-1 user-003-0 user-004-0 user-005-0 user-006-0 user-007-0 user-008-0 user-009-0 user-010-0 user-011-0 user-012-0
1489	cmd-1489	2025-11-05T22:07:00+09:00	user-001-1 user-002-1 user-003-0 user-004-0 user-005-0 user-006-0 user-007-0 user-008-0 user-009-0 user-010-0 user-011-0 user-012-0
1490	cmd-1490	2025-11-05T22:16:00+09:00	user-001-1 user-002-1 user-003-0 user-004-0 user-005-0 user-006-0 user-007-0 user-008-0 user-009-0 user-010-0 user-011-0 user-012-0
1491	cmd-1491	2025-11-06T01:04:00+09:00	user-001-1 user-002-1 user-003-0 user-004-0 user-005-0 user-006-0 user-007-0 user-008-0 user-009-0 user-010-0 user-011-0 user-012-0
1492	cmd-1492	2025-11-06T01:14:00+09:00	user-001-1 user-002-1 user-003-0 user-004-0 user-005-0 user-006-0 user-007-0 user-008-0 user-009-0 user-010-0 user-011-0 user-012-0
1493	cmd-1493	2025-11-06T01:51:00+09:00	user-001-1 user-002-1 user-003-0 user-004-0 user-005-0 user-006-0 user-007-0 user-008-0 user-009-0 user-010-0 user-011-0 user-012-0
1494	cmd-1494	2025-11-06T02:40:00+09:00	user-001-1 user-002-1 user-003-0 user-004-0 user-005-0 user-006-0 user-007-0 user-008-0 user-009-0 user-010-0 user-011-0 user-012-0
1495	cmd-1495	2025-11-06T03:53:00+09:00	user-001-1 user-002-1 user-003-0 user-004-0 user-005-0 user-006-0 user-007-0 user-008-0 user-009-0 user-010-0 user-011-0 user-012-0
1496	cmd-1496	2025-11-06T04:21:00+09:00	user-001-1 user-002-1 user-003-0 user-004-0 user-005-0 user-006-0 user-007-0 user-008-0 user-009-0 user-010-0 user-011-0 user-012-0
1497	cmd-1497	2025-11-06T06:30:00+09:00	user-001-1 user-002-1 user-003-0 user-004-0 user-005-0 user-006-0 user-007-0 user-008-0 user-009-0 user-010-0 user-011-0 user-012-0
1498	cmd-1498	2025-11-06T06:32:00+09:00	user-001-1 user-002-1 user-003-0 user-004-0 user-005-0 user-006-0 user-007-0 user-008-0 user-009-0 user-010-0 user-011-0 user-012-0
1499	cmd-1499	2025-11-06T06:38:00+09:00	user-001-1 user-002-1 user-003-0 user-004-0 user-005-0 user-006-0 user-007-0 user-008-0 user-009-0 user-010-0 user-011-0 user-012-0
1500	cmd-1500	2025-11-06T06:53:00+09:00	user-001-1 user-002-1 user-003-0 user-004-0 user-005-0 user-006-0 user-007-0 user-008-0 user-009-0 user-010-0 user-011-0 user-012-0
1501	cmd-1501	2025-11-06T07:33:00+09:00	user-001-1 user-002-1 user-003-0 user-004-0 user-005-0 user-006-0 user-007-0 user-008-0 user-009-0 user-010-0 user-011-0 user-012-0
1502	cmd-1502	2025-11-06T07:40:00+09:00	user-001-1 user-002-1 user-003-0 user-004-0 user-005-0 user-006-0 user-007-0 user-008-0 user-009-0 user-010-0 user-011-0 user-012-0
1503	cmd-1503	2025-11-06T08:23:00+09:00	user-001-1 user-002-1 user-003-0 user-004-0 user-005-0 user-006-0 user-007-0 user-008-0 user-009-0 user-010-0 user-011-0 user-012-0
1504	cmd-1504	2025-11-06T11:04:00+09:00	user-001-1 user-002-1 user-003-0 user-004-0 user-005-0 user-006-0 user-007-0 user-008-0 user-009-0 user-010-0 user-011-0 user-012-0
1505	cmd-1505	2025-11-06T11:27:00+09:00	user-001-1 user-002-1 user-003-0 user-004-0 user-005-0 user-006-0 user-007-0 user-008-0 user-009-0 user-010-0 user-011-0 user-012-0
1506	cmd-1506	2025-11-06T11:54:00+09:00	user-001-1 user-002-1 user-003-0 user-004-0 user-005-0 user-006-0 user-007-0 user-008-0 user-009-0 user-010-0 user-011-0 user-012-0
1507	cmd-1507	2025-11-06T13:10:00+09:00	user-001-1 user-002-1 user-003-0 user-004-0 user-005-0 user-006-0 user-007-0 user-008-0 user-009-0 user-010-0 user-011-0 user-012-0
1508	cmd-1508	2025-11-06T13:17:00+09:00	user-001-1 user-002-1 user-003-0 user-004-0 user-005-0 user-006-0 user-007-0 user-008-0 user-009-0 user-010-0 user-011-0 user-012-0
1509	cmd-1509	2025-11-06T13:51:00+09:00	user-001-1 user-002-1 user-003-0 user-004-0 user-005-0 user-006-0 user-007-0 user-008-0 user-009-0 user-010-0 user-011-0 user-012-0
1510	cmd-1510	2025-11-06T15:35:00+09:00	user-001-1 user-002-1 user-003-0 user-004-0 user-005-0 user-006-0 user-007-0 user-008-0 user-009-0 user-010-0 user-011-0 user-012-0
1511	cmd-1511	2025-11-06T16:19:00+09:00	user-001-1 user-002-1 user-003-0 user-004-0 user-005-0 user-006-0 user-007-0 user-008-0 user-009-0 user-010-0 user-011-0 user-012-0
1512	cmd-1512	2025-11-06T16:31:00+09:00	user-001-1 user-002-1 user-003-0 user-004-0 user-005-0 user-006-0 user-007-0 user-008-0 user-009-0 user-010-0 user-011-0 user-012-0
1513	cmd-1513	2025-11-06T16:34:00+09:00	user-001-1 user-002-1 user-003-0 user-004-0 user-005-0 user-006-0 user-007-0 user-008-0 user-009-0 user-010-0 user-011-0 user-012-0
1514	cmd-1514	2025-11-06T16:37:00+09:00	user-001-1 user-002-1 user-003-0 user-004-0 user-005-0 user-006-0 user-007-0 user-008-0 user-009-0 user-010-0 user-011-0 user-012-0
1515	cmd-1515	2025-11-06T17:51:00+09:00	user-001-1 user-002-1 user-003-0 user-004-0 user-005-0 user-006-0 user-007-0 user-008-0 user-009-0 user-010-0 user-011-0 user-012-0
1516	cmd-1516	2025-11-06T18:18:00+09:00	user-001-1 user-002-1 user-003-0 user-004-0 user-005-0 user-006-0 user-007-0 user-008-0 user-009-0 user-010-0 user-011-0 user-012-0
1517	cmd-1517	2025-11-06T20:36:00+09:00	user-001-1 user-002-1 user-003-0 user-004-0 user-005-0 user-006-0 user-007-0 user-008-0 user-009-0 user-010-0 user-011-0 user-012-0
1518	cmd-1518	2025-11-06T22:19:00+09:00	user-001-1 user-002-1 user-003-0 user-004-0 user-005-0 user-006-0 user-007-0 user-008-0 user-009-0 user-010-0 user-011-0 user-012-0
1519	cmd-1519	2025-11-06T23:38:00+09:00	user-001-1 user-002-1 user-003-0 user-004-0 user-005-0 user-006-0 user-007-0 user-008-0 user-009-0 user-010-0 user-011-0 user-012-0
1520	cmd-1520	2025-11-06T23:57:00+09:00	user-001-1 user-002-1 user-003-0 user-004-0 user-005-0 user-006-0 user-007-0 user-008-0 user-009-0 user-010-0 user-011-0 user-012-0
1521	cmd-1521	2025-11-07T00:06:00+09:00	user-001-1 user-002-1 user-003-0 user-004-0 user-005-0 user-006-0 user-007-0 user-008-0 user-009-0 user-010-0 user-011-0 user-012-0
1522	cmd-1522	2025-11-07T00:35:00+09:00	user-001-1 user-002-1 user-003-0 user-004-0 user-005-0 user-006-0 user-007-0 user-008-0 user-009-0 user-010-0 user-011-0 user-012-0
1523	cmd-1523	2025-11-07T01:49:00+09:00	user-001-1 user-002-1 user-003-0 user-004-0 user-005-0 user-006-0 user-007-0 user-008-0 user-009-0 user-010-0 user-011-0 user-012-0
1524	cmd-1524	2025-11-07T02:01:00+09:00	user-001-1 user-002-1 user-003-0 user-004-0 user-005-0 user-006-0 user-007-0 user-008-0 user-009-0 user-010-0 user-011-0 user-012-0
1525	cmd-1525	2025-11-07T02:48:00+09:00	user-001-1 user-002-1 user-003-0 user-004-0 user-005-0 user-006-0 user-007-0 user-008-0 user-009-0 user-010-0 user-011-0 user-012-0
1526	cmd-1526	2025-11-07T03:06:00+09:00	user-001-1 user-002-1 user-003-0 user-004-0 user-005-0 user-006-0 user-007-0 user-008-0 user-009-0 user-010-0 user-011-0 user-012-0
1527	cmd-1527	2025-11-07T04:06:00+09:00	user-001-1 user-002-1 user-003-0 user-004-0 user-005-0 user-006-0 user-007-0 user-008-0 user-009-0 user-010-0 user-011-0 user-012-0
1528	cmd-1528	2025-11-07T05:03:00+09:00	user-001-1 user-002-1 user-003-0 user-004-0 user-005-0 user-006-0 user-007-0 user-008-0 user-009-0 user-010-0 user-011-0 user-012-0
1529	cmd-1529	2025-11-07T05:54:00+09:00	user-001-1 user-002-1 user-003-0 user-004-0 user-005-0 user-006-0 user-007-0 user-008-0 user-009-0 user-010-0 user-011-0 user-012-0
1530	cmd-1530	2025-11-07T05:57:00+09:00	user-001-1 user-002-1 user-003-0 user-004-0 user-005-0 user-006-0 user-007-0 user-008-0 user-009-0 user-010-0 user-011-0 user-012-0
1531	cmd-1531	2025-11-07T05:58:00+09:00	user-001-1 user-002-1 user-003-0 user-004-0 user-005-0 user-006-0 user-007-0 user-008-0 user-009-0 user-010-0 user-011-0 user-012-0
1532	cmd-1532	2025-11-07T06:18:00+09:00	user-001-1 user-002-1 user-003-0 user-004-0 user-005-0 user-006-0 user-007-0 user-008-0 user-009-0 user-010-0 user-011-0 user-012-0
1533	cmd-1533	2025-11-07T07:45:00+09:00	user-001-1 user-002-1 user-003-0 user-004-0 user-005-0 user-006-0 user-007-0 user-008-0 user-009-0 user-010-0 user-011-0 user-012-0
1534	cmd-1534	2025-11-07T10:13:00+09:00	user-001-1 user-002-1 user-003-0 user-004-0 user-005-0 user-006-0 user-007-0 user-008-0 user-009-0 user-010-0 user-011-0 user-012-0
1535	cmd-1535	2025-11-07T11:31:00+09:00	user-001-1 user-002-1 user-003-0 user-004-0 user-005-0 user-006-0 user-007-0 user-008-0 user-009-0 user-010-0 user-011-0 user-012-0
1536	cmd-1536	2025-11-07T11:37:00+09:00	user-001-1 user-002-1 user-003-0 user-004-0 user-005-0 user-006-0 user-007-0 user-008-0 user-009-0 user-010-0 user-011-0 user-012-0
1537	cmd-1537	2025-11-07T12:02:00+09:00	user-001-1 user-002-1 user-003-0 user-004-0 user-005-0 user-006-0 user-007-0 user-008-0 user-009-0 user-010-0 user-011-0 user-012-0
1538	cmd-1538	2025-11-07T12:02:00+09:00	user-001-1 user-002-1 user-003-0 user-004-0 user-005-0 user-006-0 user-007-0 user-008-0 user-009-0 user-010-0 user-011-0 user-012-0
1539	cmd-1539	2025-11-07T12:04:00+09:00	user-001-1 user-002-1 user-003-0 user-004-0 user-005-0 user-006-0 user-007-0 user-008-0 user-009-0 user-010-0 user-011-0 user-012-0
1540	cmd-1540	2025-11-07T12:30:00+09:00	user-001-1 user-002-1 user-003-0 user-004-0 user-005-0 user-006-0 user-007-0 user-008-0 user-009-0 user-010-0 user-011-0 user-012-0
1541	cmd-1541	2025-11-07T12:46:00+09:00	user-001-1 user-002-1 user-003-0 user-004-0 user-005-0 user-006-0 user-007-0 user-008-0 user-009-0 user-010-0 user-011-0 user-012-0
1542	cmd-1542	2025-11-07T13:28:00+09:00	user-001-1 user-002-1 user-003-0 user-004-0 user-005-0 user-006-0 user-007-0 user-008-0 user-009-0 user-010-0 user-011-0 user-012-0
1543	cmd-1543	2025-11-07T14:18:00+09:00	user-001-1 user-002-1 user-003-0 user-004-0 user-005-0 user-006-0 user-007-0 user-008-0 user-009-0 user-010-0 user-011-0 user-012-0
1544	cmd-1544	2025-11-07T14:21:00+09:00	user-001-1 user-002-1 user-003-0 user-004-0 user-005-0 user-006-0 user-007-0 user-008-0 user-009-0 user-010-0 user-011-0 user-012-0
1545	cmd-1545	2025-11-07T17:16:00+09:00	user-001-1 user-002-1 user-003-0 user-004-0 user-005-0 user-006-0 user-007-0 user-008-0 user-009-0 user-010-0 user-011-0 user-012-0
1546	cmd-1546	2025-11-07T17:32:00+09:00	user-001-1 user-002-1 user-003-0 user-004-0 user-005-0 user-006-0 user-007-0 user-008-0 user-009-0 user-010-0 user-011-0 user-012-0
1547	cmd-1547	2025-11-07T18:04:00+09:00	user-001-1 user-002-1 user-003-0 user-004-0 user-005-0 user-006-0 user-007-0 user-008-0 user-009-0 user-010-0 user-011-0 user-012-0
1548	cmd-1548	2025-11-07T18:34:00+09:00	user-001-1 user-002-1 user-003-0 user-004-0 user-005-0 user-006-0 user-007-0 user-008-0 user-009-0 user-010-0 user-011-0 user-012-0
1549	cmd-1549	2025-11-07T19:23:00+09:00	user-001-1 user-002-1 user-003-0 user-004-0 user-005-0 user-006-0 user-007-0 user-008-0 user-009-0 user-010-0 user-011-0 user-012-0
1550	cmd-1550	2025-11-07T19:31:00+09:00	user-001-1 user-002-1 user-003-0 user-004-0 user-005-0 user-006-0 user-007-0 user-008-0 user-009-0 user-010-0 user-011-0 user-012-0
1551	cmd-1551	2025-11-07T20:15:00+09:00	user-001-1 user-002-1 user-003-0 user-004-0 user-005-0 user-006-0 user-007-0 user-008-0 user-009-0 user-010-0 user-011-0 user-012-0
1552	cmd-1552	2025-11-07T20:27:00+09:00	user-001-1 user-002-1 user-003-0 user-004-0 user-005-0 user-006-0 user-007-0 user-008-0 user-009-0 user-010-0 user-011-0 user-012-0
1553	cmd-1553	2025-11-07T21:13:00+09:00	user-001-1 user-002-1 user-003-0 user-004-0 user-005-0 user-006-0 user-007-0 user-008-0 user-009-0 user-010-0 user-011-0 user-012-0
1554	cmd-1554	2025-11-07T21:13:00+09:00	user-001-1 user-002-1 user-003-0 user-004-0 user-005-0 user-006-0 user-007-0 user-008-0 user-009-0 user-010-0 user-011-0 user-012-0
1555	cmd-1555	2025-11-07T21:13:00+09:00	user-001-1 user-002-1 user-003-0 user-004-0 user-005-0 user-006-0 user-007-0 user-008-0 user-009-0 user-010-0 user-011-0 user-012-0
1556	cmd-1556	2025-11-07T22:01:00+09:00	user-001-1 user-002-1 user-003-0 user-004-0 user-005-0 user-006-0 user-007-0 user-008-0 user-009-0 user-010-0 user-011-0 user-012-0
1557	cmd-1557	2025-11-07T22:41:00+09:00	user-001-1 user-002-1 user-003-0 user-004-0 user-005-0 user-006-0 user-007-0 user-008-0 user-009-0 user-010-0 user-011-0 user-012-0
1558	cmd-1558	2025-11-07T23:08:00+09:00	user-001-1 user-002-1 user-003-0 user-004-0 user-005-0 user-006-0 user-007-0 user-008-0 user-009-0 user-010-0 user-011-0 user-012-0
1559	cmd-1559	2025-11-07T23:22:00+09:00	user-001-1 user-002-1 user-003-0 user-004-0 user-005-0 user-006-0 user-007-0 user-008-0 user-009-0 user-010-0 user-011-0 user-012-0
1560	cmd-1560	2025-11-08T00:10:00+09:00	user-001-1 user-002-1 user-003-0 user-004-0 user-005-0 user-006-0 user-007-0 user-008-0 user-009-0 user-010-0 user-011-0 user-012-0
1561	cmd-1561	2025-11-08T00:30:00+09:00	user-001-1 user-002-1 user-003-0 user-004-0 user-005-0 user-006-0 user-007-0 user-008-0 user-009-0 user-010-0 user-011-0 user-012-0
1562	cmd-1562	2025-11-08T00:37:00+09:00	user-001-1 user-002-1 user-003-0 user-004-0 user-005-0 user-006-0 user-007-0 user-008-0 user-009-0 user-010-0 user-011-0 user-012-0
1563	cmd-1563	2025-11-08T01:04:00+09:00	user-001-1 user-002-1 user-003-0 user-004-0 user-005-0 user-006-0 user-007-0 user-008-0 user-009-0 user-010-0 user-011-0 user-012-0
1564	cmd-1564	2025-11-08T01:14:00+09:00	user-001-1 user-002-1 user-003-0 user-004-0 user-005-0 user-006-0 user-007-0 user-008-0 user-009-0 user-010-0 user-011-0 user-012-0
1565	cmd-1565	2025-11-08T01:25:00+09:00	user-001-1 user-002-1 user-003-0 user-004-0 user-005-0 user-006-0 user-007-0 user-008-0 user-009-0 user-010-0 user-011-0 user-012-0
1566	cmd-1566	2025-11-08T04:07:00+09:00	user-001-1 user-002-1 user-003-0 user-004-0 user-005-0 user-006-0 user-007-0 user-008-0 user-009-0 user-010-0 user-011-0 user-012-0
1567	cmd-1567	2025-11-08T05:53:00+09:00	user-001-1 user-002-1 user-003-0 user-004-0 user-005-0 user-006-0 user-007-0 user-008-0 user-009-0 user-010-0 user-011-0 user-012-0
1568	cmd-1568	2025-11-08T06:45:00+09:00	user-001-1 user-002-1 user-003-0 user-004-0 user-005-0 user-006-0 user-007-0 user-008-0 user-009-0 user-010-0 user-011-0 user-012-0
1569	cmd-1569	2025-11-08T07:32:00+09:00	user-001-1 user-002-1 user-003-0 user-004-0 user-005-0 user-006-0 user-007-0 user-008-0 user-009-0 user-010-0 user-011-0 user-012-0
1570	cmd-1570	2025-11-08T08:07:00+09:00	user-001-1 user-002-1 user-003-0 user-004-0 user-005-0 user-006-0 user-007-0 user-008-0 user-009-0 user-010-0 user-011-0 user-012-0
1571	cmd-1571	2025-11-08T08:28:00+09:00	user-001-1 user-002-1 user-003-0 user-004-0 user-005-0 user-006-0 user-007-0 user-008-0 user-009-0 user-010-0 user-011-0 user-012-0
1572	cmd-1572	2025-11-08T08:29:00+09:00	user-001-1 user-002-1 user-003-0 user-004-0 user-005-0 user-006-0 user-007-0 user-008-0 user-009-0 user-010-0 user-011-0 user-012-0
1573	cmd-1573	2025-11-08T08:29:00+09:00	user-001-1 user-002-1 user-003-0 user-004-0 user-005-0 user-006-0 user-007-0 user-008-0 user-009-0 user-010-0 user-011-0 user-012-0
1574	cmd-1574	2025-11-08T10:40:00+09:00	user-001-1 user-002-1 user-003-0 user-004-0 user-005-0 user-006-0 user-007-0 user-008-0 user-009-0 user-010-0 user-011-0 user-012-0
1575	cmd-1575	2025-11-08T11:05:00+09:00	user-001-1 user-002-1 user-003-0 user-004-0 user-005-0 user-006-0 user-007-0 user-008-0 user-009-0 user-010-0 user-011-0 user-012-0
1576	cmd-1576	2025-11-08T11:06:00+09:00	user-001-1 user-002-1 user-003-0 user-004-0 user-005-0 user-006-0 user-007-0 user-008-0 user-009-0 user-010-0 user-011-0 user-012-0
1577	cmd-1577	2025-11-08T11:14:00+09:00	user-001-1 user-002-1 user-003-0 user-004-0 user-005-0 user-006-0 user-007-0 user-008-0 user-009-0 user-010-0 user-011-0 user-012-0
1578	cmd-1578	2025-11-08T12:09:00+09:00	user-001-1 user-002-1 user-003-0 user-004-0 user-005-0 user-006-0 user-007-0 user-008-0 user-009-0 user-010-0 user-011-0 user-012-0
1579	cmd-1579	2025-11-08T12:11:00+09:00	user-001-1 user-002-1 user-003-0 user-004-0 user-005-0 user-006-0 user-007-0 user-008-0 user-009-0 user-010-0 user-011-0 user-012-0
1580	cmd-1580	2025-11-08T12:44:00+09:00	user-001-1 user-002-1 user-003-0 user-004-0 user-005-0 user-006-0 user-007-0 user-008-0 user-009-0 user-010-0 user-011-0 user-012-0
1581	cmd-1581	2025-11-08T12:57:00+09:00	user-001-1 user-002-1 user-003-0 user-004-0 user-005-0 user-006-0 user-007-0 user-008-0 user-009-0 user-010-0 user-011-0 user-012-0
1582	cmd-1582	2025-11-08T13:49:00+09:00	user-001-1 user-002-1 user-003-0 user-004-0 user-005-0 user-006-0 user-007-0 user-008-0 user-009-0 user-010-0 user-011-0 user-012-0
1583	cmd-1583	2025-11-08T14:23:00+09:00	user-001-1 user-002-1 user-003-0 user-004-0 user-005-0 user-006-0 user-007-0 user-008-0 user-009-0 user-010-0 user-011-0 user-012-0
1584	cmd-1584	2025-11-08T14:58:00+09:00	user-001-1 user-002-1 user-003-0 user-004-0 user-005-0 user-006-0 user-007-0 user-008-0 user-009-0 user-010-0 user-011-0 user-012-0
1585	cmd-1585	2025-11-08T15:49:00+09:00	user-001-1 user-002-1 user-003-0 user-004-0 user-005-0 user-006-0 user-007-0 user-008-0 user-009-0 user-010-0 user-011-0 user-012-0
1586	cmd-1586	2025-11-08T16:29:00+09:00	user-001-1 user-002-1 user-003-0 user-004-0 user-005-0 user-006-0 user-007-0 user-008-0 user-009-0 user-010-0 user-011-0 user-012-0
1587	cmd-1587	2025-11-08T17:14:00+09:00	user-001-1 user-002-1 user-003-0 user-004-0 user-005-0 user-006-0 user-007-0 user-008-0 user-009-0 user-010-0 user-011-0 user-012-0
1588	cmd-1588	2025-11-08T17:30:00+09:00	user-001-1 user-002-1 user-003-0 user-004-0 user-005-0 user-006-0 user-007-0 user-008-0 user-009-0 user-010-0 user-011-0 user-012-0
1589	cmd-1589	2025-11-08T17:46:00+09:00	user-001-1 user-002-1 user-003-0 user-004-0 user-005-0 user-006-0 user-007-0 user-008-0 user-009-0 user-010-0 user-011-0 user-012-0
1590	cmd-1590	2025-11-08T18:58:00+09:00	user-001-1 user-002-1 user-003-0 user-004-0 user-005-0 user-006-0 user-007-0 user-008-0 user-009-0 user-010-0 user-011-0 user-012-0
1591	cmd-1591	2025-11-08T19:40:00+09:00	user-001-1 user-002-1 user-003-0 user-004-0 user-005-0 user-006-0 user-007-0 user-008-0 user-009-0 user-010-0 user-011-0 user-012-0
1592	cmd-1592	2025-11-08T20:02:00+09:00	user-001-1 user-002-1 user-003-0 user-004-0 user-005-0 user-006-0 user-007-0 user-008-0 user-009-0 user-010-0 user-011-0 user-012-0
1593	cmd-1593	2025-11-08T20:24:00+09:00	user-001-1 user-002-1 user-003-0 user-004-0 user-005-0 user-006-0 user-007-0 user-008-0 user-009-0 user-010-0 user-011-0 user-012-0
1594	cmd-1594	2025-11-08T20:50:00+09:00	user-001-1 user-002-1 user-003-0 user-004-0 user-005-0 user-006-0 user-007-0 user-008-0 user-009-0 user-010-0 user-011-0 user-012-0
1595	cmd-1595	2025-11-08T21:28:00+09:00	user-001-1 user-002-1 user-003-0 user-004-0 user-005-0 user-006-0 user-007-0 user-008-0 user-009-0 user-010-0 user-011-0 user-012-0
1596	cmd-1596	2025-11-08T22:01:00+09:00	user-001-1 user-002-1 user-003-0 user-004-0 user-005-0 user-006-0 user-007-0 user-008-0 user-009-0 user-010-0 user-011-0 user-012-0
1597	cmd-1597	2025-11-08T22:26:00+09:00	user-001-1 user-002-1 user-003-0 user-004-0 user-005-0 user-006-0 user-007-0 user-008-0 user-009-0 user-010-0 user-011-0 user-012-0
1598	cmd-1598	2025-11-08T23:54:00+09:00	user-001-1 user-002-1 user-003-0 user-004-0 user-005-0 user-006-0 user-007-0 user-008-0 user-009-0 user-010-0 user-011-0 user-012-0
1599	cmd-1599	2025-11-09T01:08:00+09:00	user-001-1 user-002-1 user-003-0 user-004-0 user-005-0 user-006-0 user-007-0 user-008-0 user-009-0 user-010-0 user-011-0 user-012-0
1600	cmd-1600	2025-11-09T02:16:00+09:00	user-001-1 user-002-1 user-003-0 user-004-0 user-005-0 user-006-0 user-007-0 user-008-0 user-009-0 user-010-0 user-011-0 user-012-0
1601	cmd-1601	2025-11-09T02:40:00+09:00	user-001-1 user-002-1 user-003-0 user-004-0 user-005-0 user-006-0 user-007-0 user-008-0 user-009-0 user-010-0 user-011-0 user-012-0
1602	cmd-1602	2025-11-09T03:00:00+09:00	user-001-1 user-002-1 user-003-0 user-004-0 user-005-0 user-006-0 user-007-0 user-008-0 user-009-0 user-010-0 user-011-0 user-012-0
1603	cmd-1603	2025-11-09T03:12:00+09:00	user-001-1 user-002-1 user-003-0 user-004-0 user-005-0 user-006-0 user-007-0 user-008-0 user-009-0 user-010-0 user-011-0 user-012-0
1604	cmd-1604	2025-11-09T05:14:00+09:00	user-001-1 user-002-1 user-003-0 user-004-0 user-005-0 user-006-0 user-007-0 user-008-0 user-009-0 user-010-0 user-011-0 user-012-0
1605	cmd-1605	2025-11-09T05:28:00+09:00	user-001-1 user-002-1 user-003-0 user-004-0 user-005-0 user-006-0 user-007-0 user-008-0 user-009-0 user-010-0 user-011-0 user-012-0
1606	cmd-1606	2025-11-09T05:43:00+09:00	user-001-1 user-002-1 user-003-0 user-004-0 user-005-0 user-006-0 user-007-0 user-008-0 user-009-0 user-010-0 user-011-0 user-012-0
1607	cmd-1607	2025-11-09T06:07:00+09:00	user-001-1 user-002-1 user-003-0 user-004-0 user-005-0 user-006-0 user-007-0 user-008-0 user-009-0 user-010-0 user-011-0 user-012-0
1608	cmd-1608	2025-11-09T06:09:00+09:00	user-001-1 user-002-1 user-003-0 user-004-0 user-005-0 user-006-0 user-007-0 user-008-0 user-009-0 user-010-0 user-011-0 user-012-0
1609	cmd-1609	2025-11-09T06:16:00+09:00	user-001-1 user-002-1 user-003-0 user-004-0 user-005-0 user-006-0 user-007-0 user-008-0 user-009-0 user-010-0 user-011-0 user-012-0
1610	cmd-1610	2025-11-09T07:14:00+09:00	user-001-1 user-002-1 user-003-0 user-004-0 user-005-0 user-006-0 user-007-0 user-008-0 user-009-0 user-010-0 user-011-0 user-012-0
1611	cmd-1611	2025-11-09T07:17:00+09:00	user-001-1 user-002-1 user-003-0 user-004-0 user-005-0 user-006-0 user-007-0 user-008-0 user-009-0 user-010-0 user-011-0 user-012-0
1612	cmd-1612	2025-11-09T07:45:00+09:00	user-001-1 user-002-1 user-003-0 user-004-0 user-005-0 user-006-0 user-007-0 user-008-0 user-009-0 user-010-0 user-011-0 user-012-0
1613	cmd-1613	2025-11-09T07:59:00+09:00	user-001-1 user-002-1 user-003-0 user-004-0 user-005-0 user-006-0 user-007-0 user-008-0 user-009-0 user-010-0 user-011-0 user-012-0
1614	cmd-1614	2025-11-09T08:16:00+09:00	user-001-1 user-002-1 user-003-0 user-004-0 user-005-0 user-006-0 user-007-0 user-008-0 user-009-0 user-010-0 user-011-0 user-012-0
1615	cmd-1615	2025-11-09T08:43:00+09:00	user-001-1 user-002-1 user-003-0 user-004-0 user-005-0 user-006-0 user-007-0 user-008-0 user-009-0 user-010-1 user-011-1 user-012-0
1616	cmd-1616	2025-11-09T08:55:00+09:00	user-001-1 user-002-1 user-003-0 user-004-0 user-005-0 user-006-0 user-007-0 user-008-0 user-009-0 user-010-0 user-011-0 user-012-0
1617	cmd-1617	2025-11-09T09:14:00+09:00	user-001-1 user-002-1 user-003-0 user-004-0 user-005-0 user-006-0 user-007-0 user-008-0 user-009-0 user-010-0 user-011-0 user-012-0
1618	cmd-1618	2025-11-09T10:24:00+09:00	user-001-1 user-002-1 user-003-0 user-004-0 user-005-0 user-006-0 user-007-0 user-008-0 user-009-0 user-010-0 user-011-0 user-012-0
1619	cmd-1619	2025-11-09T10:36:00+09:00	user-001-1 user-002-1 user-003-0 user-004-0 user-005-0 user-006-0 user-007-0 user-008-0 user-009-0 user-010-0 user-011-0 user-012-0
1620	cmd-1620	2025-11-09T10:41:00+09:00	user-001-1 user-002-1 user-003-0 user-004-0 user-005-0 user-006-0 user-007-0 user-008-0 user-009-0 user-010-0 user-011-0 user-012-0
1621	cmd-1621	2025-11-09T13:05:00+09:00	user-001-1 user-002-1 user-003-0 user-004-0 user-005-0 user-006-0 user-007-0 user-008-0 user-009-0 user-010-0 user-011-0 user-012-0
1622	cmd-1622	2025-11-09T13:27:00+09:00	user-001-1 user-002-1 user-003-0 user-004-0 user-005-0 user-006-0 user-007-0 user-008-0 user-009-0 user-010-0 user-011-0 user-012-0
1623	cmd-1623	2025-11-09T14:18:00+09:00	user-001-1 user-002-1 user-003-0 user-004-0 user-005-0 user-006-0 user-007-0 user-008-0 user-009-0 user-010-0 user-011-0 user-012-0
1624	cmd-1624	2025-11-09T15:25:00+09:00	user-001-1 user-002-1 user-003-0 user-004-0 user-005-0 user-006-0 user-007-0 user-008-0 user-009-0 user-010-0 user-011-0 user-012-0
1625	cmd-1625	2025-11-09T18:15:00+09:00	user-001-1 user-002-1 user-003-0 user-004-0 user-005-0 user-006-0 user-007-0 user-008-0 user-009-0 user-010-0 user-011-0 user-012-0
1626	cmd-1626	2025-11-09T18:27:00+09:00	user-001-1 user-002-1 user-003-0 user-004-0 user-005-0 user-006-0 user-007-0 user-008-0 user-009-0 user-010-0 user-011-0 user-012-0
1627	cmd-1627	2025-11-09T18:56:00+09:00	user-001-1 user-002-1 user-003-0 user-004-0 user-005-0 user-006-0 user-007-0 user-008-0 user-009-0 user-010-0 user-011-0 user-012-0
1628	cmd-1628	2025-11-09T19:17:00+09:00	user-001-1 user-002-1 user-003-0 user-004-0 user-005-0 user-006-0 user-007-0 user-008-0 user-009-0 user-010-0 user-011-0 user-012-0
1629	cmd-1629	2025-11-09T19:28:00+09:00	user-001-1 user-002-1 user-003-0 user-004-0 user-005-0 user-006-0 user-007-0 user-008-0 user-009-0 user-010-0 user-011-0 user-012-0
1630	cmd-1630	2025-11-09T20:07:00+09:00	user-001-1 user-002-1 user-003-0 user-004-0 user-005-0 user-006-0 user-007-0 user-008-0 user-009-0 user-010-0 user-011-0 user-012-0
1631	cmd-1631	2025-11-09T20:15:00+09:00	user-001-1 user-002-1 user-003-0 user-004-0 user-005-0 user-006-0 user-007-0 user-008-0 user-009-0 user-010-0 user-011-0 user-012-0
1632	cmd-1632	2025-11-09T21:05:00+09:00	user-001-1 user-002-1 user-003-0 user-004-0 user-005-0 user-006-0 user-007-0 user-008-0 user-009-0 user-010-0 user-011-0 user-012-0
1633	cmd-1633	2025-11-09T22:16:00+09:00	user-001-1 user-002-1 user-003-0 user-004-0 user-005-0 user-006-0 user-007-0 user-008-0 user-009-0 user-010-0 user-011-0 user-012-0
1634	cmd-1634	2025-11-10T00:37:00+09:00	user-001-1 user-002-1 user-003-0 user-004-0 user-005-0 user-006-0 user-007-0 user-008-0 user-009-0 user-010-0 user-011-0 user-012-0
1635	cmd-1635	2025-11-10T00:42:00+09:00	user-001-1 user-002-1 user-003-0 user-004-0 user-005-0 user-006-0 user-007-0 user-008-0 user-009-0 user-010-0 user-011-0 user-012-0
1636	cmd-1636	2025-11-10T01:21:00+09:00	user-001-1 user-002-1 user-003-0 user-004-0 user-005-0 user-006-0 user-007-0 user-008-0 user-009-0 user-010-0 user-011-0 user-012-0
1637	cmd-1637	2025-11-10T01:34:00+09:00	user-001-1 user-002-1 user-003-0 user-004-0 user-005-0 user-006-0 user-007-0 user-008-0 user-009-0 user-010-0 user-011-0 user-012-0
1638	cmd-1638	2025-11-10T01:57:00+09:00	user-001-1 user-002-1 user-003-0 user-004-0 user-005-0 user-006-0 user-007-0 user-008-0 user-009-0 user-010-0 user-011-0 user-012-0
1639	cmd-1639	2025-11-10T03:13:00+09:00	user-001-1 user-002-1 user-003-0 user-004-0 user-005-0 user-006-0 user-007-0 user-008-0 user-009-0 user-010-0 user-011-0 user-012-0
1640	cmd-1640	2025-11-10T04:55:00+09:00	user-001-1 user-002-1 user-003-0 user-004-0 user-005-0 user-006-0 user-007-0 user-008-0 user-009-0 user-010-0 user-011-0 user-012-0
1641	cmd-1641	2025-11-10T05:09:00+09:00	user-001-1 user-002-1 user-003-0 user-004-0 user-005-0 user-006-0 user-007-0 user-008-0 user-009-0 user-010-0 user-011-0 user-012-0
1642	cmd-1642	2025-11-10T06:24:00+09:00	user-001-1 user-002-1 user-003-0 user-004-0 user-005-0 user-006-0 user-007-0 user-008-0 user-009-0 user-010-0 user-011-0 user-012-0
1643	cmd-1643	2025-11-10T06:48:00+09:00	user-001-1 user-002-1 user-003-0 user-004-0 user-005-0 user-006-0 user-007-0 user-008-0 user-009-0 user-010-0 user-011-0 user-012-0
1644	cmd-1644	2025-11-10T06:56:00+09:00	user-001-1 user-002-1 user-003-0 user-004-0 user-005-0 user-006-0 user-007-0 user-008-0 user-009-0 user-010-0 user-011-0 user-012-0
1645	cmd-1645	2025-11-10T07:45:00+09:00	user-001-1 user-002-1 user-003-0 user-004-0 user-005-0 user-006-0 user-007-0 user-008-0 user-009-0 user-010-0 user-011-0 user-012-0
1646	cmd-1646	2025-11-10T08:21:00+09:00	user-001-1 user-002-1 user-003-0 user-004-0 user-005-0 user-006-0 user-007-0 user-008-0 user-009-0 user-010-0 user-011-0 user-012-0
1647	cmd-1647	2025-11-10T08:40:00+09:00	user-001-1 user-002-1 user-003-0 user-004-0 user-005-0 user-006-0 user-007-0 user-008-0 user-009-0 user-010-0 user-011-0 user-012-0
1648	cmd-1648	2025-11-10T09:19:00+09:00	user-001-1 user-002-1 user-003-0 user-004-0 user-005-0 user-006-0 user-007-0 user-008-0 user-009-0 user-010-0 user-011-0 user-012-0
1649	cmd-1649	2025-11-10T09:45:00+09:00	user-001-1 user-002-1 user-003-0 user-004-0 user-005-0 user-006-0 user-007-0 user-008-0 user-009-0 user-010-0 user-011-0 user-012-0
1650	cmd-1650	2025-11-10T10:28:00+09:00	user-001-1 user-002-1 user-003-0 user-004-0 user-005-0 user-006-0 user-007-0 user-008-0 user-009-0 user-010-0 user-011-0 user-012-0
1651	cmd-1651	2025-11-10T11:43:00+09:00	user-001-1 user-002-1 user-003-0 user-004-0 user-005-0 user-006-0 user-007-0 user-008-0 user-009-0 user-010-0 user-011-0 user-012-0
1652	cmd-1652	2025-11-10T11:44:00+09:00	user-001-1 user-002-1 user-003-0 user-004-0 user-005-0 user-006-0 user-007-0 user-008-0 user-009-0 user-010-0 user-011-0 user-012-0
1653	cmd-1653	2025-11-10T12:22:00+09:00	user-001-1 user-002-1 user-003-0 user-004-0 user-005-0 user-006-0 user-007-0 user-008-0 user-009-0 user-010-0 user-011-0 user-012-0
1654	cmd-1654	2025-11-10T12:31:00+09:00	user-001-1 user-002-1 user-003-0 user-004-0 user-005-0 user-006-0 user-007-0 user-008-0 user-009-0 user-010-0 user-011-0 user-012-0
1655	cmd-1655	2025-11-10T12:37:00+09:00	user-001-1 user-002-1 user-003-0 user-004-0 user-005-0 user-006-0 user-007-0 user-008-0 user-009-0 user-010-0 user-011-0 user-012-0
1656	cmd-1656	2025-11-10T12:41:00+09:00	user-001-1 user-002-1 user-003-0 user-004-0 user-005-0 user-006-0 user-007-0 user-008-0 user-009-0 user-010-0 user-011-0 user-012-0
1657	cmd-1657	2025-11-10T12:46:00+09:00	user-001-1 user-002-1 user-003-0 user-004-0 user-005-0 user-006-0 user-007-0 user-008-0 user-009-0 user-010-0 user-011-0 user-012-0
1658	cmd-1658	2025-11-10T13:17:00+09:00	user-001-1 user-002-1 user-003-0 user-004-0 user-005-0 user-006-0 user-007-0 user-008-0 user-009-0 user-010-0 user-011-0 user-012-0
1659	cmd-1659	2025-11-10T13:25:00+09:00	user-001-1 user-002-1 user-003-0 user-004-0 user-005-0 user-006-0 user-007-0 user-008-0 user-009-0 user-010-0 user-011-0 user-012-0
1660	cmd-1660	2025-11-10T13:38:00+09:00	user-001-1 user-002-1 user-003-0 user-004-0 user-005-0 user-006-0 user-007-0 user-008-0 user-009-0 user-010-0 user-011-0 user-012-0
1661	cmd-1661	2025-11-10T14:42:00+09:00	user-001-1 user-002-1 user-003-0 user-004-0 user-005-0 user-006-0 user-007-0 user-008-0 user-009-0 user-010-0 user-011-0 user-012-0
1662	cmd-1662	2025-11-10T15:38:00+09:00	user-001-1 user-002-1 user-003-0 user-004-0 user-005-0 user-006-0 user-007-0 user-008-0 user-009-0 user-010-0 user-011-0 user-012-0
1663	cmd-1663	2025-11-10T16:09:00+09:00	user-001-1 user-002-1 user-003-0 user-004-0 user-005-0 user-006-0 user-007-0 user-008-0 user-009-0 user-010-0 user-011-0 user-012-0
1664	cmd-1664	2025-11-10T18:17:00+09:00	user-001-1 user-002-1 user-003-0 user-004-0 user-005-0 user-006-0 user-007-0 user-008-0 user-009-0 user-010-0 user-011-0 user-012-0
1665	cmd-1665	2025-11-10T18:35:00+09:00	user-001-1 user-002-1 user-003-0 user-004-0 user-005-0 user-006-0 user-007-0 user-008-0 user-009-0 user-010-0 user-011-0 user-012-0
1666	cmd-1666	2025-11-10T18:56:00+09:00	user-001-1 user-002-1 user-003-0 user-004-0 user-005-0 user-006-0 user-007-0 user-008-0 user-009-0 user-010-0 user-011-0 user-012-0
1667	cmd-1667	2025-11-10T22:13:00+09:00	user-001-1 user-002-1 user-003-0 user-004-0 user-005-0 user-006-0 user-007-0 user-008-0 user-009-0 user-010-0 user-011-0 user-012-0
1668	cmd-1668	2025-11-11T00:58:00+09:00	user-001-1 user-002-1 user-003-0 user-004-0 user-005-0 user-006-0 user-007-0 user-008-0 user-009-0 user-010-0 user-011-0 user-012-0
1669	cmd-1669	2025-11-11T01:16:00+09:00	user-001-1 user-002-1 user-003-0 user-004-0 user-005-0 user-006-0 user-007-0 user-008-0 user-009-0 user-010-0 user-011-0 user-012-0
1670	cmd-1670	2025-11-11T01:23:00+09:00	user-001-1 user-002-1 user-003-0 user-004-0 user-005-0 user-006-0 user-007-0 user-008-0 user-009-0 user-010-0 user-011-0 user-012-0
1671	cmd-1671	2025-11-11T02:32:00+09:00	user-001-1 user-002-1 user-003-0 user-004-0 user-005-0 user-006-0 user-007-0 user-008-0 user-009-0 user-010-1 user-011-1 user-012-0
1672	cmd-1672	2025-11-11T02:44:00+09:00	user-001-1 user-002-1 user-003-0 user-004-0 user-005-0 user-006-0 user-007-0 user-008-0 user-009-0 user-010-0 user-011-0 user-012-0
1673	cmd-1673	2025-11-11T03:01:00+09:00	user-001-1 user-002-1 user-003-0 user-004-0 user-005-0 user-006-0 user-007-0 user-008-0 user-009-0 user-010-0 user-011-0 user-012-0
1674	cmd-1674	2025-11-11T03:24:00+09:00	user-001-1 user-002-1 user-003-0 user-004-0 user-005-0 user-006-0 user-007-0 user-008-0 user-009-0 user-010-0 user-011-0 user-012-0
1675	cmd-1675	2025-11-11T04:25:00+09:00	user-001-1 user-002-1 user-003-0 user-004-0 user-005-0 user-006-0 user-007-0 user-008-0 user-009-0 user-010-0 user-011-0 user-012-0
1676	cmd-1676	2025-11-11T04:39:00+09:00	user-001-1 user-002-1 user-003-0 user-004-0 user-005-0 user-006-0 user-007-0 user-008-0 user-009-0 user-010-0 user-011-0 user-012-0
1677	cmd-1677	2025-11-11T05:40:00+09:00	user-001-1 user-002-1 user-003-0 user-004-0 user-005-0 user-006-0 user-007-0 user-008-0 user-009-0 user-010-0 user-011-0 user-012-0
1678	cmd-1678	2025-11-11T06:16:00+09:00	user-001-1 user-002-1 user-003-0 user-004-0 user-005-0 user-006-0 user-007-0 user-008-0 user-009-0 user-010-0 user-011-0 user-012-0
1679	cmd-1679	2025-11-11T07:48:00+09:00	user-001-1 user-002-1 user-003-0 user-004-0 user-005-0 user-006-0 user-007-0 user-008-0 user-009-0 user-010-0 user-011-0 user-012-0
1680	cmd-1680	2025-11-11T08:07:00+09:00	user-001-1 user-002-1 user-003-0 user-004-0 user-005-0 user-006-0 user-007-0 user-008-0 user-009-0 user-010-0 user-011-0 user-012-0
1681	cmd-1681	2025-11-11T08:16:00+09:00	user-001-1 user-002-1 user-003-0 user-004-0 user-005-0 user-006-0 user-007-0 user-008-0 user-009-0 user-010-0 user-011-0 user-012-0
1682	cmd-1682	2025-11-11T09:35:00+09:00	user-001-1 user-002-1 user-003-0 user-004-0 user-005-0 user-006-0 user-007-0 user-008-0 user-009-0 user-010-0 user-011-0 user-012-0
1683	cmd-1683	2025-11-11T10:23:00+09:00	user-001-1 user-002-1 user-003-0 user-004-0 user-005-0 user-006-0 user-007-0 user-008-0 user-009-0 user-010-0 user-011-0 user-012-0
1684	cmd-1684	2025-11-11T10:39:00+09:00	user-001-1 user-002-1 user-003-0 user-004-0 user-005-0 user-006-0 user-007-0 user-008-0 user-009-0 user-010-0 user-011-0 user-012-0
1685	cmd-1685	2025-11-11T11:26:00+09:00	user-001-1 user-002-1 user-003-0 user-004-0 user-005-0 user-006-0 user-007-0 user-008-0 user-009-0 user-010-0 user-011-0 user-012-0
1686	cmd-1686	2025-11-11T12:46:00+09:00	user-001-1 user-002-1 user-003-0 user-004-0 user-005-0 user-006-0 user-007-0 user-008-0 user-009-0 user-010-0 user-011-0 user-012-0
1687	cmd-1687	2025-11-11T12:47:00+09:00	user-001-1 user-002-1 user-003-0 user-004-0 user-005-0 user-006-0 user-007-0 user-008-0 user-009-0 user-010-0 user-011-0 user-012-0
1688	cmd-1688	2025-11-11T13:26:00+09:00	user-001-1 user-002-1 user-003-0 user-004-0 user-005-0 user-006-0 user-007-0 user-008-0 user-009-0 user-010-0 user-011-0 user-012-0
1689	cmd-1689	2025-11-11T13:28:00+09:00	user-001-1 user-002-1 user-003-0 user-004-0 user-005-0 user-006-0 user-007-0 user-008-0 user-009-0 user-010-0 user-011-0 user-012-0
1690	cmd-1690	2025-11-11T13:34:00+09:00	user-001-1 user-002-1 user-003-0 user-004-0 user-005-0 user-006-0 user-007-0 user-008-0 user-009-0 user-010-0 user-011-0 user-012-0
1691	cmd-1691	2025-11-11T14:25:00+09:00	user-001-1 user-002-1 user-003-0 user-004-0 user-005-0 user-006-0 user-007-0 user-008-0 user-009-0 user-010-0 user-011-0 user-012-0
1692	cmd-1692	2025-11-11T14:38:00+09:00	user-001-1 user-002-1 user-003-0 user-004-0 user-005-0 user-006-0 user-007-0 user-008-0 user-009-0 user-010-0 user-011-0 user-012-0
1693	cmd-1693	2025-11-11T14:44:00+09:00	user-001-1 user-002-1 user-003-0 user-004-0 user-005-0 user-006-0 user-007-0 user-008-0 user-009-0 user-010-0 user-011-0 user-012-0
1694	cmd-1694	2025-11-11T14:51:00+09:00	user-001-1 user-002-1 user-003-0 user-004-0 user-005-0 user-006-0 user-007-0 user-008-0 user-009-0 user-010-0 user-011-0 user-012-0
1695	cmd-1695	2025-11-11T15:21:00+09:00	user-001-1 user-002-1 user-003-0 user-004-0 user-005-0 user-006-0 user-007-0 user-008-0 user-009-0 user-010-0 user-011-0 user-012-0
1696	cmd-1696	2025-11-11T15:38:00+09:00	user-001-1 user-002-1 user-003-0 user-004-0 user-005-0 user-006-0 user-007-0 user-008-0 user-009-0 user-010-0 user-011-0 user-012-0
1697	cmd-1697	2025-11-11T15:39:00+09:00	user-001-1 user-002-1 user-003-0 user-004-0 user-005-0 user-006-0 user-007-0 user-008-0 user-009-0 user-010-0 user-011-0 user-012-0
1698	cmd-1698	2025-11-11T15:52:00+09:00	user-001-1 user-002-1 user-003-0 user-004-0 user-005-0 user-006-0 user-007-0 user-008-0 user-009-0 user-010-0 user-011-0 user-012-0
1699	cmd-1699	2025-11-11T17:17:00+09:00	user-001-1 user-002-1 user-003-0 user-004-0 user-005-0 user-006-0 user-007-0 user-008-0 user-009-0 user-010-0 user-011-0 user-012-0
1700	cmd-1700	2025-11-11T17:56:00+09:00	user-001-1 user-002-1 user-003-0 user-004-0 user-005-0 user-006-0 user-007-0 user-008-0 user-009-0 user-010-0 user-011-0 user-012-0
1701	cmd-1701	2025-11-11T18:11:00+09:00	user-001-1 user-002-1 user-003-0 user-004-0 user-005-0 user-006-0 user-007-0 user-008-0 user-009-0 user-010-0 user-011-0 user-012-0
1702	cmd-1702	2025-11-11T18:48:00+09:00	user-001-1 user-002-1 user-003-0 user-004-0 user-005-0 user-006-0 user-007-0 user-008-0 user-009-0 user-010-0 user-011-0 user-012-0
1703	cmd-1703	2025-11-11T19:11:00+09:00	user-001-1 user-002-1 user-003-0 user-004-0 user-005-0 user-006-0 user-007-0 user-008-0 user-009-0 user-010-0 user-011-0 user-012-0
1704	cmd-1704	2025-11-11T21:58:00+09:00	user-001-1 user-002-1 user-003-0 user-004-0 user-005-0 user-006-0 user-007-0 user-008-0 user-009-0 user-010-0 user-011-0 user-012-0
1705	cmd-1705	2025-11-11T22:08:00+09:00	user-001-1 user-002-1 user-003-0 user-004-0 user-005-0 user-006-0 user-007-0 user-008-0 user-009-0 user-010-0 user-011-0 user-012-0
1706	cmd-1706	2025-11-11T22:19:00+09:00	user-001-1 user-002-1 user-003-0 user-004-0 user-005-0 user-006-0 user-007-0 user-008-0 user-009-0 user-010-0 user-011-0 user-012-0
1707	cmd-1707	2025-11-11T22:35:00+09:00	user-001-1 user-002-1 user-003-0 user-004-0 user-005-0 user-006-0 user-007-0 user-008-0 user-009-0 user-010-0 user-011-0 user-012-0
1708	cmd-1708	2025-11-11T23:06:00+09:00	user-001-1 user-002-1 user-003-0 user-004-0 user-005-0 user-006-0 user-007-0 user-008-0 user-009-0 user-010-0 user-011-0 user-012-0
1709	cmd-1709	2025-11-12T00:02:00+09:00	user-001-1 user-002-1 user-003-0 user-004-0 user-005-0 user-006-0 user-007-0 user-008-0 user-009-0 user-010-0 user-011-0 user-012-0
1710	cmd-1710	2025-11-12T00:35:00+09:00	user-001-1 user-002-1 user-003-0 user-004-0 user-005-0 user-006-0 user-007-0 user-008-0 user-009-0 user-010-0 user-011-0 user-012-0
1711	cmd-1711	2025-11-12T01:33:00+09:00	user-001-1 user-002-1 user-003-0 user-004-0 user-005-0 user-006-0 user-007-0 user-008-0 user-009-0 user-010-0 user-011-0 user-012-0
1712	cmd-1712	2025-11-12T03:24:00+09:00	user-001-1 user-002-1 user-003-0 user-004-0 user-005-0 user-006-0 user-007-0 user-008-0 user-009-0 user-010-0 user-011-0 user-012-0
1713	cmd-1713	2025-11-12T03:32:00+09:00	user-001-1 user-002-1 user-003-0 user-004-0 user-005-0 user-006-0 user-007-0 user-008-0 user-009-0 user-010-0 user-011-0 user-012-0
1714	cmd-1714	2025-11-12T04:38:00+09:00	user-001-1 user-002-1 user-003-0 user-004-0 user-005-0 user-006-0 user-007-0 user-008-0 user-009-0 user-010-0 user-011-0 user-012-0
1715	cmd-1715	2025-11-12T04:51:00+09:00	user-001-1 user-002-1 user-003-0 user-004-0 user-005-0 user-006-0 user-007-0 user-008-0 user-009-0 user-010-0 user-011-0 user-012-0
1716	cmd-1716	2025-11-12T04:51:00+09:00	user-001-1 user-002-1 user-003-0 user-004-0 user-005-0 user-006-0 user-007-0 user-008-0 user-009-0 user-010-0 user-011-0 user-012-0
1717	cmd-1717	2025-11-12T05:00:00+09:00	user-001-1 user-002-1 user-003-0 user-004-0 user-005-0 user-006-0 user-007-0 user-008-0 user-009-0 user-010-0 user-011-0 user-012-0
1718	cmd-1718	2025-11-12T05:12:00+09:00	user-001-1 user-002-1 user-003-0 user-004-0 user-005-0 user-006-0 user-007-0 user-008-0 user-009-0 user-010-0 user-011-0 user-012-0
1719	cmd-1719	2025-11-12T05:12:00+09:00	user-001-1 user-002-1 user-003-0 user-004-0 user-005-0 user-006-0 user-007-0 user-008-0 user-009-0 user-010-0 user-011-0 user-012-0
1720	cmd-1720	2025-11-12T06:35:00+09:00	user-001-1 user-002-1 user-003-0 user-004-0 user-005-0 user-006-0 user-007-0 user-008-0 user-009-0 user-010-0 user-011-0 user-012-0
1721	cmd-1721	2025-11-12T08:40:00+09:00	user-001-1 user-002-1 user-003-0 user-004-0 user-005-0 user-006-0 user-007-0 user-008-0 user-009-0 user-010-0 user-011-0 user-012-0
1722	cmd-1722	2025-11-12T09:11:00+09:00	user-001-1 user-002-1 user-003-0 user-004-0 user-005-0 user-006-0 user-007-0 user-008-0 user-009-0 user-010-0 user-011-0 user-012-0
1723	cmd-1723	2025-11-12T09:37:00+09:00	user-001-1 user-002-1 user-003-0 user-004-0 user-005-0 user-006-0 user-007-0 user-008-0 user-009-0 user-010-0 user-011-0 user-012-0
1724	cmd-1724	2025-11-12T10:46:00+09:00	user-001-1 user-002-1 user-003-0 user-004-0 user-005-0 user-006-0 user-007-0 user-008-0 user-009-0 user-010-0 user-011-0 user-012-0
1725	cmd-1725	2025-11-12T10:53:00+09:00	user-001-1 user-002-1 user-003-0 user-004-0 user-005-0 user-006-0 user-007-0 user-008-0 user-009-0 user-010-0 user-011-0 user-012-0
1726	cmd-1726	2025-11-12T12:09:00+09:00	user-001-1 user-002-1 user-003-0 user-004-0 user-005-0 user-006-0 user-007-0 user-008-0 user-009-0 user-010-0 user-011-0 user-012-0
1727	cmd-1727	2025-11-12T12:54:00+09:00	user-001-1 user-002-1 user-003-0 user-004-0 user-005-0 user-006-0 user-007-0 user-008-0 user-009-0 user-010-0 user-011-0 user-012-0
1728	cmd-1728	2025-11-12T13:07:00+09:00	user-001-1 user-002-1 user-003-0 user-004-0 user-005-0 user-006-0 user-007-0 user-008-0 user-009-0 user-010-0 user-011-0 user-012-0
1729	cmd-1729	2025-11-12T13:09:00+09:00	user-001-1 user-002-1 user-003-0 user-004-0 user-005-0 user-006-0 user-007-0 user-008-0 user-009-0 user-010-0 user-011-0 user-012-0
1730	cmd-1730	2025-11-12T14:52:00+09:00	user-001-1 user-002-1 user-003-0 user-004-0 user-005-0 user-006-0 user-007-0 user-008-0 user-009-0 user-010-0 user-011-0 user-012-0
1731	cmd-1731	2025-11-12T15:47:00+09:00	user-001-1 user-002-1 user-003-0 user-004-0 user-005-0 user-006-0 user-007-0 user-008-0 user-009-0 user-010-0 user-011-0 user-012-0
1732	cmd-1732	2025-11-12T15:52:00+09:00	user-001-1 user-002-1 user-003-0 user-004-0 user-005-0 user-006-0 user-007-0 user-008-0 user-009-0 user-010-0 user-011-0 user-012-0
1733	cmd-1733	2025-11-12T16:40:00+09:00	user-001-1 user-002-1 user-003-0 user-004-0 user-005-0 user-006-0 user-007-0 user-008-0 user-009-0 user-010-0 user-011-0 user-012-0
1734	cmd-1734	2025-11-12T16:57:00+09:00	user-001-1 user-002-1 user-003-0 user-004-0 user-005-0 user-006-0 user-007-0 user-008-0 user-009-0 user-010-0 user-011-0 user-012-0
1735	cmd-1735	2025-11-12T17:15:00+09:00	user-001-1 user-002-1 user-003-0 user-004-0 user-005-0 user-006-0 user-007-0 user-008-0 user-009-0 user-010-0 user-011-0 user-012-0
1736	cmd-1736	2025-11-12T18:22:00+09:00	user-001-1 user-002-1 user-003-0 user-004-0 user-005-0 user-006-0 user-007-0 user-008-0 user-009-0 user-010-0 user-011-0 user-012-0
1737	cmd-1737	2025-11-12T19:16:00+09:00	user-001-1 user-002-1 user-003-0 user-004-0 user-005-0 user-006-0 user-007-0 user-008-0 user-009-0 user-010-0 user-011-0 user-012-0
1738	cmd-1738	2025-11-12T19:29:00+09:00	user-001-1 user-002-1 user-003-0 user-004-0 user-005-0 user-006-0 user-007-0 user-008-0 user-009-0 user-010-0 user-011-0 user-012-0
1739	cmd-1739	2025-11-12T21:20:00+09:00	user-001-1 user-002-1 user-003-0 user-004-0 user-005-0 user-006-0 user-007-0 user-008-0 user-009-0 user-010-0 user-011-0 user-012-0
1740	cmd-1740	2025-11-12T21:26:00+09:00	user-001-1 user-002-1 user-003-0 user-004-0 user-005-0 user-006-0 user-007-0 user-008-0 user-009-0 user-010-0 user-011-0 user-012-0
1741	cmd-1741	2025-11-12T21:37:00+09:00	user-001-1 user-002-1 user-003-0 user-004-0 user-005-0 user-006-0 user-007-0 user-008-0 user-009-0 user-010-0 user-011-0 user-012-0
1742	cmd-1742	2025-11-12T22:36:00+09:00	user-001-1 user-002-1 user-003-0 user-004-0 user-005-0 user-006-0 user-007-0 user-008-0 user-009-0 user-010-0 user-011-0 user-012-0
1743	cmd-1743	2025-11-12T23:47:00+09:00	user-001-1 user-002-1 user-003-0 user-004-0 user-005-0 user-006-0 user-007-0 user-008-0 user-009-0 user-010-0 user-011-0 user-012-0
1744	cmd-1744	2025-11-13T01:22:00+09:00	user-001-1 user-002-1 user-003-0 user-004-0 user-005-0 user-006-0 user-007-0 user-008-0 user-009-0 user-010-0 user-011-0 user-012-0
1745	cmd-1745	2025-11-13T02:05:00+09:00	user-001-1 user-002-1 user-003-0 user-004-0 user-005-0 user-006-0 user-007-0 user-008-0 user-009-0 user-010-0 user-011-0 user-012-0
1746	cmd-1746	2025-11-13T02:45:00+09:00	user-001-1 user-002-1 user-003-0 user-004-0 user-005-0 user-006-0 user-007-0 user-008-0 user-009-0 user-010-0 user-011-0 user-012-0
1747	cmd-1747	2025-11-13T03:47:00+09:00	user-001-1 user-002-1 user-003-0 user-004-0 user-005-0 user-006-0 user-007-0 user-008-0 user-009-0 user-010-0 user-011-0 user-012-0
1748	cmd-1748	2025-11-13T04:32:00+09:00	user-001-1 user-002-1 user-003-0 user-004-0 user-005-0 user-006-0 user-007-0 user-008-0 user-009-0 user-010-0 user-011-0 user-012-0
1749	cmd-1749	2025-11-13T04:48:00+09:00	user-001-1 user-002-1 user-003-0 user-004-0 user-005-0 user-006-0 user-007-0 user-008-0 user-009-0 user-010-0 user-011-0 user-012-0
1750	cmd-1750	2025-11-13T05:26:00+09:00	user-001-1 user-002-1 user-003-0 user-004-0 user-005-0 user-006-0 user-007-0 user-008-0 user-009-0 user-010-0 user-011-0 user-012-0
1751	cmd-1751	2025-10-30T06:33:00+09:00	user-001-1 user-002-1 user-003-1 user-004-0 user-005-1 user-006-0 user-007-0 user-008-0 user-009-0 user-010-0 user-011-0 user-012-0
1752	cmd-1752	2025-10-30T11:25:00+09:00	user-001-1 user-002-1 user-003-1 user-004-0 user-005-1 user-006-0 user-007-0 user-008-0 user-009-0 user-010-0 user-011-0 user-012-0
1753	cmd-1753	2025-10-30T21:36:00+09:00	user-001-1 user-002-1 user-003-1 user-004-0 user-005-1 user-006-0 user-007-0 user-008-0 user-009-0 user-010-0 user-011-0 user-012-0
1754	cmd-1754	2025-10-30T21:50:00+09:00	user-001-1 user-002-1 user-003-1 user-004-0 user-005-1 user-006-0 user-007-0 user-008-0 user-009-0 user-010-0 user-011-0 user-012-0
1755	cmd-1755	2025-10-31T04:04:00+09:00	user-001-1 user-002-1 user-003-1 user-004-0 user-005-1 user-006-0 user-007-0 user-008-0 user-009-0 user-010-0 user-011-0 user-012-0
1756	cmd-1756	2025-10-31T08:44:00+09:00	user-001-0 user-002-0 user-003-0 user-004-0 user-005-0 user-006-0 user-007-0 user-008-0 user-009-0 user-010-1 user-011-1 user-012-0
1757	cmd-1757	2025-10-31T13:28:00+09:00	user-001-0 user-002-0 user-003-0 user-004-0 user-005-0 user-006-0 user-007-0 user-008-0 user-009-0 user-010-1 user-011-1 user-012-0
1758	cmd-1758	2025-10-31T16:09:00+09:00	user-001-1 user-002-1 user-003-1 user-004-0 user-005-1 user-006-0 user-007-0 user-008-0 user-009-0 user-010-0 user-011-0 user-012-0
1759	cmd-1759	2025-10-31T18:40:00+09:00	user-001-0 user-002-0 user-003-0 user-004-0 user-005-0 user-006-0 user-007-0 user-008-0 user-009-0 user-010-1 user-011-1 user-012-0
1760	cmd-1760	2025-11-01T07:57:00+09:00	user-001-0 user-002-0 user-003-0 user-004-0 user-005-0 user-006-0 user-007-0 user-008-0 user-009-0 user-010-1 user-011-1 user-012-0
1761	cmd-1761	2025-11-01T11:26:00+09:00	user-001-1 user-002-1 user-003-1 user-004-0 user-005-1 user-006-0 user-007-0 user-008-0 user-009-0 user-010-0 user-011-0 user-012-0
1762	cmd-1762	2025-11-02T00:55:00+09:00	user-001-1 user-002-1 user-003-1 user-004-0 user-005-1 user-006-0 user-007-0 user-008-0 user-009-0 user-010-0 user-011-0 user-012-0
1763	cmd-1763	2025-11-02T02:04:00+09:00	user-001-0 user-002-0 user-003-0 user-004-0 user-005-0 user-006-0 user-007-0 user-008-0 user-009-0 user-010-1 user-011-1 user-012-0
1764	cmd-1764	2025-11-02T02:11:00+09:00	user-001-1 user-002-1 user-003-1 user-004-0 user-005-1 user-006-0 user-007-0 user-008-0 user-009-0 user-010-0 user-011-0 user-012-0
1765	cmd-1765	2025-11-02T15:03:00+09:00	user-001-0 user-002-0 user-003-0 user-004-0 user-005-0 user-006-0 user-007-0 user-008-0 user-009-0 user-010-1 user-011-1 user-012-0
1766	cmd-1766	2025-11-02T15:03:00+09:00	user-001-0 user-002-0 user-003-0 user-004-0 user-005-0 user-006-0 user-007-0 user-008-0 user-009-0 user-010-1 user-011-1 user-012-0
1767	cmd-1767	2025-11-02T23:10:00+09:00	user-001-1 user-002-1 user-003-1 user-004-0 user-005-1 user-006-0 user-007-0 user-008-0 user-009-0 user-010-0 user-011-0 user-012-0
1768	cmd-1768	2025-11-03T00:41:00+09:00	user-001-1 user-002-1 user-003-1 user-004-0 user-005-1 user-006-0 user-007-0 user-008-0 user-009-0 user-010-0 user-011-0 user-012-0
1769	cmd-1769	2025-11-03T03:24:00+09:00	user-001-1 user-002-1 user-003-1 user-004-0 user-005-1 user-006-0 user-007-0 user-008-0 user-009-0 user-010-0 user-011-0 user-012-0
1770	cmd-1770	2025-11-03T09:23:00+09:00	user-001-1 user-002-1 user-003-1 user-004-0 user-005-1 user-006-0 user-007-0 user-008-0 user-009-0 user-010-0 user-011-0 user-012-0
1771	cmd-1771	2025-11-03T10:55:00+09:00	user-001-0 user-002-0 user-003-0 user-004-0 user-005-0 user-006-0 user-007-0 user-008-0 user-009-0 user-010-1 user-011-1 user-012-0
1772	cmd-1772	2025-11-03T17:02:00+09:00	user-001-0 user-002-0 user-003-0 user-004-0 user-005-0 user-006-0 user-007-0 user-008-0 user-009-0 user-010-1 user-011-1 user-012-0
1773	cmd-1773	2025-11-04T09:58:00+09:00	user-001-0 user-002-0 user-003-0 user-004-0 user-005-0 user-006-0 user-007-0 user-008-0 user-009-0 user-010-1 user-011-1 user-012-0
1774	cmd-1774	2025-11-04T14:45:00+09:00	user-001-1 user-002-1 user-003-1 user-004-0 user-005-1 user-006-0 user-007-0 user-008-0 user-009-0 user-010-0 user-011-0 user-012-0
1775	cmd-1775	2025-11-04T15:00:00+09:00	user-001-0 user-002-0 user-003-0 user-004-0 user-005-0 user-006-0 user-007-0 user-008-0 user-009-0 user-010-1 user-011-1 user-012-0
1776	cmd-1776	2025-11-04T17:58:00+09:00	user-001-1 user-002-1 user-003-1 user-004-0 user-005-1 user-006-0 user-007-0 user-008-0 user-009-0 user-010-0 user-011-0 user-012-0
1777	cmd-1777	2025-11-05T02:52:00+09:00	user-001-1 user-002-1 user-003-1 user-004-0 user-005-1 user-006-0 user-007-0 user-008-0 user-009-0 user-010-0 user-011-0 user-012-0
1778	cmd-1778	2025-11-05T03:04:00+09:00	user-001-1 user-002-1 user-003-1 user-004-0 user-005-1 user-006-0 user-007-0 user-008-0 user-009-0 user-010-0 user-011-0 user-012-0
1779	cmd-1779	2025-11-05T16:53:00+09:00	user-001-1 user-002-1 user-003-1 user-004-0 user-005-1 user-006-0 user-007-0 user-008-0 user-009-0 user-010-0 user-011-0 user-012-0
1780	cmd-1780	2025-11-05T18:31:00+09:00	user-001-1 user-002-1 user-003-1 user-004-0 user-005-1 user-006-0 user-007-0 user-008-0 user-009-0 user-010-0 user-011-0 user-012-0
1781	cmd-1781	2025-11-05T21:40:00+09:00	user-001-1 user-002-1 user-003-1 user-004-0 user-005-1 user-006-0 user-007-0 user-008-0 user-009-0 user-010-0 user-011-0 user-012-0
1782	cmd-1782	2025-11-05T22:26:00+09:00	user-001-1 user-002-1 user-003-1 user-004-0 user-005-1 user-006-0 user-007-0 user-008-0 user-009-0 user-010-0 user-011-0 user-012-0
1783	cmd-1783	2025-11-06T06:11:00+09:00	user-001-1 user-002-1 user-003-1 user-004-0 user-005-1 user-006-0 user-007-0 user-008-0 user-009-0 user-010-0 user-011-0 user-012-0
1784	cmd-1784	2025-11-06T06:15:00+09:00	user-001-1 user-002-1 user-003-1 user-004-0 user-005-1 user-006-0 user-007-0 user-008-0 user-009-0 user-010-0 user-011-0 user-012-0
1785	cmd-1785	2025-11-06T09:11:00+09:00	user-001-1 user-002-1 user-003-1 user-004-0 user-005-1 user-006-0 user-007-0 user-008-0 user-009-0 user-010-0 user-011-0 user-012-0
1786	cmd-1786	2025-11-06T10:11:00+09:00	user-001-1 user-002-1 user-003-1 user-004-0 user-005-1 user-006-0 user-007-0 user-008-0 user-009-0 user-010-0 user-011-0 user-012-0
1787	cmd-1787	2025-11-06T14:19:00+09:00	user-001-1 user-002-1 user-003-1 user-004-0 user-005-1 user-006-0 user-007-0 user-008-0 user-009-0 user-010-0 user-011-0 user-012-0
1788	cmd-1788	2025-11-06T15:24:00+09:00	user-001-1 user-002-1 user-003-1 user-004-0 user-005-1 user-006-0 user-007-0 user-008-0 user-009-0 user-010-0 user-011-0 user-012-0
1789	cmd-1789	2025-11-06T18:00:00+09:00	user-001-1 user-002-1 user-003-1 user-004-0 user-005-1 user-006-0 user-007-0 user-008-0 user-009-0 user-010-0 user-011-0 user-012-0
1790	cmd-1790	2025-11-06T19:23:00+09:00	user-001-0 user-002-0 user-003-0 user-004-0 user-005-0 user-006-0 user-007-0 user-008-0 user-009-0 user-010-1 user-011-1 user-012-0
1791	cmd-1791	2025-11-06T19:37:00+09:00	user-001-1 user-002-1 user-003-1 user-004-0 user-005-1 user-006-0 user-007-0 user-008-0 user-009-0 user-010-0 user-011-0 user-012-0
1792	cmd-1792	2025-11-06T21:40:00+09:00	user-001-0 user-002-0 user-003-0 user-004-0 user-005-0 user-006-0 user-007-0 user-008-0 user-009-0 user-010-1 user-011-1 user-012-0
1793	cmd-1793	2025-11-07T12:55:00+09:00	user-001-0 user-002-0 user-003-0 user-004-0 user-005-0 user-006-0 user-007-0 user-008-0 user-009-0 user-010-1 user-011-1 user-012-0
1794	cmd-1794	2025-11-07T13:03:00+09:00	user-001-0 user-002-0 user-003-0 user-004-0 user-005-0 user-006-0 user-007-0 user-008-0 user-009-0 user-010-1 user-011-1 user-012-0
1795	cmd-1795	2025-11-07T14:19:00+09:00	user-001-0 user-002-0 user-003-0 user-004-0 user-005-0 user-006-0 user-007-0 user-008-0 user-009-0 user-010-1 user-011-1 user-012-0
1796	cmd-1796	2025-11-07T17:12:00+09:00	user-001-0 user-002-0 user-003-0 user-004-0 user-005-0 user-006-0 user-007-0 user-008-0 user-009-0 user-010-1 user-011-1 user-012-0
1797	cmd-1797	2025-11-07T20:24:00+09:00	user-001-0 user-002-0 user-003-0 user-004-0 user-005-0 user-006-0 user-007-0 user-008-0 user-009-0 user-010-1 user-011-1 user-012-0
1798	cmd-1798	2025-11-08T00:09:00+09:00	user-001-1 user-002-1 user-003-1 user-004-0 user-005-1 user-006-0 user-007-0 user-008-0 user-009-0 user-010-0 user-011-0 user-012-0
1799	cmd-1799	2025-11-08T08:49:00+09:00	user-001-1 user-002-1 user-003-1 user-004-0 user-005-1 user-006-0 user-007-0 user-008-0 user-009-0 user-010-0 user-011-0 user-012-0
1800	cmd-1800	2025-11-08T09:43:00+09:00	user-001-0 user-002-0 user-003-0 user-004-0 user-005-0 user-006-0 user-007-0 user-008-0 user-009-0 user-010-1 user-011-1 user-012-0
1801	cmd-1801	2025-11-08T11:19:00+09:00	user-001-1 user-002-1 user-003-1 user-004-0 user-005-1 user-006-0 user-007-0 user-008-0 user-009-0 user-010-0 user-011-0 user-012-0
1802	cmd-1802	2025-11-08T16:22:00+09:00	user-001-1 user-002-1 user-003-1 user-004-0 user-005-1 user-006-0 user-007-0 user-008-0 user-009-0 user-010-0 user-011-0 user-012-0
1803	cmd-1803	2025-11-09T01:06:00+09:00	user-001-1 user-002-1 user-003-1 user-004-0 user-005-1 user-006-0 user-007-0 user-008-0 user-009-0 user-010-0 user-011-0 user-012-0
1804	cmd-1804	2025-11-09T04:59:00+09:00	user-001-1 user-002-1 user-003-1 user-004-0 user-005-1 user-006-0 user-007-0 user-008-0 user-009-0 user-010-0 user-011-0 user-012-0
1805	cmd-1805	2025-11-09T08:39:00+09:00	user-001-1 user-002-1 user-003-1 user-004-0 user-005-1 user-006-0 user-007-0 user-008-0 user-009-0 user-010-0 user-011-0 user-012-0
1806	cmd-1806	2025-11-09T12:18:00+09:00	user-001-1 user-002-1 user-003-1 user-004-0 user-005-1 user-006-0 user-007-0 user-008-0 user-009-0 user-010-0 user-011-0 user-012-0
1807	cmd-1807	2025-11-09T23:15:00+09:00	user-001-1 user-002-1 user-003-1 user-004-0 user-005-1 user-006-0 user-007-0 user-008-0 user-009-0 user-010-0 user-011-0 user-012-0
1808	cmd-1808	2025-11-10T16:45:00+09:00	user-001-1 user-002-1 user-003-1 user-004-0 user-005-1 user-006-0 user-007-0 user-008-0 user-009-0 user-010-0 user-011-0 user-012-0
1809	cmd-1809	2025-11-10T23:38:00+09:00	user-001-1 user-002-1 user-003-1 user-004-0 user-005-1 user-006-0 user-007-0 user-008-0 user-009-0 user-010-0 user-011-0 user-012-0
1810	cmd-1810	2025-11-11T00:54:00+09:00	user-001-1 user-002-1 user-003-1 user-004-0 user-005-1 user-006-0 user-007-0 user-008-0 user-009-0 user-010-0 user-011-0 user-012-0
1811	cmd-1811	2025-11-11T10:31:00+09:00	user-001-0 user-002-0 user-003-0 user-004-0 user-005-0 user-006-0 user-007-0 user-008-0 user-009-0 user-010-1 user-011-1 user-012-0
1812	cmd-1812	2025-11-11T11:42:00+09:00	user-001-1 user-002-1 user-003-1 user-004-0 user-005-1 user-006-0 user-007-0 user-008-0 user-009-0 user-010-0 user-011-0 user-012-0
1813	cmd-1813	2025-11-11T14:18:00+09:00	user-001-1 user-002-1 user-003-1 user-004-0 user-005-1 user-006-0 user-007-0 user-008-0 user-009-0 user-010-0 user-011-0 user-012-0
1814	cmd-1814	2025-11-11T17:38:00+09:00	user-001-1 user-002-1 user-003-1 user-004-0 user-005-1 user-006-0 user-007-0 user-008-0 user-009-0 user-010-0 user-011-0 user-012-0
1815	cmd-1815	2025-11-12T01:41:00+09:00	user-001-1 user-002-1 user-003-1 user-004-0 user-005-1 user-006-0 user-007-0 user-008-0 user-009-0 user-010-0 user-011-0 user-012-0
1816	cmd-1816	2025-11-12T06:00:00+09:00	user-001-1 user-002-1 user-003-1 user-004-0 user-005-1 user-006-0 user-007-0 user-008-0 user-009-0 user-010-0 user-011-0 user-012-0
1817	cmd-1817	2025-11-12T08:41:00+09:00	user-001-1 user-002-1 user-003-1 user-004-0 user-005-1 user-006-0 user-007-0 user-008-0 user-009-0 user-010-0 user-011-0 user-012-0
1818	cmd-1818	2025-11-12T10:20:00+09:00	user-001-1 user-002-1 user-003-1 user-004-0 user-005-1 user-006-0 user-007-0 user-008-0 user-009-0 user-010-0 user-011-0 user-012-0
1819	cmd-1819	2025-11-12T13:44:00+09:00	user-001-1 user-002-1 user-003-1 user-004-0 user-005-1 user-006-0 user-007-0 user-008-0 user-009-0 user-010-0 user-011-0 user-012-0
1820	cmd-1820	2025-11-12T15:02:00+09:00	user-001-1 user-002-1 user-003-1 user-004-0 user-005-1 user-006-0 user-007-0 user-008-0 user-009-0 user-010-0 user-011-0 user-012-0
1821	cmd-1821	2025-11-12T21:06:00+09:00	user-001-1 user-002-1 user-003-1 user-004-0 user-005-1 user-006-0 user-007-0 user-008-0 user-009-0 user-010-0 user-011-0 user-012-0
1822	cmd-1822	2025-11-12T21:32:00+09:00	user-001-1 user-002-1 user-003-1 user-004-0 user-005-1 user-006-0 user-007-0 user-008-0 user-009-0 user-010-0 user-011-0 user-012-0
1823	cmd-1823	2025-11-12T22:38:00+09:00	user-001-1 user-002-1 user-003-1 user-004-0 user-005-1 user-006-0 user-007-0 user-008-0 user-009-0 user-010-0 user-011-0 user-012-0
1824	cmd-1824	2025-11-12T23:59:00+09:00	user-001-1 user-002-1 user-003-1 user-004-0 user-005-1 user-006-0 user-007-0 user-008-0 user-009-0 user-010-0 user-011-0 user-012-0
1825	cmd-1825	2025-11-13T02:06:00+09:00	user-001-0 user-002-0 user-003-0 user-004-0 user-005-0 user-006-0 user-007-0 user-008-0 user-009-0 user-010-1 user-011-1 user-012-0
1826	cmd-1826	2025-11-13T03:22:00+09:00	user-001-1 user-002-1 user-003-1 user-004-0 user-005-1 user-006-0 user-007-0 user-008-0 user-009-0 user-010-0 user-011-0 user-012-0
1827	cmd-1827	2025-11-13T07:40:00+09:00	user-001-1 user-002-1 user-003-1 user-004-0 user-005-1 user-006-0 user-007-0 user-008-0 user-009-0 user-010-0 user-011-0 user-012-0
1828	cmd-1828	2025-11-14T06:52:00+09:00	user-001-1 user-002-1 user-003-1 user-004-0 user-005-1 user-006-0 user-007-0 user-008-0 user-009-0 user-010-0 user-011-0 user-012-0
1829	cmd-1829	2025-11-14T09:52:00+09:00	user-001-1 user-002-1 user-003-1 user-004-0 user-005-1 user-006-0 user-007-0 user-008-0 user-009-0 user-010-0 user-011-0 user-012-0
1830	cmd-1830	2025-11-14T09:55:00+09:00	user-001-1 user-002-1 user-003-1 user-004-0 user-005-1 user-006-0 user-007-0 user-008-0 user-009-0 user-010-0 user-011-0 user-012-0
1831	cmd-1831	2025-11-14T10:56:00+09:00	user-001-1 user-002-1 user-003-1 user-004-0 user-005-1 user-006-0 user-007-0 user-008-0 user-009-0 user-010-0 user-011-0 user-012-0
1832	cmd-1832	2025-11-14T11:11:00+09:00	user-001-0 user-002-0 user-003-0 user-004-0 user-005-0 user-006-0 user-007-0 user-008-0 user-009-0 user-010-1 user-011-1 user-012-0
1833	cmd-1833	2025-11-14T15:29:00+09:00	user-001-0 user-002-0 user-003-0 user-004-0 user-005-0 user-006-0 user-007-0 user-008-0 user-009-0 user-010-1 user-011-1 user-012-0
1834	cmd-1834	2025-11-15T08:27:00+09:00	user-001-0 user-002-0 user-003-0 user-004-0 user-005-0 user-006-0 user-007-0 user-008-0 user-009-0 user-010-1 user-011-1 user-012-0
1835	cmd-1835	2025-11-15T11:34:00+09:00	user-001-0 user-002-0 user-003-0 user-004-0 user-005-0 user-006-0 user-007-0 user-008-0 user-009-0 user-010-1 user-011-1 user-012-0
1836	cmd-1836	2025-11-16T05:02:00+09:00	user-001-1 user-002-1 user-003-1 user-004-0 user-005-1 user-006-0 user-007-0 user-008-0 user-009-0 user-010-0 user-011-0 user-012-0
1837	cmd-1837	2025-11-16T08:26:00+09:00	user-001-1 user-002-1 user-003-1 user-004-0 user-005-1 user-006-0 user-007-0 user-008-0 user-009-0 user-010-0 user-011-0 user-012-0
1838	cmd-1838	2025-11-16T14:50:00+09:00	user-001-1 user-002-1 user-003-1 user-004-0 user-005-1 user-006-0 user-007-0 user-008-0 user-009-0 user-010-0 user-011-0 user-012-0
1839	cmd-1839	2025-11-16T15:21:00+09:00	user-001-1 user-002-1 user-003-1 user-004-0 user-005-1 user-006-0 user-007-0 user-008-0 user-009-0 user-010-0 user-011-0 user-012-0
1840	cmd-1840	2025-11-16T17:16:00+09:00	user-001-0 user-002-0 user-003-0 user-004-0 user-005-0 user-006-0 user-007-0 user-008-0 user-009-0 user-010-1 user-011-1 user-012-0
1841	cmd-1841	2025-11-16T19:07:00+09:00	user-001-0 user-002-0 user-003-0 user-004-0 user-005-0 user-006-0 user-007-0 user-008-0 user-009-0 user-010-1 user-011-1 user-012-0
1842	cmd-1842	2025-11-16T19:53:00+09:00	user-001-0 user-002-0 user-003-0 user-004-0 user-005-0 user-006-0 user-007-0 user-008-0 user-009-0 user-010-1 user-011-1 user-012-0
1843	cmd-1843	2025-11-16T22:24:00+09:00	user-001-0 user-002-0 user-003-0 user-004-0 user-005-0 user-006-0 user-007-0 user-008-0 user-009-0 user-010-1 user-011-1 user-012-0
1844	cmd-1844	2025-11-17T02:09:00+09:00	user-001-1 user-002-1 user-003-1 user-004-0 user-005-1 user-006-0 user-007-0 user-008-0 user-009-0 user-010-0 user-011-0 user-012-0
1845	cmd-1845	2025-11-17T10:10:00+09:00	user-001-1 user-002-1 user-003-1 user-004-0 user-005-1 user-006-0 user-007-0 user-008-0 user-009-0 user-010-0 user-011-0 user-012-0
1846	cmd-1846	2025-11-17T11:19:00+09:00	user-001-1 user-002-1 user-003-1 user-004-0 user-005-1 user-006-0 user-007-0 user-008-0 user-009-0 user-010-0 user-011-0 user-012-0
1847	cmd-1847	2025-11-18T11:34:00+09:00	user-001-1 user-002-1 user-003-1 user-004-0 user-005-1 user-006-0 user-007-0 user-008-0 user-009-0 user-010-0 user-011-0 user-012-0
1848	cmd-1848	2025-11-18T13:07:00+09:00	user-001-1 user-002-1 user-003-1 user-004-0 user-005-1 user-006-0 user-007-0 user-008-0 user-009-0 user-010-0 user-011-0 user-012-0
1849	cmd-1849	2025-11-18T17:04:00+09:00	user-001-0 user-002-0 user-003-0 user-004-0 user-005-0 user-006-0 user-007-0 user-008-0 user-009-0 user-010-1 user-011-1 user-012-0
1850	cmd-1850	2025-11-19T01:50:00+09:00	user-001-1 user-002-1 user-003-1 user-004-0 user-005-1 user-006-0 user-007-0 user-008-0 user-009-0 user-010-0 user-011-0 user-012-0
1851	cmd-1851	2025-10-30T10:04:00+09:00	user-001-1 user-002-1 user-003-1 user-004-0 user-005-1 user-006-0 user-007-0 user-008-0 user-009-0 user-010-0 user-011-0 user-012-0
1852	cmd-1852	2025-10-30T12:05:00+09:00	user-001-1 user-002-1 user-003-1 user-004-0 user-005-1 user-006-0 user-007-0 user-008-0 user-009-0 user-010-0 user-011-0 user-012-0
1853	cmd-1853	2025-10-30T12:59:00+09:00	user-001-1 user-002-1 user-003-1 user-004-0 user-005-1 user-006-0 user-007-0 user-008-0 user-009-0 user-010-0 user-011-0 user-012-0
1854	cmd-1854	2025-10-30T14:25:00+09:00	user-001-1 user-002-1 user-003-1 user-004-0 user-005-1 user-006-0 user-007-0 user-008-0 user-009-0 user-010-0 user-011-0 user-012-0
1855	cmd-1855	2025-10-30T16:05:00+09:00	user-001-1 user-002-1 user-003-1 user-004-0 user-005-1 user-006-0 user-007-0 user-008-0 user-009-0 user-010-0 user-011-0 user-012-0
1856	cmd-1856	2025-10-30T17:51:00+09:00	user-001-1 user-002-1 user-003-1 user-004-0 user-005-1 user-006-0 user-007-0 user-008-0 user-009-0 user-010-0 user-011-0 user-012-0
1857	cmd-1857	2025-10-30T22:25:00+09:00	user-001-1 user-002-1 user-003-1 user-004-0 user-005-1 user-006-0 user-007-0 user-008-0 user-009-0 user-010-0 user-011-0 user-012-0
1858	cmd-1858	2025-10-30T22:44:00+09:00	user-001-1 user-002-1 user-003-1 user-004-0 user-005-1 user-006-0 user-007-0 user-008-0 user-009-0 user-010-0 user-011-0 user-012-0
1859	cmd-1859	2025-10-30T22:47:00+09:00	user-001-1 user-002-1 user-003-1 user-004-0 user-005-1 user-006-0 user-007-0 user-008-0 user-009-0 user-010-0 user-011-0 user-012-0
1860	cmd-1860	2025-10-31T01:28:00+09:00	user-001-1 user-002-1 user-003-1 user-004-0 user-005-1 user-006-0 user-007-0 user-008-0 user-009-0 user-010-0 user-011-0 user-012-0
1861	cmd-1861	2025-10-31T03:34:00+09:00	user-001-1 user-002-1 user-003-1 user-004-0 user-005-1 user-006-0 user-007-0 user-008-0 user-009-0 user-010-0 user-011-0 user-012-0
1862	cmd-1862	2025-10-31T03:43:00+09:00	user-001-1 user-002-1 user-003-1 user-004-0 user-005-1 user-006-0 user-007-0 user-008-0 user-009-0 user-010-0 user-011-0 user-012-0
1863	cmd-1863	2025-10-31T03:45:00+09:00	user-001-1 user-002-1 user-003-1 user-004-0 user-005-1 user-006-0 user-007-0 user-008-0 user-009-0 user-010-0 user-011-0 user-012-0
1864	cmd-1864	2025-10-31T03:55:00+09:00	user-001-1 user-002-1 user-003-1 user-004-0 user-005-1 user-006-0 user-007-0 user-008-0 user-009-0 user-010-0 user-011-0 user-012-0
1865	cmd-1865	2025-10-31T03:55:00+09:00	user-001-1 user-002-1 user-003-1 user-004-0 user-005-1 user-006-0 user-007-0 user-008-0 user-009-0 user-010-0 user-011-0 user-012-0
1866	cmd-1866	2025-10-31T05:38:00+09:00	user-001-1 user-002-1 user-003-1 user-004-0 user-005-1 user-006-0 user-007-0 user-008-0 user-009-0 user-010-0 user-011-0 user-012-0
1867	cmd-1867	2025-10-31T09:15:00+09:00	user-001-1 user-002-1 user-003-1 user-004-0 user-005-1 user-006-0 user-007-0 user-008-0 user-009-0 user-010-0 user-011-0 user-012-0
1868	cmd-1868	2025-10-31T09:26:00+09:00	user-001-1 user-002-1 user-003-1 user-004-0 user-005-1 user-006-0 user-007-0 user-008-0 user-009-0 user-010-0 user-011-0 user-012-0
1869	cmd-1869	2025-10-31T09:47:00+09:00	user-001-1 user-002-1 user-003-1 user-004-0 user-005-1 user-006-0 user-007-0 user-008-0 user-009-0 user-010-0 user-011-0 user-012-0
1870	cmd-1870	2025-10-31T10:27:00+09:00	user-001-1 user-002-1 user-003-1 user-004-0 user-005-1 user-006-0 user-007-0 user-008-0 user-009-0 user-010-0 user-011-0 user-012-0
1871	cmd-1871	2025-10-31T11:07:00+09:00	user-001-1 user-002-1 user-003-1 user-004-0 user-005-1 user-006-0 user-007-0 user-008-0 user-009-0 user-010-0 user-011-0 user-012-0
1872	cmd-1872	2025-10-31T11:45:00+09:00	user-001-1 user-002-1 user-003-1 user-004-0 user-005-1 user-006-0 user-007-0 user-008-0 user-009-0 user-010-0 user-011-0 user-012-0
1873	cmd-1873	2025-10-31T12:04:00+09:00	user-001-1 user-002-1 user-003-1 user-004-0 user-005-1 user-006-0 user-007-0 user-008-0 user-009-0 user-010-0 user-011-0 user-012-0
1874	cmd-1874	2025-10-31T12:31:00+09:00	user-001-1 user-002-1 user-003-1 user-004-0 user-005-1 user-006-0 user-007-0 user-008-0 user-009-0 user-010-0 user-011-0 user-012-0
1875	cmd-1875	2025-10-31T14:45:00+09:00	user-001-1 user-002-1 user-003-1 user-004-0 user-005-1 user-006-0 user-007-0 user-008-0 user-009-0 user-010-0 user-011-0 user-012-0
1876	cmd-1876	2025-10-31T15:48:00+09:00	user-001-1 user-002-1 user-003-1 user-004-0 user-005-1 user-006-0 user-007-0 user-008-0 user-009-0 user-010-0 user-011-0 user-012-0
1877	cmd-1877	2025-10-31T19:04:00+09:00	user-001-1 user-002-1 user-003-1 user-004-0 user-005-1 user-006-0 user-007-0 user-008-0 user-009-0 user-010-0 user-011-0 user-012-0
1878	cmd-1878	2025-10-31T19:39:00+09:00	user-001-1 user-002-1 user-003-1 user-004-0 user-005-1 user-006-0 user-007-0 user-008-0 user-009-0 user-010-0 user-011-0 user-012-0
1879	cmd-1879	2025-10-31T21:52:00+09:00	user-001-1 user-002-1 user-003-1 user-004-0 user-005-1 user-006-0 user-007-0 user-008-0 user-009-0 user-010-0 user-011-0 user-012-0
1880	cmd-1880	2025-10-31T22:19:00+09:00	user-001-1 user-002-1 user-003-1 user-004-0 user-005-1 user-006-0 user-007-0 user-008-0 user-009-0 user-010-0 user-011-0 user-012-0
1881	cmd-1881	2025-10-31T22:31:00+09:00	user-001-1 user-002-1 user-003-1 user-004-0 user-005-1 user-006-0 user-007-0 user-008-0 user-009-0 user-010-0 user-011-0 user-012-0
1882	cmd-1882	2025-10-31T23:06:00+09:00	user-001-1 user-002-1 user-003-1 user-004-0 user-005-1 user-006-0 user-007-0 user-008-0 user-009-0 user-010-0 user-011-0 user-012-0
1883	cmd-1883	2025-10-31T23:15:00+09:00	user-001-1 user-002-1 user-003-1 user-004-0 user-005-1 user-006-0 user-007-0 user-008-0 user-009-0 user-010-0 user-011-0 user-012-0
1884	cmd-1884	2025-11-01T00:53:00+09:00	user-001-1 user-002-1 user-003-1 user-004-0 user-005-1 user-006-0 user-007-0 user-008-0 user-009-0 user-010-0 user-011-0 user-012-0
1885	cmd-1885	2025-11-01T01:18:00+09:00	user-001-1 user-002-1 user-003-1 user-004-0 user-005-1 user-006-0 user-007-0 user-008-0 user-009-0 user-010-0 user-011-0 user-012-0
1886	cmd-1886	2025-11-01T01:56:00+09:00	user-001-1 user-002-1 user-003-1 user-004-0 user-005-1 user-006-0 user-007-0 user-008-0 user-009-0 user-010-0 user-011-0 user-012-0
1887	cmd-1887	2025-11-01T02:26:00+09:00	user-001-1 user-002-1 user-003-1 user-004-0 user-005-1 user-006-0 user-007-0 user-008-0 user-009-0 user-010-0 user-011-0 user-012-0
1888	cmd-1888	2025-11-01T04:20:00+09:00	user-001-1 user-002-1 user-003-1 user-004-0 user-005-1 user-006-0 user-007-0 user-008-0 user-009-0 user-010-0 user-011-0 user-012-0
1889	cmd-1889	2025-11-01T05:00:00+09:00	user-001-1 user-002-1 user-003-1 user-004-0 user-005-1 user-006-0 user-007-0 user-008-0 user-009-0 user-010-0 user-011-0 user-012-0
1890	cmd-1890	2025-11-01T05:01:00+09:00	user-001-1 user-002-1 user-003-1 user-004-0 user-005-1 user-006-0 user-007-0 user-008-0 user-009-0 user-010-0 user-011-0 user-012-0
1891	cmd-1891	2025-11-01T08:04:00+09:00	user-001-1 user-002-1 user-003-1 user-004-0 user-005-1 user-006-0 user-007-0 user-008-0 user-009-0 user-010-0 user-011-0 user-012-0
1892	cmd-1892	2025-11-01T08:38:00+09:00	user-001-1 user-002-1 user-003-1 user-004-0 user-005-1 user-006-0 user-007-0 user-008-0 user-009-0 user-010-0 user-011-0 user-012-0
1893	cmd-1893	2025-11-01T09:36:00+09:00	user-001-1 user-002-1 user-003-1 user-004-0 user-005-1 user-006-0 user-007-0 user-008-0 user-009-0 user-010-0 user-011-0 user-012-0
1894	cmd-1894	2025-11-01T09:36:00+09:00	user-001-1 user-002-1 user-003-1 user-004-0 user-005-1 user-006-0 user-007-0 user-008-0 user-009-0 user-010-0 user-011-0 user-012-0
1895	cmd-1895	2025-11-01T13:02:00+09:00	user-001-1 user-002-1 user-003-1 user-004-0 user-005-1 user-006-0 user-007-0 user-008-0 user-009-0 user-010-0 user-011-0 user-012-0
1896	cmd-1896	2025-11-01T17:18:00+09:00	user-001-1 user-002-1 user-003-1 user-004-0 user-005-1 user-006-0 user-007-0 user-008-0 user-009-0 user-010-0 user-011-0 user-012-0
1897	cmd-1897	2025-11-01T20:49:00+09:00	user-001-1 user-002-1 user-003-1 user-004-0 user-005-1 user-006-0 user-007-0 user-008-0 user-009-0 user-010-0 user-011-0 user-012-0
1898	cmd-1898	2025-11-01T21:07:00+09:00	user-001-1 user-002-1 user-003-1 user-004-0 user-005-1 user-006-0 user-007-0 user-008-0 user-009-0 user-010-0 user-011-0 user-012-0
1899	cmd-1899	2025-11-01T22:12:00+09:00	user-001-1 user-002-1 user-003-1 user-004-0 user-005-1 user-006-0 user-007-0 user-008-0 user-009-0 user-010-0 user-011-0 user-012-0
1900	cmd-1900	2025-11-01T22:43:00+09:00	user-001-1 user-002-1 user-003-1 user-004-0 user-005-1 user-006-0 user-007-0 user-008-0 user-009-0 user-010-0 user-011-0 user-012-0
1901	cmd-1901	2025-11-02T00:04:00+09:00	user-001-1 user-002-1 user-003-1 user-004-0 user-005-1 user-006-0 user-007-0 user-008-0 user-009-0 user-010-0 user-011-0 user-012-0
1902	cmd-1902	2025-11-02T00:26:00+09:00	user-001-1 user-002-1 user-003-1 user-004-0 user-005-1 user-006-0 user-007-0 user-008-0 user-009-0 user-010-0 user-011-0 user-012-0
1903	cmd-1903	2025-11-02T03:47:00+09:00	user-001-1 user-002-1 user-003-1 user-004-0 user-005-1 user-006-0 user-007-0 user-008-0 user-009-0 user-010-0 user-011-0 user-012-0
1904	cmd-1904	2025-11-02T04:44:00+09:00	user-001-1 user-002-1 user-003-1 user-004-0 user-005-1 user-006-0 user-007-0 user-008-0 user-009-0 user-010-0 user-011-0 user-012-0
1905	cmd-1905	2025-11-02T04:49:00+09:00	user-001-1 user-002-1 user-003-1 user-004-0 user-005-1 user-006-0 user-007-0 user-008-0 user-009-0 user-010-0 user-011-0 user-012-0
1906	cmd-1906	2025-11-02T06:33:00+09:00	user-001-1 user-002-1 user-003-1 user-004-0 user-005-1 user-006-0 user-007-0 user-008-0 user-009-0 user-010-0 user-011-0 user-012-0
1907	cmd-1907	2025-11-02T09:54:00+09:00	user-001-1 user-002-1 user-003-1 user-004-0 user-005-1 user-006-0 user-007-0 user-008-0 user-009-0 user-010-0 user-011-0 user-012-0
1908	cmd-1908	2025-11-02T10:57:00+09:00	user-001-1 user-002-1 user-003-1 user-004-0 user-005-1 user-006-0 user-007-0 user-008-0 user-009-0 user-010-0 user-011-0 user-012-0
1909	cmd-1909	2025-11-02T11:01:00+09:00	user-001-1 user-002-1 user-003-1 user-004-0 user-005-1 user-006-0 user-007-0 user-008-0 user-009-0 user-010-0 user-011-0 user-012-0
1910	cmd-1910	2025-11-02T15:48:00+09:00	user-001-1 user-002-1 user-003-1 user-004-0 user-005-1 user-006-0 user-007-0 user-008-0 user-009-0 user-010-0 user-011-0 user-012-0
1911	cmd-1911	2025-11-02T19:40:00+09:00	user-001-1 user-002-1 user-003-1 user-004-0 user-005-1 user-006-0 user-007-0 user-008-0 user-009-0 user-010-0 user-011-0 user-012-0
1912	cmd-1912	2025-11-02T22:50:00+09:00	user-001-1 user-002-1 user-003-1 user-004-0 user-005-1 user-006-0 user-007-0 user-008-0 user-009-0 user-010-0 user-011-0 user-012-0
1913	cmd-1913	2025-11-02T23:40:00+09:00	user-001-1 user-002-1 user-003-1 user-004-0 user-005-1 user-006-0 user-007-0 user-008-0 user-009-0 user-010-0 user-011-0 user-012-0
1914	cmd-1914	2025-11-03T00:50:00+09:00	user-001-1 user-002-1 user-003-1 user-004-0 user-005-1 user-006-0 user-007-0 user-008-0 user-009-0 user-010-0 user-011-0 user-012-0
1915	cmd-1915	2025-11-03T02:10:00+09:00	user-001-1 user-002-1 user-003-1 user-004-0 user-005-1 user-006-0 user-007-0 user-008-0 user-009-0 user-010-0 user-011-0 user-012-0
1916	cmd-1916	2025-11-03T03:24:00+09:00	user-001-1 user-002-1 user-003-1 user-004-0 user-005-1 user-006-0 user-007-0 user-008-0 user-009-0 user-010-0 user-011-0 user-012-0
1917	cmd-1917	2025-11-03T03:56:00+09:00	user-001-1 user-002-1 user-003-1 user-004-0 user-005-1 user-006-0 user-007-0 user-008-0 user-009-0 user-010-0 user-011-0 user-012-0
1918	cmd-1918	2025-11-03T06:27:00+09:00	user-001-1 user-002-1 user-003-1 user-004-0 user-005-1 user-006-0 user-007-0 user-008-0 user-009-0 user-010-0 user-011-0 user-012-0
1919	cmd-1919	2025-11-03T08:37:00+09:00	user-001-1 user-002-1 user-003-1 user-004-0 user-005-1 user-006-0 user-007-0 user-008-0 user-009-0 user-010-0 user-011-0 user-012-0
1920	cmd-1920	2025-11-03T13:05:00+09:00	user-001-1 user-002-1 user-003-1 user-004-0 user-005-1 user-006-0 user-007-0 user-008-0 user-009-0 user-010-0 user-011-0 user-012-0
1921	cmd-1921	2025-11-03T13:13:00+09:00	user-001-1 user-002-1 user-003-1 user-004-0 user-005-1 user-006-0 user-007-0 user-008-0 user-009-0 user-010-0 user-011-0 user-012-0
1922	cmd-1922	2025-11-03T13:14:00+09:00	user-001-1 user-002-1 user-003-1 user-004-0 user-005-1 user-006-0 user-007-0 user-008-0 user-009-0 user-010-0 user-011-0 user-012-0
1923	cmd-1923	2025-11-03T16:20:00+09:00	user-001-1 user-002-1 user-003-1 user-004-0 user-005-1 user-006-0 user-007-0 user-008-0 user-009-0 user-010-0 user-011-0 user-012-0
1924	cmd-1924	2025-11-03T22:26:00+09:00	user-001-1 user-002-1 user-003-1 user-004-0 user-005-1 user-006-0 user-007-0 user-008-0 user-009-0 user-010-0 user-011-0 user-012-0
1925	cmd-1925	2025-11-03T22:46:00+09:00	user-001-1 user-002-1 user-003-1 user-004-0 user-005-1 user-006-0 user-007-0 user-008-0 user-009-0 user-010-0 user-011-0 user-012-0
1926	cmd-1926	2025-11-03T23:10:00+09:00	user-001-1 user-002-1 user-003-1 user-004-0 user-005-1 user-006-0 user-007-0 user-008-0 user-009-0 user-010-0 user-011-0 user-012-0
1927	cmd-1927	2025-11-04T01:00:00+09:00	user-001-1 user-002-1 user-003-1 user-004-0 user-005-1 user-006-0 user-007-0 user-008-0 user-009-0 user-010-0 user-011-0 user-012-0
1928	cmd-1928	2025-11-04T02:26:00+09:00	user-001-1 user-002-1 user-003-1 user-004-0 user-005-1 user-006-0 user-007-0 user-008-0 user-009-0 user-010-0 user-011-0 user-012-0
1929	cmd-1929	2025-11-04T03:21:00+09:00	user-001-1 user-002-1 user-003-1 user-004-0 user-005-1 user-006-0 user-007-0 user-008-0 user-009-0 user-010-0 user-011-0 user-012-0
1930	cmd-1930	2025-11-04T07:28:00+09:00	user-001-1 user-002-1 user-003-1 user-004-0 user-005-1 user-006-0 user-007-0 user-008-0 user-009-0 user-010-0 user-011-0 user-012-0
1931	cmd-1931	2025-11-04T12:26:00+09:00	user-001-1 user-002-1 user-003-1 user-004-0 user-005-1 user-006-0 user-007-0 user-008-0 user-009-0 user-010-0 user-011-0 user-012-0
1932	cmd-1932	2025-11-04T12:28:00+09:00	user-001-1 user-002-1 user-003-1 user-004-0 user-005-1 user-006-0 user-007-0 user-008-0 user-009-0 user-010-0 user-011-0 user-012-0
1933	cmd-1933	2025-11-04T14:32:00+09:00	user-001-1 user-002-1 user-003-1 user-004-0 user-005-1 user-006-0 user-007-0 user-008-0 user-009-0 user-010-0 user-011-0 user-012-0
1934	cmd-1934	2025-11-04T15:57:00+09:00	user-001-1 user-002-1 user-003-1 user-004-0 user-005-1 user-006-0 user-007-0 user-008-0 user-009-0 user-010-0 user-011-0 user-012-0
1935	cmd-1935	2025-11-04T17:26:00+09:00	user-001-1 user-002-1 user-003-1 user-004-0 user-005-1 user-006-0 user-007-0 user-008-0 user-009-0 user-010-0 user-011-0 user-012-0
1936	cmd-1936	2025-11-04T20:00:00+09:00	user-001-1 user-002-1 user-003-1 user-004-0 user-005-1 user-006-0 user-007-0 user-008-0 user-009-0 user-010-0 user-011-0 user-012-0
1937	cmd-1937	2025-11-04T20:09:00+09:00	user-001-1 user-002-1 user-003-1 user-004-0 user-005-1 user-006-0 user-007-0 user-008-0 user-009-0 user-010-0 user-011-0 user-012-0
1938	cmd-1938	2025-11-05T00:07:00+09:00	user-001-1 user-002-1 user-003-1 user-004-0 user-005-1 user-006-0 user-007-0 user-008-0 user-009-0 user-010-0 user-011-0 user-012-0
1939	cmd-1939	2025-11-05T01:01:00+09:00	user-001-1 user-002-1 user-003-1 user-004-0 user-005-1 user-006-0 user-007-0 user-008-0 user-009-0 user-010-0 user-011-0 user-012-0
1940	cmd-1940	2025-11-05T01:10:00+09:00	user-001-1 user-002-1 user-003-1 user-004-0 user-005-1 user-006-0 user-007-0 user-008-0 user-009-0 user-010-0 user-011-0 user-012-0
1941	cmd-1941	2025-11-05T01:13:00+09:00	user-001-1 user-002-1 user-003-1 user-004-0 user-005-1 user-006-0 user-007-0 user-008-0 user-009-0 user-010-0 user-011-0 user-012-0
1942	cmd-1942	2025-11-05T03:01:00+09:00	user-001-1 user-002-1 user-003-1 user-004-0 user-005-1 user-006-0 user-007-0 user-008-0 user-009-0 user-010-0 user-011-0 user-012-0
1943	cmd-1943	2025-11-05T04:36:00+09:00	user-001-1 user-002-1 user-003-1 user-004-0 user-005-1 user-006-0 user-007-0 user-008-0 user-009-0 user-010-0 user-011-0 user-012-0
1944	cmd-1944	2025-11-05T06:02:00+09:00	user-001-1 user-002-1 user-003-1 user-004-0 user-005-1 user-006-0 user-007-0 user-008-0 user-009-0 user-010-0 user-011-0 user-012-0
1945	cmd-1945	2025-11-05T07:12:00+09:00	user-001-1 user-002-1 user-003-1 user-004-0 user-005-1 user-006-0 user-007-0 user-008-0 user-009-0 user-010-0 user-011-0 user-012-0
1946	cmd-1946	2025-11-05T07:32:00+09:00	user-001-1 user-002-1 user-003-1 user-004-0 user-005-1 user-006-0 user-007-0 user-008-0 user-009-0 user-010-0 user-011-0 user-012-0
1947	cmd-1947	2025-11-05T10:06:00+09:00	user-001-1 user-002-1 user-003-1 user-004-0 user-005-1 user-006-0 user-007-0 user-008-0 user-009-0 user-010-0 user-011-0 user-012-0
1948	cmd-1948	2025-11-05T10:20:00+09:00	user-001-1 user-002-1 user-003-1 user-004-0 user-005-1 user-006-0 user-007-0 user-008-0 user-009-0 user-010-0 user-011-0 user-012-0
1949	cmd-1949	2025-11-05T11:25:00+09:00	user-001-1 user-002-1 user-003-1 user-004-0 user-005-1 user-006-0 user-007-0 user-008-0 user-009-0 user-010-0 user-011-0 user-012-0
1950	cmd-1950	2025-11-05T13:26:00+09:00	user-001-1 user-002-1 user-003-1 user-004-0 user-005-1 user-006-0 user-007-0 user-008-0 user-009-0 user-010-0 user-011-0 user-012-0
1951	cmd-1951	2025-11-05T13:39:00+09:00	user-001-1 user-002-1 user-003-1 user-004-0 user-005-1 user-006-0 user-007-0 user-008-0 user-009-0 user-010-0 user-011-0 user-012-0
1952	cmd-1952	2025-11-05T13:39:00+09:00	user-001-1 user-002-1 user-003-1 user-004-0 user-005-1 user-006-0 user-007-0 user-008-0 user-009-0 user-010-0 user-011-0 user-012-0
1953	cmd-1953	2025-11-05T16:25:00+09:00	user-001-1 user-002-1 user-003-1 user-004-0 user-005-1 user-006-0 user-007-0 user-008-0 user-009-0 user-010-0 user-011-0 user-012-0
1954	cmd-1954	2025-11-05T17:34:00+09:00	user-001-1 user-002-1 user-003-1 user-004-0 user-005-1 user-006-0 user-007-0 user-008-0 user-009-0 user-010-0 user-011-0 user-012-0
1955	cmd-1955	2025-11-05T18:19:00+09:00	user-001-1 user-002-1 user-003-1 user-004-0 user-005-1 user-006-0 user-007-0 user-008-0 user-009-0 user-010-0 user-011-0 user-012-0
1956	cmd-1956	2025-11-05T23:10:00+09:00	user-001-1 user-002-1 user-003-1 user-004-0 user-005-1 user-006-0 user-007-0 user-008-0 user-009-0 user-010-0 user-011-0 user-012-0
1957	cmd-1957	2025-11-05T23:50:00+09:00	user-001-1 user-002-1 user-003-1 user-004-0 user-005-1 user-006-0 user-007-0 user-008-0 user-009-0 user-010-0 user-011-0 user-012-0
1958	cmd-1958	2025-11-06T03:48:00+09:00	user-001-1 user-002-1 user-003-1 user-004-0 user-005-1 user-006-0 user-007-0 user-008-0 user-009-0 user-010-0 user-011-0 user-012-0
1959	cmd-1959	2025-11-06T04:44:00+09:00	user-001-1 user-002-1 user-003-1 user-004-0 user-005-1 user-006-0 user-007-0 user-008-0 user-009-0 user-010-0 user-011-0 user-012-0
1960	cmd-1960	2025-11-06T04:59:00+09:00	user-001-1 user-002-1 user-003-1 user-004-0 user-005-1 user-006-0 user-007-0 user-008-0 user-009-0 user-010-0 user-011-0 user-012-0
1961	cmd-1961	2025-11-06T05:33:00+09:00	user-001-1 user-002-1 user-003-1 user-004-0 user-005-1 user-006-0 user-007-0 user-008-0 user-009-0 user-010-0 user-011-0 user-012-0
1962	cmd-1962	2025-11-06T05:52:00+09:00	user-001-1 user-002-1 user-003-1 user-004-0 user-005-1 user-006-0 user-007-0 user-008-0 user-009-0 user-010-0 user-011-0 user-012-0
1963	cmd-1963	2025-11-06T06:36:00+09:00	user-001-1 user-002-1 user-003-1 user-004-0 user-005-1 user-006-0 user-007-0 user-008-0 user-009-0 user-010-0 user-011-0 user-012-0
1964	cmd-1964	2025-11-06T07:18:00+09:00	user-001-1 user-002-1 user-003-1 user-004-0 user-005-1 user-006-0 user-007-0 user-008-0 user-009-0 user-010-0 user-011-0 user-012-0
1965	cmd-1965	2025-11-06T08:07:00+09:00	user-001-1 user-002-1 user-003-1 user-004-0 user-005-1 user-006-0 user-007-0 user-008-0 user-009-0 user-010-0 user-011-0 user-012-0
1966	cmd-1966	2025-11-06T11:19:00+09:00	user-001-1 user-002-1 user-003-1 user-004-0 user-005-1 user-006-0 user-007-0 user-008-0 user-009-0 user-010-0 user-011-0 user-012-0
1967	cmd-1967	2025-11-06T12:37:00+09:00	user-001-1 user-002-1 user-003-1 user-004-0 user-005-1 user-006-0 user-007-0 user-008-0 user-009-0 user-010-0 user-011-0 user-012-0
1968	cmd-1968	2025-11-06T13:31:00+09:00	user-001-1 user-002-1 user-003-1 user-004-0 user-005-1 user-006-0 user-007-0 user-008-0 user-009-0 user-010-0 user-011-0 user-012-0
1969	cmd-1969	2025-11-06T16:35:00+09:00	user-001-1 user-002-1 user-003-1 user-004-0 user-005-1 user-006-0 user-007-0 user-008-0 user-009-0 user-010-0 user-011-0 user-012-0
1970	cmd-1970	2025-11-06T16:52:00+09:00	user-001-1 user-002-1 user-003-1 user-004-0 user-005-1 user-006-0 user-007-0 user-008-0 user-009-0 user-010-0 user-011-0 user-012-0
1971	cmd-1971	2025-11-06T16:56:00+09:00	user-001-1 user-002-1 user-003-1 user-004-0 user-005-1 user-006-0 user-007-0 user-008-0 user-009-0 user-010-0 user-011-0 user-012-0
1972	cmd-1972	2025-11-06T17:23:00+09:00	user-001-1 user-002-1 user-003-1 user-004-0 user-005-1 user-006-0 user-007-0 user-008-0 user-009-0 user-010-0 user-011-0 user-012-0
1973	cmd-1973	2025-11-06T19:01:00+09:00	user-001-1 user-002-1 user-003-1 user-004-0 user-005-1 user-006-0 user-007-0 user-008-0 user-009-0 user-010-0 user-011-0 user-012-0
1974	cmd-1974	2025-11-06T19:23:00+09:00	user-001-1 user-002-1 user-003-1 user-004-0 user-005-1 user-006-0 user-007-0 user-008-0 user-009-0 user-010-0 user-011-0 user-012-0
1975	cmd-1975	2025-11-06T21:09:00+09:00	user-001-1 user-002-1 user-003-1 user-004-0 user-005-1 user-006-0 user-007-0 user-008-0 user-009-0 user-010-0 user-011-0 user-012-0
1976	cmd-1976	2025-11-07T00:36:00+09:00	user-001-1 user-002-1 user-003-1 user-004-0 user-005-1 user-006-0 user-007-0 user-008-0 user-009-0 user-010-0 user-011-0 user-012-0
1977	cmd-1977	2025-11-07T01:14:00+09:00	user-001-1 user-002-1 user-003-1 user-004-0 user-005-1 user-006-0 user-007-0 user-008-0 user-009-0 user-010-0 user-011-0 user-012-0
1978	cmd-1978	2025-11-07T07:38:00+09:00	user-001-1 user-002-1 user-003-1 user-004-0 user-005-1 user-006-0 user-007-0 user-008-0 user-009-0 user-010-0 user-011-0 user-012-0
1979	cmd-1979	2025-11-07T08:23:00+09:00	user-001-1 user-002-1 user-003-1 user-004-0 user-005-1 user-006-0 user-007-0 user-008-0 user-009-0 user-010-0 user-011-0 user-012-0
1980	cmd-1980	2025-11-07T11:05:00+09:00	user-001-1 user-002-1 user-003-1 user-004-0 user-005-1 user-006-0 user-007-0 user-008-0 user-009-0 user-010-0 user-011-0 user-012-0
1981	cmd-1981	2025-11-07T14:40:00+09:00	user-001-1 user-002-1 user-003-1 user-004-0 user-005-1 user-006-0 user-007-0 user-008-0 user-009-0 user-010-0 user-011-0 user-012-0
1982	cmd-1982	2025-11-07T15:52:00+09:00	user-001-1 user-002-1 user-003-1 user-004-0 user-005-1 user-006-0 user-007-0 user-008-0 user-009-0 user-010-0 user-011-0 user-012-0
1983	cmd-1983	2025-11-07T17:11:00+09:00	user-001-1 user-002-1 user-003-1 user-004-0 user-005-1 user-006-0 user-007-0 user-008-0 user-009-0 user-010-0 user-011-0 user-012-0
1984	cmd-1984	2025-11-07T18:34:00+09:00	user-001-1 user-002-1 user-003-1 user-004-0 user-005-1 user-006-0 user-007-0 user-008-0 user-009-0 user-010-0 user-011-0 user-012-0
1985	cmd-1985	2025-11-07T19:07:00+09:00	user-001-1 user-002-1 user-003-1 user-004-0 user-005-1 user-006-0 user-007-0 user-008-0 user-009-0 user-010-0 user-011-0 user-012-0
1986	cmd-1986	2025-11-07T19:21:00+09:00	user-001-1 user-002-1 user-003-1 user-004-0 user-005-1 user-006-0 user-007-0 user-008-0 user-009-0 user-010-0 user-011-0 user-012-0
1987	cmd-1987	2025-11-07T19:47:00+09:00	user-001-1 user-002-1 user-003-1 user-004-0 user-005-1 user-006-0 user-007-0 user-008-0 user-009-0 user-010-0 user-011-0 user-012-0
1988	cmd-1988	2025-11-07T19:58:00+09:00	user-001-1 user-002-1 user-003-1 user-004-0 user-005-1 user-006-0 user-007-0 user-008-0 user-009-0 user-010-0 user-011-0 user-012-0
1989	cmd-1989	2025-11-07T20:21:00+09:00	user-001-1 user-002-1 user-003-1 user-004-0 user-005-1 user-006-0 user-007-0 user-008-0 user-009-0 user-010-0 user-011-0 user-012-0
1990	cmd-1990	2025-11-07T21:58:00+09:00	user-001-1 user-002-1 user-003-1 user-004-0 user-005-1 user-006-0 user-007-0 user-008-0 user-009-0 user-010-0 user-011-0 user-012-0
1991	cmd-1991	2025-11-07T22:49:00+09:00	user-001-1 user-002-1 user-003-1 user-004-0 user-005-1 user-006-0 user-007-0 user-008-0 user-009-0 user-010-0 user-011-0 user-012-0
1992	cmd-1992	2025-11-08T01:58:00+09:00	user-001-1 user-002-1 user-003-1 user-004-0 user-005-1 user-006-0 user-007-0 user-008-0 user-009-0 user-010-0 user-011-0 user-012-0
1993	cmd-1993	2025-11-08T02:42:00+09:00	user-001-1 user-002-1 user-003-1 user-004-0 user-005-1 user-006-0 user-007-0 user-008-0 user-009-0 user-010-0 user-011-0 user-012-0
1994	cmd-1994	2025-11-08T06:16:00+09:00	user-001-1 user-002-1 user-003-1 user-004-0 user-005-1 user-006-0 user-007-0 user-008-0 user-009-0 user-010-0 user-011-0 user-012-0
1995	cmd-1995	2025-11-08T10:29:00+09:00	user-001-1 user-002-1 user-003-1 user-004-0 user-005-1 user-006-0 user-007-0 user-008-0 user-009-0 user-010-0 user-011-0 user-012-0
1996	cmd-1996	2025-11-08T13:03:00+09:00	user-001-1 user-002-1 user-003-1 user-004-0 user-005-1 user-006-0 user-007-0 user-008-0 user-009-0 user-010-0 user-011-0 user-012-0
1997	cmd-1997	2025-11-08T15:08:00+09:00	user-001-1 user-002-1 user-003-1 user-004-0 user-005-1 user-006-0 user-007-0 user-008-0 user-009-0 user-010-0 user-011-0 user-012-0
1998	cmd-1998	2025-11-08T18:56:00+09:00	user-001-1 user-002-1 user-003-1 user-004-0 user-005-1 user-006-0 user-007-0 user-008-0 user-009-0 user-010-0 user-011-0 user-012-0
1999	cmd-1999	2025-11-08T19:11:00+09:00	user-001-1 user-002-1 user-003-1 user-004-0 user-005-1 user-006-0 user-007-0 user-008-0 user-009-0 user-010-0 user-011-0 user-012-0
2000	cmd-2000	2025-11-08T23:50:00+09:00	user-001-1 user-002-1 user-003-1 user-004-0 user-005-1 user-006-0 user-007-0 user-008-0 user-009-0 user-010-0 user-011-0 user-012-0
2001	cmd-2001	2025-11-09T04:19:00+09:00	user-001-1 user-002-1 user-003-1 user-004-0 user-005-1 user-006-0 user-007-0 user-008-0 user-009-0 user-010-0 user-011-0 user-012-0
2002	cmd-2002	2025-11-09T07:46:00+09:00	user-001-1 user-002-1 user-003-1 user-004-0 user-005-1 user-006-0 user-007-0 user-008-0 user-009-0 user-010-0 user-011-0 user-012-0
2003	cmd-2003	2025-11-09T08:04:00+09:00	user-001-1 user-002-1 user-003-1 user-004-0 user-005-1 user-006-0 user-007-0 user-008-0 user-009-0 user-010-0 user-011-0 user-012-0
2004	cmd-2004	2025-11-09T08:46:00+09:00	user-001-1 user-002-1 user-003-1 user-004-0 user-005-1 user-006-0 user-007-0 user-008-0 user-009-0 user-010-0 user-011-0 user-012-0
2005	cmd-2005	2025-11-09T09:05:00+09:00	user-001-1 user-002-1 user-003-1 user-004-0 user-005-1 user-006-0 user-007-0 user-008-0 user-009-0 user-010-0 user-011-0 user-012-0
2006	cmd-2006	2025-11-09T13:06:00+09:00	user-001-1 user-002-1 user-003-1 user-004-0 user-005-1 user-006-0 user-007-0 user-008-0 user-009-0 user-010-0 user-011-0 user-012-0
2007	cmd-2007	2025-11-09T16:02:00+09:00	user-001-1 user-002-1 user-003-1 user-004-0 user-005-1 user-006-0 user-007-0 user-008-0 user-009-0 user-010-0 user-011-0 user-012-0
2008	cmd-2008	2025-11-09T16:15:00+09:00	user-001-1 user-002-1 user-003-1 user-004-0 user-005-1 user-006-0 user-007-0 user-008-0 user-009-0 user-010-0 user-011-0 user-012-0
2009	cmd-2009	2025-11-09T23:01:00+09:00	user-001-1 user-002-1 user-003-1 user-004-0 user-005-1 user-006-0 user-007-0 user-008-0 user-009-0 user-010-0 user-011-0 user-012-0
2010	cmd-2010	2025-11-10T04:08:00+09:00	user-001-1 user-002-1 user-003-1 user-004-0 user-005-1 user-006-0 user-007-0 user-008-0 user-009-0 user-010-0 user-011-0 user-012-0
2011	cmd-2011	2025-11-10T06:41:00+09:00	user-001-1 user-002-1 user-003-1 user-004-0 user-005-1 user-006-0 user-007-0 user-008-0 user-009-0 user-010-0 user-011-0 user-012-0
2012	cmd-2012	2025-11-10T07:46:00+09:00	user-001-1 user-002-1 user-003-1 user-004-0 user-005-1 user-006-0 user-007-0 user-008-0 user-009-0 user-010-0 user-011-0 user-012-0
2013	cmd-2013	2025-11-10T08:51:00+09:00	user-001-1 user-002-1 user-003-1 user-004-0 user-005-1 user-006-0 user-007-0 user-008-0 user-009-0 user-010-0 user-011-0 user-012-0
2014	cmd-2014	2025-11-10T12:05:00+09:00	user-001-1 user-002-1 user-003-1 user-004-0 user-005-1 user-006-0 user-007-0 user-008-0 user-009-0 user-010-0 user-011-0 user-012-0
2015	cmd-2015	2025-11-10T13:20:00+09:00	user-001-1 user-002-1 user-003-1 user-004-0 user-005-1 user-006-0 user-007-0 user-008-0 user-009-0 user-010-0 user-011-0 user-012-0
2016	cmd-2016	2025-11-10T18:15:00+09:00	user-001-1 user-002-1 user-003-1 user-004-0 user-005-1 user-006-0 user-007-0 user-008-0 user-009-0 user-010-0 user-011-0 user-012-0
2017	cmd-2017	2025-11-10T19:36:00+09:00	user-001-1 user-002-1 user-003-1 user-004-0 user-005-1 user-006-0 user-007-0 user-008-0 user-009-0 user-010-0 user-011-0 user-012-0
2018	cmd-2018	2025-11-11T00:45:00+09:00	user-001-1 user-002-1 user-003-1 user-004-0 user-005-1 user-006-0 user-007-0 user-008-0 user-009-0 user-010-0 user-011-0 user-012-0
2019	cmd-2019	2025-11-11T03:07:00+09:00	user-001-1 user-002-1 user-003-1 user-004-0 user-005-1 user-006-0 user-007-0 user-008-0 user-009-0 user-010-0 user-011-0 user-012-0
2020	cmd-2020	2025-11-11T03:20:00+09:00	user-001-1 user-002-1 user-003-1 user-004-0 user-005-1 user-006-0 user-007-0 user-008-0 user-009-0 user-010-0 user-011-0 user-012-0
2021	cmd-2021	2025-11-11T06:29:00+09:00	user-001-1 user-002-1 user-003-1 user-004-0 user-005-1 user-006-0 user-007-0 user-008-0 user-009-0 user-010-0 user-011-0 user-012-0
2022	cmd-2022	2025-11-11T07:12:00+09:00	user-001-1 user-002-1 user-003-1 user-004-0 user-005-1 user-006-0 user-007-0 user-008-0 user-009-0 user-010-0 user-011-0 user-012-0
2023	cmd-2023	2025-11-11T09:04:00+09:00	user-001-1 user-002-1 user-003-1 user-004-0 user-005-1 user-006-0 user-007-0 user-008-0 user-009-0 user-010-0 user-011-0 user-012-0
2024	cmd-2024	2025-11-11T09:47:00+09:00	user-001-1 user-002-1 user-003-1 user-004-0 user-005-1 user-006-0 user-007-0 user-008-0 user-009-0 user-010-0 user-011-0 user-012-0
2025	cmd-2025	2025-11-11T10:04:00+09:00	user-001-1 user-002-1 user-003-1 user-004-0 user-005-1 user-006-0 user-007-0 user-008-0 user-009-0 user-010-0 user-011-0 user-012-0
2026	cmd-2026	2025-11-11T11:46:00+09:00	user-001-1 user-002-1 user-003-1 user-004-0 user-005-1 user-006-0 user-007-0 user-008-0 user-009-0 user-010-0 user-011-0 user-012-0
2027	cmd-2027	2025-11-11T13:32:00+09:00	user-001-1 user-002-1 user-003-1 user-004-0 user-005-1 user-006-0 user-007-0 user-008-0 user-009-0 user-010-0 user-011-0 user-012-0
2028	cmd-2028	2025-11-11T14:29:00+09:00	user-001-1 user-002-1 user-003-1 user-004-0 user-005-1 user-006-0 user-007-0 user-008-0 user-009-0 user-010-0 user-011-0 user-012-0
2029	cmd-2029	2025-11-11T15:07:00+09:00	user-001-1 user-002-1 user-003-1 user-004-0 user-005-1 user-006-0 user-007-0 user-008-0 user-009-0 user-010-0 user-011-0 user-012-0
2030	cmd-2030	2025-11-11T16:41:00+09:00	user-001-1 user-002-1 user-003-1 user-004-0 user-005-1 user-006-0 user-007-0 user-008-0 user-009-0 user-010-0 user-011-0 user-012-0
2031	cmd-2031	2025-11-11T17:01:00+09:00	user-001-1 user-002-1 user-003-1 user-004-0 user-005-1 user-006-0 user-007-0 user-008-0 user-009-0 user-010-0 user-011-0 user-012-0
2032	cmd-2032	2025-11-11T17:16:00+09:00	user-001-1 user-002-1 user-003-1 user-004-0 user-005-1 user-006-0 user-007-0 user-008-0 user-009-0 user-010-0 user-011-0 user-012-0
2033	cmd-2033	2025-11-11T20:02:00+09:00	user-001-1 user-002-1 user-003-1 user-004-0 user-005-1 user-006-0 user-007-0 user-008-0 user-009-0 user-010-0 user-011-0 user-012-0
2034	cmd-2034	2025-11-11T23:31:00+09:00	user-001-1 user-002-1 user-003-1 user-004-0 user-005-1 user-006-0 user-007-0 user-008-0 user-009-0 user-010-0 user-011-0 user-012-0
2035	cmd-2035	2025-11-12T00:07:00+09:00	user-001-1 user-002-1 user-003-1 user-004-0 user-005-1 user-006-0 user-007-0 user-008-0 user-009-0 user-010-0 user-011-0 user-012-0
2036	cmd-2036	2025-11-12T05:25:00+09:00	user-001-1 user-002-1 user-003-1 user-004-0 user-005-1 user-006-0 user-007-0 user-008-0 user-009-0 user-010-0 user-011-0 user-012-0
2037	cmd-2037	2025-11-12T08:01:00+09:00	user-001-1 user-002-1 user-003-1 user-004-0 user-005-1 user-006-0 user-007-0 user-008-0 user-009-0 user-010-0 user-011-0 user-012-0
2038	cmd-2038	2025-11-12T08:09:00+09:00	user-001-1 user-002-1 user-003-1 user-004-0 user-005-1 user-006-0 user-007-0 user-008-0 user-009-0 user-010-0 user-011-0 user-012-0
2039	cmd-2039	2025-11-12T11:36:00+09:00	user-001-1 user-002-1 user-003-1 user-004-0 user-005-1 user-006-0 user-007-0 user-008-0 user-009-0 user-010-0 user-011-0 user-012-0
2040	cmd-2040	2025-11-12T11:58:00+09:00	user-001-1 user-002-1 user-003-1 user-004-0 user-005-1 user-006-0 user-007-0 user-008-0 user-009-0 user-010-0 user-011-0 user-012-0
2041	cmd-2041	2025-11-12T12:24:00+09:00	user-001-1 user-002-1 user-003-1 user-004-0 user-005-1 user-006-0 user-007-0 user-008-0 user-009-0 user-010-0 user-011-0 user-012-0
2042	cmd-2042	2025-11-12T13:08:00+09:00	user-001-1 user-002-1 user-003-1 user-004-0 user-005-1 user-006-0 user-007-0 user-008-0 user-009-0 user-010-0 user-011-0 user-012-0
2043	cmd-2043	2025-11-12T14:40:00+09:00	user-001-1 user-002-1 user-003-1 user-004-0 user-005-1 user-006-0 user-007-0 user-008-0 user-009-0 user-010-0 user-011-0 user-012-0
2044	cmd-2044	2025-11-12T17:40:00+09:00	user-001-1 user-002-1 user-003-1 user-004-0 user-005-1 user-006-0 user-007-0 user-008-0 user-009-0 user-010-0 user-011-0 user-012-0
2045	cmd-2045	2025-11-12T18:21:00+09:00	user-001-1 user-002-1 user-003-1 user-004-0 user-005-1 user-006-0 user-007-0 user-008-0 user-009-0 user-010-0 user-011-0 user-012-0
2046	cmd-2046	2025-11-12T18:31:00+09:00	user-001-1 user-002-1 user-003-1 user-004-0 user-005-1 user-006-0 user-007-0 user-008-0 user-009-0 user-010-0 user-011-0 user-012-0
2047	cmd-2047	2025-11-12T21:28:00+09:00	user-001-1 user-002-1 user-003-1 user-004-0 user-005-1 user-006-0 user-007-0 user-008-0 user-009-0 user-010-0 user-011-0 user-012-0
2048	cmd-2048	2025-11-12T21:37:00+09:00	user-001-1 user-002-1 user-003-1 user-004-0 user-005-1 user-006-0 user-007-0 user-008-0 user-009-0 user-010-0 user-011-0 user-012-0
2049	cmd-2049	2025-11-12T23:03:00+09:00	user-001-1 user-002-1 user-003-1 user-004-0 user-005-1 user-006-0 user-007-0 user-008-0 user-009-0 user-010-0 user-011-0 user-012-0
2050	cmd-2050	2025-11-13T00:33:00+09:00	user-001-1 user-002-1 user-003-1 user-004-0 user-005-1 user-006-0 user-007-0 user-008-0 user-009-0 user-010-0 user-011-0 user-012-0
2051	cmd-2051	2025-11-13T02:43:00+09:00	user-001-1 user-002-1 user-003-1 user-004-0 user-005-1 user-006-0 user-007-0 user-008-0 user-009-0 user-010-0 user-011-0 user-012-0
2052	cmd-2052	2025-11-13T03:23:00+09:00	user-001-1 user-002-1 user-003-1 user-004-0 user-005-1 user-006-0 user-007-0 user-008-0 user-009-0 user-010-0 user-011-0 user-012-0
2053	cmd-2053	2025-11-13T07:59:00+09:00	user-001-1 user-002-1 user-003-1 user-004-0 user-005-1 user-006-0 user-007-0 user-008-0 user-009-0 user-010-0 user-011-0 user-012-0
2054	cmd-2054	2025-11-13T08:13:00+09:00	user-001-1 user-002-1 user-003-1 user-004-0 user-005-1 user-006-0 user-007-0 user-008-0 user-009-0 user-010-0 user-011-0 user-012-0
2055	cmd-2055	2025-11-13T12:54:00+09:00	user-001-1 user-002-1 user-003-1 user-004-0 user-005-1 user-006-0 user-007-0 user-008-0 user-009-0 user-010-0 user-011-0 user-012-0
2056	cmd-2056	2025-11-13T14:58:00+09:00	user-001-1 user-002-1 user-003-1 user-004-0 user-005-1 user-006-0 user-007-0 user-008-0 user-009-0 user-010-0 user-011-0 user-012-0
2057	cmd-2057	2025-11-13T15:26:00+09:00	user-001-1 user-002-1 user-003-1 user-004-0 user-005-1 user-006-0 user-007-0 user-008-0 user-009-0 user-010-0 user-011-0 user-012-0
2058	cmd-2058	2025-11-13T15:38:00+09:00	user-001-1 user-002-1 user-003-1 user-004-0 user-005-1 user-006-0 user-007-0 user-008-0 user-009-0 user-010-0 user-011-0 user-012-0
2059	cmd-2059	2025-11-13T16:57:00+09:00	user-001-1 user-002-1 user-003-1 user-004-0 user-005-1 user-006-0 user-007-0 user-008-0 user-009-0 user-010-0 user-011-0 user-012-0
2060	cmd-2060	2025-11-13T17:41:00+09:00	user-001-1 user-002-1 user-003-1 user-004-0 user-005-1 user-006-0 user-007-0 user-008-0 user-009-0 user-010-0 user-011-0 user-012-0
2061	cmd-2061	2025-11-13T18:20:00+09:00	user-001-1 user-002-1 user-003-1 user-004-0 user-005-1 user-006-0 user-007-0 user-008-0 user-009-0 user-010-0 user-011-0 user-012-0
2062	cmd-2062	2025-11-13T18:56:00+09:00	user-001-1 user-002-1 user-003-1 user-004-0 user-005-1 user-006-0 user-007-0 user-008-0 user-009-0 user-010-0 user-011-0 user-012-0
2063	cmd-2063	2025-11-13T22:00:00+09:00	user-001-1 user-002-1 user-003-1 user-004-0 user-005-1 user-006-0 user-007-0 user-008-0 user-009-0 user-010-0 user-011-0 user-012-0
2064	cmd-2064	2025-11-13T22:43:00+09:00	user-001-1 user-002-1 user-003-1 user-004-0 user-005-1 user-006-0 user-007-0 user-008-0 user-009-0 user-010-0 user-011-0 user-012-0
2065	cmd-2065	2025-11-14T01:14:00+09:00	user-001-1 user-002-1 user-003-1 user-004-0 user-005-1 user-006-0 user-007-0 user-008-0 user-009-0 user-010-0 user-011-0 user-012-0
2066	cmd-2066	2025-11-14T02:53:00+09:00	user-001-1 user-002-1 user-003-1 user-004-0 user-005-1 user-006-0 user-007-0 user-008-0 user-009-0 user-010-0 user-011-0 user-012-0
2067	cmd-2067	2025-11-14T03:03:00+09:00	user-001-1 user-002-1 user-003-1 user-004-0 user-005-1 user-006-0 user-007-0 user-008-0 user-009-0 user-010-0 user-011-0 user-012-0
2068	cmd-2068	2025-11-14T06:04:00+09:00	user-001-1 user-002-1 user-003-1 user-004-0 user-005-1 user-006-0 user-007-0 user-008-0 user-009-0 user-010-0 user-011-0 user-012-0
2069	cmd-2069	2025-11-14T08:09:00+09:00	user-001-1 user-002-1 user-003-1 user-004-0 user-005-1 user-006-0 user-007-0 user-008-0 user-009-0 user-010-0 user-011-0 user-012-0
2070	cmd-2070	2025-11-14T08:33:00+09:00	user-001-1 user-002-1 user-003-1 user-004-0 user-005-1 user-006-0 user-007-0 user-008-0 user-009-0 user-010-0 user-011-0 user-012-0
2071	cmd-2071	2025-11-14T09:00:00+09:00	user-001-1 user-002-1 user-003-1 user-004-0 user-005-1 user-006-0 user-007-0 user-008-0 user-009-0 user-010-0 user-011-0 user-012-0
2072	cmd-2072	2025-11-14T10:31:00+09:00	user-001-1 user-002-1 user-003-1 user-004-0 user-005-1 user-006-0 user-007-0 user-008-0 user-009-0 user-010-0 user-011-0 user-012-0
2073	cmd-2073	2025-11-14T12:23:00+09:00	user-001-1 user-002-1 user-003-1 user-004-0 user-005-1 user-006-0 user-007-0 user-008-0 user-009-0 user-010-0 user-011-0 user-012-0
2074	cmd-2074	2025-11-14T13:51:00+09:00	user-001-1 user-002-1 user-003-1 user-004-0 user-005-1 user-006-0 user-007-0 user-008-0 user-009-0 user-010-0 user-011-0 user-012-0
2075	cmd-2075	2025-11-14T17:32:00+09:00	user-001-1 user-002-1 user-003-1 user-004-0 user-005-1 user-006-0 user-007-0 user-008-0 user-009-0 user-010-0 user-011-0 user-012-0
2076	cmd-2076	2025-11-14T18:32:00+09:00	user-001-1 user-002-1 user-003-1 user-004-0 user-005-1 user-006-0 user-007-0 user-008-0 user-009-0 user-010-0 user-011-0 user-012-0
2077	cmd-2077	2025-11-14T20:50:00+09:00	user-001-1 user-002-1 user-003-1 user-004-0 user-005-1 user-006-0 user-007-0 user-008-0 user-009-0 user-010-0 user-011-0 user-012-0
2078	cmd-2078	2025-11-14T22:16:00+09:00	user-001-1 user-002-1 user-003-1 user-004-0 user-005-1 user-006-0 user-007-0 user-008-0 user-009-0 user-010-0 user-011-0 user-012-0
2079	cmd-2079	2025-11-14T22:47:00+09:00	user-001-1 user-002-1 user-003-1 user-004-0 user-005-1 user-006-0 user-007-0 user-008-0 user-009-0 user-010-0 user-011-0 user-012-0
2080	cmd-2080	2025-11-14T22:52:00+09:00	user-001-1 user-002-1 user-003-1 user-004-0 user-005-1 user-006-0 user-007-0 user-008-0 user-009-0 user-010-0 user-011-0 user-012-0
2081	cmd-2081	2025-11-15T01:10:00+09:00	user-001-1 user-002-1 user-003-1 user-004-0 user-005-1 user-006-0 user-007-0 user-008-0 user-009-0 user-010-0 user-011-0 user-012-0
2082	cmd-2082	2025-11-15T02:59:00+09:00	user-001-1 user-002-1 user-003-1 user-004-0 user-005-1 user-006-0 user-007-0 user-008-0 user-009-0 user-010-0 user-011-0 user-012-0
2083	cmd-2083	2025-11-15T03:08:00+09:00	user-001-1 user-002-1 user-003-1 user-004-0 user-005-1 user-006-0 user-007-0 user-008-0 user-009-0 user-010-0 user-011-0 user-012-0
2084	cmd-2084	2025-11-15T04:14:00+09:00	user-001-1 user-002-1 user-003-1 user-004-0 user-005-1 user-006-0 user-007-0 user-008-0 user-009-0 user-010-0 user-011-0 user-012-0
2085	cmd-2085	2025-11-15T05:34:00+09:00	user-001-1 user-002-1 user-003-1 user-004-0 user-005-1 user-006-0 user-007-0 user-008-0 user-009-0 user-010-0 user-011-0 user-012-0
2086	cmd-2086	2025-11-15T06:23:00+09:00	user-001-1 user-002-1 user-003-1 user-004-0 user-005-1 user-006-0 user-007-0 user-008-0 user-009-0 user-010-0 user-011-0 user-012-0
2087	cmd-2087	2025-11-15T07:52:00+09:00	user-001-1 user-002-1 user-003-1 user-004-0 user-005-1 user-006-0 user-007-0 user-008-0 user-009-0 user-010-0 user-011-0 user-012-0
2088	cmd-2088	2025-11-15T08:07:00+09:00	user-001-1 user-002-1 user-003-1 user-004-0 user-005-1 user-006-0 user-007-0 user-008-0 user-009-0 user-010-0 user-011-0 user-012-0
2089	cmd-2089	2025-11-15T12:25:00+09:00	user-001-1 user-002-1 user-003-1 user-004-0 user-005-1 user-006-0 user-007-0 user-008-0 user-009-0 user-010-0 user-011-0 user-012-0
2090	cmd-2090	2025-11-15T13:02:00+09:00	user-001-1 user-002-1 user-003-1 user-004-0 user-005-1 user-006-0 user-007-0 user-008-0 user-009-0 user-010-0 user-011-0 user-012-0
2091	cmd-2091	2025-11-15T13:27:00+09:00	user-001-1 user-002-1 user-003-1 user-004-0 user-005-1 user-006-0 user-007-0 user-008-0 user-009-0 user-010-0 user-011-0 user-012-0
2092	cmd-2092	2025-11-15T13:34:00+09:00	user-001-1 user-002-1 user-003-1 user-004-0 user-005-1 user-006-0 user-007-0 user-008-0 user-009-0 user-010-0 user-011-0 user-012-0
2093	cmd-2093	2025-11-15T15:25:00+09:00	user-001-1 user-002-1 user-003-1 user-004-0 user-005-1 user-006-0 user-007-0 user-008-0 user-009-0 user-010-0 user-011-0 user-012-0
2094	cmd-2094	2025-11-15T17:21:00+09:00	user-001-1 user-002-1 user-003-1 user-004-0 user-005-1 user-006-0 user-007-0 user-008-0 user-009-0 user-010-0 user-011-0 user-012-0
2095	cmd-2095	2025-11-15T20:25:00+09:00	user-001-1 user-002-1 user-003-1 user-004-0 user-005-1 user-006-0 user-007-0 user-008-0 user-009-0 user-010-0 user-011-0 user-012-0
2096	cmd-2096	2025-11-15T20:31:00+09:00	user-001-1 user-002-1 user-003-1 user-004-0 user-005-1 user-006-0 user-007-0 user-008-0 user-009-0 user-010-0 user-011-0 user-012-0
2097	cmd-2097	2025-11-15T21:07:00+09:00	user-001-1 user-002-1 user-003-1 user-004-0 user-005-1 user-006-0 user-007-0 user-008-0 user-009-0 user-010-0 user-011-0 user-012-0
2098	cmd-2098	2025-11-15T23:45:00+09:00	user-001-1 user-002-1 user-003-1 user-004-0 user-005-1 user-006-0 user-007-0 user-008-0 user-009-0 user-010-0 user-011-0 user-012-0
2099	cmd-2099	2025-11-16T00:23:00+09:00	user-001-1 user-002-1 user-003-1 user-004-0 user-005-1 user-006-0 user-007-0 user-008-0 user-009-0 user-010-0 user-011-0 user-012-0
2100	cmd-2100	2025-11-16T02:42:00+09:00	user-001-1 user-002-1 user-003-1 user-004-0 user-005-1 user-006-0 user-007-0 user-008-0 user-009-0 user-010-0 user-011-0 user-012-0
2101	cmd-2101	2025-11-16T03:56:00+09:00	user-001-1 user-002-1 user-003-1 user-004-0 user-005-1 user-006-0 user-007-0 user-008-0 user-009-0 user-010-0 user-011-0 user-012-0
2102	cmd-2102	2025-11-16T04:44:00+09:00	user-001-1 user-002-1 user-003-1 user-004-0 user-005-1 user-006-0 user-007-0 user-008-0 user-009-0 user-010-0 user-011-0 user-012-0
2103	cmd-2103	2025-11-16T05:14:00+09:00	user-001-1 user-002-1 user-003-1 user-004-0 user-005-1 user-006-0 user-007-0 user-008-0 user-009-0 user-010-0 user-011-0 user-012-0
2104	cmd-2104	2025-11-16T05:54:00+09:00	user-001-1 user-002-1 user-003-1 user-004-0 user-005-1 user-006-0 user-007-0 user-008-0 user-009-0 user-010-0 user-011-0 user-012-0
2105	cmd-2105	2025-11-16T06:12:00+09:00	user-001-1 user-002-1 user-003-1 user-004-0 user-005-1 user-006-0 user-007-0 user-008-0 user-009-0 user-010-0 user-011-0 user-012-0
2106	cmd-2106	2025-11-16T06:12:00+09:00	user-001-1 user-002-1 user-003-1 user-004-0 user-005-1 user-006-0 user-007-0 user-008-0 user-009-0 user-010-0 user-011-0 user-012-0
2107	cmd-2107	2025-11-16T06:34:00+09:00	user-001-1 user-002-1 user-003-1 user-004-0 user-005-1 user-006-0 user-007-0 user-008-0 user-009-0 user-010-0 user-011-0 user-012-0
2108	cmd-2108	2025-11-16T06:52:00+09:00	user-001-1 user-002-1 user-003-1 user-004-0 user-005-1 user-006-0 user-007-0 user-008-0 user-009-0 user-010-0 user-011-0 user-012-0
2109	cmd-2109	2025-11-16T07:31:00+09:00	user-001-1 user-002-1 user-003-1 user-004-0 user-005-1 user-006-0 user-007-0 user-008-0 user-009-0 user-010-0 user-011-0 user-012-0
2110	cmd-2110	2025-11-16T07:32:00+09:00	user-001-1 user-002-1 user-003-1 user-004-0 user-005-1 user-006-0 user-007-0 user-008-0 user-009-0 user-010-0 user-011-0 user-012-0
2111	cmd-2111	2025-11-16T10:06:00+09:00	user-001-1 user-002-1 user-003-1 user-004-0 user-005-1 user-006-0 user-007-0 user-008-0 user-009-0 user-010-0 user-011-0 user-012-0
2112	cmd-2112	2025-11-16T10:18:00+09:00	user-001-1 user-002-1 user-003-1 user-004-0 user-005-1 user-006-0 user-007-0 user-008-0 user-009-0 user-010-0 user-011-0 user-012-0
2113	cmd-2113	2025-11-16T11:38:00+09:00	user-001-1 user-002-1 user-003-1 user-004-0 user-005-1 user-006-0 user-007-0 user-008-0 user-009-0 user-010-0 user-011-0 user-012-0
2114	cmd-2114	2025-11-16T13:11:00+09:00	user-001-1 user-002-1 user-003-1 user-004-0 user-005-1 user-006-0 user-007-0 user-008-0 user-009-0 user-010-0 user-011-0 user-012-0
2115	cmd-2115	2025-11-16T13:26:00+09:00	user-001-1 user-002-1 user-003-1 user-004-0 user-005-1 user-006-0 user-007-0 user-008-0 user-009-0 user-010-0 user-011-0 user-012-0
2116	cmd-2116	2025-11-16T13:33:00+09:00	user-001-1 user-002-1 user-003-1 user-004-0 user-005-1 user-006-0 user-007-0 user-008-0 user-009-0 user-010-0 user-011-0 user-012-0
2117	cmd-2117	2025-11-16T13:51:00+09:00	user-001-1 user-002-1 user-003-1 user-004-0 user-005-1 user-006-0 user-007-0 user-008-0 user-009-0 user-010-0 user-011-0 user-012-0
2118	cmd-2118	2025-11-16T14:23:00+09:00	user-001-1 user-002-1 user-003-1 user-004-0 user-005-1 user-006-0 user-007-0 user-008-0 user-009-0 user-010-0 user-011-0 user-012-0
2119	cmd-2119	2025-11-16T18:00:00+09:00	user-001-1 user-002-1 user-003-1 user-004-0 user-005-1 user-006-0 user-007-0 user-008-0 user-009-0 user-010-0 user-011-0 user-012-0
2120	cmd-2120	2025-11-17T02:17:00+09:00	user-001-1 user-002-1 user-003-1 user-004-0 user-005-1 user-006-0 user-007-0 user-008-0 user-009-0 user-010-0 user-011-0 user-012-0
2121	cmd-2121	2025-11-17T04:06:00+09:00	user-001-1 user-002-1 user-003-1 user-004-0 user-005-1 user-006-0 user-007-0 user-008-0 user-009-0 user-010-0 user-011-0 user-012-0
2122	cmd-2122	2025-11-17T04:41:00+09:00	user-001-1 user-002-1 user-003-1 user-004-0 user-005-1 user-006-0 user-007-0 user-008-0 user-009-0 user-010-0 user-011-0 user-012-0
2123	cmd-2123	2025-11-17T07:55:00+09:00	user-001-1 user-002-1 user-003-1 user-004-0 user-005-1 user-006-0 user-007-0 user-008-0 user-009-0 user-010-0 user-011-0 user-012-0
2124	cmd-2124	2025-11-17T08:15:00+09:00	user-001-1 user-002-1 user-003-1 user-004-0 user-005-1 user-006-0 user-007-0 user-008-0 user-009-0 user-010-0 user-011-0 user-012-0
2125	cmd-2125	2025-11-17T10:07:00+09:00	user-001-1 user-002-1 user-003-1 user-004-0 user-005-1 user-006-0 user-007-0 user-008-0 user-009-0 user-010-0 user-011-0 user-012-0
2126	cmd-2126	2025-11-17T13:06:00+09:00	user-001-1 user-002-1 user-003-1 user-004-0 user-005-1 user-006-0 user-007-0 user-008-0 user-009-0 user-010-0 user-011-0 user-012-0
2127	cmd-2127	2025-11-17T14:25:00+09:00	user-001-1 user-002-1 user-003-1 user-004-0 user-005-1 user-006-0 user-007-0 user-008-0 user-009-0 user-010-0 user-011-0 user-012-0
2128	cmd-2128	2025-11-17T17:09:00+09:00	user-001-1 user-002-1 user-003-1 user-004-0 user-005-1 user-006-0 user-007-0 user-008-0 user-009-0 user-010-0 user-011-0 user-012-0
2129	cmd-2129	2025-11-17T17:27:00+09:00	user-001-1 user-002-1 user-003-1 user-004-0 user-005-1 user-006-0 user-007-0 user-008-0 user-009-0 user-010-0 user-011-0 user-012-0
2130	cmd-2130	2025-11-17T19:16:00+09:00	user-001-1 user-002-1 user-003-1 user-004-0 user-005-1 user-006-0 user-007-0 user-008-0 user-009-0 user-010-0 user-011-0 user-012-0
2131	cmd-2131	2025-11-18T00:51:00+09:00	user-001-1 user-002-1 user-003-1 user-004-0 user-005-1 user-006-0 user-007-0 user-008-0 user-009-0 user-010-0 user-011-0 user-012-0
2132	cmd-2132	2025-11-18T01:19:00+09:00	user-001-1 user-002-1 user-003-1 user-004-0 user-005-1 user-006-0 user-007-0 user-008-0 user-009-0 user-010-0 user-011-0 user-012-0
2133	cmd-2133	2025-11-18T02:13:00+09:00	user-001-1 user-002-1 user-003-1 user-004-0 user-005-1 user-006-0 user-007-0 user-008-0 user-009-0 user-010-0 user-011-0 user-012-0
2134	cmd-2134	2025-11-18T02:34:00+09:00	user-001-1 user-002-1 user-003-1 user-004-0 user-005-1 user-006-0 user-007-0 user-008-0 user-009-0 user-010-0 user-011-0 user-012-0
2135	cmd-2135	2025-11-18T02:51:00+09:00	user-001-1 user-002-1 user-003-1 user-004-0 user-005-1 user-006-0 user-007-0 user-008-0 user-009-0 user-010-0 user-011-0 user-012-0
2136	cmd-2136	2025-11-18T03:24:00+09:00	user-001-1 user-002-1 user-003-1 user-004-0 user-005-1 user-006-0 user-007-0 user-008-0 user-009-0 user-010-0 user-011-0 user-012-0
2137	cmd-2137	2025-11-18T06:18:00+09:00	user-001-1 user-002-1 user-003-1 user-004-0 user-005-1 user-006-0 user-007-0 user-008-0 user-009-0 user-010-0 user-011-0 user-012-0
2138	cmd-2138	2025-11-18T07:09:00+09:00	user-001-1 user-002-1 user-003-1 user-004-0 user-005-1 user-006-0 user-007-0 user-008-0 user-009-0 user-010-0 user-011-0 user-012-0
2139	cmd-2139	2025-11-18T07:36:00+09:00	user-001-1 user-002-1 user-003-1 user-004-0 user-005-1 user-006-0 user-007-0 user-008-0 user-009-0 user-010-0 user-011-0 user-012-0
2140	cmd-2140	2025-11-18T15:52:00+09:00	user-001-1 user-002-1 user-003-1 user-004-0 user-005-1 user-006-0 user-007-0 user-008-0 user-009-0 user-010-0 user-011-0 user-012-0
2141	cmd-2141	2025-11-18T16:37:00+09:00	user-001-1 user-002-1 user-003-1 user-004-0 user-005-1 user-006-0 user-007-0 user-008-0 user-009-0 user-010-0 user-011-0 user-012-0
2142	cmd-2142	2025-11-18T16:37:00+09:00	user-001-1 user-002-1 user-003-1 user-004-0 user-005-1 user-006-0 user-007-0 user-008-0 user-009-0 user-010-0 user-011-0 user-012-0
2143	cmd-2143	2025-11-18T16:43:00+09:00	user-001-1 user-002-1 user-003-1 user-004-0 user-005-1 user-006-0 user-007-0 user-008-0 user-009-0 user-010-0 user-011-0 user-012-0
2144	cmd-2144	2025-11-18T17:37:00+09:00	user-001-1 user-002-1 user-003-1 user-004-0 user-005-1 user-006-0 user-007-0 user-008-0 user-009-0 user-010-0 user-011-0 user-012-0
2145	cmd-2145	2025-11-18T18:21:00+09:00	user-001-1 user-002-1 user-003-1 user-004-0 user-005-1 user-006-0 user-007-0 user-008-0 user-009-0 user-010-0 user-011-0 user-012-0
2146	cmd-2146	2025-11-18T20:47:00+09:00	user-001-1 user-002-1 user-003-1 user-004-0 user-005-1 user-006-0 user-007-0 user-008-0 user-009-0 user-010-0 user-011-0 user-012-0
2147	cmd-2147	2025-11-18T21:10:00+09:00	user-001-1 user-002-1 user-003-1 user-004-0 user-005-1 user-006-0 user-007-0 user-008-0 user-009-0 user-010-0 user-011-0 user-012-0
2148	cmd-2148	2025-11-19T03:09:00+09:00	user-001-1 user-002-1 user-003-1 user-004-0 user-005-1 user-006-0 user-007-0 user-008-0 user-009-0 user-010-0 user-011-0 user-012-0
2149	cmd-2149	2025-11-19T03:32:00+09:00	user-001-1 user-002-1 user-003-1 user-004-0 user-005-1 user-006-0 user-007-0 user-008-0 user-009-0 user-010-0 user-011-0 user-012-0
2150	cmd-2150	2025-11-19T04:11:00+09:00	user-001-1 user-002-1 user-003-1 user-004-0 user-005-1 user-006-0 user-007-0 user-008-0 user-009-0 user-010-0 user-011-0 user-012-0
2151	cmd-2151	2025-10-30T07:48:00+09:00	user-001-1 user-002-1 user-003-0 user-004-0 user-005-0 user-006-0 user-007-0 user-008-0 user-009-0 user-010-0 user-011-0 user-012-0
2152	cmd-2152	2025-10-30T10:14:00+09:00	user-001-1 user-002-1 user-003-0 user-004-0 user-005-0 user-006-0 user-007-0 user-008-0 user-009-0 user-010-0 user-011-0 user-012-0
2153	cmd-2153	2025-10-30T13:39:00+09:00	user-001-1 user-002-1 user-003-0 user-004-0 user-005-0 user-006-0 user-007-0 user-008-0 user-009-0 user-010-0 user-011-0 user-012-0
2154	cmd-2154	2025-10-30T14:51:00+09:00	user-001-1 user-002-1 user-003-0 user-004-0 user-005-0 user-006-0 user-007-0 user-008-0 user-009-0 user-010-0 user-011-0 user-012-0
2155	cmd-2155	2025-10-30T16:21:00+09:00	user-001-1 user-002-1 user-003-0 user-004-0 user-005-0 user-006-0 user-007-0 user-008-0 user-009-0 user-010-0 user-011-0 user-012-0
2156	cmd-2156	2025-10-30T19:28:00+09:00	user-001-1 user-002-1 user-003-0 user-004-0 user-005-0 user-006-0 user-007-0 user-008-0 user-009-0 user-010-0 user-011-0 user-012-0
2157	cmd-2157	2025-10-30T19:46:00+09:00	user-001-1 user-002-1 user-003-0 user-004-0 user-005-0 user-006-0 user-007-0 user-008-0 user-009-0 user-010-0 user-011-0 user-012-0
2158	cmd-2158	2025-10-31T04:12:00+09:00	user-001-1 user-002-1 user-003-0 user-004-0 user-005-0 user-006-0 user-007-0 user-008-0 user-009-0 user-010-0 user-011-0 user-012-0
2159	cmd-2159	2025-10-31T04:23:00+09:00	user-001-1 user-002-1 user-003-0 user-004-0 user-005-0 user-006-0 user-007-0 user-008-0 user-009-0 user-010-0 user-011-0 user-012-0
2160	cmd-2160	2025-10-31T05:38:00+09:00	user-001-1 user-002-1 user-003-0 user-004-0 user-005-0 user-006-0 user-007-0 user-008-0 user-009-0 user-010-0 user-011-0 user-012-0
2161	cmd-2161	2025-10-31T05:40:00+09:00	user-001-1 user-002-1 user-003-0 user-004-0 user-005-0 user-006-0 user-007-0 user-008-0 user-009-0 user-010-0 user-011-0 user-012-0
2162	cmd-2162	2025-10-31T09:29:00+09:00	user-001-1 user-002-1 user-003-0 user-004-0 user-005-0 user-006-0 user-007-0 user-008-0 user-009-0 user-010-0 user-011-0 user-012-0
2163	cmd-2163	2025-10-31T11:58:00+09:00	user-001-1 user-002-1 user-003-0 user-004-0 user-005-0 user-006-0 user-007-0 user-008-0 user-009-0 user-010-0 user-011-0 user-012-0
2164	cmd-2164	2025-10-31T12:04:00+09:00	user-001-1 user-002-1 user-003-0 user-004-0 user-005-0 user-006-0 user-007-0 user-008-0 user-009-0 user-010-0 user-011-0 user-012-0
2165	cmd-2165	2025-10-31T18:27:00+09:00	user-001-1 user-002-1 user-003-0 user-004-0 user-005-0 user-006-0 user-007-0 user-008-0 user-009-0 user-010-0 user-011-0 user-012-0
2166	cmd-2166	2025-10-31T19:00:00+09:00	user-001-1 user-002-1 user-003-0 user-004-0 user-005-0 user-006-0 user-007-0 user-008-0 user-009-0 user-010-0 user-011-0 user-012-0
2167	cmd-2167	2025-10-31T19:02:00+09:00	user-001-1 user-002-1 user-003-0 user-004-0 user-005-0 user-006-0 user-007-0 user-008-0 user-009-0 user-010-0 user-011-0 user-012-0
2168	cmd-2168	2025-11-01T04:16:00+09:00	user-001-1 user-002-1 user-003-0 user-004-0 user-005-0 user-006-0 user-007-0 user-008-0 user-009-0 user-010-0 user-011-0 user-012-0
2169	cmd-2169	2025-11-01T05:19:00+09:00	user-001-1 user-002-1 user-003-0 user-004-0 user-005-0 user-006-0 user-007-0 user-008-0 user-009-0 user-010-0 user-011-0 user-012-0
2170	cmd-2170	2025-11-01T07:07:00+09:00	user-001-1 user-002-1 user-003-0 user-004-0 user-005-0 user-006-0 user-007-0 user-008-0 user-009-0 user-010-0 user-011-0 user-012-0
2171	cmd-2171	2025-11-01T08:04:00+09:00	user-001-1 user-002-1 user-003-0 user-004-0 user-005-0 user-006-0 user-007-0 user-008-0 user-009-0 user-010-0 user-011-0 user-012-0
2172	cmd-2172	2025-11-01T08:57:00+09:00	user-001-1 user-002-1 user-003-0 user-004-0 user-005-0 user-006-0 user-007-0 user-008-0 user-009-0 user-010-0 user-011-0 user-012-0
2173	cmd-2173	2025-11-01T12:57:00+09:00	user-001-1 user-002-1 user-003-0 user-004-0 user-005-0 user-006-0 user-007-0 user-008-0 user-009-0 user-010-0 user-011-0 user-012-0
2174	cmd-2174	2025-11-01T13:50:00+09:00	user-001-1 user-002-1 user-003-0 user-004-0 user-005-0 user-006-0 user-007-0 user-008-0 user-009-0 user-010-0 user-011-0 user-012-0
2175	cmd-2175	2025-11-01T14:21:00+09:00	user-001-1 user-002-1 user-003-0 user-004-0 user-005-0 user-006-0 user-007-0 user-008-0 user-009-0 user-010-0 user-011-0 user-012-0
2176	cmd-2176	2025-11-01T16:13:00+09:00	user-001-1 user-002-1 user-003-0 user-004-0 user-005-0 user-006-0 user-007-0 user-008-0 user-009-0 user-010-0 user-011-0 user-012-0
2177	cmd-2177	2025-11-01T19:19:00+09:00	user-001-1 user-002-1 user-003-0 user-004-0 user-005-0 user-006-0 user-007-0 user-008-0 user-009-0 user-010-0 user-011-0 user-012-0
2178	cmd-2178	2025-11-01T21:49:00+09:00	user-001-1 user-002-1 user-003-0 user-004-0 user-005-0 user-006-0 user-007-0 user-008-0 user-009-0 user-010-0 user-011-0 user-012-0
2179	cmd-2179	2025-11-01T22:00:00+09:00	user-001-1 user-002-1 user-003-0 user-004-0 user-005-0 user-006-0 user-007-0 user-008-0 user-009-0 user-010-0 user-011-0 user-012-0
2180	cmd-2180	2025-11-02T02:57:00+09:00	user-001-1 user-002-1 user-003-0 user-004-0 user-005-0 user-006-0 user-007-0 user-008-0 user-009-0 user-010-0 user-011-0 user-012-0
2181	cmd-2181	2025-11-02T03:32:00+09:00	user-001-1 user-002-1 user-003-0 user-004-0 user-005-0 user-006-0 user-007-0 user-008-0 user-009-0 user-010-0 user-011-0 user-012-0
2182	cmd-2182	2025-11-02T04:15:00+09:00	user-001-1 user-002-1 user-003-0 user-004-0 user-005-0 user-006-0 user-007-0 user-008-0 user-009-0 user-010-0 user-011-0 user-012-0
2183	cmd-2183	2025-11-02T06:33:00+09:00	user-001-1 user-002-1 user-003-0 user-004-0 user-005-0 user-006-0 user-007-0 user-008-0 user-009-0 user-010-0 user-011-0 user-012-0
2184	cmd-2184	2025-11-02T13:10:00+09:00	user-001-1 user-002-1 user-003-0 user-004-0 user-005-0 user-006-0 user-007-0 user-008-0 user-009-0 user-010-0 user-011-0 user-012-0
2185	cmd-2185	2025-11-02T14:57:00+09:00	user-001-1 user-002-1 user-003-0 user-004-0 user-005-0 user-006-0 user-007-0 user-008-0 user-009-0 user-010-0 user-011-0 user-012-0
2186	cmd-2186	2025-11-02T15:59:00+09:00	user-001-1 user-002-1 user-003-0 user-004-0 user-005-0 user-006-0 user-007-0 user-008-0 user-009-0 user-010-0 user-011-0 user-012-0
2187	cmd-2187	2025-11-02T17:35:00+09:00	user-001-1 user-002-1 user-003-0 user-004-0 user-005-0 user-006-0 user-007-0 user-008-0 user-009-0 user-010-0 user-011-0 user-012-0
2188	cmd-2188	2025-11-02T18:34:00+09:00	user-001-1 user-002-1 user-003-0 user-004-0 user-005-0 user-006-0 user-007-0 user-008-0 user-009-0 user-010-0 user-011-0 user-012-0
2189	cmd-2189	2025-11-02T19:26:00+09:00	user-001-1 user-002-1 user-003-0 user-004-0 user-005-0 user-006-0 user-007-0 user-008-0 user-009-0 user-010-0 user-011-0 user-012-0
2190	cmd-2190	2025-11-02T22:29:00+09:00	user-001-1 user-002-1 user-003-0 user-004-0 user-005-0 user-006-0 user-007-0 user-008-0 user-009-0 user-010-0 user-011-0 user-012-0
2191	cmd-2191	2025-11-03T00:35:00+09:00	user-001-1 user-002-1 user-003-0 user-004-0 user-005-0 user-006-0 user-007-0 user-008-0 user-009-0 user-010-0 user-011-0 user-012-0
2192	cmd-2192	2025-11-03T05:12:00+09:00	user-001-1 user-002-1 user-003-0 user-004-0 user-005-0 user-006-0 user-007-0 user-008-0 user-009-0 user-010-0 user-011-0 user-012-0
2193	cmd-2193	2025-11-03T08:42:00+09:00	user-001-1 user-002-1 user-003-0 user-004-0 user-005-0 user-006-0 user-007-0 user-008-0 user-009-0 user-010-0 user-011-0 user-012-0
2194	cmd-2194	2025-11-03T10:25:00+09:00	user-001-1 user-002-1 user-003-0 user-004-0 user-005-0 user-006-0 user-007-0 user-008-0 user-009-0 user-010-0 user-011-0 user-012-0
2195	cmd-2195	2025-11-03T11:07:00+09:00	user-001-1 user-002-1 user-003-0 user-004-0 user-005-0 user-006-0 user-007-0 user-008-0 user-009-0 user-010-0 user-011-0 user-012-0
2196	cmd-2196	2025-11-03T12:45:00+09:00	user-001-1 user-002-1 user-003-0 user-004-0 user-005-0 user-006-0 user-007-0 user-008-0 user-009-0 user-010-0 user-011-0 user-012-0
2197	cmd-2197	2025-11-03T14:10:00+09:00	user-001-1 user-002-1 user-003-0 user-004-0 user-005-0 user-006-0 user-007-0 user-008-0 user-009-0 user-010-0 user-011-0 user-012-0
2198	cmd-2198	2025-11-03T15:15:00+09:00	user-001-1 user-002-1 user-003-0 user-004-0 user-005-0 user-006-0 user-007-0 user-008-0 user-009-0 user-010-0 user-011-0 user-012-0
2199	cmd-2199	2025-11-03T16:45:00+09:00	user-001-1 user-002-1 user-003-0 user-004-0 user-005-0 user-006-0 user-007-0 user-008-0 user-009-0 user-010-0 user-011-0 user-012-0
2200	cmd-2200	2025-11-03T18:22:00+09:00	user-001-1 user-002-1 user-003-0 user-004-0 user-005-0 user-006-0 user-007-0 user-008-0 user-009-0 user-010-0 user-011-0 user-012-0
2201	cmd-2201	2025-11-03T18:29:00+09:00	user-001-1 user-002-1 user-003-0 user-004-0 user-005-0 user-006-0 user-007-0 user-008-0 user-009-0 user-010-0 user-011-0 user-012-0
2202	cmd-2202	2025-11-03T19:09:00+09:00	user-001-1 user-002-1 user-003-0 user-004-0 user-005-0 user-006-0 user-007-0 user-008-0 user-009-0 user-010-0 user-011-0 user-012-0
2203	cmd-2203	2025-11-03T22:29:00+09:00	user-001-1 user-002-1 user-003-0 user-004-0 user-005-0 user-006-0 user-007-0 user-008-0 user-009-0 user-010-0 user-011-0 user-012-0
2204	cmd-2204	2025-11-04T00:16:00+09:00	user-001-1 user-002-1 user-003-0 user-004-0 user-005-0 user-006-0 user-007-0 user-008-0 user-009-0 user-010-0 user-011-0 user-012-0
2205	cmd-2205	2025-11-04T01:19:00+09:00	user-001-1 user-002-1 user-003-0 user-004-0 user-005-0 user-006-0 user-007-0 user-008-0 user-009-0 user-010-0 user-011-0 user-012-0
2206	cmd-2206	2025-11-04T02:01:00+09:00	user-001-1 user-002-1 user-003-0 user-004-0 user-005-0 user-006-0 user-007-0 user-008-0 user-009-0 user-010-0 user-011-0 user-012-0
2207	cmd-2207	2025-11-04T03:03:00+09:00	user-001-1 user-002-1 user-003-0 user-004-0 user-005-0 user-006-0 user-007-0 user-008-0 user-009-0 user-010-0 user-011-0 user-012-0
2208	cmd-2208	2025-11-04T03:30:00+09:00	user-001-1 user-002-1 user-003-0 user-004-0 user-005-0 user-006-0 user-007-0 user-008-0 user-009-0 user-010-0 user-011-0 user-012-0
2209	cmd-2209	2025-11-04T05:55:00+09:00	user-001-1 user-002-1 user-003-0 user-004-0 user-005-0 user-006-0 user-007-0 user-008-0 user-009-0 user-010-0 user-011-0 user-012-0
2210	cmd-2210	2025-11-04T06:38:00+09:00	user-001-1 user-002-1 user-003-0 user-004-0 user-005-0 user-006-0 user-007-0 user-008-0 user-009-0 user-010-0 user-011-0 user-012-0
2211	cmd-2211	2025-11-04T10:32:00+09:00	user-001-1 user-002-1 user-003-0 user-004-0 user-005-0 user-006-0 user-007-0 user-008-0 user-009-0 user-010-0 user-011-0 user-012-0
2212	cmd-2212	2025-11-04T11:27:00+09:00	user-001-1 user-002-1 user-003-0 user-004-0 user-005-0 user-006-0 user-007-0 user-008-0 user-009-0 user-010-0 user-011-0 user-012-0
2213	cmd-2213	2025-11-04T22:27:00+09:00	user-001-1 user-002-1 user-003-0 user-004-0 user-005-0 user-006-0 user-007-0 user-008-0 user-009-0 user-010-0 user-011-0 user-012-0
2214	cmd-2214	2025-11-04T23:43:00+09:00	user-001-1 user-002-1 user-003-0 user-004-0 user-005-0 user-006-0 user-007-0 user-008-0 user-009-0 user-010-0 user-011-0 user-012-0
2215	cmd-2215	2025-11-05T02:17:00+09:00	user-001-1 user-002-1 user-003-0 user-004-0 user-005-0 user-006-0 user-007-0 user-008-0 user-009-0 user-010-0 user-011-0 user-012-0
2216	cmd-2216	2025-11-05T05:00:00+09:00	user-001-1 user-002-1 user-003-0 user-004-0 user-005-0 user-006-0 user-007-0 user-008-0 user-009-0 user-010-0 user-011-0 user-012-0
2217	cmd-2217	2025-11-05T05:45:00+09:00	user-001-1 user-002-1 user-003-0 user-004-0 user-005-0 user-006-0 user-007-0 user-008-0 user-009-0 user-010-0 user-011-0 user-012-0
2218	cmd-2218	2025-11-05T07:17:00+09:00	user-001-1 user-002-1 user-003-0 user-004-0 user-005-0 user-006-0 user-007-0 user-008-0 user-009-0 user-010-0 user-011-0 user-012-0
2219	cmd-2219	2025-11-05T08:05:00+09:00	user-001-1 user-002-1 user-003-0 user-004-0 user-005-0 user-006-0 user-007-0 user-008-0 user-009-0 user-010-0 user-011-0 user-012-0
2220	cmd-2220	2025-11-05T09:42:00+09:00	user-001-1 user-002-1 user-003-0 user-004-0 user-005-0 user-006-0 user-007-0 user-008-0 user-009-0 user-010-0 user-011-0 user-012-0
2221	cmd-2221	2025-11-05T11:39:00+09:00	user-001-1 user-002-1 user-003-0 user-004-0 user-005-0 user-006-0 user-007-0 user-008-0 user-009-0 user-010-0 user-011-0 user-012-0
2222	cmd-2222	2025-11-05T11:51:00+09:00	user-001-1 user-002-1 user-003-0 user-004-0 user-005-0 user-006-0 user-007-0 user-008-0 user-009-0 user-010-0 user-011-0 user-012-0
2223	cmd-2223	2025-11-05T12:46:00+09:00	user-001-1 user-002-1 user-003-0 user-004-0 user-005-0 user-006-0 user-007-0 user-008-0 user-009-0 user-010-0 user-011-0 user-012-0
2224	cmd-2224	2025-11-05T12:58:00+09:00	user-001-1 user-002-1 user-003-0 user-004-0 user-005-0 user-006-0 user-007-0 user-008-0 user-009-0 user-010-0 user-011-0 user-012-0
2225	cmd-2225	2025-11-05T13:30:00+09:00	user-001-1 user-002-1 user-003-0 user-004-0 user-005-0 user-006-0 user-007-0 user-008-0 user-009-0 user-010-0 user-011-0 user-012-0
2226	cmd-2226	2025-11-05T13:57:00+09:00	user-001-1 user-002-1 user-003-0 user-004-0 user-005-0 user-006-0 user-007-0 user-008-0 user-009-0 user-010-0 user-011-0 user-012-0
2227	cmd-2227	2025-11-05T14:57:00+09:00	user-001-1 user-002-1 user-003-0 user-004-0 user-005-0 user-006-0 user-007-0 user-008-0 user-009-0 user-010-0 user-011-0 user-012-0
2228	cmd-2228	2025-11-05T15:29:00+09:00	user-001-1 user-002-1 user-003-0 user-004-0 user-005-0 user-006-0 user-007-0 user-008-0 user-009-0 user-010-0 user-011-0 user-012-0
2229	cmd-2229	2025-11-05T16:33:00+09:00	user-001-1 user-002-1 user-003-0 user-004-0 user-005-0 user-006-0 user-007-0 user-008-0 user-009-0 user-010-0 user-011-0 user-012-0
2230	cmd-2230	2025-11-05T18:00:00+09:00	user-001-1 user-002-1 user-003-0 user-004-0 user-005-0 user-006-0 user-007-0 user-008-0 user-009-0 user-010-0 user-011-0 user-012-0
2231	cmd-2231	2025-11-05T18:19:00+09:00	user-001-1 user-002-1 user-003-0 user-004-0 user-005-0 user-006-0 user-007-0 user-008-0 user-009-0 user-010-0 user-011-0 user-012-0
2232	cmd-2232	2025-11-05T19:10:00+09:00	user-001-1 user-002-1 user-003-0 user-004-0 user-005-0 user-006-0 user-007-0 user-008-0 user-009-0 user-010-0 user-011-0 user-012-0
2233	cmd-2233	2025-11-05T21:31:00+09:00	user-001-1 user-002-1 user-003-0 user-004-0 user-005-0 user-006-0 user-007-0 user-008-0 user-009-0 user-010-0 user-011-0 user-012-0
2234	cmd-2234	2025-11-06T01:58:00+09:00	user-001-1 user-002-1 user-003-0 user-004-0 user-005-0 user-006-0 user-007-0 user-008-0 user-009-0 user-010-0 user-011-0 user-012-0
2235	cmd-2235	2025-11-06T02:29:00+09:00	user-001-1 user-002-1 user-003-0 user-004-0 user-005-0 user-006-0 user-007-0 user-008-0 user-009-0 user-010-0 user-011-0 user-012-0
2236	cmd-2236	2025-11-06T04:02:00+09:00	user-001-1 user-002-1 user-003-0 user-004-0 user-005-0 user-006-0 user-007-0 user-008-0 user-009-0 user-010-0 user-011-0 user-012-0
2237	cmd-2237	2025-11-06T05:52:00+09:00	user-001-1 user-002-1 user-003-0 user-004-0 user-005-0 user-006-0 user-007-0 user-008-0 user-009-0 user-010-0 user-011-0 user-012-0
2238	cmd-2238	2025-11-06T12:24:00+09:00	user-001-1 user-002-1 user-003-0 user-004-0 user-005-0 user-006-0 user-007-0 user-008-0 user-009-0 user-010-0 user-011-0 user-012-0
2239	cmd-2239	2025-11-06T17:11:00+09:00	user-001-1 user-002-1 user-003-0 user-004-0 user-005-0 user-006-0 user-007-0 user-008-0 user-009-0 user-010-0 user-011-0 user-012-0
2240	cmd-2240	2025-11-07T00:53:00+09:00	user-001-1 user-002-1 user-003-0 user-004-0 user-005-0 user-006-0 user-007-0 user-008-0 user-009-0 user-010-0 user-011-0 user-012-0
2241	cmd-2241	2025-11-07T02:06:00+09:00	user-001-1 user-002-1 user-003-0 user-004-0 user-005-0 user-006-0 user-007-0 user-008-0 user-009-0 user-010-0 user-011-0 user-012-0
2242	cmd-2242	2025-11-07T08:15:00+09:00	user-001-1 user-002-1 user-003-0 user-004-0 user-005-0 user-006-0 user-007-0 user-008-0 user-009-0 user-010-0 user-011-0 user-012-0
2243	cmd-2243	2025-11-07T08:42:00+09:00	user-001-1 user-002-1 user-003-0 user-004-0 user-005-0 user-006-0 user-007-0 user-008-0 user-009-0 user-010-0 user-011-0 user-012-0
2244	cmd-2244	2025-11-07T08:54:00+09:00	user-001-1 user-002-1 user-003-0 user-004-0 user-005-0 user-006-0 user-007-0 user-008-0 user-009-0 user-010-0 user-011-0 user-012-0
2245	cmd-2245	2025-11-07T09:10:00+09:00	user-001-1 user-002-1 user-003-0 user-004-0 user-005-0 user-006-0 user-007-0 user-008-0 user-009-0 user-010-0 user-011-0 user-012-0
2246	cmd-2246	2025-11-07T10:06:00+09:00	user-001-1 user-002-1 user-003-0 user-004-0 user-005-0 user-006-0 user-007-0 user-008-0 user-009-0 user-010-0 user-011-0 user-012-0
2247	cmd-2247	2025-11-07T12:31:00+09:00	user-001-1 user-002-1 user-003-0 user-004-0 user-005-0 user-006-0 user-007-0 user-008-0 user-009-0 user-010-0 user-011-0 user-012-0
2248	cmd-2248	2025-11-07T12:42:00+09:00	user-001-1 user-002-1 user-003-0 user-004-0 user-005-0 user-006-0 user-007-0 user-008-0 user-009-0 user-010-0 user-011-0 user-012-0
2249	cmd-2249	2025-11-07T13:41:00+09:00	user-001-1 user-002-1 user-003-0 user-004-0 user-005-0 user-006-0 user-007-0 user-008-0 user-009-0 user-010-0 user-011-0 user-012-0
2250	cmd-2250	2025-11-07T17:22:00+09:00	user-001-1 user-002-1 user-003-0 user-004-0 user-005-0 user-006-0 user-007-0 user-008-0 user-009-0 user-010-0 user-011-0 user-012-0
2251	cmd-2251	2025-11-07T19:07:00+09:00	user-001-1 user-002-1 user-003-0 user-004-0 user-005-0 user-006-0 user-007-0 user-008-0 user-009-0 user-010-0 user-011-0 user-012-0
2252	cmd-2252	2025-11-07T22:14:00+09:00	user-001-1 user-002-1 user-003-0 user-004-0 user-005-0 user-006-0 user-007-0 user-008-0 user-009-0 user-010-0 user-011-0 user-012-0
2253	cmd-2253	2025-11-08T00:13:00+09:00	user-001-1 user-002-1 user-003-0 user-004-0 user-005-0 user-006-0 user-007-0 user-008-0 user-009-0 user-010-0 user-011-0 user-012-0
2254	cmd-2254	2025-11-08T01:22:00+09:00	user-001-1 user-002-1 user-003-0 user-004-0 user-005-0 user-006-0 user-007-0 user-008-0 user-009-0 user-010-0 user-011-0 user-012-0
2255	cmd-2255	2025-11-08T07:54:00+09:00	user-001-1 user-002-1 user-003-0 user-004-0 user-005-0 user-006-0 user-007-0 user-008-0 user-009-0 user-010-0 user-011-0 user-012-0
2256	cmd-2256	2025-11-08T08:28:00+09:00	user-001-1 user-002-1 user-003-0 user-004-0 user-005-0 user-006-0 user-007-0 user-008-0 user-009-0 user-010-0 user-011-0 user-012-0
2257	cmd-2257	2025-11-08T15:09:00+09:00	user-001-1 user-002-1 user-003-0 user-004-0 user-005-0 user-006-0 user-007-0 user-008-0 user-009-0 user-010-0 user-011-0 user-012-0
2258	cmd-2258	2025-11-08T15:52:00+09:00	user-001-1 user-002-1 user-003-0 user-004-0 user-005-0 user-006-0 user-007-0 user-008-0 user-009-0 user-010-0 user-011-0 user-012-0
2259	cmd-2259	2025-11-09T04:52:00+09:00	user-001-1 user-002-1 user-003-0 user-004-0 user-005-0 user-006-0 user-007-0 user-008-0 user-009-0 user-010-0 user-011-0 user-012-0
2260	cmd-2260	2025-11-09T05:35:00+09:00	user-001-1 user-002-1 user-003-0 user-004-0 user-005-0 user-006-0 user-007-0 user-008-0 user-009-0 user-010-0 user-011-0 user-012-0
2261	cmd-2261	2025-11-09T08:12:00+09:00	user-001-1 user-002-1 user-003-0 user-004-0 user-005-0 user-006-0 user-007-0 user-008-0 user-009-0 user-010-0 user-011-0 user-012-0
2262	cmd-2262	2025-11-09T10:47:00+09:00	user-001-1 user-002-1 user-003-0 user-004-0 user-005-0 user-006-0 user-007-0 user-008-0 user-009-0 user-010-0 user-011-0 user-012-0
2263	cmd-2263	2025-11-09T11:09:00+09:00	user-001-1 user-002-1 user-003-0 user-004-0 user-005-0 user-006-0 user-007-0 user-008-0 user-009-0 user-010-0 user-011-0 user-012-0
2264	cmd-2264	2025-11-09T14:22:00+09:00	user-001-1 user-002-1 user-003-0 user-004-0 user-005-0 user-006-0 user-007-0 user-008-0 user-009-0 user-010-0 user-011-0 user-012-0
2265	cmd-2265	2025-11-09T16:44:00+09:00	user-001-1 user-002-1 user-003-0 user-004-0 user-005-0 user-006-0 user-007-0 user-008-0 user-009-0 user-010-0 user-011-0 user-012-0
2266	cmd-2266	2025-11-09T18:56:00+09:00	user-001-1 user-002-1 user-003-0 user-004-0 user-005-0 user-006-0 user-007-0 user-008-0 user-009-0 user-010-0 user-011-0 user-012-0
2267	cmd-2267	2025-11-09T19:37:00+09:00	user-001-1 user-002-1 user-003-0 user-004-0 user-005-0 user-006-0 user-007-0 user-008-0 user-009-0 user-010-0 user-011-0 user-012-0
2268	cmd-2268	2025-11-09T20:19:00+09:00	user-001-1 user-002-1 user-003-0 user-004-0 user-005-0 user-006-0 user-007-0 user-008-0 user-009-0 user-010-0 user-011-0 user-012-0
2269	cmd-2269	2025-11-09T20:22:00+09:00	user-001-1 user-002-1 user-003-0 user-004-0 user-005-0 user-006-0 user-007-0 user-008-0 user-009-0 user-010-0 user-011-0 user-012-0
2270	cmd-2270	2025-11-09T20:38:00+09:00	user-001-1 user-002-1 user-003-0 user-004-0 user-005-0 user-006-0 user-007-0 user-008-0 user-009-0 user-010-0 user-011-0 user-012-0
2271	cmd-2271	2025-11-10T03:54:00+09:00	user-001-1 user-002-1 user-003-0 user-004-0 user-005-0 user-006-0 user-007-0 user-008-0 user-009-0 user-010-0 user-011-0 user-012-0
2272	cmd-2272	2025-11-10T07:48:00+09:00	user-001-1 user-002-1 user-003-0 user-004-0 user-005-0 user-006-0 user-007-0 user-008-0 user-009-0 user-010-0 user-011-0 user-012-0
2273	cmd-2273	2025-11-10T17:16:00+09:00	user-001-1 user-002-1 user-003-0 user-004-0 user-005-0 user-006-0 user-007-0 user-008-0 user-009-0 user-010-0 user-011-0 user-012-0
2274	cmd-2274	2025-11-10T21:35:00+09:00	user-001-1 user-002-1 user-003-0 user-004-0 user-005-0 user-006-0 user-007-0 user-008-0 user-009-0 user-010-0 user-011-0 user-012-0
2275	cmd-2275	2025-11-11T00:11:00+09:00	user-001-1 user-002-1 user-003-0 user-004-0 user-005-0 user-006-0 user-007-0 user-008-0 user-009-0 user-010-0 user-011-0 user-012-0
2276	cmd-2276	2025-11-11T00:47:00+09:00	user-001-1 user-002-1 user-003-0 user-004-0 user-005-0 user-006-0 user-007-0 user-008-0 user-009-0 user-010-0 user-011-0 user-012-0
2277	cmd-2277	2025-11-11T02:24:00+09:00	user-001-1 user-002-1 user-003-0 user-004-0 user-005-0 user-006-0 user-007-0 user-008-0 user-009-0 user-010-0 user-011-0 user-012-0
2278	cmd-2278	2025-11-11T06:14:00+09:00	user-001-1 user-002-1 user-003-0 user-004-0 user-005-0 user-006-0 user-007-0 user-008-0 user-009-0 user-010-0 user-011-0 user-012-0
2279	cmd-2279	2025-11-11T16:31:00+09:00	user-001-1 user-002-1 user-003-0 user-004-0 user-005-0 user-006-0 user-007-0 user-008-0 user-009-0 user-010-0 user-011-0 user-012-0
2280	cmd-2280	2025-11-11T22:18:00+09:00	user-001-1 user-002-1 user-003-0 user-004-0 user-005-0 user-006-0 user-007-0 user-008-0 user-009-0 user-010-0 user-011-0 user-012-0
2281	cmd-2281	2025-11-11T23:18:00+09:00	user-001-1 user-002-1 user-003-0 user-004-0 user-005-0 user-006-0 user-007-0 user-008-0 user-009-0 user-010-0 user-011-0 user-012-0
2282	cmd-2282	2025-11-11T23:31:00+09:00	user-001-1 user-002-1 user-003-0 user-004-0 user-005-0 user-006-0 user-007-0 user-008-0 user-009-0 user-010-0 user-011-0 user-012-0
2283	cmd-2283	2025-11-12T00:01:00+09:00	user-001-1 user-002-1 user-003-0 user-004-0 user-005-0 user-006-0 user-007-0 user-008-0 user-009-0 user-010-0 user-011-0 user-012-0
2284	cmd-2284	2025-11-12T03:09:00+09:00	user-001-1 user-002-1 user-003-0 user-004-0 user-005-0 user-006-0 user-007-0 user-008-0 user-009-0 user-010-0 user-011-0 user-012-0
2285	cmd-2285	2025-11-12T04:59:00+09:00	user-001-1 user-002-1 user-003-0 user-004-0 user-005-0 user-006-0 user-007-0 user-008-0 user-009-0 user-010-0 user-011-0 user-012-0
2286	cmd-2286	2025-11-12T05:01:00+09:00	user-001-1 user-002-1 user-003-0 user-004-0 user-005-0 user-006-0 user-007-0 user-008-0 user-009-0 user-010-0 user-011-0 user-012-0
2287	cmd-2287	2025-11-12T05:04:00+09:00	user-001-1 user-002-1 user-003-0 user-004-0 user-005-0 user-006-0 user-007-0 user-008-0 user-009-0 user-010-0 user-011-0 user-012-0
2288	cmd-2288	2025-11-12T06:16:00+09:00	user-001-1 user-002-1 user-003-0 user-004-0 user-005-0 user-006-0 user-007-0 user-008-0 user-009-0 user-010-0 user-011-0 user-012-0
2289	cmd-2289	2025-11-12T07:51:00+09:00	user-001-1 user-002-1 user-003-0 user-004-0 user-005-0 user-006-0 user-007-0 user-008-0 user-009-0 user-010-0 user-011-0 user-012-0
2290	cmd-2290	2025-11-12T12:51:00+09:00	user-001-1 user-002-1 user-003-0 user-004-0 user-005-0 user-006-0 user-007-0 user-008-0 user-009-0 user-010-0 user-011-0 user-012-0
2291	cmd-2291	2025-11-12T13:08:00+09:00	user-001-1 user-002-1 user-003-0 user-004-0 user-005-0 user-006-0 user-007-0 user-008-0 user-009-0 user-010-0 user-011-0 user-012-0
2292	cmd-2292	2025-11-12T13:20:00+09:00	user-001-1 user-002-1 user-003-0 user-004-0 user-005-0 user-006-0 user-007-0 user-008-0 user-009-0 user-010-0 user-011-0 user-012-0
2293	cmd-2293	2025-11-12T17:19:00+09:00	user-001-1 user-002-1 user-003-0 user-004-0 user-005-0 user-006-0 user-007-0 user-008-0 user-009-0 user-010-0 user-011-0 user-012-0
2294	cmd-2294	2025-11-12T20:31:00+09:00	user-001-1 user-002-1 user-003-0 user-004-0 user-005-0 user-006-0 user-007-0 user-008-0 user-009-0 user-010-0 user-011-0 user-012-0
2295	cmd-2295	2025-11-12T23:35:00+09:00	user-001-1 user-002-1 user-003-0 user-004-0 user-005-0 user-006-0 user-007-0 user-008-0 user-009-0 user-010-0 user-011-0 user-012-0
2296	cmd-2296	2025-11-13T02:33:00+09:00	user-001-1 user-002-1 user-003-0 user-004-0 user-005-0 user-006-0 user-007-0 user-008-0 user-009-0 user-010-0 user-011-0 user-012-0
2297	cmd-2297	2025-11-13T04:26:00+09:00	user-001-1 user-002-1 user-003-0 user-004-0 user-005-0 user-006-0 user-007-0 user-008-0 user-009-0 user-010-0 user-011-0 user-012-0
2298	cmd-2298	2025-11-13T07:08:00+09:00	user-001-1 user-002-1 user-003-0 user-004-0 user-005-0 user-006-0 user-007-0 user-008-0 user-009-0 user-010-0 user-011-0 user-012-0
2299	cmd-2299	2025-11-13T09:33:00+09:00	user-001-1 user-002-1 user-003-0 user-004-0 user-005-0 user-006-0 user-007-0 user-008-0 user-009-0 user-010-0 user-011-0 user-012-0
2300	cmd-2300	2025-11-13T14:06:00+09:00	user-001-1 user-002-1 user-003-0 user-004-0 user-005-0 user-006-0 user-007-0 user-008-0 user-009-0 user-010-0 user-011-0 user-012-0
2301	cmd-2301	2025-11-13T14:58:00+09:00	user-001-1 user-002-1 user-003-0 user-004-0 user-005-0 user-006-0 user-007-0 user-008-0 user-009-0 user-010-0 user-011-0 user-012-0
2302	cmd-2302	2025-11-13T16:13:00+09:00	user-001-1 user-002-1 user-003-0 user-004-0 user-005-0 user-006-0 user-007-0 user-008-0 user-009-0 user-010-0 user-011-0 user-012-0
2303	cmd-2303	2025-11-13T17:06:00+09:00	user-001-1 user-002-1 user-003-0 user-004-0 user-005-0 user-006-0 user-007-0 user-008-0 user-009-0 user-010-0 user-011-0 user-012-0
2304	cmd-2304	2025-11-13T18:24:00+09:00	user-001-1 user-002-1 user-003-0 user-004-0 user-005-0 user-006-0 user-007-0 user-008-0 user-009-0 user-010-0 user-011-0 user-012-0
2305	cmd-2305	2025-11-13T20:49:00+09:00	user-001-1 user-002-1 user-003-0 user-004-0 user-005-0 user-006-0 user-007-0 user-008-0 user-009-0 user-010-0 user-011-0 user-012-0
2306	cmd-2306	2025-11-13T23:59:00+09:00	user-001-1 user-002-1 user-003-0 user-004-0 user-005-0 user-006-0 user-007-0 user-008-0 user-009-0 user-010-0 user-011-0 user-012-0
2307	cmd-2307	2025-11-14T06:27:00+09:00	user-001-1 user-002-1 user-003-0 user-004-0 user-005-0 user-006-0 user-007-0 user-008-0 user-009-0 user-010-0 user-011-0 user-012-0
2308	cmd-2308	2025-11-14T10:28:00+09:00	user-001-1 user-002-1 user-003-0 user-004-0 user-005-0 user-006-0 user-007-0 user-008-0 user-009-0 user-010-0 user-011-0 user-012-0
2309	cmd-2309	2025-11-14T12:16:00+09:00	user-001-1 user-002-1 user-003-0 user-004-0 user-005-0 user-006-0 user-007-0 user-008-0 user-009-0 user-010-0 user-011-0 user-012-0
2310	cmd-2310	2025-11-14T18:20:00+09:00	user-001-1 user-002-1 user-003-0 user-004-0 user-005-0 user-006-0 user-007-0 user-008-0 user-009-0 user-010-0 user-011-0 user-012-0
2311	cmd-2311	2025-11-14T18:56:00+09:00	user-001-1 user-002-1 user-003-0 user-004-0 user-005-0 user-006-0 user-007-0 user-008-0 user-009-0 user-010-0 user-011-0 user-012-0
2312	cmd-2312	2025-11-14T19:11:00+09:00	user-001-1 user-002-1 user-003-0 user-004-0 user-005-0 user-006-0 user-007-0 user-008-0 user-009-0 user-010-0 user-011-0 user-012-0
2313	cmd-2313	2025-11-14T20:32:00+09:00	user-001-1 user-002-1 user-003-0 user-004-0 user-005-0 user-006-0 user-007-0 user-008-0 user-009-0 user-010-0 user-011-0 user-012-0
2314	cmd-2314	2025-11-14T22:14:00+09:00	user-001-1 user-002-1 user-003-0 user-004-0 user-005-0 user-006-0 user-007-0 user-008-0 user-009-0 user-010-0 user-011-0 user-012-0
2315	cmd-2315	2025-11-15T00:22:00+09:00	user-001-1 user-002-1 user-003-0 user-004-0 user-005-0 user-006-0 user-007-0 user-008-0 user-009-0 user-010-0 user-011-0 user-012-0
2316	cmd-2316	2025-11-15T00:51:00+09:00	user-001-1 user-002-1 user-003-0 user-004-0 user-005-0 user-006-0 user-007-0 user-008-0 user-009-0 user-010-0 user-011-0 user-012-0
2317	cmd-2317	2025-11-15T02:30:00+09:00	user-001-1 user-002-1 user-003-0 user-004-0 user-005-0 user-006-0 user-007-0 user-008-0 user-009-0 user-010-0 user-011-0 user-012-0
2318	cmd-2318	2025-11-15T04:14:00+09:00	user-001-1 user-002-1 user-003-0 user-004-0 user-005-0 user-006-0 user-007-0 user-008-0 user-009-0 user-010-0 user-011-0 user-012-0
2319	cmd-2319	2025-11-15T08:41:00+09:00	user-001-1 user-002-1 user-003-0 user-004-0 user-005-0 user-006-0 user-007-0 user-008-0 user-009-0 user-010-0 user-011-0 user-012-0
2320	cmd-2320	2025-11-15T15:42:00+09:00	user-001-1 user-002-1 user-003-0 user-004-0 user-005-0 user-006-0 user-007-0 user-008-0 user-009-0 user-010-0 user-011-0 user-012-0
2321	cmd-2321	2025-11-15T16:48:00+09:00	user-001-1 user-002-1 user-003-0 user-004-0 user-005-0 user-006-0 user-007-0 user-008-0 user-009-0 user-010-0 user-011-0 user-012-0
2322	cmd-2322	2025-11-15T18:04:00+09:00	user-001-1 user-002-1 user-003-0 user-004-0 user-005-0 user-006-0 user-007-0 user-008-0 user-009-0 user-010-0 user-011-0 user-012-0
2323	cmd-2323	2025-11-15T19:32:00+09:00	user-001-1 user-002-1 user-003-0 user-004-0 user-005-0 user-006-0 user-007-0 user-008-0 user-009-0 user-010-0 user-011-0 user-012-0
2324	cmd-2324	2025-11-15T22:18:00+09:00	user-001-1 user-002-1 user-003-0 user-004-0 user-005-0 user-006-0 user-007-0 user-008-0 user-009-0 user-010-0 user-011-0 user-012-0
2325	cmd-2325	2025-11-15T22:58:00+09:00	user-001-1 user-002-1 user-003-0 user-004-0 user-005-0 user-006-0 user-007-0 user-008-0 user-009-0 user-010-0 user-011-0 user-012-0
2326	cmd-2326	2025-11-15T23:23:00+09:00	user-001-1 user-002-1 user-003-0 user-004-0 user-005-0 user-006-0 user-007-0 user-008-0 user-009-0 user-010-0 user-011-0 user-012-0
2327	cmd-2327	2025-11-15T23:54:00+09:00	user-001-1 user-002-1 user-003-0 user-004-0 user-005-0 user-006-0 user-007-0 user-008-0 user-009-0 user-010-0 user-011-0 user-012-0
2328	cmd-2328	2025-11-16T07:31:00+09:00	user-001-1 user-002-1 user-003-0 user-004-0 user-005-0 user-006-0 user-007-0 user-008-0 user-009-0 user-010-0 user-011-0 user-012-0
2329	cmd-2329	2025-11-16T07:53:00+09:00	user-001-1 user-002-1 user-003-0 user-004-0 user-005-0 user-006-0 user-007-0 user-008-0 user-009-0 user-010-0 user-011-0 user-012-0
2330	cmd-2330	2025-11-16T11:44:00+09:00	user-001-1 user-002-1 user-003-0 user-004-0 user-005-0 user-006-0 user-007-0 user-008-0 user-009-0 user-010-0 user-011-0 user-012-0
2331	cmd-2331	2025-11-16T15:02:00+09:00	user-001-1 user-002-1 user-003-0 user-004-0 user-005-0 user-006-0 user-007-0 user-008-0 user-009-0 user-010-0 user-011-0 user-012-0
2332	cmd-2332	2025-11-16T18:53:00+09:00	user-001-1 user-002-1 user-003-0 user-004-0 user-005-0 user-006-0 user-007-0 user-008-0 user-009-0 user-010-0 user-011-0 user-012-0
2333	cmd-2333	2025-11-16T23:33:00+09:00	user-001-1 user-002-1 user-003-0 user-004-0 user-005-0 user-006-0 user-007-0 user-008-0 user-009-0 user-010-0 user-011-0 user-012-0
2334	cmd-2334	2025-11-17T01:12:00+09:00	user-001-1 user-002-1 user-003-0 user-004-0 user-005-0 user-006-0 user-007-0 user-008-0 user-009-0 user-010-0 user-011-0 user-012-0
2335	cmd-2335	2025-11-17T02:08:00+09:00	user-001-1 user-002-1 user-003-0 user-004-0 user-005-0 user-006-0 user-007-0 user-008-0 user-009-0 user-010-0 user-011-0 user-012-0
2336	cmd-2336	2025-11-17T03:40:00+09:00	user-001-1 user-002-1 user-003-0 user-004-0 user-005-0 user-006-0 user-007-0 user-008-0 user-009-0 user-010-0 user-011-0 user-012-0
2337	cmd-2337	2025-11-17T05:34:00+09:00	user-001-1 user-002-1 user-003-0 user-004-0 user-005-0 user-006-0 user-007-0 user-008-0 user-009-0 user-010-0 user-011-0 user-012-0
2338	cmd-2338	2025-11-17T05:42:00+09:00	user-001-1 user-002-1 user-003-0 user-004-0 user-005-0 user-006-0 user-007-0 user-008-0 user-009-0 user-010-0 user-011-0 user-012-0
2339	cmd-2339	2025-11-17T08:49:00+09:00	user-001-1 user-002-1 user-003-0 user-004-0 user-005-0 user-006-0 user-007-0 user-008-0 user-009-0 user-010-0 user-011-0 user-012-0
2340	cmd-2340	2025-11-17T10:16:00+09:00	user-001-1 user-002-1 user-003-0 user-004-0 user-005-0 user-006-0 user-007-0 user-008-0 user-009-0 user-010-0 user-011-0 user-012-0
2341	cmd-2341	2025-11-17T14:39:00+09:00	user-001-1 user-002-1 user-003-0 user-004-0 user-005-0 user-006-0 user-007-0 user-008-0 user-009-0 user-010-0 user-011-0 user-012-0
2342	cmd-2342	2025-11-18T01:31:00+09:00	user-001-1 user-002-1 user-003-0 user-004-0 user-005-0 user-006-0 user-007-0 user-008-0 user-009-0 user-010-0 user-011-0 user-012-0
2343	cmd-2343	2025-11-18T03:11:00+09:00	user-001-1 user-002-1 user-003-0 user-004-0 user-005-0 user-006-0 user-007-0 user-008-0 user-009-0 user-010-0 user-011-0 user-012-0
2344	cmd-2344	2025-11-18T04:14:00+09:00	user-001-1 user-002-1 user-003-0 user-004-0 user-005-0 user-006-0 user-007-0 user-008-0 user-009-0 user-010-0 user-011-0 user-012-0
2345	cmd-2345	2025-11-18T12:33:00+09:00	user-001-1 user-002-1 user-003-0 user-004-0 user-005-0 user-006-0 user-007-0 user-008-0 user-009-0 user-010-0 user-011-0 user-012-0
2346	cmd-2346	2025-11-18T13:46:00+09:00	user-001-1 user-002-1 user-003-0 user-004-0 user-005-0 user-006-0 user-007-0 user-008-0 user-009-0 user-010-0 user-011-0 user-012-0
2347	cmd-2347	2025-11-18T15:12:00+09:00	user-001-1 user-002-1 user-003-0 user-004-0 user-005-0 user-006-0 user-007-0 user-008-0 user-009-0 user-010-0 user-011-0 user-012-0
2348	cmd-2348	2025-11-18T15:12:00+09:00	user-001-1 user-002-1 user-003-0 user-004-0 user-005-0 user-006-0 user-007-0 user-008-0 user-009-0 user-010-0 user-011-0 user-012-0
2349	cmd-2349	2025-11-18T21:20:00+09:00	user-001-1 user-002-1 user-003-0 user-004-0 user-005-0 user-006-0 user-007-0 user-008-0 user-009-0 user-010-0 user-011-0 user-012-0
2350	cmd-2350	2025-11-18T21:42:00+09:00	user-001-1 user-002-1 user-003-0 user-004-0 user-005-0 user-006-0 user-007-0 user-008-0 user-009-0 user-010-0 user-011-0 user-012-0
2351	cmd-2351	2025-10-30T06:53:00+09:00	user-001-0 user-002-0 user-003-0 user-004-0 user-005-0 user-006-0 user-007-0 user-008-1 user-009-0 user-010-0 user-011-0 user-012-0
2352	cmd-2352	2025-10-30T07:15:00+09:00	user-001-0 user-002-0 user-003-0 user-004-0 user-005-0 user-006-0 user-007-0 user-008-1 user-009-0 user-010-0 user-011-0 user-012-0
2353	cmd-2353	2025-10-30T09:08:00+09:00	user-001-0 user-002-0 user-003-0 user-004-0 user-005-0 user-006-0 user-007-0 user-008-1 user-009-0 user-010-0 user-011-0 user-012-0
2354	cmd-2354	2025-10-30T09:19:00+09:00	user-001-0 user-002-0 user-003-0 user-004-0 user-005-0 user-006-0 user-007-0 user-008-1 user-009-0 user-010-0 user-011-0 user-012-0
2355	cmd-2355	2025-10-30T11:08:00+09:00	user-001-0 user-002-0 user-003-0 user-004-0 user-005-0 user-006-0 user-007-0 user-008-1 user-009-0 user-010-0 user-011-0 user-012-0
2356	cmd-2356	2025-10-30T11:22:00+09:00	user-001-0 user-002-0 user-003-0 user-004-0 user-005-0 user-006-0 user-007-0 user-008-1 user-009-0 user-010-0 user-011-0 user-012-0
2357	cmd-2357	2025-10-30T12:55:00+09:00	user-001-0 user-002-0 user-003-0 user-004-0 user-005-0 user-006-0 user-007-0 user-008-1 user-009-0 user-010-0 user-011-0 user-012-0
2358	cmd-2358	2025-10-30T15:40:00+09:00	user-001-0 user-002-0 user-003-0 user-004-0 user-005-0 user-006-0 user-007-0 user-008-1 user-009-0 user-010-0 user-011-0 user-012-0
2359	cmd-2359	2025-10-30T15:46:00+09:00	user-001-0 user-002-0 user-003-0 user-004-0 user-005-0 user-006-0 user-007-0 user-008-1 user-009-0 user-010-0 user-011-0 user-012-0
2360	cmd-2360	2025-10-30T20:06:00+09:00	user-001-0 user-002-0 user-003-0 user-004-0 user-005-0 user-006-0 user-007-0 user-008-1 user-009-0 user-010-0 user-011-0 user-012-0
2361	cmd-2361	2025-10-30T20:30:00+09:00	user-001-0 user-002-0 user-003-0 user-004-0 user-005-0 user-006-0 user-007-0 user-008-1 user-009-0 user-010-0 user-011-0 user-012-0
2362	cmd-2362	2025-10-30T20:41:00+09:00	user-001-0 user-002-0 user-003-0 user-004-0 user-005-0 user-006-0 user-007-0 user-008-1 user-009-0 user-010-0 user-011-0 user-012-0
2363	cmd-2363	2025-10-30T22:57:00+09:00	user-001-0 user-002-0 user-003-0 user-004-0 user-005-0 user-006-0 user-007-0 user-008-1 user-009-0 user-010-0 user-011-0 user-012-0
2364	cmd-2364	2025-10-31T02:44:00+09:00	user-001-0 user-002-0 user-003-0 user-004-0 user-005-0 user-006-0 user-007-0 user-008-1 user-009-0 user-010-0 user-011-0 user-012-0
2365	cmd-2365	2025-10-31T04:34:00+09:00	user-001-0 user-002-0 user-003-0 user-004-0 user-005-0 user-006-0 user-007-0 user-008-1 user-009-0 user-010-0 user-011-0 user-012-0
2366	cmd-2366	2025-10-31T07:03:00+09:00	user-001-0 user-002-0 user-003-0 user-004-0 user-005-0 user-006-0 user-007-0 user-008-1 user-009-0 user-010-0 user-011-0 user-012-0
2367	cmd-2367	2025-10-31T07:04:00+09:00	user-001-0 user-002-0 user-003-0 user-004-0 user-005-0 user-006-0 user-007-0 user-008-1 user-009-0 user-010-0 user-011-0 user-012-0
2368	cmd-2368	2025-10-31T10:29:00+09:00	user-001-0 user-002-0 user-003-0 user-004-0 user-005-0 user-006-0 user-007-0 user-008-1 user-009-0 user-010-0 user-011-0 user-012-0
2369	cmd-2369	2025-10-31T10:40:00+09:00	user-001-0 user-002-0 user-003-0 user-004-0 user-005-0 user-006-0 user-007-0 user-008-1 user-009-0 user-010-0 user-011-0 user-012-0
2370	cmd-2370	2025-10-31T11:35:00+09:00	user-001-0 user-002-0 user-003-0 user-004-0 user-005-0 user-006-0 user-007-0 user-008-1 user-009-0 user-010-0 user-011-0 user-012-0
2371	cmd-2371	2025-10-31T11:46:00+09:00	user-001-0 user-002-0 user-003-0 user-004-0 user-005-0 user-006-0 user-007-0 user-008-1 user-009-0 user-010-0 user-011-0 user-012-0
2372	cmd-2372	2025-10-31T15:21:00+09:00	user-001-0 user-002-0 user-003-0 user-004-0 user-005-0 user-006-0 user-007-0 user-008-1 user-009-0 user-010-0 user-011-0 user-012-0
2373	cmd-2373	2025-10-31T17:37:00+09:00	user-001-0 user-002-0 user-003-0 user-004-0 user-005-0 user-006-0 user-007-0 user-008-1 user-009-0 user-010-0 user-011-0 user-012-0
2374	cmd-2374	2025-10-31T20:36:00+09:00	user-001-0 user-002-0 user-003-0 user-004-0 user-005-0 user-006-0 user-007-0 user-008-1 user-009-0 user-010-0 user-011-0 user-012-0
2375	cmd-2375	2025-10-31T21:40:00+09:00	user-001-0 user-002-0 user-003-0 user-004-0 user-005-0 user-006-0 user-007-0 user-008-1 user-009-0 user-010-0 user-011-0 user-012-0
2376	cmd-2376	2025-10-31T22:07:00+09:00	user-001-0 user-002-0 user-003-0 user-004-0 user-005-0 user-006-0 user-007-0 user-008-1 user-009-0 user-010-0 user-011-0 user-012-0
2377	cmd-2377	2025-10-31T23:29:00+09:00	user-001-0 user-002-0 user-003-0 user-004-0 user-005-0 user-006-0 user-007-0 user-008-1 user-009-0 user-010-0 user-011-0 user-012-0
2378	cmd-2378	2025-11-01T00:28:00+09:00	user-001-0 user-002-0 user-003-0 user-004-0 user-005-0 user-006-0 user-007-0 user-008-1 user-009-0 user-010-0 user-011-0 user-012-0
2379	cmd-2379	2025-11-01T01:04:00+09:00	user-001-0 user-002-0 user-003-0 user-004-0 user-005-0 user-006-0 user-007-0 user-008-1 user-009-0 user-010-0 user-011-0 user-012-0
2380	cmd-2380	2025-11-01T01:46:00+09:00	user-001-0 user-002-0 user-003-0 user-004-0 user-005-0 user-006-0 user-007-0 user-008-1 user-009-0 user-010-0 user-011-0 user-012-0
2381	cmd-2381	2025-11-01T05:44:00+09:00	user-001-0 user-002-0 user-003-0 user-004-0 user-005-0 user-006-0 user-007-0 user-008-1 user-009-0 user-010-0 user-011-0 user-012-0
2382	cmd-2382	2025-11-01T09:55:00+09:00	user-001-0 user-002-0 user-003-0 user-004-0 user-005-0 user-006-0 user-007-0 user-008-1 user-009-0 user-010-0 user-011-0 user-012-0
2383	cmd-2383	2025-11-01T13:04:00+09:00	user-001-0 user-002-0 user-003-0 user-004-0 user-005-0 user-006-0 user-007-0 user-008-1 user-009-0 user-010-0 user-011-0 user-012-0
2384	cmd-2384	2025-11-01T13:56:00+09:00	user-001-0 user-002-0 user-003-0 user-004-0 user-005-0 user-006-0 user-007-0 user-008-1 user-009-0 user-010-0 user-011-0 user-012-0
2385	cmd-2385	2025-11-01T15:50:00+09:00	user-001-0 user-002-0 user-003-0 user-004-0 user-005-0 user-006-0 user-007-0 user-008-1 user-009-0 user-010-0 user-011-0 user-012-0
2386	cmd-2386	2025-11-01T16:15:00+09:00	user-001-0 user-002-0 user-003-0 user-004-0 user-005-0 user-006-0 user-007-0 user-008-1 user-009-0 user-010-0 user-011-0 user-012-0
2387	cmd-2387	2025-11-01T17:00:00+09:00	user-001-0 user-002-0 user-003-0 user-004-0 user-005-0 user-006-0 user-007-0 user-008-1 user-009-0 user-010-0 user-011-0 user-012-0
2388	cmd-2388	2025-11-01T20:58:00+09:00	user-001-0 user-002-0 user-003-0 user-004-0 user-005-0 user-006-0 user-007-0 user-008-1 user-009-0 user-010-0 user-011-0 user-012-0
2389	cmd-2389	2025-11-02T00:19:00+09:00	user-001-0 user-002-0 user-003-0 user-004-0 user-005-0 user-006-0 user-007-0 user-008-1 user-009-0 user-010-0 user-011-0 user-012-0
2390	cmd-2390	2025-11-02T00:19:00+09:00	user-001-0 user-002-0 user-003-0 user-004-0 user-005-0 user-006-0 user-007-0 user-008-1 user-009-0 user-010-0 user-011-0 user-012-0
2391	cmd-2391	2025-11-02T00:39:00+09:00	user-001-0 user-002-0 user-003-0 user-004-0 user-005-0 user-006-0 user-007-0 user-008-1 user-009-0 user-010-0 user-011-0 user-012-0
2392	cmd-2392	2025-11-02T01:21:00+09:00	user-001-0 user-002-0 user-003-0 user-004-0 user-005-0 user-006-0 user-007-0 user-008-1 user-009-0 user-010-0 user-011-0 user-012-0
2393	cmd-2393	2025-11-02T03:18:00+09:00	user-001-0 user-002-0 user-003-0 user-004-0 user-005-0 user-006-0 user-007-0 user-008-1 user-009-0 user-010-0 user-011-0 user-012-0
2394	cmd-2394	2025-11-02T04:23:00+09:00	user-001-0 user-002-0 user-003-0 user-004-0 user-005-0 user-006-0 user-007-0 user-008-1 user-009-0 user-010-0 user-011-0 user-012-0
2395	cmd-2395	2025-11-02T04:23:00+09:00	user-001-0 user-002-0 user-003-0 user-004-0 user-005-0 user-006-0 user-007-0 user-008-1 user-009-0 user-010-0 user-011-0 user-012-0
2396	cmd-2396	2025-11-02T07:49:00+09:00	user-001-0 user-002-0 user-003-0 user-004-0 user-005-0 user-006-0 user-007-0 user-008-1 user-009-0 user-010-0 user-011-0 user-012-0
2397	cmd-2397	2025-11-02T08:01:00+09:00	user-001-0 user-002-0 user-003-0 user-004-0 user-005-0 user-006-0 user-007-0 user-008-1 user-009-0 user-010-0 user-011-0 user-012-0
2398	cmd-2398	2025-11-02T08:58:00+09:00	user-001-0 user-002-0 user-003-0 user-004-0 user-005-0 user-006-0 user-007-0 user-008-1 user-009-0 user-010-0 user-011-0 user-012-0
2399	cmd-2399	2025-11-02T10:13:00+09:00	user-001-0 user-002-0 user-003-0 user-004-0 user-005-0 user-006-0 user-007-0 user-008-1 user-009-0 user-010-0 user-011-0 user-012-0
2400	cmd-2400	2025-11-02T10:24:00+09:00	user-001-0 user-002-0 user-003-0 user-004-0 user-005-0 user-006-0 user-007-0 user-008-1 user-009-0 user-010-0 user-011-0 user-012-0
2401	cmd-2401	2025-11-02T12:31:00+09:00	user-001-0 user-002-0 user-003-0 user-004-0 user-005-0 user-006-0 user-007-0 user-008-1 user-009-0 user-010-0 user-011-0 user-012-0
2402	cmd-2402	2025-11-02T14:49:00+09:00	user-001-0 user-002-0 user-003-0 user-004-0 user-005-0 user-006-0 user-007-0 user-008-1 user-009-0 user-010-0 user-011-0 user-012-0
2403	cmd-2403	2025-11-02T14:54:00+09:00	user-001-0 user-002-0 user-003-0 user-004-0 user-005-0 user-006-0 user-007-0 user-008-1 user-009-0 user-010-0 user-011-0 user-012-0
2404	cmd-2404	2025-11-02T15:46:00+09:00	user-001-0 user-002-0 user-003-0 user-004-0 user-005-0 user-006-0 user-007-0 user-008-1 user-009-0 user-010-0 user-011-0 user-012-0
2405	cmd-2405	2025-11-02T19:43:00+09:00	user-001-0 user-002-0 user-003-0 user-004-0 user-005-0 user-006-0 user-007-0 user-008-1 user-009-0 user-010-0 user-011-0 user-012-0
2406	cmd-2406	2025-11-02T19:48:00+09:00	user-001-0 user-002-0 user-003-0 user-004-0 user-005-0 user-006-0 user-007-0 user-008-1 user-009-0 user-010-0 user-011-0 user-012-0
2407	cmd-2407	2025-11-02T20:01:00+09:00	user-001-0 user-002-0 user-003-0 user-004-0 user-005-0 user-006-0 user-007-0 user-008-1 user-009-0 user-010-0 user-011-0 user-012-0
2408	cmd-2408	2025-11-02T21:46:00+09:00	user-001-0 user-002-0 user-003-0 user-004-0 user-005-0 user-006-0 user-007-0 user-008-1 user-009-0 user-010-0 user-011-0 user-012-0
2409	cmd-2409	2025-11-02T23:06:00+09:00	user-001-0 user-002-0 user-003-0 user-004-0 user-005-0 user-006-0 user-007-0 user-008-1 user-009-0 user-010-0 user-011-0 user-012-0
2410	cmd-2410	2025-11-02T23:22:00+09:00	user-001-0 user-002-0 user-003-0 user-004-0 user-005-0 user-006-0 user-007-0 user-008-1 user-009-0 user-010-0 user-011-0 user-012-0
2411	cmd-2411	2025-11-03T00:04:00+09:00	user-001-0 user-002-0 user-003-0 user-004-0 user-005-0 user-006-0 user-007-0 user-008-1 user-009-0 user-010-0 user-011-0 user-012-0
2412	cmd-2412	2025-11-03T01:47:00+09:00	user-001-0 user-002-0 user-003-0 user-004-0 user-005-0 user-006-0 user-007-0 user-008-1 user-009-0 user-010-0 user-011-0 user-012-0
2413	cmd-2413	2025-11-03T04:57:00+09:00	user-001-0 user-002-0 user-003-0 user-004-0 user-005-0 user-006-0 user-007-0 user-008-1 user-009-0 user-010-0 user-011-0 user-012-0
2414	cmd-2414	2025-11-03T07:40:00+09:00	user-001-0 user-002-0 user-003-0 user-004-0 user-005-0 user-006-0 user-007-0 user-008-1 user-009-0 user-010-0 user-011-0 user-012-0
2415	cmd-2415	2025-11-03T07:52:00+09:00	user-001-0 user-002-0 user-003-0 user-004-0 user-005-0 user-006-0 user-007-0 user-008-1 user-009-0 user-010-0 user-011-0 user-012-0
2416	cmd-2416	2025-11-03T08:18:00+09:00	user-001-0 user-002-0 user-003-0 user-004-0 user-005-0 user-006-0 user-007-0 user-008-1 user-009-0 user-010-0 user-011-0 user-012-0
2417	cmd-2417	2025-11-03T08:26:00+09:00	user-001-0 user-002-0 user-003-0 user-004-0 user-005-0 user-006-0 user-007-0 user-008-1 user-009-0 user-010-0 user-011-0 user-012-0
2418	cmd-2418	2025-11-03T09:01:00+09:00	user-001-0 user-002-0 user-003-0 user-004-0 user-005-0 user-006-0 user-007-0 user-008-1 user-009-0 user-010-0 user-011-0 user-012-0
2419	cmd-2419	2025-11-03T11:06:00+09:00	user-001-0 user-002-0 user-003-0 user-004-0 user-005-0 user-006-0 user-007-0 user-008-1 user-009-0 user-010-0 user-011-0 user-012-0
2420	cmd-2420	2025-11-03T12:51:00+09:00	user-001-0 user-002-0 user-003-0 user-004-0 user-005-0 user-006-0 user-007-0 user-008-1 user-009-0 user-010-0 user-011-0 user-012-0
2421	cmd-2421	2025-11-03T14:19:00+09:00	user-001-0 user-002-0 user-003-0 user-004-0 user-005-0 user-006-0 user-007-0 user-008-1 user-009-0 user-010-0 user-011-0 user-012-0
2422	cmd-2422	2025-11-03T17:29:00+09:00	user-001-0 user-002-0 user-003-0 user-004-0 user-005-0 user-006-0 user-007-0 user-008-1 user-009-0 user-010-0 user-011-0 user-012-0
2423	cmd-2423	2025-11-03T18:10:00+09:00	user-001-0 user-002-0 user-003-0 user-004-0 user-005-0 user-006-0 user-007-0 user-008-1 user-009-0 user-010-0 user-011-0 user-012-0
2424	cmd-2424	2025-11-03T20:14:00+09:00	user-001-0 user-002-0 user-003-0 user-004-0 user-005-0 user-006-0 user-007-0 user-008-1 user-009-0 user-010-0 user-011-0 user-012-0
2425	cmd-2425	2025-11-03T21:35:00+09:00	user-001-0 user-002-0 user-003-0 user-004-0 user-005-0 user-006-0 user-007-0 user-008-1 user-009-0 user-010-0 user-011-0 user-012-0
2426	cmd-2426	2025-11-03T21:35:00+09:00	user-001-0 user-002-0 user-003-0 user-004-0 user-005-0 user-006-0 user-007-0 user-008-1 user-009-0 user-010-0 user-011-0 user-012-0
2427	cmd-2427	2025-11-03T21:39:00+09:00	user-001-0 user-002-0 user-003-0 user-004-0 user-005-0 user-006-0 user-007-0 user-008-1 user-009-0 user-010-0 user-011-0 user-012-0
2428	cmd-2428	2025-11-03T21:45:00+09:00	user-001-0 user-002-0 user-003-0 user-004-0 user-005-0 user-006-0 user-007-0 user-008-1 user-009-0 user-010-0 user-011-0 user-012-0
2429	cmd-2429	2025-11-03T23:25:00+09:00	user-001-0 user-002-0 user-003-0 user-004-0 user-005-0 user-006-0 user-007-0 user-008-1 user-009-0 user-010-0 user-011-0 user-012-0
2430	cmd-2430	2025-11-04T00:23:00+09:00	user-001-0 user-002-0 user-003-0 user-004-0 user-005-0 user-006-0 user-007-0 user-008-1 user-009-0 user-010-0 user-011-0 user-012-0
2431	cmd-2431	2025-11-04T00:45:00+09:00	user-001-0 user-002-0 user-003-0 user-004-0 user-005-0 user-006-0 user-007-0 user-008-1 user-009-0 user-010-0 user-011-0 user-012-0
2432	cmd-2432	2025-11-04T05:33:00+09:00	user-001-0 user-002-0 user-003-0 user-004-0 user-005-0 user-006-0 user-007-0 user-008-1 user-009-0 user-010-0 user-011-0 user-012-0
2433	cmd-2433	2025-11-04T07:12:00+09:00	user-001-0 user-002-0 user-003-0 user-004-0 user-005-0 user-006-0 user-007-0 user-008-1 user-009-0 user-010-0 user-011-0 user-012-0
2434	cmd-2434	2025-11-04T08:55:00+09:00	user-001-0 user-002-0 user-003-0 user-004-0 user-005-0 user-006-0 user-007-0 user-008-1 user-009-0 user-010-0 user-011-0 user-012-0
2435	cmd-2435	2025-11-04T09:38:00+09:00	user-001-0 user-002-0 user-003-0 user-004-0 user-005-0 user-006-0 user-007-0 user-008-1 user-009-0 user-010-0 user-011-0 user-012-0
2436	cmd-2436	2025-11-04T11:47:00+09:00	user-001-0 user-002-0 user-003-0 user-004-0 user-005-0 user-006-0 user-007-0 user-008-1 user-009-0 user-010-0 user-011-0 user-012-0
2437	cmd-2437	2025-11-04T12:43:00+09:00	user-001-0 user-002-0 user-003-0 user-004-0 user-005-0 user-006-0 user-007-0 user-008-1 user-009-0 user-010-0 user-011-0 user-012-0
2438	cmd-2438	2025-11-04T13:12:00+09:00	user-001-0 user-002-0 user-003-0 user-004-0 user-005-0 user-006-0 user-007-0 user-008-1 user-009-0 user-010-0 user-011-0 user-012-0
2439	cmd-2439	2025-11-04T13:38:00+09:00	user-001-0 user-002-0 user-003-0 user-004-0 user-005-0 user-006-0 user-007-0 user-008-1 user-009-0 user-010-0 user-011-0 user-012-0
2440	cmd-2440	2025-11-04T14:57:00+09:00	user-001-0 user-002-0 user-003-0 user-004-0 user-005-0 user-006-0 user-007-0 user-008-1 user-009-0 user-010-0 user-011-0 user-012-0
2441	cmd-2441	2025-11-04T15:49:00+09:00	user-001-0 user-002-0 user-003-0 user-004-0 user-005-0 user-006-0 user-007-0 user-008-1 user-009-0 user-010-0 user-011-0 user-012-0
2442	cmd-2442	2025-11-04T17:15:00+09:00	user-001-0 user-002-0 user-003-0 user-004-0 user-005-0 user-006-0 user-007-0 user-008-1 user-009-0 user-010-0 user-011-0 user-012-0
2443	cmd-2443	2025-11-04T18:37:00+09:00	user-001-0 user-002-0 user-003-0 user-004-0 user-005-0 user-006-0 user-007-0 user-008-1 user-009-0 user-010-0 user-011-0 user-012-0
2444	cmd-2444	2025-11-04T23:32:00+09:00	user-001-0 user-002-0 user-003-0 user-004-0 user-005-0 user-006-0 user-007-0 user-008-1 user-009-0 user-010-0 user-011-0 user-012-0
2445	cmd-2445	2025-11-04T23:40:00+09:00	user-001-0 user-002-0 user-003-0 user-004-0 user-005-0 user-006-0 user-007-0 user-008-1 user-009-0 user-010-0 user-011-0 user-012-0
2446	cmd-2446	2025-11-05T00:22:00+09:00	user-001-0 user-002-0 user-003-0 user-004-0 user-005-0 user-006-0 user-007-0 user-008-1 user-009-0 user-010-0 user-011-0 user-012-0
2447	cmd-2447	2025-11-05T01:00:00+09:00	user-001-0 user-002-0 user-003-0 user-004-0 user-005-0 user-006-0 user-007-0 user-008-1 user-009-0 user-010-0 user-011-0 user-012-0
2448	cmd-2448	2025-11-05T05:16:00+09:00	user-001-0 user-002-0 user-003-0 user-004-0 user-005-0 user-006-0 user-007-0 user-008-1 user-009-0 user-010-0 user-011-0 user-012-0
2449	cmd-2449	2025-11-05T05:43:00+09:00	user-001-0 user-002-0 user-003-0 user-004-0 user-005-0 user-006-0 user-007-0 user-008-1 user-009-0 user-010-0 user-011-0 user-012-0
2450	cmd-2450	2025-11-05T06:06:00+09:00	user-001-0 user-002-0 user-003-0 user-004-0 user-005-0 user-006-0 user-007-0 user-008-1 user-009-0 user-010-0 user-011-0 user-012-0
2451	cmd-2451	2025-11-05T06:47:00+09:00	user-001-0 user-002-0 user-003-0 user-004-0 user-005-0 user-006-0 user-007-0 user-008-1 user-009-0 user-010-0 user-011-0 user-012-0
2452	cmd-2452	2025-11-05T11:10:00+09:00	user-001-0 user-002-0 user-003-0 user-004-0 user-005-0 user-006-0 user-007-0 user-008-1 user-009-0 user-010-0 user-011-0 user-012-0
2453	cmd-2453	2025-11-05T13:09:00+09:00	user-001-0 user-002-0 user-003-0 user-004-0 user-005-0 user-006-0 user-007-0 user-008-1 user-009-0 user-010-0 user-011-0 user-012-0
2454	cmd-2454	2025-11-05T13:50:00+09:00	user-001-0 user-002-0 user-003-0 user-004-0 user-005-0 user-006-0 user-007-0 user-008-1 user-009-0 user-010-0 user-011-0 user-012-0
2455	cmd-2455	2025-11-05T18:29:00+09:00	user-001-0 user-002-0 user-003-0 user-004-0 user-005-0 user-006-0 user-007-0 user-008-1 user-009-0 user-010-0 user-011-0 user-012-0
2456	cmd-2456	2025-11-05T19:32:00+09:00	user-001-0 user-002-0 user-003-0 user-004-0 user-005-0 user-006-0 user-007-0 user-008-1 user-009-0 user-010-0 user-011-0 user-012-0
2457	cmd-2457	2025-11-05T19:52:00+09:00	user-001-0 user-002-0 user-003-0 user-004-0 user-005-0 user-006-0 user-007-0 user-008-1 user-009-0 user-010-0 user-011-0 user-012-0
2458	cmd-2458	2025-11-05T20:03:00+09:00	user-001-0 user-002-0 user-003-0 user-004-0 user-005-0 user-006-0 user-007-0 user-008-1 user-009-0 user-010-0 user-011-0 user-012-0
2459	cmd-2459	2025-11-05T20:04:00+09:00	user-001-0 user-002-0 user-003-0 user-004-0 user-005-0 user-006-0 user-007-0 user-008-1 user-009-0 user-010-0 user-011-0 user-012-0
2460	cmd-2460	2025-11-05T22:35:00+09:00	user-001-0 user-002-0 user-003-0 user-004-0 user-005-0 user-006-0 user-007-0 user-008-1 user-009-0 user-010-0 user-011-0 user-012-0
2461	cmd-2461	2025-11-05T23:39:00+09:00	user-001-0 user-002-0 user-003-0 user-004-0 user-005-0 user-006-0 user-007-0 user-008-1 user-009-0 user-010-0 user-011-0 user-012-0
2462	cmd-2462	2025-11-05T23:46:00+09:00	user-001-0 user-002-0 user-003-0 user-004-0 user-005-0 user-006-0 user-007-0 user-008-1 user-009-0 user-010-0 user-011-0 user-012-0
2463	cmd-2463	2025-11-05T23:52:00+09:00	user-001-0 user-002-0 user-003-0 user-004-0 user-005-0 user-006-0 user-007-0 user-008-1 user-009-0 user-010-0 user-011-0 user-012-0
2464	cmd-2464	2025-11-06T00:52:00+09:00	user-001-0 user-002-0 user-003-0 user-004-0 user-005-0 user-006-0 user-007-0 user-008-1 user-009-0 user-010-0 user-011-0 user-012-0
2465	cmd-2465	2025-11-06T01:32:00+09:00	user-001-0 user-002-0 user-003-0 user-004-0 user-005-0 user-006-0 user-007-0 user-008-1 user-009-0 user-010-0 user-011-0 user-012-0
2466	cmd-2466	2025-11-06T04:05:00+09:00	user-001-0 user-002-0 user-003-0 user-004-0 user-005-0 user-006-0 user-007-0 user-008-1 user-009-0 user-010-0 user-011-0 user-012-0
2467	cmd-2467	2025-11-06T04:17:00+09:00	user-001-0 user-002-0 user-003-0 user-004-0 user-005-0 user-006-0 user-007-0 user-008-1 user-009-0 user-010-0 user-011-0 user-012-0
2468	cmd-2468	2025-11-06T05:52:00+09:00	user-001-0 user-002-0 user-003-0 user-004-0 user-005-0 user-006-0 user-007-0 user-008-1 user-009-0 user-010-0 user-011-0 user-012-0
2469	cmd-2469	2025-11-06T09:44:00+09:00	user-001-0 user-002-0 user-003-0 user-004-0 user-005-0 user-006-0 user-007-0 user-008-1 user-009-0 user-010-0 user-011-0 user-012-0
2470	cmd-2470	2025-11-06T13:39:00+09:00	user-001-0 user-002-0 user-003-0 user-004-0 user-005-0 user-006-0 user-007-0 user-008-1 user-009-0 user-010-0 user-011-0 user-012-0
2471	cmd-2471	2025-11-06T15:48:00+09:00	user-001-0 user-002-0 user-003-0 user-004-0 user-005-0 user-006-0 user-007-0 user-008-1 user-009-0 user-010-0 user-011-0 user-012-0
2472	cmd-2472	2025-11-06T20:01:00+09:00	user-001-0 user-002-0 user-003-0 user-004-0 user-005-0 user-006-0 user-007-0 user-008-1 user-009-0 user-010-0 user-011-0 user-012-0
2473	cmd-2473	2025-11-06T22:06:00+09:00	user-001-0 user-002-0 user-003-0 user-004-0 user-005-0 user-006-0 user-007-0 user-008-1 user-009-0 user-010-0 user-011-0 user-012-0
2474	cmd-2474	2025-11-06T22:56:00+09:00	user-001-0 user-002-0 user-003-0 user-004-0 user-005-0 user-006-0 user-007-0 user-008-1 user-009-0 user-010-0 user-011-0 user-012-0
2475	cmd-2475	2025-11-06T23:32:00+09:00	user-001-0 user-002-0 user-003-0 user-004-0 user-005-0 user-006-0 user-007-0 user-008-1 user-009-0 user-010-0 user-011-0 user-012-0
2476	cmd-2476	2025-11-07T03:03:00+09:00	user-001-0 user-002-0 user-003-0 user-004-0 user-005-0 user-006-0 user-007-0 user-008-1 user-009-0 user-010-0 user-011-0 user-012-0
2477	cmd-2477	2025-11-07T03:48:00+09:00	user-001-0 user-002-0 user-003-0 user-004-0 user-005-0 user-006-0 user-007-0 user-008-1 user-009-0 user-010-0 user-011-0 user-012-0
2478	cmd-2478	2025-11-07T03:51:00+09:00	user-001-0 user-002-0 user-003-0 user-004-0 user-005-0 user-006-0 user-007-0 user-008-1 user-009-0 user-010-0 user-011-0 user-012-0
2479	cmd-2479	2025-11-07T06:27:00+09:00	user-001-0 user-002-0 user-003-0 user-004-0 user-005-0 user-006-0 user-007-0 user-008-1 user-009-0 user-010-0 user-011-0 user-012-0
2480	cmd-2480	2025-11-07T09:18:00+09:00	user-001-0 user-002-0 user-003-0 user-004-0 user-005-0 user-006-0 user-007-0 user-008-1 user-009-0 user-010-0 user-011-0 user-012-0
2481	cmd-2481	2025-11-07T09:21:00+09:00	user-001-0 user-002-0 user-003-0 user-004-0 user-005-0 user-006-0 user-007-0 user-008-1 user-009-0 user-010-0 user-011-0 user-012-0
2482	cmd-2482	2025-11-07T09:57:00+09:00	user-001-0 user-002-0 user-003-0 user-004-0 user-005-0 user-006-0 user-007-0 user-008-1 user-009-0 user-010-0 user-011-0 user-012-0
2483	cmd-2483	2025-11-07T10:03:00+09:00	user-001-0 user-002-0 user-003-0 user-004-0 user-005-0 user-006-0 user-007-0 user-008-1 user-009-0 user-010-0 user-011-0 user-012-0
2484	cmd-2484	2025-11-07T15:35:00+09:00	user-001-0 user-002-0 user-003-0 user-004-0 user-005-0 user-006-0 user-007-0 user-008-1 user-009-0 user-010-0 user-011-0 user-012-0
2485	cmd-2485	2025-11-07T15:43:00+09:00	user-001-0 user-002-0 user-003-0 user-004-0 user-005-0 user-006-0 user-007-0 user-008-1 user-009-0 user-010-0 user-011-0 user-012-0
2486	cmd-2486	2025-11-07T15:47:00+09:00	user-001-0 user-002-0 user-003-0 user-004-0 user-005-0 user-006-0 user-007-0 user-008-1 user-009-0 user-010-0 user-011-0 user-012-0
2487	cmd-2487	2025-11-07T16:30:00+09:00	user-001-0 user-002-0 user-003-0 user-004-0 user-005-0 user-006-0 user-007-0 user-008-1 user-009-0 user-010-0 user-011-0 user-012-0
2488	cmd-2488	2025-11-07T17:03:00+09:00	user-001-0 user-002-0 user-003-0 user-004-0 user-005-0 user-006-0 user-007-0 user-008-1 user-009-0 user-010-0 user-011-0 user-012-0
2489	cmd-2489	2025-11-07T19:22:00+09:00	user-001-0 user-002-0 user-003-0 user-004-0 user-005-0 user-006-0 user-007-0 user-008-1 user-009-0 user-010-0 user-011-0 user-012-0
2490	cmd-2490	2025-11-07T19:47:00+09:00	user-001-0 user-002-0 user-003-0 user-004-0 user-005-0 user-006-0 user-007-0 user-008-1 user-009-0 user-010-0 user-011-0 user-012-0
2491	cmd-2491	2025-11-07T20:39:00+09:00	user-001-0 user-002-0 user-003-0 user-004-0 user-005-0 user-006-0 user-007-0 user-008-1 user-009-0 user-010-0 user-011-0 user-012-0
2492	cmd-2492	2025-11-08T00:50:00+09:00	user-001-0 user-002-0 user-003-0 user-004-0 user-005-0 user-006-0 user-007-0 user-008-1 user-009-0 user-010-0 user-011-0 user-012-0
2493	cmd-2493	2025-11-08T04:41:00+09:00	user-001-0 user-002-0 user-003-0 user-004-0 user-005-0 user-006-0 user-007-0 user-008-1 user-009-0 user-010-0 user-011-0 user-012-0
2494	cmd-2494	2025-11-08T04:52:00+09:00	user-001-0 user-002-0 user-003-0 user-004-0 user-005-0 user-006-0 user-007-0 user-008-1 user-009-0 user-010-0 user-011-0 user-012-0
2495	cmd-2495	2025-11-08T18:04:00+09:00	user-001-0 user-002-0 user-003-0 user-004-0 user-005-0 user-006-0 user-007-0 user-008-1 user-009-0 user-010-0 user-011-0 user-012-0
2496	cmd-2496	2025-11-08T19:20:00+09:00	user-001-0 user-002-0 user-003-0 user-004-0 user-005-0 user-006-0 user-007-0 user-008-1 user-009-0 user-010-0 user-011-0 user-012-0
2497	cmd-2497	2025-11-08T20:22:00+09:00	user-001-0 user-002-0 user-003-0 user-004-0 user-005-0 user-006-0 user-007-0 user-008-1 user-009-0 user-010-0 user-011-0 user-012-0
2498	cmd-2498	2025-11-08T21:05:00+09:00	user-001-0 user-002-0 user-003-0 user-004-0 user-005-0 user-006-0 user-007-0 user-008-1 user-009-0 user-010-0 user-011-0 user-012-0
2499	cmd-2499	2025-11-08T21:44:00+09:00	user-001-0 user-002-0 user-003-0 user-004-0 user-005-0 user-006-0 user-007-0 user-008-1 user-009-0 user-010-0 user-011-0 user-012-0
2500	cmd-2500	2025-11-09T05:09:00+09:00	user-001-0 user-002-0 user-003-0 user-004-0 user-005-0 user-006-0 user-007-0 user-008-1 user-009-0 user-010-0 user-011-0 user-012-0
2501	cmd-2501	2025-10-30T13:11:00+09:00	user-001-0 user-002-1 user-003-0 user-004-0 user-005-0 user-006-0 user-007-1 user-008-0 user-009-0 user-010-0 user-011-0 user-012-0
2502	cmd-2502	2025-10-30T16:32:00+09:00	user-001-0 user-002-1 user-003-0 user-004-0 user-005-0 user-006-0 user-007-1 user-008-0 user-009-0 user-010-0 user-011-0 user-012-0
2503	cmd-2503	2025-10-30T22:17:00+09:00	user-001-0 user-002-1 user-003-0 user-004-0 user-005-0 user-006-0 user-007-1 user-008-0 user-009-0 user-010-0 user-011-0 user-012-0
2504	cmd-2504	2025-10-30T22:24:00+09:00	user-001-0 user-002-1 user-003-0 user-004-0 user-005-0 user-006-0 user-007-1 user-008-0 user-009-0 user-010-0 user-011-0 user-012-0
2505	cmd-2505	2025-10-30T23:00:00+09:00	user-001-0 user-002-1 user-003-0 user-004-0 user-005-0 user-006-0 user-007-1 user-008-0 user-009-0 user-010-0 user-011-0 user-012-0
2506	cmd-2506	2025-10-31T01:40:00+09:00	user-001-0 user-002-1 user-003-0 user-004-0 user-005-0 user-006-0 user-007-1 user-008-0 user-009-0 user-010-0 user-011-0 user-012-0
2507	cmd-2507	2025-10-31T05:07:00+09:00	user-001-0 user-002-1 user-003-0 user-004-0 user-005-0 user-006-0 user-007-1 user-008-0 user-009-0 user-010-0 user-011-0 user-012-0
2508	cmd-2508	2025-10-31T05:47:00+09:00	user-001-0 user-002-1 user-003-0 user-004-0 user-005-0 user-006-0 user-007-1 user-008-0 user-009-0 user-010-0 user-011-0 user-012-0
2509	cmd-2509	2025-10-31T06:54:00+09:00	user-001-0 user-002-1 user-003-0 user-004-0 user-005-0 user-006-0 user-007-1 user-008-0 user-009-0 user-010-0 user-011-0 user-012-0
2510	cmd-2510	2025-10-31T07:01:00+09:00	user-001-0 user-002-1 user-003-0 user-004-0 user-005-0 user-006-0 user-007-1 user-008-0 user-009-0 user-010-0 user-011-0 user-012-0
2511	cmd-2511	2025-10-31T12:05:00+09:00	user-001-0 user-002-1 user-003-0 user-004-0 user-005-0 user-006-0 user-007-1 user-008-0 user-009-0 user-010-0 user-011-0 user-012-0
2512	cmd-2512	2025-10-31T13:34:00+09:00	user-001-0 user-002-1 user-003-0 user-004-0 user-005-0 user-006-0 user-007-1 user-008-0 user-009-0 user-010-0 user-011-0 user-012-0
2513	cmd-2513	2025-10-31T14:09:00+09:00	user-001-0 user-002-1 user-003-0 user-004-0 user-005-0 user-006-0 user-007-1 user-008-0 user-009-0 user-010-0 user-011-0 user-012-0
2514	cmd-2514	2025-10-31T14:31:00+09:00	user-001-0 user-002-1 user-003-0 user-004-0 user-005-0 user-006-0 user-007-1 user-008-0 user-009-0 user-010-0 user-011-0 user-012-0
2515	cmd-2515	2025-10-31T14:41:00+09:00	user-001-0 user-002-1 user-003-0 user-004-0 user-005-0 user-006-0 user-007-1 user-008-0 user-009-0 user-010-0 user-011-0 user-012-0
2516	cmd-2516	2025-10-31T15:44:00+09:00	user-001-0 user-002-1 user-003-0 user-004-0 user-005-0 user-006-0 user-007-1 user-008-0 user-009-0 user-010-0 user-011-0 user-012-0
2517	cmd-2517	2025-10-31T15:55:00+09:00	user-001-0 user-002-1 user-003-0 user-004-0 user-005-0 user-006-0 user-007-1 user-008-0 user-009-0 user-010-0 user-011-0 user-012-0
2518	cmd-2518	2025-10-31T16:45:00+09:00	user-001-0 user-002-1 user-003-0 user-004-0 user-005-0 user-006-0 user-007-1 user-008-0 user-009-0 user-010-0 user-011-0 user-012-0
2519	cmd-2519	2025-10-31T17:38:00+09:00	user-001-0 user-002-1 user-003-0 user-004-0 user-005-0 user-006-0 user-007-1 user-008-0 user-009-0 user-010-0 user-011-0 user-012-0
2520	cmd-2520	2025-10-31T19:23:00+09:00	user-001-0 user-002-1 user-003-0 user-004-0 user-005-0 user-006-0 user-007-1 user-008-0 user-009-0 user-010-0 user-011-0 user-012-0
2521	cmd-2521	2025-10-31T23:04:00+09:00	user-001-0 user-002-1 user-003-0 user-004-0 user-005-0 user-006-0 user-007-1 user-008-0 user-009-0 user-010-0 user-011-0 user-012-0
2522	cmd-2522	2025-10-31T23:30:00+09:00	user-001-0 user-002-1 user-003-0 user-004-0 user-005-0 user-006-0 user-007-1 user-008-0 user-009-0 user-010-0 user-011-0 user-012-0
2523	cmd-2523	2025-11-01T02:17:00+09:00	user-001-0 user-002-1 user-003-0 user-004-0 user-005-0 user-006-0 user-007-1 user-008-0 user-009-0 user-010-0 user-011-0 user-012-0
2524	cmd-2524	2025-11-01T05:29:00+09:00	user-001-0 user-002-1 user-003-0 user-004-0 user-005-0 user-006-0 user-007-1 user-008-0 user-009-0 user-010-0 user-011-0 user-012-0
2525	cmd-2525	2025-11-01T06:05:00+09:00	user-001-0 user-002-1 user-003-0 user-004-0 user-005-0 user-006-0 user-007-1 user-008-0 user-009-0 user-010-0 user-011-0 user-012-0
2526	cmd-2526	2025-11-01T07:27:00+09:00	user-001-0 user-002-1 user-003-0 user-004-0 user-005-0 user-006-0 user-007-1 user-008-0 user-009-0 user-010-0 user-011-0 user-012-0
2527	cmd-2527	2025-11-01T07:29:00+09:00	user-001-0 user-002-1 user-003-0 user-004-0 user-005-0 user-006-0 user-007-1 user-008-0 user-009-0 user-010-0 user-011-0 user-012-0
2528	cmd-2528	2025-11-01T07:50:00+09:00	user-001-0 user-002-1 user-003-0 user-004-0 user-005-0 user-006-0 user-007-1 user-008-0 user-009-0 user-010-0 user-011-0 user-012-0
2529	cmd-2529	2025-11-01T12:06:00+09:00	user-001-0 user-002-1 user-003-0 user-004-0 user-005-0 user-006-0 user-007-1 user-008-0 user-009-0 user-010-0 user-011-0 user-012-0
2530	cmd-2530	2025-11-01T15:24:00+09:00	user-001-0 user-002-1 user-003-0 user-004-0 user-005-0 user-006-0 user-007-1 user-008-0 user-009-0 user-010-0 user-011-0 user-012-0
2531	cmd-2531	2025-11-01T17:20:00+09:00	user-001-0 user-002-1 user-003-0 user-004-0 user-005-0 user-006-0 user-007-1 user-008-0 user-009-0 user-010-0 user-011-0 user-012-0
2532	cmd-2532	2025-11-01T19:45:00+09:00	user-001-0 user-002-1 user-003-0 user-004-0 user-005-0 user-006-0 user-007-1 user-008-0 user-009-0 user-010-0 user-011-0 user-012-0
2533	cmd-2533	2025-11-01T19:46:00+09:00	user-001-0 user-002-1 user-003-0 user-004-0 user-005-0 user-006-0 user-007-1 user-008-0 user-009-0 user-010-0 user-011-0 user-012-0
2534	cmd-2534	2025-11-01T19:52:00+09:00	user-001-0 user-002-1 user-003-0 user-004-0 user-005-0 user-006-0 user-007-1 user-008-0 user-009-0 user-010-0 user-011-0 user-012-0
2535	cmd-2535	2025-11-01T20:10:00+09:00	user-001-0 user-002-1 user-003-0 user-004-0 user-005-0 user-006-0 user-007-1 user-008-0 user-009-0 user-010-0 user-011-0 user-012-0
2536	cmd-2536	2025-11-01T22:53:00+09:00	user-001-0 user-002-1 user-003-0 user-004-0 user-005-0 user-006-0 user-007-1 user-008-0 user-009-0 user-010-0 user-011-0 user-012-0
2537	cmd-2537	2025-11-01T23:58:00+09:00	user-001-0 user-002-1 user-003-0 user-004-0 user-005-0 user-006-0 user-007-1 user-008-0 user-009-0 user-010-0 user-011-0 user-012-0
2538	cmd-2538	2025-11-02T00:07:00+09:00	user-001-0 user-002-1 user-003-0 user-004-0 user-005-0 user-006-0 user-007-1 user-008-0 user-009-0 user-010-0 user-011-0 user-012-0
2539	cmd-2539	2025-11-02T03:15:00+09:00	user-001-0 user-002-1 user-003-0 user-004-0 user-005-0 user-006-0 user-007-1 user-008-0 user-009-0 user-010-0 user-011-0 user-012-0
2540	cmd-2540	2025-11-02T03:27:00+09:00	user-001-0 user-002-1 user-003-0 user-004-0 user-005-0 user-006-0 user-007-1 user-008-0 user-009-0 user-010-0 user-011-0 user-012-0
2541	cmd-2541	2025-11-02T03:59:00+09:00	user-001-0 user-002-1 user-003-0 user-004-0 user-005-0 user-006-0 user-007-1 user-008-0 user-009-0 user-010-0 user-011-0 user-012-0
2542	cmd-2542	2025-11-02T07:28:00+09:00	user-001-0 user-002-1 user-003-0 user-004-0 user-005-0 user-006-0 user-007-1 user-008-0 user-009-0 user-010-0 user-011-0 user-012-0
2543	cmd-2543	2025-11-02T11:54:00+09:00	user-001-0 user-002-1 user-003-0 user-004-0 user-005-0 user-006-0 user-007-1 user-008-0 user-009-0 user-010-0 user-011-0 user-012-0
2544	cmd-2544	2025-11-02T12:07:00+09:00	user-001-0 user-002-1 user-003-0 user-004-0 user-005-0 user-006-0 user-007-1 user-008-0 user-009-0 user-010-0 user-011-0 user-012-0
2545	cmd-2545	2025-11-02T14:03:00+09:00	user-001-0 user-002-1 user-003-0 user-004-0 user-005-0 user-006-0 user-007-1 user-008-0 user-009-0 user-010-0 user-011-0 user-012-0
2546	cmd-2546	2025-11-02T15:08:00+09:00	user-001-0 user-002-1 user-003-0 user-004-0 user-005-0 user-006-0 user-007-1 user-008-0 user-009-0 user-010-0 user-011-0 user-012-0
2547	cmd-2547	2025-11-02T15:58:00+09:00	user-001-0 user-002-1 user-003-0 user-004-0 user-005-0 user-006-0 user-007-1 user-008-0 user-009-0 user-010-0 user-011-0 user-012-0
2548	cmd-2548	2025-11-02T19:40:00+09:00	user-001-0 user-002-1 user-003-0 user-004-0 user-005-0 user-006-0 user-007-1 user-008-0 user-009-0 user-010-0 user-011-0 user-012-0
2549	cmd-2549	2025-11-02T19:51:00+09:00	user-001-0 user-002-1 user-003-0 user-004-0 user-005-0 user-006-0 user-007-1 user-008-0 user-009-0 user-010-0 user-011-0 user-012-0
2550	cmd-2550	2025-11-02T20:48:00+09:00	user-001-0 user-002-1 user-003-0 user-004-0 user-005-0 user-006-0 user-007-1 user-008-0 user-009-0 user-010-0 user-011-0 user-012-0
2551	cmd-2551	2025-11-02T21:50:00+09:00	user-001-0 user-002-1 user-003-0 user-004-0 user-005-0 user-006-0 user-007-1 user-008-0 user-009-0 user-010-0 user-011-0 user-012-0
2552	cmd-2552	2025-11-02T22:50:00+09:00	user-001-0 user-002-1 user-003-0 user-004-0 user-005-0 user-006-0 user-007-1 user-008-0 user-009-0 user-010-0 user-011-0 user-012-0
2553	cmd-2553	2025-11-02T23:42:00+09:00	user-001-0 user-002-1 user-003-0 user-004-0 user-005-0 user-006-0 user-007-1 user-008-0 user-009-0 user-010-0 user-011-0 user-012-0
2554	cmd-2554	2025-11-03T01:16:00+09:00	user-001-0 user-002-1 user-003-0 user-004-0 user-005-0 user-006-0 user-007-1 user-008-0 user-009-0 user-010-0 user-011-0 user-012-0
2555	cmd-2555	2025-11-03T01:19:00+09:00	user-001-0 user-002-1 user-003-0 user-004-0 user-005-0 user-006-0 user-007-1 user-008-0 user-009-0 user-010-0 user-011-0 user-012-0
2556	cmd-2556	2025-11-03T03:55:00+09:00	user-001-0 user-002-1 user-003-0 user-004-0 user-005-0 user-006-0 user-007-1 user-008-0 user-009-0 user-010-0 user-011-0 user-012-0
2557	cmd-2557	2025-11-03T04:24:00+09:00	user-001-0 user-002-1 user-003-0 user-004-0 user-005-0 user-006-0 user-007-1 user-008-0 user-009-0 user-010-0 user-011-0 user-012-0
2558	cmd-2558	2025-11-03T05:02:00+09:00	user-001-0 user-002-1 user-003-0 user-004-0 user-005-0 user-006-0 user-007-1 user-008-0 user-009-0 user-010-0 user-011-0 user-012-0
2559	cmd-2559	2025-11-03T05:15:00+09:00	user-001-0 user-002-1 user-003-0 user-004-0 user-005-0 user-006-0 user-007-1 user-008-0 user-009-0 user-010-0 user-011-0 user-012-0
2560	cmd-2560	2025-11-03T06:00:00+09:00	user-001-0 user-002-1 user-003-0 user-004-0 user-005-0 user-006-0 user-007-1 user-008-0 user-009-0 user-010-0 user-011-0 user-012-0
2561	cmd-2561	2025-11-03T06:05:00+09:00	user-001-0 user-002-1 user-003-0 user-004-0 user-005-0 user-006-0 user-007-1 user-008-0 user-009-0 user-010-0 user-011-0 user-012-0
2562	cmd-2562	2025-11-03T06:31:00+09:00	user-001-0 user-002-1 user-003-0 user-004-0 user-005-0 user-006-0 user-007-1 user-008-0 user-009-0 user-010-0 user-011-0 user-012-0
2563	cmd-2563	2025-11-03T07:02:00+09:00	user-001-0 user-002-1 user-003-0 user-004-0 user-005-0 user-006-0 user-007-1 user-008-0 user-009-0 user-010-0 user-011-0 user-012-0
2564	cmd-2564	2025-11-03T09:05:00+09:00	user-001-0 user-002-1 user-003-0 user-004-0 user-005-0 user-006-0 user-007-1 user-008-0 user-009-0 user-010-0 user-011-0 user-012-0
2565	cmd-2565	2025-11-03T09:32:00+09:00	user-001-0 user-002-1 user-003-0 user-004-0 user-005-0 user-006-0 user-007-1 user-008-0 user-009-0 user-010-0 user-011-0 user-012-0
2566	cmd-2566	2025-11-03T09:41:00+09:00	user-001-0 user-002-1 user-003-0 user-004-0 user-005-0 user-006-0 user-007-1 user-008-0 user-009-0 user-010-0 user-011-0 user-012-0
2567	cmd-2567	2025-11-03T10:29:00+09:00	user-001-0 user-002-1 user-003-0 user-004-0 user-005-0 user-006-0 user-007-1 user-008-0 user-009-0 user-010-0 user-011-0 user-012-0
2568	cmd-2568	2025-11-03T11:36:00+09:00	user-001-0 user-002-1 user-003-0 user-004-0 user-005-0 user-006-0 user-007-1 user-008-0 user-009-0 user-010-0 user-011-0 user-012-0
2569	cmd-2569	2025-11-03T12:15:00+09:00	user-001-0 user-002-1 user-003-0 user-004-0 user-005-0 user-006-0 user-007-1 user-008-0 user-009-0 user-010-0 user-011-0 user-012-0
2570	cmd-2570	2025-11-03T12:54:00+09:00	user-001-0 user-002-1 user-003-0 user-004-0 user-005-0 user-006-0 user-007-1 user-008-0 user-009-0 user-010-0 user-011-0 user-012-0
2571	cmd-2571	2025-11-03T14:53:00+09:00	user-001-0 user-002-1 user-003-0 user-004-0 user-005-0 user-006-0 user-007-1 user-008-0 user-009-0 user-010-0 user-011-0 user-012-0
2572	cmd-2572	2025-11-03T16:46:00+09:00	user-001-0 user-002-1 user-003-0 user-004-0 user-005-0 user-006-0 user-007-1 user-008-0 user-009-0 user-010-0 user-011-0 user-012-0
2573	cmd-2573	2025-11-03T18:30:00+09:00	user-001-0 user-002-1 user-003-0 user-004-0 user-005-0 user-006-0 user-007-1 user-008-0 user-009-0 user-010-0 user-011-0 user-012-0
2574	cmd-2574	2025-11-03T19:52:00+09:00	user-001-0 user-002-1 user-003-0 user-004-0 user-005-0 user-006-0 user-007-1 user-008-0 user-009-0 user-010-0 user-011-0 user-012-0
2575	cmd-2575	2025-11-03T20:30:00+09:00	user-001-0 user-002-1 user-003-0 user-004-0 user-005-0 user-006-0 user-007-1 user-008-0 user-009-0 user-010-0 user-011-0 user-012-0
2576	cmd-2576	2025-11-03T22:48:00+09:00	user-001-0 user-002-1 user-003-0 user-004-0 user-005-0 user-006-0 user-007-1 user-008-0 user-009-0 user-010-0 user-011-0 user-012-0
2577	cmd-2577	2025-11-04T01:04:00+09:00	user-001-0 user-002-1 user-003-0 user-004-0 user-005-0 user-006-0 user-007-1 user-008-0 user-009-0 user-010-0 user-011-0 user-012-0
2578	cmd-2578	2025-11-04T02:30:00+09:00	user-001-0 user-002-1 user-003-0 user-004-0 user-005-0 user-006-0 user-007-1 user-008-0 user-009-0 user-010-0 user-011-0 user-012-0
2579	cmd-2579	2025-11-04T05:06:00+09:00	user-001-0 user-002-1 user-003-0 user-004-0 user-005-0 user-006-0 user-007-1 user-008-0 user-009-0 user-010-0 user-011-0 user-012-0
2580	cmd-2580	2025-11-04T07:10:00+09:00	user-001-0 user-002-1 user-003-0 user-004-0 user-005-0 user-006-0 user-007-1 user-008-0 user-009-0 user-010-0 user-011-0 user-012-0
2581	cmd-2581	2025-11-04T11:02:00+09:00	user-001-0 user-002-1 user-003-0 user-004-0 user-005-0 user-006-0 user-007-1 user-008-0 user-009-0 user-010-0 user-011-0 user-012-0
2582	cmd-2582	2025-11-04T12:28:00+09:00	user-001-0 user-002-1 user-003-0 user-004-0 user-005-0 user-006-0 user-007-1 user-008-0 user-009-0 user-010-0 user-011-0 user-012-0
2583	cmd-2583	2025-11-04T14:35:00+09:00	user-001-0 user-002-1 user-003-0 user-004-0 user-005-0 user-006-0 user-007-1 user-008-0 user-009-0 user-010-0 user-011-0 user-012-0
2584	cmd-2584	2025-11-04T14:50:00+09:00	user-001-0 user-002-1 user-003-0 user-004-0 user-005-0 user-006-0 user-007-1 user-008-0 user-009-0 user-010-0 user-011-0 user-012-0
2585	cmd-2585	2025-11-04T15:34:00+09:00	user-001-0 user-002-1 user-003-0 user-004-0 user-005-0 user-006-0 user-007-1 user-008-0 user-009-0 user-010-0 user-011-0 user-012-0
2586	cmd-2586	2025-11-04T16:53:00+09:00	user-001-0 user-002-1 user-003-0 user-004-0 user-005-0 user-006-0 user-007-1 user-008-0 user-009-0 user-010-0 user-011-0 user-012-0
2587	cmd-2587	2025-11-04T18:40:00+09:00	user-001-0 user-002-1 user-003-0 user-004-0 user-005-0 user-006-0 user-007-1 user-008-0 user-009-0 user-010-0 user-011-0 user-012-0
2588	cmd-2588	2025-11-04T21:01:00+09:00	user-001-0 user-002-1 user-003-0 user-004-0 user-005-0 user-006-0 user-007-1 user-008-0 user-009-0 user-010-0 user-011-0 user-012-0
2589	cmd-2589	2025-11-04T22:41:00+09:00	user-001-0 user-002-1 user-003-0 user-004-0 user-005-0 user-006-0 user-007-1 user-008-0 user-009-0 user-010-0 user-011-0 user-012-0
2590	cmd-2590	2025-11-05T02:16:00+09:00	user-001-0 user-002-1 user-003-0 user-004-0 user-005-0 user-006-0 user-007-1 user-008-0 user-009-0 user-010-0 user-011-0 user-012-0
2591	cmd-2591	2025-11-05T04:13:00+09:00	user-001-0 user-002-1 user-003-0 user-004-0 user-005-0 user-006-0 user-007-1 user-008-0 user-009-0 user-010-0 user-011-0 user-012-0
2592	cmd-2592	2025-11-05T04:34:00+09:00	user-001-0 user-002-1 user-003-0 user-004-0 user-005-0 user-006-0 user-007-1 user-008-0 user-009-0 user-010-0 user-011-0 user-012-0
2593	cmd-2593	2025-11-05T08:29:00+09:00	user-001-0 user-002-1 user-003-0 user-004-0 user-005-0 user-006-0 user-007-1 user-008-0 user-009-0 user-010-0 user-011-0 user-012-0
2594	cmd-2594	2025-11-05T08:52:00+09:00	user-001-0 user-002-1 user-003-0 user-004-0 user-005-0 user-006-0 user-007-1 user-008-0 user-009-0 user-010-0 user-011-0 user-012-0
2595	cmd-2595	2025-11-05T09:04:00+09:00	user-001-0 user-002-1 user-003-0 user-004-0 user-005-0 user-006-0 user-007-1 user-008-0 user-009-0 user-010-0 user-011-0 user-012-0
2596	cmd-2596	2025-11-05T10:27:00+09:00	user-001-0 user-002-1 user-003-0 user-004-0 user-005-0 user-006-0 user-007-1 user-008-0 user-009-0 user-010-0 user-011-0 user-012-0
2597	cmd-2597	2025-11-05T12:17:00+09:00	user-001-0 user-002-1 user-003-0 user-004-0 user-005-0 user-006-0 user-007-1 user-008-0 user-009-0 user-010-0 user-011-0 user-012-0
2598	cmd-2598	2025-11-05T16:07:00+09:00	user-001-0 user-002-1 user-003-0 user-004-0 user-005-0 user-006-0 user-007-1 user-008-0 user-009-0 user-010-0 user-011-0 user-012-0
2599	cmd-2599	2025-11-05T18:16:00+09:00	user-001-0 user-002-1 user-003-0 user-004-0 user-005-0 user-006-0 user-007-1 user-008-0 user-009-0 user-010-0 user-011-0 user-012-0
2600	cmd-2600	2025-11-05T18:34:00+09:00	user-001-0 user-002-1 user-003-0 user-004-0 user-005-0 user-006-0 user-007-1 user-008-0 user-009-0 user-010-0 user-011-0 user-012-0
2601	cmd-2601	2025-11-05T22:07:00+09:00	user-001-0 user-002-1 user-003-0 user-004-0 user-005-0 user-006-0 user-007-1 user-008-0 user-009-0 user-010-0 user-011-0 user-012-0
2602	cmd-2602	2025-11-06T01:34:00+09:00	user-001-0 user-002-1 user-003-0 user-004-0 user-005-0 user-006-0 user-007-1 user-008-0 user-009-0 user-010-0 user-011-0 user-012-0
2603	cmd-2603	2025-11-06T03:03:00+09:00	user-001-0 user-002-1 user-003-0 user-004-0 user-005-0 user-006-0 user-007-1 user-008-0 user-009-0 user-010-0 user-011-0 user-012-0
2604	cmd-2604	2025-11-06T04:22:00+09:00	user-001-0 user-002-1 user-003-0 user-004-0 user-005-0 user-006-0 user-007-1 user-008-0 user-009-0 user-010-0 user-011-0 user-012-0
2605	cmd-2605	2025-11-06T07:51:00+09:00	user-001-0 user-002-1 user-003-0 user-004-0 user-005-0 user-006-0 user-007-1 user-008-0 user-009-0 user-010-0 user-011-0 user-012-0
2606	cmd-2606	2025-11-06T10:20:00+09:00	user-001-0 user-002-1 user-003-0 user-004-0 user-005-0 user-006-0 user-007-1 user-008-0 user-009-0 user-010-0 user-011-0 user-012-0
2607	cmd-2607	2025-11-06T14:55:00+09:00	user-001-0 user-002-1 user-003-0 user-004-0 user-005-0 user-006-0 user-007-1 user-008-0 user-009-0 user-010-0 user-011-0 user-012-0
2608	cmd-2608	2025-11-06T15:54:00+09:00	user-001-0 user-002-1 user-003-0 user-004-0 user-005-0 user-006-0 user-007-1 user-008-0 user-009-0 user-010-0 user-011-0 user-012-0
2609	cmd-2609	2025-11-06T15:56:00+09:00	user-001-0 user-002-1 user-003-0 user-004-0 user-005-0 user-006-0 user-007-1 user-008-0 user-009-0 user-010-0 user-011-0 user-012-0
2610	cmd-2610	2025-11-06T20:00:00+09:00	user-001-0 user-002-1 user-003-0 user-004-0 user-005-0 user-006-0 user-007-1 user-008-0 user-009-0 user-010-0 user-011-0 user-012-0
2611	cmd-2611	2025-11-07T00:16:00+09:00	user-001-0 user-002-1 user-003-0 user-004-0 user-005-0 user-006-0 user-007-1 user-008-0 user-009-0 user-010-0 user-011-0 user-012-0
2612	cmd-2612	2025-11-07T00:32:00+09:00	user-001-0 user-002-1 user-003-0 user-004-0 user-005-0 user-006-0 user-007-1 user-008-0 user-009-0 user-010-0 user-011-0 user-012-0
2613	cmd-2613	2025-11-07T00:56:00+09:00	user-001-0 user-002-1 user-003-0 user-004-0 user-005-0 user-006-0 user-007-1 user-008-0 user-009-0 user-010-0 user-011-0 user-012-0
2614	cmd-2614	2025-11-07T01:15:00+09:00	user-001-0 user-002-1 user-003-0 user-004-0 user-005-0 user-006-0 user-007-1 user-008-0 user-009-0 user-010-0 user-011-0 user-012-0
2615	cmd-2615	2025-11-07T02:26:00+09:00	user-001-0 user-002-1 user-003-0 user-004-0 user-005-0 user-006-0 user-007-1 user-008-0 user-009-0 user-010-0 user-011-0 user-012-0
2616	cmd-2616	2025-11-07T03:54:00+09:00	user-001-0 user-002-1 user-003-0 user-004-0 user-005-0 user-006-0 user-007-1 user-008-0 user-009-0 user-010-0 user-011-0 user-012-0
2617	cmd-2617	2025-11-07T04:17:00+09:00	user-001-0 user-002-1 user-003-0 user-004-0 user-005-0 user-006-0 user-007-1 user-008-0 user-009-0 user-010-0 user-011-0 user-012-0
2618	cmd-2618	2025-11-07T06:01:00+09:00	user-001-0 user-002-1 user-003-0 user-004-0 user-005-0 user-006-0 user-007-1 user-008-0 user-009-0 user-010-0 user-011-0 user-012-0
2619	cmd-2619	2025-11-07T06:53:00+09:00	user-001-0 user-002-1 user-003-0 user-004-0 user-005-0 user-006-0 user-007-1 user-008-0 user-009-0 user-010-0 user-011-0 user-012-0
2620	cmd-2620	2025-11-07T08:09:00+09:00	user-001-0 user-002-1 user-003-0 user-004-0 user-005-0 user-006-0 user-007-1 user-008-0 user-009-0 user-010-0 user-011-0 user-012-0
2621	cmd-2621	2025-11-07T09:34:00+09:00	user-001-0 user-002-1 user-003-0 user-004-0 user-005-0 user-006-0 user-007-1 user-008-0 user-009-0 user-010-0 user-011-0 user-012-0
2622	cmd-2622	2025-11-07T10:37:00+09:00	user-001-0 user-002-1 user-003-0 user-004-0 user-005-0 user-006-0 user-007-1 user-008-0 user-009-0 user-010-0 user-011-0 user-012-0
2623	cmd-2623	2025-11-07T12:21:00+09:00	user-001-0 user-002-1 user-003-0 user-004-0 user-005-0 user-006-0 user-007-1 user-008-0 user-009-0 user-010-0 user-011-0 user-012-0
2624	cmd-2624	2025-11-07T12:55:00+09:00	user-001-0 user-002-1 user-003-0 user-004-0 user-005-0 user-006-0 user-007-1 user-008-0 user-009-0 user-010-0 user-011-0 user-012-0
2625	cmd-2625	2025-11-07T13:29:00+09:00	user-001-0 user-002-1 user-003-0 user-004-0 user-005-0 user-006-0 user-007-1 user-008-0 user-009-0 user-010-0 user-011-0 user-012-0
2626	cmd-2626	2025-11-07T15:36:00+09:00	user-001-0 user-002-1 user-003-0 user-004-0 user-005-0 user-006-0 user-007-1 user-008-0 user-009-0 user-010-0 user-011-0 user-012-0
2627	cmd-2627	2025-11-07T16:07:00+09:00	user-001-0 user-002-1 user-003-0 user-004-0 user-005-0 user-006-0 user-007-1 user-008-0 user-009-0 user-010-0 user-011-0 user-012-0
2628	cmd-2628	2025-11-07T16:55:00+09:00	user-001-0 user-002-1 user-003-0 user-004-0 user-005-0 user-006-0 user-007-1 user-008-0 user-009-0 user-010-0 user-011-0 user-012-0
2629	cmd-2629	2025-11-07T17:01:00+09:00	user-001-0 user-002-1 user-003-0 user-004-0 user-005-0 user-006-0 user-007-1 user-008-0 user-009-0 user-010-0 user-011-0 user-012-0
2630	cmd-2630	2025-11-07T18:40:00+09:00	user-001-0 user-002-1 user-003-0 user-004-0 user-005-0 user-006-0 user-007-1 user-008-0 user-009-0 user-010-0 user-011-0 user-012-0
2631	cmd-2631	2025-11-07T19:46:00+09:00	user-001-0 user-002-1 user-003-0 user-004-0 user-005-0 user-006-0 user-007-1 user-008-0 user-009-0 user-010-0 user-011-0 user-012-0
2632	cmd-2632	2025-11-08T02:33:00+09:00	user-001-0 user-002-1 user-003-0 user-004-0 user-005-0 user-006-0 user-007-1 user-008-0 user-009-0 user-010-0 user-011-0 user-012-0
2633	cmd-2633	2025-11-08T03:35:00+09:00	user-001-0 user-002-1 user-003-0 user-004-0 user-005-0 user-006-0 user-007-1 user-008-0 user-009-0 user-010-0 user-011-0 user-012-0
2634	cmd-2634	2025-11-08T05:09:00+09:00	user-001-0 user-002-1 user-003-0 user-004-0 user-005-0 user-006-0 user-007-1 user-008-0 user-009-0 user-010-0 user-011-0 user-012-0
2635	cmd-2635	2025-11-08T06:50:00+09:00	user-001-0 user-002-1 user-003-0 user-004-0 user-005-0 user-006-0 user-007-1 user-008-0 user-009-0 user-010-0 user-011-0 user-012-0
2636	cmd-2636	2025-11-08T09:41:00+09:00	user-001-0 user-002-1 user-003-0 user-004-0 user-005-0 user-006-0 user-007-1 user-008-0 user-009-0 user-010-0 user-011-0 user-012-0
2637	cmd-2637	2025-11-08T10:45:00+09:00	user-001-0 user-002-1 user-003-0 user-004-0 user-005-0 user-006-0 user-007-1 user-008-0 user-009-0 user-010-0 user-011-0 user-012-0
2638	cmd-2638	2025-11-08T11:14:00+09:00	user-001-0 user-002-1 user-003-0 user-004-0 user-005-0 user-006-0 user-007-1 user-008-0 user-009-0 user-010-0 user-011-0 user-012-0
2639	cmd-2639	2025-11-08T12:23:00+09:00	user-001-0 user-002-1 user-003-0 user-004-0 user-005-0 user-006-0 user-007-1 user-008-0 user-009-0 user-010-0 user-011-0 user-012-0
2640	cmd-2640	2025-11-08T13:23:00+09:00	user-001-0 user-002-1 user-003-0 user-004-0 user-005-0 user-006-0 user-007-1 user-008-0 user-009-0 user-010-0 user-011-0 user-012-0
2641	cmd-2641	2025-11-08T14:20:00+09:00	user-001-0 user-002-1 user-003-0 user-004-0 user-005-0 user-006-0 user-007-1 user-008-0 user-009-0 user-010-0 user-011-0 user-012-0
2642	cmd-2642	2025-11-08T16:08:00+09:00	user-001-0 user-002-1 user-003-0 user-004-0 user-005-0 user-006-0 user-007-1 user-008-0 user-009-0 user-010-0 user-011-0 user-012-0
2643	cmd-2643	2025-11-08T17:22:00+09:00	user-001-0 user-002-1 user-003-0 user-004-0 user-005-0 user-006-0 user-007-1 user-008-0 user-009-0 user-010-0 user-011-0 user-012-0
2644	cmd-2644	2025-11-08T18:39:00+09:00	user-001-0 user-002-1 user-003-0 user-004-0 user-005-0 user-006-0 user-007-1 user-008-0 user-009-0 user-010-0 user-011-0 user-012-0
2645	cmd-2645	2025-11-08T19:05:00+09:00	user-001-0 user-002-1 user-003-0 user-004-0 user-005-0 user-006-0 user-007-1 user-008-0 user-009-0 user-010-0 user-011-0 user-012-0
2646	cmd-2646	2025-11-08T20:50:00+09:00	user-001-0 user-002-1 user-003-0 user-004-0 user-005-0 user-006-0 user-007-1 user-008-0 user-009-0 user-010-0 user-011-0 user-012-0
2647	cmd-2647	2025-11-08T22:04:00+09:00	user-001-0 user-002-1 user-003-0 user-004-0 user-005-0 user-006-0 user-007-1 user-008-0 user-009-0 user-010-0 user-011-0 user-012-0
2648	cmd-2648	2025-11-09T03:59:00+09:00	user-001-0 user-002-1 user-003-0 user-004-0 user-005-0 user-006-0 user-007-1 user-008-0 user-009-0 user-010-0 user-011-0 user-012-0
2649	cmd-2649	2025-11-09T05:29:00+09:00	user-001-0 user-002-1 user-003-0 user-004-0 user-005-0 user-006-0 user-007-1 user-008-0 user-009-0 user-010-0 user-011-0 user-012-0
2650	cmd-2650	2025-11-09T05:37:00+09:00	user-001-0 user-002-1 user-003-0 user-004-0 user-005-0 user-006-0 user-007-1 user-008-0 user-009-0 user-010-0 user-011-0 user-012-0
2651	cmd-2651	2025-11-09T10:50:00+09:00	user-001-0 user-002-1 user-003-0 user-004-0 user-005-0 user-006-0 user-007-1 user-008-0 user-009-0 user-010-0 user-011-0 user-012-0
2652	cmd-2652	2025-11-09T11:48:00+09:00	user-001-0 user-002-1 user-003-0 user-004-0 user-005-0 user-006-0 user-007-1 user-008-0 user-009-0 user-010-0 user-011-0 user-012-0
2653	cmd-2653	2025-11-09T13:25:00+09:00	user-001-0 user-002-1 user-003-0 user-004-0 user-005-0 user-006-0 user-007-1 user-008-0 user-009-0 user-010-0 user-011-0 user-012-0
2654	cmd-2654	2025-11-09T14:25:00+09:00	user-001-0 user-002-1 user-003-0 user-004-0 user-005-0 user-006-0 user-007-1 user-008-0 user-009-0 user-010-0 user-011-0 user-012-0
2655	cmd-2655	2025-11-09T15:04:00+09:00	user-001-0 user-002-1 user-003-0 user-004-0 user-005-0 user-006-0 user-007-1 user-008-0 user-009-0 user-010-0 user-011-0 user-012-0
2656	cmd-2656	2025-11-09T18:57:00+09:00	user-001-0 user-002-1 user-003-0 user-004-0 user-005-0 user-006-0 user-007-1 user-008-0 user-009-0 user-010-0 user-011-0 user-012-0
2657	cmd-2657	2025-11-09T19:55:00+09:00	user-001-0 user-002-1 user-003-0 user-004-0 user-005-0 user-006-0 user-007-1 user-008-0 user-009-0 user-010-0 user-011-0 user-012-0
2658	cmd-2658	2025-11-10T00:09:00+09:00	user-001-0 user-002-1 user-003-0 user-004-0 user-005-0 user-006-0 user-007-1 user-008-0 user-009-0 user-010-0 user-011-0 user-012-0
2659	cmd-2659	2025-11-10T01:58:00+09:00	user-001-0 user-002-1 user-003-0 user-004-0 user-005-0 user-006-0 user-007-1 user-008-0 user-009-0 user-010-0 user-011-0 user-012-0
2660	cmd-2660	2025-11-10T02:24:00+09:00	user-001-0 user-002-1 user-003-0 user-004-0 user-005-0 user-006-0 user-007-1 user-008-0 user-009-0 user-010-0 user-011-0 user-012-0
2661	cmd-2661	2025-11-10T03:37:00+09:00	user-001-0 user-002-1 user-003-0 user-004-0 user-005-0 user-006-0 user-007-1 user-008-0 user-009-0 user-010-0 user-011-0 user-012-0
2662	cmd-2662	2025-11-10T06:06:00+09:00	user-001-0 user-002-1 user-003-0 user-004-0 user-005-0 user-006-0 user-007-1 user-008-0 user-009-0 user-010-0 user-011-0 user-012-0
2663	cmd-2663	2025-11-10T07:14:00+09:00	user-001-0 user-002-1 user-003-0 user-004-0 user-005-0 user-006-0 user-007-1 user-008-0 user-009-0 user-010-0 user-011-0 user-012-0
2664	cmd-2664	2025-11-10T07:46:00+09:00	user-001-0 user-002-1 user-003-0 user-004-0 user-005-0 user-006-0 user-007-1 user-008-0 user-009-0 user-010-0 user-011-0 user-012-0
2665	cmd-2665	2025-11-10T08:13:00+09:00	user-001-0 user-002-1 user-003-0 user-004-0 user-005-0 user-006-0 user-007-1 user-008-0 user-009-0 user-010-0 user-011-0 user-012-0
2666	cmd-2666	2025-11-10T08:30:00+09:00	user-001-0 user-002-1 user-003-0 user-004-0 user-005-0 user-006-0 user-007-1 user-008-0 user-009-0 user-010-0 user-011-0 user-012-0
2667	cmd-2667	2025-11-10T09:27:00+09:00	user-001-0 user-002-1 user-003-0 user-004-0 user-005-0 user-006-0 user-007-1 user-008-0 user-009-0 user-010-0 user-011-0 user-012-0
2668	cmd-2668	2025-11-10T10:09:00+09:00	user-001-0 user-002-1 user-003-0 user-004-0 user-005-0 user-006-0 user-007-1 user-008-0 user-009-0 user-010-0 user-011-0 user-012-0
2669	cmd-2669	2025-11-10T16:38:00+09:00	user-001-0 user-002-1 user-003-0 user-004-0 user-005-0 user-006-0 user-007-1 user-008-0 user-009-0 user-010-0 user-011-0 user-012-0
2670	cmd-2670	2025-11-10T21:08:00+09:00	user-001-0 user-002-1 user-003-0 user-004-0 user-005-0 user-006-0 user-007-1 user-008-0 user-009-0 user-010-0 user-011-0 user-012-0
2671	cmd-2671	2025-11-10T23:28:00+09:00	user-001-0 user-002-1 user-003-0 user-004-0 user-005-0 user-006-0 user-007-1 user-008-0 user-009-0 user-010-0 user-011-0 user-012-0
2672	cmd-2672	2025-11-11T01:52:00+09:00	user-001-0 user-002-1 user-003-0 user-004-0 user-005-0 user-006-0 user-007-1 user-008-0 user-009-0 user-010-0 user-011-0 user-012-0
2673	cmd-2673	2025-11-11T02:03:00+09:00	user-001-0 user-002-1 user-003-0 user-004-0 user-005-0 user-006-0 user-007-1 user-008-0 user-009-0 user-010-0 user-011-0 user-012-0
2674	cmd-2674	2025-11-11T09:12:00+09:00	user-001-0 user-002-1 user-003-0 user-004-0 user-005-0 user-006-0 user-007-1 user-008-0 user-009-0 user-010-0 user-011-0 user-012-0
2675	cmd-2675	2025-11-11T09:17:00+09:00	user-001-0 user-002-1 user-003-0 user-004-0 user-005-0 user-006-0 user-007-1 user-008-0 user-009-0 user-010-0 user-011-0 user-012-0
2676	cmd-2676	2025-11-11T13:25:00+09:00	user-001-0 user-002-1 user-003-0 user-004-0 user-005-0 user-006-0 user-007-1 user-008-0 user-009-0 user-010-0 user-011-0 user-012-0
2677	cmd-2677	2025-11-11T13:37:00+09:00	user-001-0 user-002-1 user-003-0 user-004-0 user-005-0 user-006-0 user-007-1 user-008-0 user-009-0 user-010-0 user-011-0 user-012-0
2678	cmd-2678	2025-11-11T14:43:00+09:00	user-001-0 user-002-1 user-003-0 user-004-0 user-005-0 user-006-0 user-007-1 user-008-0 user-009-0 user-010-0 user-011-0 user-012-0
2679	cmd-2679	2025-11-11T16:20:00+09:00	user-001-0 user-002-1 user-003-0 user-004-0 user-005-0 user-006-0 user-007-1 user-008-0 user-009-0 user-010-0 user-011-0 user-012-0
2680	cmd-2680	2025-11-11T17:01:00+09:00	user-001-0 user-002-1 user-003-0 user-004-0 user-005-0 user-006-0 user-007-1 user-008-0 user-009-0 user-010-0 user-011-0 user-012-0
2681	cmd-2681	2025-11-11T19:13:00+09:00	user-001-0 user-002-1 user-003-0 user-004-0 user-005-0 user-006-0 user-007-1 user-008-0 user-009-0 user-010-0 user-011-0 user-012-0
2682	cmd-2682	2025-11-11T20:56:00+09:00	user-001-0 user-002-1 user-003-0 user-004-0 user-005-0 user-006-0 user-007-1 user-008-0 user-009-0 user-010-0 user-011-0 user-012-0
2683	cmd-2683	2025-11-12T03:23:00+09:00	user-001-0 user-002-1 user-003-0 user-004-0 user-005-0 user-006-0 user-007-1 user-008-0 user-009-0 user-010-0 user-011-0 user-012-0
2684	cmd-2684	2025-11-12T03:52:00+09:00	user-001-0 user-002-1 user-003-0 user-004-0 user-005-0 user-006-0 user-007-1 user-008-0 user-009-0 user-010-0 user-011-0 user-012-0
2685	cmd-2685	2025-11-12T04:19:00+09:00	user-001-0 user-002-1 user-003-0 user-004-0 user-005-0 user-006-0 user-007-1 user-008-0 user-009-0 user-010-0 user-011-0 user-012-0
2686	cmd-2686	2025-11-12T05:02:00+09:00	user-001-0 user-002-1 user-003-0 user-004-0 user-005-0 user-006-0 user-007-1 user-008-0 user-009-0 user-010-0 user-011-0 user-012-0
2687	cmd-2687	2025-11-12T05:20:00+09:00	user-001-0 user-002-1 user-003-0 user-004-0 user-005-0 user-006-0 user-007-1 user-008-0 user-009-0 user-010-0 user-011-0 user-012-0
2688	cmd-2688	2025-11-12T05:43:00+09:00	user-001-0 user-002-1 user-003-0 user-004-0 user-005-0 user-006-0 user-007-1 user-008-0 user-009-0 user-010-0 user-011-0 user-012-0
2689	cmd-2689	2025-11-12T07:09:00+09:00	user-001-0 user-002-1 user-003-0 user-004-0 user-005-0 user-006-0 user-007-1 user-008-0 user-009-0 user-010-0 user-011-0 user-012-0
2690	cmd-2690	2025-11-12T08:09:00+09:00	user-001-0 user-002-1 user-003-0 user-004-0 user-005-0 user-006-0 user-007-1 user-008-0 user-009-0 user-010-0 user-011-0 user-012-0
2691	cmd-2691	2025-11-12T08:33:00+09:00	user-001-0 user-002-1 user-003-0 user-004-0 user-005-0 user-006-0 user-007-1 user-008-0 user-009-0 user-010-0 user-011-0 user-012-0
2692	cmd-2692	2025-11-12T09:45:00+09:00	user-001-0 user-002-1 user-003-0 user-004-0 user-005-0 user-006-0 user-007-1 user-008-0 user-009-0 user-010-0 user-011-0 user-012-0
2693	cmd-2693	2025-11-12T10:05:00+09:00	user-001-0 user-002-1 user-003-0 user-004-0 user-005-0 user-006-0 user-007-1 user-008-0 user-009-0 user-010-0 user-011-0 user-012-0
2694	cmd-2694	2025-11-12T10:41:00+09:00	user-001-0 user-002-1 user-003-0 user-004-0 user-005-0 user-006-0 user-007-1 user-008-0 user-009-0 user-010-0 user-011-0 user-012-0
2695	cmd-2695	2025-11-12T11:54:00+09:00	user-001-0 user-002-1 user-003-0 user-004-0 user-005-0 user-006-0 user-007-1 user-008-0 user-009-0 user-010-0 user-011-0 user-012-0
2696	cmd-2696	2025-11-12T13:16:00+09:00	user-001-0 user-002-1 user-003-0 user-004-0 user-005-0 user-006-0 user-007-1 user-008-0 user-009-0 user-010-0 user-011-0 user-012-0
2697	cmd-2697	2025-11-12T15:53:00+09:00	user-001-0 user-002-1 user-003-0 user-004-0 user-005-0 user-006-0 user-007-1 user-008-0 user-009-0 user-010-0 user-011-0 user-012-0
2698	cmd-2698	2025-11-12T16:34:00+09:00	user-001-0 user-002-1 user-003-0 user-004-0 user-005-0 user-006-0 user-007-1 user-008-0 user-009-0 user-010-0 user-011-0 user-012-0
2699	cmd-2699	2025-11-12T17:09:00+09:00	user-001-0 user-002-1 user-003-0 user-004-0 user-005-0 user-006-0 user-007-1 user-008-0 user-009-0 user-010-0 user-011-0 user-012-0
2700	cmd-2700	2025-11-12T17:33:00+09:00	user-001-0 user-002-1 user-003-0 user-004-0 user-005-0 user-006-0 user-007-1 user-008-0 user-009-0 user-010-0 user-011-0 user-012-0
2701	cmd-2701	2025-11-12T17:44:00+09:00	user-001-0 user-002-1 user-003-0 user-004-0 user-005-0 user-006-0 user-007-1 user-008-0 user-009-0 user-010-0 user-011-0 user-012-0
2702	cmd-2702	2025-11-12T18:12:00+09:00	user-001-0 user-002-1 user-003-0 user-004-0 user-005-0 user-006-0 user-007-1 user-008-0 user-009-0 user-010-0 user-011-0 user-012-0
2703	cmd-2703	2025-11-12T20:44:00+09:00	user-001-0 user-002-1 user-003-0 user-004-0 user-005-0 user-006-0 user-007-1 user-008-0 user-009-0 user-010-0 user-011-0 user-012-0
2704	cmd-2704	2025-11-12T21:34:00+09:00	user-001-0 user-002-1 user-003-0 user-004-0 user-005-0 user-006-0 user-007-1 user-008-0 user-009-0 user-010-0 user-011-0 user-012-0
2705	cmd-2705	2025-11-12T23:47:00+09:00	user-001-0 user-002-1 user-003-0 user-004-0 user-005-0 user-006-0 user-007-1 user-008-0 user-009-0 user-010-0 user-011-0 user-012-0
2706	cmd-2706	2025-11-13T00:33:00+09:00	user-001-0 user-002-1 user-003-0 user-004-0 user-005-0 user-006-0 user-007-1 user-008-0 user-009-0 user-010-0 user-011-0 user-012-0
2707	cmd-2707	2025-11-13T00:51:00+09:00	user-001-0 user-002-1 user-003-0 user-004-0 user-005-0 user-006-0 user-007-1 user-008-0 user-009-0 user-010-0 user-011-0 user-012-0
2708	cmd-2708	2025-11-13T03:14:00+09:00	user-001-0 user-002-1 user-003-0 user-004-0 user-005-0 user-006-0 user-007-1 user-008-0 user-009-0 user-010-0 user-011-0 user-012-0
2709	cmd-2709	2025-11-13T05:06:00+09:00	user-001-0 user-002-1 user-003-0 user-004-0 user-005-0 user-006-0 user-007-1 user-008-0 user-009-0 user-010-0 user-011-0 user-012-0
2710	cmd-2710	2025-11-13T05:48:00+09:00	user-001-0 user-002-1 user-003-0 user-004-0 user-005-0 user-006-0 user-007-1 user-008-0 user-009-0 user-010-0 user-011-0 user-012-0
2711	cmd-2711	2025-11-13T07:26:00+09:00	user-001-0 user-002-1 user-003-0 user-004-0 user-005-0 user-006-0 user-007-1 user-008-0 user-009-0 user-010-0 user-011-0 user-012-0
2712	cmd-2712	2025-11-13T09:02:00+09:00	user-001-0 user-002-1 user-003-0 user-004-0 user-005-0 user-006-0 user-007-1 user-008-0 user-009-0 user-010-0 user-011-0 user-012-0
2713	cmd-2713	2025-11-13T10:32:00+09:00	user-001-0 user-002-1 user-003-0 user-004-0 user-005-0 user-006-0 user-007-1 user-008-0 user-009-0 user-010-0 user-011-0 user-012-0
2714	cmd-2714	2025-11-13T12:05:00+09:00	user-001-0 user-002-1 user-003-0 user-004-0 user-005-0 user-006-0 user-007-1 user-008-0 user-009-0 user-010-0 user-011-0 user-012-0
2715	cmd-2715	2025-11-13T12:46:00+09:00	user-001-0 user-002-1 user-003-0 user-004-0 user-005-0 user-006-0 user-007-1 user-008-0 user-009-0 user-010-0 user-011-0 user-012-0
2716	cmd-2716	2025-11-13T13:29:00+09:00	user-001-0 user-002-1 user-003-0 user-004-0 user-005-0 user-006-0 user-007-1 user-008-0 user-009-0 user-010-0 user-011-0 user-012-0
2717	cmd-2717	2025-11-13T13:30:00+09:00	user-001-0 user-002-1 user-003-0 user-004-0 user-005-0 user-006-0 user-007-1 user-008-0 user-009-0 user-010-0 user-011-0 user-012-0
2718	cmd-2718	2025-11-13T14:15:00+09:00	user-001-0 user-002-1 user-003-0 user-004-0 user-005-0 user-006-0 user-007-1 user-008-0 user-009-0 user-010-0 user-011-0 user-012-0
2719	cmd-2719	2025-11-13T14:40:00+09:00	user-001-0 user-002-1 user-003-0 user-004-0 user-005-0 user-006-0 user-007-1 user-008-0 user-009-0 user-010-0 user-011-0 user-012-0
2720	cmd-2720	2025-11-13T17:12:00+09:00	user-001-0 user-002-1 user-003-0 user-004-0 user-005-0 user-006-0 user-007-1 user-008-0 user-009-0 user-010-0 user-011-0 user-012-0
2721	cmd-2721	2025-11-13T17:42:00+09:00	user-001-0 user-002-1 user-003-0 user-004-0 user-005-0 user-006-0 user-007-1 user-008-0 user-009-0 user-010-0 user-011-0 user-012-0
2722	cmd-2722	2025-11-13T17:47:00+09:00	user-001-0 user-002-1 user-003-0 user-004-0 user-005-0 user-006-0 user-007-1 user-008-0 user-009-0 user-010-0 user-011-0 user-012-0
2723	cmd-2723	2025-11-13T19:08:00+09:00	user-001-0 user-002-1 user-003-0 user-004-0 user-005-0 user-006-0 user-007-1 user-008-0 user-009-0 user-010-0 user-011-0 user-012-0
2724	cmd-2724	2025-11-13T22:39:00+09:00	user-001-0 user-002-1 user-003-0 user-004-0 user-005-0 user-006-0 user-007-1 user-008-0 user-009-0 user-010-0 user-011-0 user-012-0
2725	cmd-2725	2025-11-13T22:41:00+09:00	user-001-0 user-002-1 user-003-0 user-004-0 user-005-0 user-006-0 user-007-1 user-008-0 user-009-0 user-010-0 user-011-0 user-012-0
2726	cmd-2726	2025-11-14T09:46:00+09:00	user-001-0 user-002-1 user-003-0 user-004-0 user-005-0 user-006-0 user-007-1 user-008-0 user-009-0 user-010-0 user-011-0 user-012-0
2727	cmd-2727	2025-11-14T12:03:00+09:00	user-001-0 user-002-1 user-003-0 user-004-0 user-005-0 user-006-0 user-007-1 user-008-0 user-009-0 user-010-0 user-011-0 user-012-0
2728	cmd-2728	2025-11-14T14:12:00+09:00	user-001-0 user-002-1 user-003-0 user-004-0 user-005-0 user-006-0 user-007-1 user-008-0 user-009-0 user-010-0 user-011-0 user-012-0
2729	cmd-2729	2025-11-14T15:07:00+09:00	user-001-0 user-002-1 user-003-0 user-004-0 user-005-0 user-006-0 user-007-1 user-008-0 user-009-0 user-010-0 user-011-0 user-012-0
2730	cmd-2730	2025-11-14T15:45:00+09:00	user-001-0 user-002-1 user-003-0 user-004-0 user-005-0 user-006-0 user-007-1 user-008-0 user-009-0 user-010-0 user-011-0 user-012-0
2731	cmd-2731	2025-11-14T17:37:00+09:00	user-001-0 user-002-1 user-003-0 user-004-0 user-005-0 user-006-0 user-007-1 user-008-0 user-009-0 user-010-0 user-011-0 user-012-0
2732	cmd-2732	2025-11-14T20:57:00+09:00	user-001-0 user-002-1 user-003-0 user-004-0 user-005-0 user-006-0 user-007-1 user-008-0 user-009-0 user-010-0 user-011-0 user-012-0
2733	cmd-2733	2025-11-14T21:42:00+09:00	user-001-0 user-002-1 user-003-0 user-004-0 user-005-0 user-006-0 user-007-1 user-008-0 user-009-0 user-010-0 user-011-0 user-012-0
2734	cmd-2734	2025-11-14T21:54:00+09:00	user-001-0 user-002-1 user-003-0 user-004-0 user-005-0 user-006-0 user-007-1 user-008-0 user-009-0 user-010-0 user-011-0 user-012-0
2735	cmd-2735	2025-11-15T01:42:00+09:00	user-001-0 user-002-1 user-003-0 user-004-0 user-005-0 user-006-0 user-007-1 user-008-0 user-009-0 user-010-0 user-011-0 user-012-0
2736	cmd-2736	2025-11-15T02:59:00+09:00	user-001-0 user-002-1 user-003-0 user-004-0 user-005-0 user-006-0 user-007-1 user-008-0 user-009-0 user-010-0 user-011-0 user-012-0
2737	cmd-2737	2025-11-15T02:59:00+09:00	user-001-0 user-002-1 user-003-0 user-004-0 user-005-0 user-006-0 user-007-1 user-008-0 user-009-0 user-010-0 user-011-0 user-012-0
2738	cmd-2738	2025-11-15T05:20:00+09:00	user-001-0 user-002-1 user-003-0 user-004-0 user-005-0 user-006-0 user-007-1 user-008-0 user-009-0 user-010-0 user-011-0 user-012-0
2739	cmd-2739	2025-11-15T12:36:00+09:00	user-001-0 user-002-1 user-003-0 user-004-0 user-005-0 user-006-0 user-007-1 user-008-0 user-009-0 user-010-0 user-011-0 user-012-0
2740	cmd-2740	2025-11-15T14:19:00+09:00	user-001-0 user-002-1 user-003-0 user-004-0 user-005-0 user-006-0 user-007-1 user-008-0 user-009-0 user-010-0 user-011-0 user-012-0
2741	cmd-2741	2025-11-15T14:59:00+09:00	user-001-0 user-002-1 user-003-0 user-004-0 user-005-0 user-006-0 user-007-1 user-008-0 user-009-0 user-010-0 user-011-0 user-012-0
2742	cmd-2742	2025-11-15T16:00:00+09:00	user-001-0 user-002-1 user-003-0 user-004-0 user-005-0 user-006-0 user-007-1 user-008-0 user-009-0 user-010-0 user-011-0 user-012-0
2743	cmd-2743	2025-11-15T16:05:00+09:00	user-001-0 user-002-1 user-003-0 user-004-0 user-005-0 user-006-0 user-007-1 user-008-0 user-009-0 user-010-0 user-011-0 user-012-0
2744	cmd-2744	2025-11-15T17:51:00+09:00	user-001-0 user-002-1 user-003-0 user-004-0 user-005-0 user-006-0 user-007-1 user-008-0 user-009-0 user-010-0 user-011-0 user-012-0
2745	cmd-2745	2025-11-15T19:06:00+09:00	user-001-0 user-002-1 user-003-0 user-004-0 user-005-0 user-006-0 user-007-1 user-008-0 user-009-0 user-010-0 user-011-0 user-012-0
2746	cmd-2746	2025-11-15T19:22:00+09:00	user-001-0 user-002-1 user-003-0 user-004-0 user-005-0 user-006-0 user-007-1 user-008-0 user-009-0 user-010-0 user-011-0 user-012-0
2747	cmd-2747	2025-11-15T21:43:00+09:00	user-001-0 user-002-1 user-003-0 user-004-0 user-005-0 user-006-0 user-007-1 user-008-0 user-009-0 user-010-0 user-011-0 user-012-0
2748	cmd-2748	2025-11-15T22:38:00+09:00	user-001-0 user-002-1 user-003-0 user-004-0 user-005-0 user-006-0 user-007-1 user-008-0 user-009-0 user-010-0 user-011-0 user-012-0
2749	cmd-2749	2025-11-15T22:45:00+09:00	user-001-0 user-002-1 user-003-0 user-004-0 user-005-0 user-006-0 user-007-1 user-008-0 user-009-0 user-010-0 user-011-0 user-012-0
2750	cmd-2750	2025-11-15T23:29:00+09:00	user-001-0 user-002-1 user-003-0 user-004-0 user-005-0 user-006-0 user-007-1 user-008-0 user-009-0 user-010-0 user-011-0 user-012-0
2751	cmd-2751	2025-11-16T01:08:00+09:00	user-001-0 user-002-1 user-003-0 user-004-0 user-005-0 user-006-0 user-007-1 user-008-0 user-009-0 user-010-0 user-011-0 user-012-0
2752	cmd-2752	2025-11-16T02:18:00+09:00	user-001-0 user-002-1 user-003-0 user-004-0 user-005-0 user-006-0 user-007-1 user-008-0 user-009-0 user-010-0 user-011-0 user-012-0
2753	cmd-2753	2025-11-16T02:55:00+09:00	user-001-0 user-002-1 user-003-0 user-004-0 user-005-0 user-006-0 user-007-1 user-008-0 user-009-0 user-010-0 user-011-0 user-012-0
2754	cmd-2754	2025-11-16T03:55:00+09:00	user-001-0 user-002-1 user-003-0 user-004-0 user-005-0 user-006-0 user-007-1 user-008-0 user-009-0 user-010-0 user-011-0 user-012-0
2755	cmd-2755	2025-11-16T04:19:00+09:00	user-001-0 user-002-1 user-003-0 user-004-0 user-005-0 user-006-0 user-007-1 user-008-0 user-009-0 user-010-0 user-011-0 user-012-0
2756	cmd-2756	2025-11-16T05:19:00+09:00	user-001-0 user-002-1 user-003-0 user-004-0 user-005-0 user-006-0 user-007-1 user-008-0 user-009-0 user-010-0 user-011-0 user-012-0
2757	cmd-2757	2025-11-16T06:01:00+09:00	user-001-0 user-002-1 user-003-0 user-004-0 user-005-0 user-006-0 user-007-1 user-008-0 user-009-0 user-010-0 user-011-0 user-012-0
2758	cmd-2758	2025-11-16T07:56:00+09:00	user-001-0 user-002-1 user-003-0 user-004-0 user-005-0 user-006-0 user-007-1 user-008-0 user-009-0 user-010-0 user-011-0 user-012-0
2759	cmd-2759	2025-11-16T09:41:00+09:00	user-001-0 user-002-1 user-003-0 user-004-0 user-005-0 user-006-0 user-007-1 user-008-0 user-009-0 user-010-0 user-011-0 user-012-0
2760	cmd-2760	2025-11-16T10:03:00+09:00	user-001-0 user-002-1 user-003-0 user-004-0 user-005-0 user-006-0 user-007-1 user-008-0 user-009-0 user-010-0 user-011-0 user-012-0
2761	cmd-2761	2025-11-16T16:35:00+09:00	user-001-0 user-002-1 user-003-0 user-004-0 user-005-0 user-006-0 user-007-1 user-008-0 user-009-0 user-010-0 user-011-0 user-012-0
2762	cmd-2762	2025-11-16T17:48:00+09:00	user-001-0 user-002-1 user-003-0 user-004-0 user-005-0 user-006-0 user-007-1 user-008-0 user-009-0 user-010-0 user-011-0 user-012-0
2763	cmd-2763	2025-11-16T18:44:00+09:00	user-001-0 user-002-1 user-003-0 user-004-0 user-005-0 user-006-0 user-007-1 user-008-0 user-009-0 user-010-0 user-011-0 user-012-0
2764	cmd-2764	2025-11-16T19:35:00+09:00	user-001-0 user-002-1 user-003-0 user-004-0 user-005-0 user-006-0 user-007-1 user-008-0 user-009-0 user-010-0 user-011-0 user-012-0
2765	cmd-2765	2025-11-16T20:10:00+09:00	user-001-0 user-002-1 user-003-0 user-004-0 user-005-0 user-006-0 user-007-1 user-008-0 user-009-0 user-010-0 user-011-0 user-012-0
2766	cmd-2766	2025-11-17T02:41:00+09:00	user-001-0 user-002-1 user-003-0 user-004-0 user-005-0 user-006-0 user-007-1 user-008-0 user-009-0 user-010-0 user-011-0 user-012-0
2767	cmd-2767	2025-11-17T03:04:00+09:00	user-001-0 user-002-1 user-003-0 user-004-0 user-005-0 user-006-0 user-007-1 user-008-0 user-009-0 user-010-0 user-011-0 user-012-0
2768	cmd-2768	2025-11-17T03:25:00+09:00	user-001-0 user-002-1 user-003-0 user-004-0 user-005-0 user-006-0 user-007-1 user-008-0 user-009-0 user-010-0 user-011-0 user-012-0
2769	cmd-2769	2025-11-17T06:15:00+09:00	user-001-0 user-002-1 user-003-0 user-004-0 user-005-0 user-006-0 user-007-1 user-008-0 user-009-0 user-010-0 user-011-0 user-012-0
2770	cmd-2770	2025-11-17T07:58:00+09:00	user-001-0 user-002-1 user-003-0 user-004-0 user-005-0 user-006-0 user-007-1 user-008-0 user-009-0 user-010-0 user-011-0 user-012-0
2771	cmd-2771	2025-11-17T08:11:00+09:00	user-001-0 user-002-1 user-003-0 user-004-0 user-005-0 user-006-0 user-007-1 user-008-0 user-009-0 user-010-0 user-011-0 user-012-0
2772	cmd-2772	2025-11-17T08:35:00+09:00	user-001-0 user-002-1 user-003-0 user-004-0 user-005-0 user-006-0 user-007-1 user-008-0 user-009-0 user-010-0 user-011-0 user-012-0
2773	cmd-2773	2025-11-17T09:04:00+09:00	user-001-0 user-002-1 user-003-0 user-004-0 user-005-0 user-006-0 user-007-1 user-008-0 user-009-0 user-010-0 user-011-0 user-012-0
2774	cmd-2774	2025-11-17T09:33:00+09:00	user-001-0 user-002-1 user-003-0 user-004-0 user-005-0 user-006-0 user-007-1 user-008-0 user-009-0 user-010-0 user-011-0 user-012-0
2775	cmd-2775	2025-11-17T10:29:00+09:00	user-001-0 user-002-1 user-003-0 user-004-0 user-005-0 user-006-0 user-007-1 user-008-0 user-009-0 user-010-0 user-011-0 user-012-0
2776	cmd-2776	2025-11-17T10:57:00+09:00	user-001-0 user-002-1 user-003-0 user-004-0 user-005-0 user-006-0 user-007-1 user-008-0 user-009-0 user-010-0 user-011-0 user-012-0
2777	cmd-2777	2025-11-17T12:26:00+09:00	user-001-0 user-002-1 user-003-0 user-004-0 user-005-0 user-006-0 user-007-1 user-008-0 user-009-0 user-010-0 user-011-0 user-012-0
2778	cmd-2778	2025-11-17T16:05:00+09:00	user-001-0 user-002-1 user-003-0 user-004-0 user-005-0 user-006-0 user-007-1 user-008-0 user-009-0 user-010-0 user-011-0 user-012-0
2779	cmd-2779	2025-11-17T18:23:00+09:00	user-001-0 user-002-1 user-003-0 user-004-0 user-005-0 user-006-0 user-007-1 user-008-0 user-009-0 user-010-0 user-011-0 user-012-0
2780	cmd-2780	2025-11-17T21:29:00+09:00	user-001-0 user-002-1 user-003-0 user-004-0 user-005-0 user-006-0 user-007-1 user-008-0 user-009-0 user-010-0 user-011-0 user-012-0
2781	cmd-2781	2025-11-18T00:38:00+09:00	user-001-0 user-002-1 user-003-0 user-004-0 user-005-0 user-006-0 user-007-1 user-008-0 user-009-0 user-010-0 user-011-0 user-012-0
2782	cmd-2782	2025-11-18T01:24:00+09:00	user-001-0 user-002-1 user-003-0 user-004-0 user-005-0 user-006-0 user-007-1 user-008-0 user-009-0 user-010-0 user-011-0 user-012-0
2783	cmd-2783	2025-11-18T03:06:00+09:00	user-001-0 user-002-1 user-003-0 user-004-0 user-005-0 user-006-0 user-007-1 user-008-0 user-009-0 user-010-0 user-011-0 user-012-0
2784	cmd-2784	2025-11-18T06:07:00+09:00	user-001-0 user-002-1 user-003-0 user-004-0 user-005-0 user-006-0 user-007-1 user-008-0 user-009-0 user-010-0 user-011-0 user-012-0
2785	cmd-2785	2025-11-18T09:51:00+09:00	user-001-0 user-002-1 user-003-0 user-004-0 user-005-0 user-006-0 user-007-1 user-008-0 user-009-0 user-010-0 user-011-0 user-012-0
2786	cmd-2786	2025-11-18T11:02:00+09:00	user-001-0 user-002-1 user-003-0 user-004-0 user-005-0 user-006-0 user-007-1 user-008-0 user-009-0 user-010-0 user-011-0 user-012-0
2787	cmd-2787	2025-11-18T12:04:00+09:00	user-001-0 user-002-1 user-003-0 user-004-0 user-005-0 user-006-0 user-007-1 user-008-0 user-009-0 user-010-0 user-011-0 user-012-0
2788	cmd-2788	2025-11-18T14:13:00+09:00	user-001-0 user-002-1 user-003-0 user-004-0 user-005-0 user-006-0 user-007-1 user-008-0 user-009-0 user-010-0 user-011-0 user-012-0
2789	cmd-2789	2025-11-18T14:20:00+09:00	user-001-0 user-002-1 user-003-0 user-004-0 user-005-0 user-006-0 user-007-1 user-008-0 user-009-0 user-010-0 user-011-0 user-012-0
2790	cmd-2790	2025-11-18T14:36:00+09:00	user-001-0 user-002-1 user-003-0 user-004-0 user-005-0 user-006-0 user-007-1 user-008-0 user-009-0 user-010-0 user-011-0 user-012-0
2791	cmd-2791	2025-11-18T16:51:00+09:00	user-001-0 user-002-1 user-003-0 user-004-0 user-005-0 user-006-0 user-007-1 user-008-0 user-009-0 user-010-0 user-011-0 user-012-0
2792	cmd-2792	2025-11-18T17:39:00+09:00	user-001-0 user-002-1 user-003-0 user-004-0 user-005-0 user-006-0 user-007-1 user-008-0 user-009-0 user-010-0 user-011-0 user-012-0
2793	cmd-2793	2025-11-18T17:51:00+09:00	user-001-0 user-002-1 user-003-0 user-004-0 user-005-0 user-006-0 user-007-1 user-008-0 user-009-0 user-010-0 user-011-0 user-012-0
2794	cmd-2794	2025-11-18T20:32:00+09:00	user-001-0 user-002-1 user-003-0 user-004-0 user-005-0 user-006-0 user-007-1 user-008-0 user-009-0 user-010-0 user-011-0 user-012-0
2795	cmd-2795	2025-11-18T22:27:00+09:00	user-001-0 user-002-1 user-003-0 user-004-0 user-005-0 user-006-0 user-007-1 user-008-0 user-009-0 user-010-0 user-011-0 user-012-0
2796	cmd-2796	2025-11-19T00:19:00+09:00	user-001-0 user-002-1 user-003-0 user-004-0 user-005-0 user-006-0 user-007-1 user-008-0 user-009-0 user-010-0 user-011-0 user-012-0
2797	cmd-2797	2025-11-19T01:03:00+09:00	user-001-0 user-002-1 user-003-0 user-004-0 user-005-0 user-006-0 user-007-1 user-008-0 user-009-0 user-010-0 user-011-0 user-012-0
2798	cmd-2798	2025-11-19T01:07:00+09:00	user-001-0 user-002-1 user-003-0 user-004-0 user-005-0 user-006-0 user-007-1 user-008-0 user-009-0 user-010-0 user-011-0 user-012-0
2799	cmd-2799	2025-11-19T03:31:00+09:00	user-001-0 user-002-1 user-003-0 user-004-0 user-005-0 user-006-0 user-007-1 user-008-0 user-009-0 user-010-0 user-011-0 user-012-0
2800	cmd-2800	2025-11-19T05:13:00+09:00	user-001-0 user-002-1 user-003-0 user-004-0 user-005-0 user-006-0 user-007-1 user-008-0 user-009-0 user-010-0 user-011-0 user-012-0
2801	cmd-2801	2025-10-30T07:15:00+09:00	user-001-0 user-002-1 user-003-0 user-004-0 user-005-0 user-006-0 user-007-1 user-008-0 user-009-0 user-010-0 user-011-0 user-012-0
2802	cmd-2802	2025-10-30T07:51:00+09:00	user-001-0 user-002-1 user-003-0 user-004-0 user-005-0 user-006-0 user-007-1 user-008-0 user-009-0 user-010-0 user-011-0 user-012-0
2803	cmd-2803	2025-10-30T07:58:00+09:00	user-001-0 user-002-1 user-003-0 user-004-0 user-005-0 user-006-0 user-007-1 user-008-0 user-009-0 user-010-0 user-011-0 user-012-0
2804	cmd-2804	2025-10-30T08:40:00+09:00	user-001-0 user-002-1 user-003-0 user-004-0 user-005-0 user-006-0 user-007-1 user-008-0 user-009-0 user-010-0 user-011-0 user-012-0
2805	cmd-2805	2025-10-30T08:51:00+09:00	user-001-0 user-002-1 user-003-0 user-004-0 user-005-0 user-006-0 user-007-1 user-008-0 user-009-0 user-010-0 user-011-0 user-012-0
2806	cmd-2806	2025-10-30T09:32:00+09:00	user-001-0 user-002-1 user-003-0 user-004-0 user-005-0 user-006-0 user-007-1 user-008-0 user-009-0 user-010-0 user-011-0 user-012-0
2807	cmd-2807	2025-10-30T10:07:00+09:00	user-001-0 user-002-1 user-003-0 user-004-0 user-005-0 user-006-0 user-007-1 user-008-0 user-009-0 user-010-0 user-011-0 user-012-0
2808	cmd-2808	2025-10-30T10:40:00+09:00	user-001-0 user-002-1 user-003-0 user-004-0 user-005-0 user-006-0 user-007-1 user-008-0 user-009-0 user-010-0 user-011-0 user-012-0
2809	cmd-2809	2025-10-30T11:03:00+09:00	user-001-0 user-002-1 user-003-0 user-004-0 user-005-0 user-006-0 user-007-1 user-008-0 user-009-0 user-010-0 user-011-0 user-012-0
2810	cmd-2810	2025-10-30T11:34:00+09:00	user-001-0 user-002-1 user-003-0 user-004-0 user-005-0 user-006-0 user-007-1 user-008-0 user-009-0 user-010-0 user-011-0 user-012-0
2811	cmd-2811	2025-10-30T12:44:00+09:00	user-001-0 user-002-1 user-003-0 user-004-0 user-005-0 user-006-0 user-007-1 user-008-0 user-009-0 user-010-0 user-011-0 user-012-0
2812	cmd-2812	2025-10-30T14:48:00+09:00	user-001-0 user-002-1 user-003-0 user-004-0 user-005-0 user-006-0 user-007-1 user-008-0 user-009-0 user-010-0 user-011-0 user-012-0
2813	cmd-2813	2025-10-30T15:10:00+09:00	user-001-0 user-002-1 user-003-0 user-004-0 user-005-0 user-006-0 user-007-1 user-008-0 user-009-0 user-010-0 user-011-0 user-012-0
2814	cmd-2814	2025-10-30T15:32:00+09:00	user-001-0 user-002-1 user-003-0 user-004-0 user-005-0 user-006-0 user-007-1 user-008-0 user-009-0 user-010-0 user-011-0 user-012-0
2815	cmd-2815	2025-10-30T16:53:00+09:00	user-001-0 user-002-1 user-003-0 user-004-0 user-005-0 user-006-0 user-007-1 user-008-0 user-009-0 user-010-0 user-011-0 user-012-0
2816	cmd-2816	2025-10-30T17:12:00+09:00	user-001-0 user-002-1 user-003-0 user-004-0 user-005-0 user-006-0 user-007-1 user-008-0 user-009-0 user-010-0 user-011-0 user-012-0
2817	cmd-2817	2025-10-30T17:14:00+09:00	user-001-0 user-002-1 user-003-0 user-004-0 user-005-0 user-006-0 user-007-1 user-008-0 user-009-0 user-010-0 user-011-0 user-012-0
2818	cmd-2818	2025-10-30T19:39:00+09:00	user-001-0 user-002-1 user-003-0 user-004-0 user-005-0 user-006-0 user-007-1 user-008-0 user-009-0 user-010-0 user-011-0 user-012-0
2819	cmd-2819	2025-10-30T20:55:00+09:00	user-001-0 user-002-1 user-003-0 user-004-0 user-005-0 user-006-0 user-007-1 user-008-0 user-009-0 user-010-0 user-011-0 user-012-0
2820	cmd-2820	2025-10-30T21:57:00+09:00	user-001-0 user-002-1 user-003-0 user-004-0 user-005-0 user-006-0 user-007-1 user-008-0 user-009-0 user-010-0 user-011-0 user-012-0
2821	cmd-2821	2025-10-30T21:59:00+09:00	user-001-0 user-002-1 user-003-0 user-004-0 user-005-0 user-006-0 user-007-1 user-008-0 user-009-0 user-010-0 user-011-0 user-012-0
2822	cmd-2822	2025-10-30T23:02:00+09:00	user-001-0 user-002-1 user-003-0 user-004-0 user-005-0 user-006-0 user-007-1 user-008-0 user-009-0 user-010-0 user-011-0 user-012-0
2823	cmd-2823	2025-10-30T23:33:00+09:00	user-001-0 user-002-1 user-003-0 user-004-0 user-005-0 user-006-0 user-007-1 user-008-0 user-009-0 user-010-0 user-011-0 user-012-0
2824	cmd-2824	2025-10-31T01:32:00+09:00	user-001-0 user-002-1 user-003-0 user-004-0 user-005-0 user-006-0 user-007-1 user-008-0 user-009-0 user-010-0 user-011-0 user-012-0
2825	cmd-2825	2025-10-31T02:05:00+09:00	user-001-0 user-002-1 user-003-0 user-004-0 user-005-0 user-006-0 user-007-1 user-008-0 user-009-0 user-010-0 user-011-0 user-012-0
2826	cmd-2826	2025-10-31T02:18:00+09:00	user-001-0 user-002-1 user-003-0 user-004-0 user-005-0 user-006-0 user-007-1 user-008-0 user-009-0 user-010-0 user-011-0 user-012-0
2827	cmd-2827	2025-10-31T05:05:00+09:00	user-001-0 user-002-1 user-003-0 user-004-0 user-005-0 user-006-0 user-007-1 user-008-0 user-009-0 user-010-0 user-011-0 user-012-0
2828	cmd-2828	2025-10-31T06:44:00+09:00	user-001-0 user-002-1 user-003-0 user-004-0 user-005-0 user-006-0 user-007-1 user-008-0 user-009-0 user-010-0 user-011-0 user-012-0
2829	cmd-2829	2025-10-31T07:05:00+09:00	user-001-0 user-002-1 user-003-0 user-004-0 user-005-0 user-006-0 user-007-1 user-008-0 user-009-0 user-010-0 user-011-0 user-012-0
2830	cmd-2830	2025-10-31T08:27:00+09:00	user-001-0 user-002-1 user-003-0 user-004-0 user-005-0 user-006-0 user-007-1 user-008-0 user-009-0 user-010-0 user-011-0 user-012-0
2831	cmd-2831	2025-10-31T08:58:00+09:00	user-001-0 user-002-1 user-003-0 user-004-0 user-005-0 user-006-0 user-007-1 user-008-0 user-009-0 user-010-0 user-011-0 user-012-0
2832	cmd-2832	2025-10-31T10:18:00+09:00	user-001-0 user-002-1 user-003-0 user-004-0 user-005-0 user-006-0 user-007-1 user-008-0 user-009-0 user-010-0 user-011-0 user-012-0
2833	cmd-2833	2025-10-31T12:19:00+09:00	user-001-0 user-002-1 user-003-0 user-004-0 user-005-0 user-006-0 user-007-1 user-008-0 user-009-0 user-010-0 user-011-0 user-012-0
2834	cmd-2834	2025-10-31T16:56:00+09:00	user-001-0 user-002-1 user-003-0 user-004-0 user-005-0 user-006-0 user-007-1 user-008-0 user-009-0 user-010-0 user-011-0 user-012-0
2835	cmd-2835	2025-10-31T18:59:00+09:00	user-001-0 user-002-1 user-003-0 user-004-0 user-005-0 user-006-0 user-007-1 user-008-0 user-009-0 user-010-0 user-011-0 user-012-0
2836	cmd-2836	2025-10-31T19:46:00+09:00	user-001-0 user-002-1 user-003-0 user-004-0 user-005-0 user-006-0 user-007-1 user-008-0 user-009-0 user-010-0 user-011-0 user-012-0
2837	cmd-2837	2025-10-31T21:14:00+09:00	user-001-0 user-002-1 user-003-0 user-004-0 user-005-0 user-006-0 user-007-1 user-008-0 user-009-0 user-010-0 user-011-0 user-012-0
2838	cmd-2838	2025-10-31T23:58:00+09:00	user-001-0 user-002-1 user-003-0 user-004-0 user-005-0 user-006-0 user-007-1 user-008-0 user-009-0 user-010-0 user-011-0 user-012-0
2839	cmd-2839	2025-11-01T00:07:00+09:00	user-001-0 user-002-1 user-003-0 user-004-0 user-005-0 user-006-0 user-007-1 user-008-0 user-009-0 user-010-0 user-011-0 user-012-0
2840	cmd-2840	2025-11-01T01:11:00+09:00	user-001-0 user-002-1 user-003-0 user-004-0 user-005-0 user-006-0 user-007-1 user-008-0 user-009-0 user-010-0 user-011-0 user-012-0
2841	cmd-2841	2025-11-01T02:18:00+09:00	user-001-0 user-002-1 user-003-0 user-004-0 user-005-0 user-006-0 user-007-1 user-008-0 user-009-0 user-010-0 user-011-0 user-012-0
2842	cmd-2842	2025-11-01T03:18:00+09:00	user-001-0 user-002-1 user-003-0 user-004-0 user-005-0 user-006-0 user-007-1 user-008-0 user-009-0 user-010-0 user-011-0 user-012-0
2843	cmd-2843	2025-11-01T05:49:00+09:00	user-001-0 user-002-1 user-003-0 user-004-0 user-005-0 user-006-0 user-007-1 user-008-0 user-009-0 user-010-0 user-011-0 user-012-0
2844	cmd-2844	2025-11-01T05:59:00+09:00	user-001-0 user-002-1 user-003-0 user-004-0 user-005-0 user-006-0 user-007-1 user-008-0 user-009-0 user-010-0 user-011-0 user-012-0
2845	cmd-2845	2025-11-01T10:31:00+09:00	user-001-0 user-002-1 user-003-0 user-004-0 user-005-0 user-006-0 user-007-1 user-008-0 user-009-0 user-010-0 user-011-0 user-012-0
2846	cmd-2846	2025-11-01T11:14:00+09:00	user-001-0 user-002-1 user-003-0 user-004-0 user-005-0 user-006-0 user-007-1 user-008-0 user-009-0 user-010-0 user-011-0 user-012-0
2847	cmd-2847	2025-11-01T11:41:00+09:00	user-001-0 user-002-1 user-003-0 user-004-0 user-005-0 user-006-0 user-007-1 user-008-0 user-009-0 user-010-0 user-011-0 user-012-0
2848	cmd-2848	2025-11-01T15:29:00+09:00	user-001-0 user-002-1 user-003-0 user-004-0 user-005-0 user-006-0 user-007-1 user-008-0 user-009-0 user-010-0 user-011-0 user-012-0
2849	cmd-2849	2025-11-01T15:47:00+09:00	user-001-0 user-002-1 user-003-0 user-004-0 user-005-0 user-006-0 user-007-1 user-008-0 user-009-0 user-010-0 user-011-0 user-012-0
2850	cmd-2850	2025-11-01T16:38:00+09:00	user-001-0 user-002-1 user-003-0 user-004-0 user-005-0 user-006-0 user-007-1 user-008-0 user-009-0 user-010-0 user-011-0 user-012-0
2851	cmd-2851	2025-11-01T16:49:00+09:00	user-001-0 user-002-1 user-003-0 user-004-0 user-005-0 user-006-0 user-007-1 user-008-0 user-009-0 user-010-0 user-011-0 user-012-0
2852	cmd-2852	2025-11-01T21:10:00+09:00	user-001-0 user-002-1 user-003-0 user-004-0 user-005-0 user-006-0 user-007-1 user-008-0 user-009-0 user-010-0 user-011-0 user-012-0
2853	cmd-2853	2025-11-01T21:13:00+09:00	user-001-0 user-002-1 user-003-0 user-004-0 user-005-0 user-006-0 user-007-1 user-008-0 user-009-0 user-010-0 user-011-0 user-012-0
2854	cmd-2854	2025-11-01T22:10:00+09:00	user-001-0 user-002-1 user-003-0 user-004-0 user-005-0 user-006-0 user-007-1 user-008-0 user-009-0 user-010-0 user-011-0 user-012-0
2855	cmd-2855	2025-11-02T00:52:00+09:00	user-001-0 user-002-1 user-003-0 user-004-0 user-005-0 user-006-0 user-007-1 user-008-0 user-009-0 user-010-0 user-011-0 user-012-0
2856	cmd-2856	2025-11-02T01:30:00+09:00	user-001-0 user-002-1 user-003-0 user-004-0 user-005-0 user-006-0 user-007-1 user-008-0 user-009-0 user-010-0 user-011-0 user-012-0
2857	cmd-2857	2025-11-02T02:34:00+09:00	user-001-0 user-002-1 user-003-0 user-004-0 user-005-0 user-006-0 user-007-1 user-008-0 user-009-0 user-010-0 user-011-0 user-012-0
2858	cmd-2858	2025-11-02T02:48:00+09:00	user-001-0 user-002-1 user-003-0 user-004-0 user-005-0 user-006-0 user-007-1 user-008-0 user-009-0 user-010-0 user-011-0 user-012-0
2859	cmd-2859	2025-11-02T03:40:00+09:00	user-001-0 user-002-1 user-003-0 user-004-0 user-005-0 user-006-0 user-007-1 user-008-0 user-009-0 user-010-0 user-011-0 user-012-0
2860	cmd-2860	2025-11-02T04:00:00+09:00	user-001-0 user-002-1 user-003-0 user-004-0 user-005-0 user-006-0 user-007-1 user-008-0 user-009-0 user-010-0 user-011-0 user-012-0
2861	cmd-2861	2025-11-02T05:57:00+09:00	user-001-0 user-002-1 user-003-0 user-004-0 user-005-0 user-006-0 user-007-1 user-008-0 user-009-0 user-010-0 user-011-0 user-012-0
2862	cmd-2862	2025-11-02T07:46:00+09:00	user-001-0 user-002-1 user-003-0 user-004-0 user-005-0 user-006-0 user-007-1 user-008-0 user-009-0 user-010-0 user-011-0 user-012-0
2863	cmd-2863	2025-11-02T09:20:00+09:00	user-001-0 user-002-1 user-003-0 user-004-0 user-005-0 user-006-0 user-007-1 user-008-0 user-009-0 user-010-0 user-011-0 user-012-0
2864	cmd-2864	2025-11-02T09:37:00+09:00	user-001-0 user-002-1 user-003-0 user-004-0 user-005-0 user-006-0 user-007-1 user-008-0 user-009-0 user-010-0 user-011-0 user-012-0
2865	cmd-2865	2025-11-02T09:55:00+09:00	user-001-0 user-002-1 user-003-0 user-004-0 user-005-0 user-006-0 user-007-1 user-008-0 user-009-0 user-010-0 user-011-0 user-012-0
2866	cmd-2866	2025-11-02T13:08:00+09:00	user-001-0 user-002-1 user-003-0 user-004-0 user-005-0 user-006-0 user-007-1 user-008-0 user-009-0 user-010-0 user-011-0 user-012-0
2867	cmd-2867	2025-11-02T13:16:00+09:00	user-001-0 user-002-1 user-003-0 user-004-0 user-005-0 user-006-0 user-007-1 user-008-0 user-009-0 user-010-0 user-011-0 user-012-0
2868	cmd-2868	2025-11-02T17:30:00+09:00	user-001-0 user-002-1 user-003-0 user-004-0 user-005-0 user-006-0 user-007-1 user-008-0 user-009-0 user-010-0 user-011-0 user-012-0
2869	cmd-2869	2025-11-02T18:31:00+09:00	user-001-0 user-002-1 user-003-0 user-004-0 user-005-0 user-006-0 user-007-1 user-008-0 user-009-0 user-010-0 user-011-0 user-012-0
2870	cmd-2870	2025-11-02T19:23:00+09:00	user-001-0 user-002-1 user-003-0 user-004-0 user-005-0 user-006-0 user-007-1 user-008-0 user-009-0 user-010-0 user-011-0 user-012-0
2871	cmd-2871	2025-11-02T19:28:00+09:00	user-001-0 user-002-1 user-003-0 user-004-0 user-005-0 user-006-0 user-007-1 user-008-0 user-009-0 user-010-0 user-011-0 user-012-0
2872	cmd-2872	2025-11-02T20:22:00+09:00	user-001-0 user-002-1 user-003-0 user-004-0 user-005-0 user-006-0 user-007-1 user-008-0 user-009-0 user-010-0 user-011-0 user-012-0
2873	cmd-2873	2025-11-02T20:35:00+09:00	user-001-0 user-002-1 user-003-0 user-004-0 user-005-0 user-006-0 user-007-1 user-008-0 user-009-0 user-010-0 user-011-0 user-012-0
2874	cmd-2874	2025-11-02T21:16:00+09:00	user-001-0 user-002-1 user-003-0 user-004-0 user-005-0 user-006-0 user-007-1 user-008-0 user-009-0 user-010-0 user-011-0 user-012-0
2875	cmd-2875	2025-11-03T00:15:00+09:00	user-001-0 user-002-1 user-003-0 user-004-0 user-005-0 user-006-0 user-007-1 user-008-0 user-009-0 user-010-0 user-011-0 user-012-0
2876	cmd-2876	2025-11-03T00:22:00+09:00	user-001-0 user-002-1 user-003-0 user-004-0 user-005-0 user-006-0 user-007-1 user-008-0 user-009-0 user-010-0 user-011-0 user-012-0
2877	cmd-2877	2025-11-03T00:28:00+09:00	user-001-0 user-002-1 user-003-0 user-004-0 user-005-0 user-006-0 user-007-1 user-008-0 user-009-0 user-010-0 user-011-0 user-012-0
2878	cmd-2878	2025-11-03T02:09:00+09:00	user-001-0 user-002-1 user-003-0 user-004-0 user-005-0 user-006-0 user-007-1 user-008-0 user-009-0 user-010-0 user-011-0 user-012-0
2879	cmd-2879	2025-11-03T04:54:00+09:00	user-001-0 user-002-1 user-003-0 user-004-0 user-005-0 user-006-0 user-007-1 user-008-0 user-009-0 user-010-0 user-011-0 user-012-0
2880	cmd-2880	2025-11-03T06:02:00+09:00	user-001-0 user-002-1 user-003-0 user-004-0 user-005-0 user-006-0 user-007-1 user-008-0 user-009-0 user-010-0 user-011-0 user-012-0
2881	cmd-2881	2025-11-03T06:06:00+09:00	user-001-0 user-002-1 user-003-0 user-004-0 user-005-0 user-006-0 user-007-1 user-008-0 user-009-0 user-010-0 user-011-0 user-012-0
2882	cmd-2882	2025-11-03T06:55:00+09:00	user-001-0 user-002-1 user-003-0 user-004-0 user-005-0 user-006-0 user-007-1 user-008-0 user-009-0 user-010-0 user-011-0 user-012-0
2883	cmd-2883	2025-11-03T07:03:00+09:00	user-001-0 user-002-1 user-003-0 user-004-0 user-005-0 user-006-0 user-007-1 user-008-0 user-009-0 user-010-0 user-011-0 user-012-0
2884	cmd-2884	2025-11-03T08:17:00+09:00	user-001-0 user-002-1 user-003-0 user-004-0 user-005-0 user-006-0 user-007-1 user-008-0 user-009-0 user-010-0 user-011-0 user-012-0
2885	cmd-2885	2025-11-03T09:36:00+09:00	user-001-0 user-002-1 user-003-0 user-004-0 user-005-0 user-006-0 user-007-1 user-008-0 user-009-0 user-010-0 user-011-0 user-012-0
2886	cmd-2886	2025-11-03T11:17:00+09:00	user-001-0 user-002-1 user-003-0 user-004-0 user-005-0 user-006-0 user-007-1 user-008-0 user-009-0 user-010-0 user-011-0 user-012-0
2887	cmd-2887	2025-11-03T11:30:00+09:00	user-001-0 user-002-1 user-003-0 user-004-0 user-005-0 user-006-0 user-007-1 user-008-0 user-009-0 user-010-0 user-011-0 user-012-0
2888	cmd-2888	2025-11-03T16:54:00+09:00	user-001-0 user-002-1 user-003-0 user-004-0 user-005-0 user-006-0 user-007-1 user-008-0 user-009-0 user-010-0 user-011-0 user-012-0
2889	cmd-2889	2025-11-03T17:51:00+09:00	user-001-0 user-002-1 user-003-0 user-004-0 user-005-0 user-006-0 user-007-1 user-008-0 user-009-0 user-010-0 user-011-0 user-012-0
2890	cmd-2890	2025-11-03T17:56:00+09:00	user-001-0 user-002-1 user-003-0 user-004-0 user-005-0 user-006-0 user-007-1 user-008-0 user-009-0 user-010-0 user-011-0 user-012-0
2891	cmd-2891	2025-11-03T18:09:00+09:00	user-001-0 user-002-1 user-003-0 user-004-0 user-005-0 user-006-0 user-007-1 user-008-0 user-009-0 user-010-0 user-011-0 user-012-0
2892	cmd-2892	2025-11-03T18:33:00+09:00	user-001-0 user-002-1 user-003-0 user-004-0 user-005-0 user-006-0 user-007-1 user-008-0 user-009-0 user-010-0 user-011-0 user-012-0
2893	cmd-2893	2025-11-03T19:45:00+09:00	user-001-0 user-002-1 user-003-0 user-004-0 user-005-0 user-006-0 user-007-1 user-008-0 user-009-0 user-010-0 user-011-0 user-012-0
2894	cmd-2894	2025-11-03T20:42:00+09:00	user-001-0 user-002-1 user-003-0 user-004-0 user-005-0 user-006-0 user-007-1 user-008-0 user-009-0 user-010-0 user-011-0 user-012-0
2895	cmd-2895	2025-11-03T21:57:00+09:00	user-001-0 user-002-1 user-003-0 user-004-0 user-005-0 user-006-0 user-007-1 user-008-0 user-009-0 user-010-0 user-011-0 user-012-0
2896	cmd-2896	2025-11-03T22:07:00+09:00	user-001-0 user-002-1 user-003-0 user-004-0 user-005-0 user-006-0 user-007-1 user-008-0 user-009-0 user-010-0 user-011-0 user-012-0
2897	cmd-2897	2025-11-03T22:18:00+09:00	user-001-0 user-002-1 user-003-0 user-004-0 user-005-0 user-006-0 user-007-1 user-008-0 user-009-0 user-010-0 user-011-0 user-012-0
2898	cmd-2898	2025-11-03T22:27:00+09:00	user-001-0 user-002-1 user-003-0 user-004-0 user-005-0 user-006-0 user-007-1 user-008-0 user-009-0 user-010-0 user-011-0 user-012-0
2899	cmd-2899	2025-11-04T02:47:00+09:00	user-001-0 user-002-1 user-003-0 user-004-0 user-005-0 user-006-0 user-007-1 user-008-0 user-009-0 user-010-0 user-011-0 user-012-0
2900	cmd-2900	2025-11-04T04:38:00+09:00	user-001-0 user-002-1 user-003-0 user-004-0 user-005-0 user-006-0 user-007-1 user-008-0 user-009-0 user-010-0 user-011-0 user-012-0
2901	cmd-2901	2025-11-04T05:11:00+09:00	user-001-0 user-002-1 user-003-0 user-004-0 user-005-0 user-006-0 user-007-1 user-008-0 user-009-0 user-010-0 user-011-0 user-012-0
2902	cmd-2902	2025-11-04T05:11:00+09:00	user-001-0 user-002-1 user-003-0 user-004-0 user-005-0 user-006-0 user-007-1 user-008-0 user-009-0 user-010-0 user-011-0 user-012-0
2903	cmd-2903	2025-11-04T10:33:00+09:00	user-001-0 user-002-1 user-003-0 user-004-0 user-005-0 user-006-0 user-007-1 user-008-0 user-009-0 user-010-0 user-011-0 user-012-0
2904	cmd-2904	2025-11-04T12:25:00+09:00	user-001-0 user-002-1 user-003-0 user-004-0 user-005-0 user-006-0 user-007-1 user-008-0 user-009-0 user-010-0 user-011-0 user-012-0
2905	cmd-2905	2025-11-04T12:32:00+09:00	user-001-0 user-002-1 user-003-0 user-004-0 user-005-0 user-006-0 user-007-1 user-008-0 user-009-0 user-010-0 user-011-0 user-012-0
2906	cmd-2906	2025-11-04T12:49:00+09:00	user-001-0 user-002-1 user-003-0 user-004-0 user-005-0 user-006-0 user-007-1 user-008-0 user-009-0 user-010-0 user-011-0 user-012-0
2907	cmd-2907	2025-11-04T19:20:00+09:00	user-001-0 user-002-1 user-003-0 user-004-0 user-005-0 user-006-0 user-007-1 user-008-0 user-009-0 user-010-0 user-011-0 user-012-0
2908	cmd-2908	2025-11-04T19:52:00+09:00	user-001-0 user-002-1 user-003-0 user-004-0 user-005-0 user-006-0 user-007-1 user-008-0 user-009-0 user-010-0 user-011-0 user-012-0
2909	cmd-2909	2025-11-04T20:46:00+09:00	user-001-0 user-002-1 user-003-0 user-004-0 user-005-0 user-006-0 user-007-1 user-008-0 user-009-0 user-010-0 user-011-0 user-012-0
2910	cmd-2910	2025-11-04T20:54:00+09:00	user-001-0 user-002-1 user-003-0 user-004-0 user-005-0 user-006-0 user-007-1 user-008-0 user-009-0 user-010-0 user-011-0 user-012-0
2911	cmd-2911	2025-11-04T21:00:00+09:00	user-001-0 user-002-1 user-003-0 user-004-0 user-005-0 user-006-0 user-007-1 user-008-0 user-009-0 user-010-0 user-011-0 user-012-0
2912	cmd-2912	2025-11-04T23:37:00+09:00	user-001-0 user-002-1 user-003-0 user-004-0 user-005-0 user-006-0 user-007-1 user-008-0 user-009-0 user-010-0 user-011-0 user-012-0
2913	cmd-2913	2025-11-05T00:41:00+09:00	user-001-0 user-002-1 user-003-0 user-004-0 user-005-0 user-006-0 user-007-1 user-008-0 user-009-0 user-010-0 user-011-0 user-012-0
2914	cmd-2914	2025-11-05T01:00:00+09:00	user-001-0 user-002-1 user-003-0 user-004-0 user-005-0 user-006-0 user-007-1 user-008-0 user-009-0 user-010-0 user-011-0 user-012-0
2915	cmd-2915	2025-11-05T01:59:00+09:00	user-001-0 user-002-1 user-003-0 user-004-0 user-005-0 user-006-0 user-007-1 user-008-0 user-009-0 user-010-0 user-011-0 user-012-0
2916	cmd-2916	2025-11-05T02:19:00+09:00	user-001-0 user-002-1 user-003-0 user-004-0 user-005-0 user-006-0 user-007-1 user-008-0 user-009-0 user-010-0 user-011-0 user-012-0
2917	cmd-2917	2025-11-05T03:18:00+09:00	user-001-0 user-002-1 user-003-0 user-004-0 user-005-0 user-006-0 user-007-1 user-008-0 user-009-0 user-010-0 user-011-0 user-012-0
2918	cmd-2918	2025-11-05T03:48:00+09:00	user-001-0 user-002-1 user-003-0 user-004-0 user-005-0 user-006-0 user-007-1 user-008-0 user-009-0 user-010-0 user-011-0 user-012-0
2919	cmd-2919	2025-11-05T04:14:00+09:00	user-001-0 user-002-1 user-003-0 user-004-0 user-005-0 user-006-0 user-007-1 user-008-0 user-009-0 user-010-0 user-011-0 user-012-0
2920	cmd-2920	2025-11-05T04:46:00+09:00	user-001-0 user-002-1 user-003-0 user-004-0 user-005-0 user-006-0 user-007-1 user-008-0 user-009-0 user-010-0 user-011-0 user-012-0
2921	cmd-2921	2025-11-05T05:08:00+09:00	user-001-0 user-002-1 user-003-0 user-004-0 user-005-0 user-006-0 user-007-1 user-008-0 user-009-0 user-010-0 user-011-0 user-012-0
2922	cmd-2922	2025-11-05T05:22:00+09:00	user-001-0 user-002-1 user-003-0 user-004-0 user-005-0 user-006-0 user-007-1 user-008-0 user-009-0 user-010-0 user-011-0 user-012-0
2923	cmd-2923	2025-11-05T05:55:00+09:00	user-001-0 user-002-1 user-003-0 user-004-0 user-005-0 user-006-0 user-007-1 user-008-0 user-009-0 user-010-0 user-011-0 user-012-0
2924	cmd-2924	2025-11-05T06:46:00+09:00	user-001-0 user-002-1 user-003-0 user-004-0 user-005-0 user-006-0 user-007-1 user-008-0 user-009-0 user-010-0 user-011-0 user-012-0
2925	cmd-2925	2025-11-05T09:59:00+09:00	user-001-0 user-002-1 user-003-0 user-004-0 user-005-0 user-006-0 user-007-1 user-008-0 user-009-0 user-010-0 user-011-0 user-012-0
2926	cmd-2926	2025-11-05T12:18:00+09:00	user-001-0 user-002-1 user-003-0 user-004-0 user-005-0 user-006-0 user-007-1 user-008-0 user-009-0 user-010-0 user-011-0 user-012-0
2927	cmd-2927	2025-11-05T12:32:00+09:00	user-001-0 user-002-1 user-003-0 user-004-0 user-005-0 user-006-0 user-007-1 user-008-0 user-009-0 user-010-0 user-011-0 user-012-0
2928	cmd-2928	2025-11-05T15:04:00+09:00	user-001-0 user-002-1 user-003-0 user-004-0 user-005-0 user-006-0 user-007-1 user-008-0 user-009-0 user-010-0 user-011-0 user-012-0
2929	cmd-2929	2025-11-05T15:20:00+09:00	user-001-0 user-002-1 user-003-0 user-004-0 user-005-0 user-006-0 user-007-1 user-008-0 user-009-0 user-010-0 user-011-0 user-012-0
2930	cmd-2930	2025-11-05T16:42:00+09:00	user-001-0 user-002-1 user-003-0 user-004-0 user-005-0 user-006-0 user-007-1 user-008-0 user-009-0 user-010-0 user-011-0 user-012-0
2931	cmd-2931	2025-11-05T18:55:00+09:00	user-001-0 user-002-1 user-003-0 user-004-0 user-005-0 user-006-0 user-007-1 user-008-0 user-009-0 user-010-0 user-011-0 user-012-0
2932	cmd-2932	2025-11-05T19:53:00+09:00	user-001-0 user-002-1 user-003-0 user-004-0 user-005-0 user-006-0 user-007-1 user-008-0 user-009-0 user-010-0 user-011-0 user-012-0
2933	cmd-2933	2025-11-05T22:41:00+09:00	user-001-0 user-002-1 user-003-0 user-004-0 user-005-0 user-006-0 user-007-1 user-008-0 user-009-0 user-010-0 user-011-0 user-012-0
2934	cmd-2934	2025-11-05T23:12:00+09:00	user-001-0 user-002-1 user-003-0 user-004-0 user-005-0 user-006-0 user-007-1 user-008-0 user-009-0 user-010-0 user-011-0 user-012-0
2935	cmd-2935	2025-11-05T23:43:00+09:00	user-001-0 user-002-1 user-003-0 user-004-0 user-005-0 user-006-0 user-007-1 user-008-0 user-009-0 user-010-0 user-011-0 user-012-0
2936	cmd-2936	2025-11-05T23:53:00+09:00	user-001-0 user-002-1 user-003-0 user-004-0 user-005-0 user-006-0 user-007-1 user-008-0 user-009-0 user-010-0 user-011-0 user-012-0
2937	cmd-2937	2025-11-06T00:05:00+09:00	user-001-0 user-002-1 user-003-0 user-004-0 user-005-0 user-006-0 user-007-1 user-008-0 user-009-0 user-010-0 user-011-0 user-012-0
2938	cmd-2938	2025-11-06T00:38:00+09:00	user-001-0 user-002-1 user-003-0 user-004-0 user-005-0 user-006-0 user-007-1 user-008-0 user-009-0 user-010-0 user-011-0 user-012-0
2939	cmd-2939	2025-11-06T01:11:00+09:00	user-001-0 user-002-1 user-003-0 user-004-0 user-005-0 user-006-0 user-007-1 user-008-0 user-009-0 user-010-0 user-011-0 user-012-0
2940	cmd-2940	2025-11-06T02:38:00+09:00	user-001-0 user-002-1 user-003-0 user-004-0 user-005-0 user-006-0 user-007-1 user-008-0 user-009-0 user-010-0 user-011-0 user-012-0
2941	cmd-2941	2025-11-06T02:42:00+09:00	user-001-0 user-002-1 user-003-0 user-004-0 user-005-0 user-006-0 user-007-1 user-008-0 user-009-0 user-010-0 user-011-0 user-012-0
2942	cmd-2942	2025-11-06T02:46:00+09:00	user-001-0 user-002-1 user-003-0 user-004-0 user-005-0 user-006-0 user-007-1 user-008-0 user-009-0 user-010-0 user-011-0 user-012-0
2943	cmd-2943	2025-11-06T05:19:00+09:00	user-001-0 user-002-1 user-003-0 user-004-0 user-005-0 user-006-0 user-007-1 user-008-0 user-009-0 user-010-0 user-011-0 user-012-0
2944	cmd-2944	2025-11-06T06:22:00+09:00	user-001-0 user-002-1 user-003-0 user-004-0 user-005-0 user-006-0 user-007-1 user-008-0 user-009-0 user-010-0 user-011-0 user-012-0
2945	cmd-2945	2025-11-06T07:54:00+09:00	user-001-0 user-002-1 user-003-0 user-004-0 user-005-0 user-006-0 user-007-1 user-008-0 user-009-0 user-010-0 user-011-0 user-012-0
2946	cmd-2946	2025-11-06T08:32:00+09:00	user-001-0 user-002-1 user-003-0 user-004-0 user-005-0 user-006-0 user-007-1 user-008-0 user-009-0 user-010-0 user-011-0 user-012-0
2947	cmd-2947	2025-11-06T09:25:00+09:00	user-001-0 user-002-1 user-003-0 user-004-0 user-005-0 user-006-0 user-007-1 user-008-0 user-009-0 user-010-0 user-011-0 user-012-0
2948	cmd-2948	2025-11-06T09:41:00+09:00	user-001-0 user-002-1 user-003-0 user-004-0 user-005-0 user-006-0 user-007-1 user-008-0 user-009-0 user-010-0 user-011-0 user-012-0
2949	cmd-2949	2025-11-06T12:34:00+09:00	user-001-0 user-002-1 user-003-0 user-004-0 user-005-0 user-006-0 user-007-1 user-008-0 user-009-0 user-010-0 user-011-0 user-012-0
2950	cmd-2950	2025-11-06T13:31:00+09:00	user-001-0 user-002-1 user-003-0 user-004-0 user-005-0 user-006-0 user-007-1 user-008-0 user-009-0 user-010-0 user-011-0 user-012-0
2951	cmd-2951	2025-11-06T18:26:00+09:00	user-001-0 user-002-1 user-003-0 user-004-0 user-005-0 user-006-0 user-007-1 user-008-0 user-009-0 user-010-0 user-011-0 user-012-0
2952	cmd-2952	2025-11-06T19:15:00+09:00	user-001-0 user-002-1 user-003-0 user-004-0 user-005-0 user-006-0 user-007-1 user-008-0 user-009-0 user-010-0 user-011-0 user-012-0
2953	cmd-2953	2025-11-06T19:37:00+09:00	user-001-0 user-002-1 user-003-0 user-004-0 user-005-0 user-006-0 user-007-1 user-008-0 user-009-0 user-010-0 user-011-0 user-012-0
2954	cmd-2954	2025-11-06T20:14:00+09:00	user-001-0 user-002-1 user-003-0 user-004-0 user-005-0 user-006-0 user-007-1 user-008-0 user-009-0 user-010-0 user-011-0 user-012-0
2955	cmd-2955	2025-11-06T20:47:00+09:00	user-001-0 user-002-1 user-003-0 user-004-0 user-005-0 user-006-0 user-007-1 user-008-0 user-009-0 user-010-0 user-011-0 user-012-0
2956	cmd-2956	2025-11-06T21:05:00+09:00	user-001-0 user-002-1 user-003-0 user-004-0 user-005-0 user-006-0 user-007-1 user-008-0 user-009-0 user-010-0 user-011-0 user-012-0
2957	cmd-2957	2025-11-06T21:17:00+09:00	user-001-0 user-002-1 user-003-0 user-004-0 user-005-0 user-006-0 user-007-1 user-008-0 user-009-0 user-010-0 user-011-0 user-012-0
2958	cmd-2958	2025-11-06T21:28:00+09:00	user-001-0 user-002-1 user-003-0 user-004-0 user-005-0 user-006-0 user-007-1 user-008-0 user-009-0 user-010-0 user-011-0 user-012-0
2959	cmd-2959	2025-11-06T21:31:00+09:00	user-001-0 user-002-1 user-003-0 user-004-0 user-005-0 user-006-0 user-007-1 user-008-0 user-009-0 user-010-0 user-011-0 user-012-0
2960	cmd-2960	2025-11-07T01:11:00+09:00	user-001-0 user-002-1 user-003-0 user-004-0 user-005-0 user-006-0 user-007-1 user-008-0 user-009-0 user-010-0 user-011-0 user-012-0
2961	cmd-2961	2025-11-07T01:32:00+09:00	user-001-0 user-002-1 user-003-0 user-004-0 user-005-0 user-006-0 user-007-1 user-008-0 user-009-0 user-010-0 user-011-0 user-012-0
2962	cmd-2962	2025-11-07T02:25:00+09:00	user-001-0 user-002-1 user-003-0 user-004-0 user-005-0 user-006-0 user-007-1 user-008-0 user-009-0 user-010-0 user-011-0 user-012-0
2963	cmd-2963	2025-11-07T02:41:00+09:00	user-001-0 user-002-1 user-003-0 user-004-0 user-005-0 user-006-0 user-007-1 user-008-0 user-009-0 user-010-0 user-011-0 user-012-0
2964	cmd-2964	2025-11-07T02:59:00+09:00	user-001-0 user-002-1 user-003-0 user-004-0 user-005-0 user-006-0 user-007-1 user-008-0 user-009-0 user-010-0 user-011-0 user-012-0
2965	cmd-2965	2025-11-07T04:16:00+09:00	user-001-0 user-002-1 user-003-0 user-004-0 user-005-0 user-006-0 user-007-1 user-008-0 user-009-0 user-010-0 user-011-0 user-012-0
2966	cmd-2966	2025-11-07T04:22:00+09:00	user-001-0 user-002-1 user-003-0 user-004-0 user-005-0 user-006-0 user-007-1 user-008-0 user-009-0 user-010-0 user-011-0 user-012-0
2967	cmd-2967	2025-11-07T05:22:00+09:00	user-001-0 user-002-1 user-003-0 user-004-0 user-005-0 user-006-0 user-007-1 user-008-0 user-009-0 user-010-0 user-011-0 user-012-0
2968	cmd-2968	2025-11-07T09:12:00+09:00	user-001-0 user-002-1 user-003-0 user-004-0 user-005-0 user-006-0 user-007-1 user-008-0 user-009-0 user-010-0 user-011-0 user-012-0
2969	cmd-2969	2025-11-07T12:30:00+09:00	user-001-0 user-002-1 user-003-0 user-004-0 user-005-0 user-006-0 user-007-1 user-008-0 user-009-0 user-010-0 user-011-0 user-012-0
2970	cmd-2970	2025-11-07T13:05:00+09:00	user-001-0 user-002-1 user-003-0 user-004-0 user-005-0 user-006-0 user-007-1 user-008-0 user-009-0 user-010-0 user-011-0 user-012-0
2971	cmd-2971	2025-11-07T14:33:00+09:00	user-001-0 user-002-1 user-003-0 user-004-0 user-005-0 user-006-0 user-007-1 user-008-0 user-009-0 user-010-0 user-011-0 user-012-0
2972	cmd-2972	2025-11-07T14:54:00+09:00	user-001-0 user-002-1 user-003-0 user-004-0 user-005-0 user-006-0 user-007-1 user-008-0 user-009-0 user-010-0 user-011-0 user-012-0
2973	cmd-2973	2025-11-07T15:04:00+09:00	user-001-0 user-002-1 user-003-0 user-004-0 user-005-0 user-006-0 user-007-1 user-008-0 user-009-0 user-010-0 user-011-0 user-012-0
2974	cmd-2974	2025-11-07T20:40:00+09:00	user-001-0 user-002-1 user-003-0 user-004-0 user-005-0 user-006-0 user-007-1 user-008-0 user-009-0 user-010-0 user-011-0 user-012-0
2975	cmd-2975	2025-11-07T22:46:00+09:00	user-001-0 user-002-1 user-003-0 user-004-0 user-005-0 user-006-0 user-007-1 user-008-0 user-009-0 user-010-0 user-011-0 user-012-0
2976	cmd-2976	2025-11-08T00:35:00+09:00	user-001-0 user-002-1 user-003-0 user-004-0 user-005-0 user-006-0 user-007-1 user-008-0 user-009-0 user-010-0 user-011-0 user-012-0
2977	cmd-2977	2025-11-08T01:16:00+09:00	user-001-0 user-002-1 user-003-0 user-004-0 user-005-0 user-006-0 user-007-1 user-008-0 user-009-0 user-010-0 user-011-0 user-012-0
2978	cmd-2978	2025-11-08T01:46:00+09:00	user-001-0 user-002-1 user-003-0 user-004-0 user-005-0 user-006-0 user-007-1 user-008-0 user-009-0 user-010-0 user-011-0 user-012-0
2979	cmd-2979	2025-11-08T03:13:00+09:00	user-001-0 user-002-1 user-003-0 user-004-0 user-005-0 user-006-0 user-007-1 user-008-0 user-009-0 user-010-0 user-011-0 user-012-0
2980	cmd-2980	2025-11-08T05:05:00+09:00	user-001-0 user-002-1 user-003-0 user-004-0 user-005-0 user-006-0 user-007-1 user-008-0 user-009-0 user-010-0 user-011-0 user-012-0
2981	cmd-2981	2025-11-08T05:23:00+09:00	user-001-0 user-002-1 user-003-0 user-004-0 user-005-0 user-006-0 user-007-1 user-008-0 user-009-0 user-010-0 user-011-0 user-012-0
2982	cmd-2982	2025-11-08T06:32:00+09:00	user-001-0 user-002-1 user-003-0 user-004-0 user-005-0 user-006-0 user-007-1 user-008-0 user-009-0 user-010-0 user-011-0 user-012-0
2983	cmd-2983	2025-11-08T07:40:00+09:00	user-001-0 user-002-1 user-003-0 user-004-0 user-005-0 user-006-0 user-007-1 user-008-0 user-009-0 user-010-0 user-011-0 user-012-0
2984	cmd-2984	2025-11-08T08:10:00+09:00	user-001-0 user-002-1 user-003-0 user-004-0 user-005-0 user-006-0 user-007-1 user-008-0 user-009-0 user-010-0 user-011-0 user-012-0
2985	cmd-2985	2025-11-08T09:52:00+09:00	user-001-0 user-002-1 user-003-0 user-004-0 user-005-0 user-006-0 user-007-1 user-008-0 user-009-0 user-010-0 user-011-0 user-012-0
2986	cmd-2986	2025-11-08T11:52:00+09:00	user-001-0 user-002-1 user-003-0 user-004-0 user-005-0 user-006-0 user-007-1 user-008-0 user-009-0 user-010-0 user-011-0 user-012-0
2987	cmd-2987	2025-11-08T12:26:00+09:00	user-001-0 user-002-1 user-003-0 user-004-0 user-005-0 user-006-0 user-007-1 user-008-0 user-009-0 user-010-0 user-011-0 user-012-0
2988	cmd-2988	2025-11-08T12:55:00+09:00	user-001-0 user-002-1 user-003-0 user-004-0 user-005-0 user-006-0 user-007-1 user-008-0 user-009-0 user-010-0 user-011-0 user-012-0
2989	cmd-2989	2025-11-08T16:45:00+09:00	user-001-0 user-002-1 user-003-0 user-004-0 user-005-0 user-006-0 user-007-1 user-008-0 user-009-0 user-010-0 user-011-0 user-012-0
2990	cmd-2990	2025-11-08T17:33:00+09:00	user-001-0 user-002-1 user-003-0 user-004-0 user-005-0 user-006-0 user-007-1 user-008-0 user-009-0 user-010-0 user-011-0 user-012-0
2991	cmd-2991	2025-11-08T19:07:00+09:00	user-001-0 user-002-1 user-003-0 user-004-0 user-005-0 user-006-0 user-007-1 user-008-0 user-009-0 user-010-0 user-011-0 user-012-0
2992	cmd-2992	2025-11-08T19:17:00+09:00	user-001-0 user-002-1 user-003-0 user-004-0 user-005-0 user-006-0 user-007-1 user-008-0 user-009-0 user-010-0 user-011-0 user-012-0
2993	cmd-2993	2025-11-08T20:51:00+09:00	user-001-0 user-002-1 user-003-0 user-004-0 user-005-0 user-006-0 user-007-1 user-008-0 user-009-0 user-010-0 user-011-0 user-012-0
2994	cmd-2994	2025-11-08T20:59:00+09:00	user-001-0 user-002-1 user-003-0 user-004-0 user-005-0 user-006-0 user-007-1 user-008-0 user-009-0 user-010-0 user-011-0 user-012-0
2995	cmd-2995	2025-11-08T21:22:00+09:00	user-001-0 user-002-1 user-003-0 user-004-0 user-005-0 user-006-0 user-007-1 user-008-0 user-009-0 user-010-0 user-011-0 user-012-0
2996	cmd-2996	2025-11-08T22:10:00+09:00	user-001-0 user-002-1 user-003-0 user-004-0 user-005-0 user-006-0 user-007-1 user-008-0 user-009-0 user-010-0 user-011-0 user-012-0
2997	cmd-2997	2025-11-08T22:36:00+09:00	user-001-0 user-002-1 user-003-0 user-004-0 user-005-0 user-006-0 user-007-1 user-008-0 user-009-0 user-010-0 user-011-0 user-012-0
2998	cmd-2998	2025-11-08T23:34:00+09:00	user-001-0 user-002-1 user-003-0 user-004-0 user-005-0 user-006-0 user-007-1 user-008-0 user-009-0 user-010-0 user-011-0 user-012-0
2999	cmd-2999	2025-11-09T01:08:00+09:00	user-001-0 user-002-1 user-003-0 user-004-0 user-005-0 user-006-0 user-007-1 user-008-0 user-009-0 user-010-0 user-011-0 user-012-0
3000	cmd-3000	2025-11-09T01:20:00+09:00	user-001-0 user-002-1 user-003-0 user-004-0 user-005-0 user-006-0 user-007-1 user-008-0 user-009-0 user-010-0 user-011-0 user-012-0
3001	cmd-3001	2025-11-09T02:42:00+09:00	user-001-0 user-002-1 user-003-0 user-004-0 user-005-0 user-006-0 user-007-1 user-008-0 user-009-0 user-010-0 user-011-0 user-012-0
3002	cmd-3002	2025-11-09T02:46:00+09:00	user-001-0 user-002-1 user-003-0 user-004-0 user-005-0 user-006-0 user-007-1 user-008-0 user-009-0 user-010-0 user-011-0 user-012-0
3003	cmd-3003	2025-11-09T03:02:00+09:00	user-001-0 user-002-1 user-003-0 user-004-0 user-005-0 user-006-0 user-007-1 user-008-0 user-009-0 user-010-0 user-011-0 user-012-0
3004	cmd-3004	2025-11-09T03:11:00+09:00	user-001-0 user-002-1 user-003-0 user-004-0 user-005-0 user-006-0 user-007-1 user-008-0 user-009-0 user-010-0 user-011-0 user-012-0
3005	cmd-3005	2025-11-09T04:56:00+09:00	user-001-0 user-002-1 user-003-0 user-004-0 user-005-0 user-006-0 user-007-1 user-008-0 user-009-0 user-010-0 user-011-0 user-012-0
3006	cmd-3006	2025-11-09T06:48:00+09:00	user-001-0 user-002-1 user-003-0 user-004-0 user-005-0 user-006-0 user-007-1 user-008-0 user-009-0 user-010-0 user-011-0 user-012-0
3007	cmd-3007	2025-11-09T08:01:00+09:00	user-001-0 user-002-1 user-003-0 user-004-0 user-005-0 user-006-0 user-007-1 user-008-0 user-009-0 user-010-0 user-011-0 user-012-0
3008	cmd-3008	2025-11-09T09:28:00+09:00	user-001-0 user-002-1 user-003-0 user-004-0 user-005-0 user-006-0 user-007-1 user-008-0 user-009-0 user-010-0 user-011-0 user-012-0
3009	cmd-3009	2025-11-09T09:40:00+09:00	user-001-0 user-002-1 user-003-0 user-004-0 user-005-0 user-006-0 user-007-1 user-008-0 user-009-0 user-010-0 user-011-0 user-012-0
3010	cmd-3010	2025-11-09T10:08:00+09:00	user-001-0 user-002-1 user-003-0 user-004-0 user-005-0 user-006-0 user-007-1 user-008-0 user-009-0 user-010-0 user-011-0 user-012-0
3011	cmd-3011	2025-11-09T10:31:00+09:00	user-001-0 user-002-1 user-003-0 user-004-0 user-005-0 user-006-0 user-007-1 user-008-0 user-009-0 user-010-0 user-011-0 user-012-0
3012	cmd-3012	2025-11-09T12:50:00+09:00	user-001-0 user-002-1 user-003-0 user-004-0 user-005-0 user-006-0 user-007-1 user-008-0 user-009-0 user-010-0 user-011-0 user-012-0
3013	cmd-3013	2025-11-09T13:15:00+09:00	user-001-0 user-002-1 user-003-0 user-004-0 user-005-0 user-006-0 user-007-1 user-008-0 user-009-0 user-010-0 user-011-0 user-012-0
3014	cmd-3014	2025-11-09T13:19:00+09:00	user-001-0 user-002-1 user-003-0 user-004-0 user-005-0 user-006-0 user-007-1 user-008-0 user-009-0 user-010-0 user-011-0 user-012-0
3015	cmd-3015	2025-11-09T19:07:00+09:00	user-001-0 user-002-1 user-003-0 user-004-0 user-005-0 user-006-0 user-007-1 user-008-0 user-009-0 user-010-0 user-011-0 user-012-0
3016	cmd-3016	2025-11-09T23:38:00+09:00	user-001-0 user-002-1 user-003-0 user-004-0 user-005-0 user-006-0 user-007-1 user-008-0 user-009-0 user-010-0 user-011-0 user-012-0
3017	cmd-3017	2025-11-10T02:05:00+09:00	user-001-0 user-002-1 user-003-0 user-004-0 user-005-0 user-006-0 user-007-1 user-008-0 user-009-0 user-010-0 user-011-0 user-012-0
3018	cmd-3018	2025-11-10T03:22:00+09:00	user-001-0 user-002-1 user-003-0 user-004-0 user-005-0 user-006-0 user-007-1 user-008-0 user-009-0 user-010-0 user-011-0 user-012-0
3019	cmd-3019	2025-11-10T05:06:00+09:00	user-001-0 user-002-1 user-003-0 user-004-0 user-005-0 user-006-0 user-007-1 user-008-0 user-009-0 user-010-0 user-011-0 user-012-0
3020	cmd-3020	2025-11-10T05:56:00+09:00	user-001-0 user-002-1 user-003-0 user-004-0 user-005-0 user-006-0 user-007-1 user-008-0 user-009-0 user-010-0 user-011-0 user-012-0
3021	cmd-3021	2025-11-10T07:19:00+09:00	user-001-0 user-002-1 user-003-0 user-004-0 user-005-0 user-006-0 user-007-1 user-008-0 user-009-0 user-010-0 user-011-0 user-012-0
3022	cmd-3022	2025-11-10T09:50:00+09:00	user-001-0 user-002-1 user-003-0 user-004-0 user-005-0 user-006-0 user-007-1 user-008-0 user-009-0 user-010-0 user-011-0 user-012-0
3023	cmd-3023	2025-11-10T13:14:00+09:00	user-001-0 user-002-1 user-003-0 user-004-0 user-005-0 user-006-0 user-007-1 user-008-0 user-009-0 user-010-0 user-011-0 user-012-0
3024	cmd-3024	2025-11-10T13:31:00+09:00	user-001-0 user-002-1 user-003-0 user-004-0 user-005-0 user-006-0 user-007-1 user-008-0 user-009-0 user-010-0 user-011-0 user-012-0
3025	cmd-3025	2025-11-10T18:00:00+09:00	user-001-0 user-002-1 user-003-0 user-004-0 user-005-0 user-006-0 user-007-1 user-008-0 user-009-0 user-010-0 user-011-0 user-012-0
3026	cmd-3026	2025-11-10T18:31:00+09:00	user-001-0 user-002-1 user-003-0 user-004-0 user-005-0 user-006-0 user-007-1 user-008-0 user-009-0 user-010-0 user-011-0 user-012-0
3027	cmd-3027	2025-11-10T18:36:00+09:00	user-001-0 user-002-1 user-003-0 user-004-0 user-005-0 user-006-0 user-007-1 user-008-0 user-009-0 user-010-0 user-011-0 user-012-0
3028	cmd-3028	2025-11-10T19:46:00+09:00	user-001-0 user-002-1 user-003-0 user-004-0 user-005-0 user-006-0 user-007-1 user-008-0 user-009-0 user-010-0 user-011-0 user-012-0
3029	cmd-3029	2025-11-10T21:18:00+09:00	user-001-0 user-002-1 user-003-0 user-004-0 user-005-0 user-006-0 user-007-1 user-008-0 user-009-0 user-010-0 user-011-0 user-012-0
3030	cmd-3030	2025-11-10T22:04:00+09:00	user-001-0 user-002-1 user-003-0 user-004-0 user-005-0 user-006-0 user-007-1 user-008-0 user-009-0 user-010-0 user-011-0 user-012-0
3031	cmd-3031	2025-11-10T23:22:00+09:00	user-001-0 user-002-1 user-003-0 user-004-0 user-005-0 user-006-0 user-007-1 user-008-0 user-009-0 user-010-0 user-011-0 user-012-0
3032	cmd-3032	2025-11-11T00:13:00+09:00	user-001-0 user-002-1 user-003-0 user-004-0 user-005-0 user-006-0 user-007-1 user-008-0 user-009-0 user-010-0 user-011-0 user-012-0
3033	cmd-3033	2025-11-11T02:13:00+09:00	user-001-0 user-002-1 user-003-0 user-004-0 user-005-0 user-006-0 user-007-1 user-008-0 user-009-0 user-010-0 user-011-0 user-012-0
3034	cmd-3034	2025-11-11T03:19:00+09:00	user-001-0 user-002-1 user-003-0 user-004-0 user-005-0 user-006-0 user-007-1 user-008-0 user-009-0 user-010-0 user-011-0 user-012-0
3035	cmd-3035	2025-11-11T04:16:00+09:00	user-001-0 user-002-1 user-003-0 user-004-0 user-005-0 user-006-0 user-007-1 user-008-0 user-009-0 user-010-0 user-011-0 user-012-0
3036	cmd-3036	2025-11-11T06:31:00+09:00	user-001-0 user-002-1 user-003-0 user-004-0 user-005-0 user-006-0 user-007-1 user-008-0 user-009-0 user-010-0 user-011-0 user-012-0
3037	cmd-3037	2025-11-11T07:11:00+09:00	user-001-0 user-002-1 user-003-0 user-004-0 user-005-0 user-006-0 user-007-1 user-008-0 user-009-0 user-010-0 user-011-0 user-012-0
3038	cmd-3038	2025-11-11T07:38:00+09:00	user-001-0 user-002-1 user-003-0 user-004-0 user-005-0 user-006-0 user-007-1 user-008-0 user-009-0 user-010-0 user-011-0 user-012-0
3039	cmd-3039	2025-11-11T07:46:00+09:00	user-001-0 user-002-1 user-003-0 user-004-0 user-005-0 user-006-0 user-007-1 user-008-0 user-009-0 user-010-0 user-011-0 user-012-0
3040	cmd-3040	2025-11-11T08:08:00+09:00	user-001-0 user-002-1 user-003-0 user-004-0 user-005-0 user-006-0 user-007-1 user-008-0 user-009-0 user-010-0 user-011-0 user-012-0
3041	cmd-3041	2025-11-11T08:26:00+09:00	user-001-0 user-002-1 user-003-0 user-004-0 user-005-0 user-006-0 user-007-1 user-008-0 user-009-0 user-010-0 user-011-0 user-012-0
3042	cmd-3042	2025-11-11T11:00:00+09:00	user-001-0 user-002-1 user-003-0 user-004-0 user-005-0 user-006-0 user-007-1 user-008-0 user-009-0 user-010-0 user-011-0 user-012-0
3043	cmd-3043	2025-11-11T11:42:00+09:00	user-001-0 user-002-1 user-003-0 user-004-0 user-005-0 user-006-0 user-007-1 user-008-0 user-009-0 user-010-0 user-011-0 user-012-0
3044	cmd-3044	2025-11-11T12:36:00+09:00	user-001-0 user-002-1 user-003-0 user-004-0 user-005-0 user-006-0 user-007-1 user-008-0 user-009-0 user-010-0 user-011-0 user-012-0
3045	cmd-3045	2025-11-11T13:38:00+09:00	user-001-0 user-002-1 user-003-0 user-004-0 user-005-0 user-006-0 user-007-1 user-008-0 user-009-0 user-010-0 user-011-0 user-012-0
3046	cmd-3046	2025-11-11T13:41:00+09:00	user-001-0 user-002-1 user-003-0 user-004-0 user-005-0 user-006-0 user-007-1 user-008-0 user-009-0 user-010-0 user-011-0 user-012-0
3047	cmd-3047	2025-11-11T15:42:00+09:00	user-001-0 user-002-1 user-003-0 user-004-0 user-005-0 user-006-0 user-007-1 user-008-0 user-009-0 user-010-0 user-011-0 user-012-0
3048	cmd-3048	2025-11-11T16:33:00+09:00	user-001-0 user-002-1 user-003-0 user-004-0 user-005-0 user-006-0 user-007-1 user-008-0 user-009-0 user-010-0 user-011-0 user-012-0
3049	cmd-3049	2025-11-11T16:36:00+09:00	user-001-0 user-002-1 user-003-0 user-004-0 user-005-0 user-006-0 user-007-1 user-008-0 user-009-0 user-010-0 user-011-0 user-012-0
3050	cmd-3050	2025-11-11T17:51:00+09:00	user-001-0 user-002-1 user-003-0 user-004-0 user-005-0 user-006-0 user-007-1 user-008-0 user-009-0 user-010-0 user-011-0 user-012-0
3051	cmd-3051	2025-11-11T18:12:00+09:00	user-001-0 user-002-1 user-003-0 user-004-0 user-005-0 user-006-0 user-007-1 user-008-0 user-009-0 user-010-0 user-011-0 user-012-0
3052	cmd-3052	2025-11-11T20:12:00+09:00	user-001-0 user-002-1 user-003-0 user-004-0 user-005-0 user-006-0 user-007-1 user-008-0 user-009-0 user-010-0 user-011-0 user-012-0
3053	cmd-3053	2025-11-11T20:15:00+09:00	user-001-0 user-002-1 user-003-0 user-004-0 user-005-0 user-006-0 user-007-1 user-008-0 user-009-0 user-010-0 user-011-0 user-012-0
3054	cmd-3054	2025-11-11T20:15:00+09:00	user-001-0 user-002-1 user-003-0 user-004-0 user-005-0 user-006-0 user-007-1 user-008-0 user-009-0 user-010-0 user-011-0 user-012-0
3055	cmd-3055	2025-11-11T20:19:00+09:00	user-001-0 user-002-1 user-003-0 user-004-0 user-005-0 user-006-0 user-007-1 user-008-0 user-009-0 user-010-0 user-011-0 user-012-0
3056	cmd-3056	2025-11-11T20:29:00+09:00	user-001-0 user-002-1 user-003-0 user-004-0 user-005-0 user-006-0 user-007-1 user-008-0 user-009-0 user-010-0 user-011-0 user-012-0
3057	cmd-3057	2025-11-11T21:17:00+09:00	user-001-0 user-002-1 user-003-0 user-004-0 user-005-0 user-006-0 user-007-1 user-008-0 user-009-0 user-010-0 user-011-0 user-012-0
3058	cmd-3058	2025-11-11T23:49:00+09:00	user-001-0 user-002-1 user-003-0 user-004-0 user-005-0 user-006-0 user-007-1 user-008-0 user-009-0 user-010-0 user-011-0 user-012-0
3059	cmd-3059	2025-11-12T00:27:00+09:00	user-001-0 user-002-1 user-003-0 user-004-0 user-005-0 user-006-0 user-007-1 user-008-0 user-009-0 user-010-0 user-011-0 user-012-0
3060	cmd-3060	2025-11-12T00:41:00+09:00	user-001-0 user-002-1 user-003-0 user-004-0 user-005-0 user-006-0 user-007-1 user-008-0 user-009-0 user-010-0 user-011-0 user-012-0
3061	cmd-3061	2025-11-12T00:47:00+09:00	user-001-0 user-002-1 user-003-0 user-004-0 user-005-0 user-006-0 user-007-1 user-008-0 user-009-0 user-010-0 user-011-0 user-012-0
3062	cmd-3062	2025-11-12T01:16:00+09:00	user-001-0 user-002-1 user-003-0 user-004-0 user-005-0 user-006-0 user-007-1 user-008-0 user-009-0 user-010-0 user-011-0 user-012-0
3063	cmd-3063	2025-11-12T06:20:00+09:00	user-001-0 user-002-1 user-003-0 user-004-0 user-005-0 user-006-0 user-007-1 user-008-0 user-009-0 user-010-0 user-011-0 user-012-0
3064	cmd-3064	2025-11-12T07:06:00+09:00	user-001-0 user-002-1 user-003-0 user-004-0 user-005-0 user-006-0 user-007-1 user-008-0 user-009-0 user-010-0 user-011-0 user-012-0
3065	cmd-3065	2025-11-12T07:23:00+09:00	user-001-0 user-002-1 user-003-0 user-004-0 user-005-0 user-006-0 user-007-1 user-008-0 user-009-0 user-010-0 user-011-0 user-012-0
3066	cmd-3066	2025-11-12T07:35:00+09:00	user-001-0 user-002-1 user-003-0 user-004-0 user-005-0 user-006-0 user-007-1 user-008-0 user-009-0 user-010-0 user-011-0 user-012-0
3067	cmd-3067	2025-11-12T07:42:00+09:00	user-001-0 user-002-1 user-003-0 user-004-0 user-005-0 user-006-0 user-007-1 user-008-0 user-009-0 user-010-0 user-011-0 user-012-0
3068	cmd-3068	2025-11-12T07:48:00+09:00	user-001-0 user-002-1 user-003-0 user-004-0 user-005-0 user-006-0 user-007-1 user-008-0 user-009-0 user-010-0 user-011-0 user-012-0
3069	cmd-3069	2025-11-12T08:22:00+09:00	user-001-0 user-002-1 user-003-0 user-004-0 user-005-0 user-006-0 user-007-1 user-008-0 user-009-0 user-010-0 user-011-0 user-012-0
3070	cmd-3070	2025-11-12T08:39:00+09:00	user-001-0 user-002-1 user-003-0 user-004-0 user-005-0 user-006-0 user-007-1 user-008-0 user-009-0 user-010-0 user-011-0 user-012-0
3071	cmd-3071	2025-11-12T12:24:00+09:00	user-001-0 user-002-1 user-003-0 user-004-0 user-005-0 user-006-0 user-007-1 user-008-0 user-009-0 user-010-0 user-011-0 user-012-0
3072	cmd-3072	2025-11-12T12:30:00+09:00	user-001-0 user-002-1 user-003-0 user-004-0 user-005-0 user-006-0 user-007-1 user-008-0 user-009-0 user-010-0 user-011-0 user-012-0
3073	cmd-3073	2025-11-12T13:05:00+09:00	user-001-0 user-002-1 user-003-0 user-004-0 user-005-0 user-006-0 user-007-1 user-008-0 user-009-0 user-010-0 user-011-0 user-012-0
3074	cmd-3074	2025-11-12T13:47:00+09:00	user-001-0 user-002-1 user-003-0 user-004-0 user-005-0 user-006-0 user-007-1 user-008-0 user-009-0 user-010-0 user-011-0 user-012-0
3075	cmd-3075	2025-11-12T14:35:00+09:00	user-001-0 user-002-1 user-003-0 user-004-0 user-005-0 user-006-0 user-007-1 user-008-0 user-009-0 user-010-0 user-011-0 user-012-0
3076	cmd-3076	2025-11-12T15:23:00+09:00	user-001-0 user-002-1 user-003-0 user-004-0 user-005-0 user-006-0 user-007-1 user-008-0 user-009-0 user-010-0 user-011-0 user-012-0
3077	cmd-3077	2025-11-12T16:12:00+09:00	user-001-0 user-002-1 user-003-0 user-004-0 user-005-0 user-006-0 user-007-1 user-008-0 user-009-0 user-010-0 user-011-0 user-012-0
3078	cmd-3078	2025-11-12T16:27:00+09:00	user-001-0 user-002-1 user-003-0 user-004-0 user-005-0 user-006-0 user-007-1 user-008-0 user-009-0 user-010-0 user-011-0 user-012-0
3079	cmd-3079	2025-11-12T18:10:00+09:00	user-001-0 user-002-1 user-003-0 user-004-0 user-005-0 user-006-0 user-007-1 user-008-0 user-009-0 user-010-0 user-011-0 user-012-0
3080	cmd-3080	2025-11-12T20:42:00+09:00	user-001-0 user-002-1 user-003-0 user-004-0 user-005-0 user-006-0 user-007-1 user-008-0 user-009-0 user-010-0 user-011-0 user-012-0
3081	cmd-3081	2025-11-12T21:04:00+09:00	user-001-0 user-002-1 user-003-0 user-004-0 user-005-0 user-006-0 user-007-1 user-008-0 user-009-0 user-010-0 user-011-0 user-012-0
3082	cmd-3082	2025-11-12T21:30:00+09:00	user-001-0 user-002-1 user-003-0 user-004-0 user-005-0 user-006-0 user-007-1 user-008-0 user-009-0 user-010-0 user-011-0 user-012-0
3083	cmd-3083	2025-11-12T23:41:00+09:00	user-001-0 user-002-1 user-003-0 user-004-0 user-005-0 user-006-0 user-007-1 user-008-0 user-009-0 user-010-0 user-011-0 user-012-0
3084	cmd-3084	2025-11-13T00:11:00+09:00	user-001-0 user-002-1 user-003-0 user-004-0 user-005-0 user-006-0 user-007-1 user-008-0 user-009-0 user-010-0 user-011-0 user-012-0
3085	cmd-3085	2025-11-13T01:34:00+09:00	user-001-0 user-002-1 user-003-0 user-004-0 user-005-0 user-006-0 user-007-1 user-008-0 user-009-0 user-010-0 user-011-0 user-012-0
3086	cmd-3086	2025-11-13T02:05:00+09:00	user-001-0 user-002-1 user-003-0 user-004-0 user-005-0 user-006-0 user-007-1 user-008-0 user-009-0 user-010-0 user-011-0 user-012-0
3087	cmd-3087	2025-11-13T03:16:00+09:00	user-001-0 user-002-1 user-003-0 user-004-0 user-005-0 user-006-0 user-007-1 user-008-0 user-009-0 user-010-0 user-011-0 user-012-0
3088	cmd-3088	2025-11-13T06:01:00+09:00	user-001-0 user-002-1 user-003-0 user-004-0 user-005-0 user-006-0 user-007-1 user-008-0 user-009-0 user-010-0 user-011-0 user-012-0
3089	cmd-3089	2025-11-13T06:26:00+09:00	user-001-0 user-002-1 user-003-0 user-004-0 user-005-0 user-006-0 user-007-1 user-008-0 user-009-0 user-010-0 user-011-0 user-012-0
3090	cmd-3090	2025-11-13T07:56:00+09:00	user-001-0 user-002-1 user-003-0 user-004-0 user-005-0 user-006-0 user-007-1 user-008-0 user-009-0 user-010-0 user-011-0 user-012-0
3091	cmd-3091	2025-11-13T12:59:00+09:00	user-001-0 user-002-1 user-003-0 user-004-0 user-005-0 user-006-0 user-007-1 user-008-0 user-009-0 user-010-0 user-011-0 user-012-0
3092	cmd-3092	2025-11-13T13:57:00+09:00	user-001-0 user-002-1 user-003-0 user-004-0 user-005-0 user-006-0 user-007-1 user-008-0 user-009-0 user-010-0 user-011-0 user-012-0
3093	cmd-3093	2025-11-13T20:05:00+09:00	user-001-0 user-002-1 user-003-0 user-004-0 user-005-0 user-006-0 user-007-1 user-008-0 user-009-0 user-010-0 user-011-0 user-012-0
3094	cmd-3094	2025-11-13T20:52:00+09:00	user-001-0 user-002-1 user-003-0 user-004-0 user-005-0 user-006-0 user-007-1 user-008-0 user-009-0 user-010-0 user-011-0 user-012-0
3095	cmd-3095	2025-11-14T00:40:00+09:00	user-001-0 user-002-1 user-003-0 user-004-0 user-005-0 user-006-0 user-007-1 user-008-0 user-009-0 user-010-0 user-011-0 user-012-0
3096	cmd-3096	2025-11-14T02:01:00+09:00	user-001-0 user-002-1 user-003-0 user-004-0 user-005-0 user-006-0 user-007-1 user-008-0 user-009-0 user-010-0 user-011-0 user-012-0
3097	cmd-3097	2025-11-14T02:23:00+09:00	user-001-0 user-002-1 user-003-0 user-004-0 user-005-0 user-006-0 user-007-1 user-008-0 user-009-0 user-010-0 user-011-0 user-012-0
3098	cmd-3098	2025-11-14T04:56:00+09:00	user-001-0 user-002-1 user-003-0 user-004-0 user-005-0 user-006-0 user-007-1 user-008-0 user-009-0 user-010-0 user-011-0 user-012-0
3099	cmd-3099	2025-11-14T05:47:00+09:00	user-001-0 user-002-1 user-003-0 user-004-0 user-005-0 user-006-0 user-007-1 user-008-0 user-009-0 user-010-0 user-011-0 user-012-0
3100	cmd-3100	2025-11-14T05:53:00+09:00	user-001-0 user-002-1 user-003-0 user-004-0 user-005-0 user-006-0 user-007-1 user-008-0 user-009-0 user-010-0 user-011-0 user-012-0
3101	cmd-3101	2025-10-30T06:37:00+09:00	user-001-0 user-002-0 user-003-0 user-004-0 user-005-1 user-006-0 user-007-0 user-008-0 user-009-0 user-010-0 user-011-0 user-012-0
3102	cmd-3102	2025-10-30T09:52:00+09:00	user-001-0 user-002-0 user-003-0 user-004-0 user-005-1 user-006-0 user-007-0 user-008-1 user-009-0 user-010-0 user-011-0 user-012-0
3103	cmd-3103	2025-10-30T10:55:00+09:00	user-001-0 user-002-0 user-003-0 user-004-0 user-005-1 user-006-0 user-007-0 user-008-0 user-009-0 user-010-1 user-011-0 user-012-0
3104	cmd-3104	2025-10-30T11:49:00+09:00	user-001-0 user-002-0 user-003-0 user-004-0 user-005-1 user-006-0 user-007-0 user-008-1 user-009-0 user-010-0 user-011-0 user-012-0
3105	cmd-3105	2025-10-30T14:35:00+09:00	user-001-0 user-002-0 user-003-0 user-004-0 user-005-1 user-006-0 user-007-0 user-008-1 user-009-0 user-010-1 user-011-1 user-012-0
3106	cmd-3106	2025-10-30T14:53:00+09:00	user-001-0 user-002-0 user-003-0 user-004-0 user-005-1 user-006-0 user-007-0 user-008-0 user-009-0 user-010-0 user-011-0 user-012-0
3107	cmd-3107	2025-10-30T16:07:00+09:00	user-001-0 user-002-0 user-003-0 user-004-0 user-005-1 user-006-0 user-007-0 user-008-0 user-009-0 user-010-0 user-011-0 user-012-0
3108	cmd-3108	2025-10-30T16:15:00+09:00	user-001-0 user-002-0 user-003-0 user-004-0 user-005-1 user-006-0 user-007-0 user-008-0 user-009-0 user-010-1 user-011-0 user-012-0
3109	cmd-3109	2025-10-30T19:02:00+09:00	user-001-0 user-002-0 user-003-0 user-004-0 user-005-0 user-006-0 user-007-0 user-008-1 user-009-0 user-010-0 user-011-0 user-012-0
3110	cmd-3110	2025-10-30T20:47:00+09:00	user-001-0 user-002-0 user-003-0 user-004-0 user-005-1 user-006-0 user-007-0 user-008-0 user-009-0 user-010-0 user-011-0 user-012-0
3111	cmd-3111	2025-10-30T22:58:00+09:00	user-001-0 user-002-0 user-003-0 user-004-0 user-005-1 user-006-0 user-007-0 user-008-1 user-009-0 user-010-1 user-011-1 user-012-0
3112	cmd-3112	2025-10-31T02:30:00+09:00	user-001-0 user-002-0 user-003-0 user-004-0 user-005-1 user-006-0 user-007-0 user-008-0 user-009-0 user-010-1 user-011-0 user-012-0
3113	cmd-3113	2025-10-31T02:54:00+09:00	user-001-0 user-002-0 user-003-0 user-004-0 user-005-0 user-006-0 user-007-0 user-008-0 user-009-0 user-010-1 user-011-0 user-012-0
3114	cmd-3114	2025-10-31T04:21:00+09:00	user-001-0 user-002-0 user-003-0 user-004-0 user-005-1 user-006-0 user-007-0 user-008-1 user-009-0 user-010-0 user-011-0 user-012-0
3115	cmd-3115	2025-10-31T05:19:00+09:00	user-001-0 user-002-0 user-003-0 user-004-0 user-005-1 user-006-0 user-007-0 user-008-0 user-009-0 user-010-0 user-011-0 user-012-0
3116	cmd-3116	2025-10-31T05:31:00+09:00	user-001-0 user-002-0 user-003-0 user-004-0 user-005-0 user-006-0 user-007-0 user-008-1 user-009-0 user-010-0 user-011-0 user-012-0
3117	cmd-3117	2025-10-31T06:57:00+09:00	user-001-0 user-002-0 user-003-0 user-004-0 user-005-1 user-006-0 user-007-0 user-008-0 user-009-0 user-010-1 user-011-0 user-012-0
3118	cmd-3118	2025-10-31T07:13:00+09:00	user-001-0 user-002-0 user-003-0 user-004-0 user-005-1 user-006-0 user-007-0 user-008-1 user-009-0 user-010-0 user-011-0 user-012-0
3119	cmd-3119	2025-10-31T07:54:00+09:00	user-001-0 user-002-0 user-003-0 user-004-0 user-005-1 user-006-0 user-007-0 user-008-1 user-009-0 user-010-0 user-011-0 user-012-0
3120	cmd-3120	2025-10-31T09:15:00+09:00	user-001-0 user-002-0 user-003-0 user-004-0 user-005-1 user-006-0 user-007-0 user-008-0 user-009-0 user-010-1 user-011-0 user-012-0
3121	cmd-3121	2025-10-31T12:45:00+09:00	user-001-1 user-002-0 user-003-0 user-004-0 user-005-1 user-006-0 user-007-0 user-008-1 user-009-0 user-010-0 user-011-0 user-012-0
3122	cmd-3122	2025-10-31T14:52:00+09:00	user-001-0 user-002-0 user-003-0 user-004-0 user-005-1 user-006-0 user-007-0 user-008-0 user-009-0 user-010-1 user-011-0 user-012-0
3123	cmd-3123	2025-10-31T18:51:00+09:00	user-001-0 user-002-0 user-003-0 user-004-0 user-005-1 user-006-0 user-007-0 user-008-0 user-009-0 user-010-0 user-011-0 user-012-0
3124	cmd-3124	2025-10-31T20:34:00+09:00	user-001-1 user-002-0 user-003-0 user-004-0 user-005-1 user-006-0 user-007-0 user-008-1 user-009-0 user-010-0 user-011-0 user-012-0
3125	cmd-3125	2025-10-31T21:41:00+09:00	user-001-0 user-002-0 user-003-0 user-004-0 user-005-1 user-006-0 user-007-0 user-008-1 user-009-0 user-010-0 user-011-0 user-012-0
3126	cmd-3126	2025-10-31T21:41:00+09:00	user-001-0 user-002-0 user-003-0 user-004-0 user-005-1 user-006-0 user-007-0 user-008-1 user-009-0 user-010-1 user-011-1 user-012-0
3127	cmd-3127	2025-10-31T21:46:00+09:00	user-001-1 user-002-0 user-003-0 user-004-0 user-005-1 user-006-0 user-007-0 user-008-0 user-009-0 user-010-0 user-011-0 user-012-0
3128	cmd-3128	2025-10-31T22:10:00+09:00	user-001-0 user-002-0 user-003-0 user-004-0 user-005-1 user-006-0 user-007-0 user-008-1 user-009-0 user-010-0 user-011-0 user-012-0
3129	cmd-3129	2025-10-31T22:43:00+09:00	user-001-0 user-002-0 user-003-0 user-004-0 user-005-1 user-006-0 user-007-0 user-008-0 user-009-0 user-010-0 user-011-0 user-012-0
3130	cmd-3130	2025-11-01T00:09:00+09:00	user-001-0 user-002-0 user-003-0 user-004-0 user-005-1 user-006-0 user-007-0 user-008-0 user-009-0 user-010-1 user-011-0 user-012-0
3131	cmd-3131	2025-11-01T01:21:00+09:00	user-001-0 user-002-0 user-003-0 user-004-0 user-005-1 user-006-0 user-007-0 user-008-1 user-009-0 user-010-0 user-011-0 user-012-0
3132	cmd-3132	2025-11-01T02:36:00+09:00	user-001-0 user-002-0 user-003-0 user-004-0 user-005-0 user-006-0 user-007-0 user-008-1 user-009-0 user-010-0 user-011-0 user-012-0
3133	cmd-3133	2025-11-01T03:19:00+09:00	user-001-0 user-002-0 user-003-0 user-004-0 user-005-1 user-006-0 user-007-0 user-008-0 user-009-0 user-010-0 user-011-0 user-012-0
3134	cmd-3134	2025-11-01T04:15:00+09:00	user-001-0 user-002-0 user-003-0 user-004-0 user-005-1 user-006-0 user-007-0 user-008-0 user-009-0 user-010-1 user-011-0 user-012-0
3135	cmd-3135	2025-11-01T05:10:00+09:00	user-001-0 user-002-0 user-003-0 user-004-0 user-005-1 user-006-0 user-007-0 user-008-0 user-009-0 user-010-0 user-011-0 user-012-0
3136	cmd-3136	2025-11-01T05:49:00+09:00	user-001-0 user-002-0 user-003-0 user-004-0 user-005-1 user-006-0 user-007-0 user-008-0 user-009-0 user-010-0 user-011-0 user-012-0
3137	cmd-3137	2025-11-01T06:51:00+09:00	user-001-0 user-002-0 user-003-0 user-004-0 user-005-1 user-006-0 user-007-0 user-008-0 user-009-0 user-010-0 user-011-0 user-012-0
3138	cmd-3138	2025-11-01T07:48:00+09:00	user-001-0 user-002-0 user-003-0 user-004-0 user-005-1 user-006-0 user-007-0 user-008-0 user-009-0 user-010-0 user-011-0 user-012-0
3139	cmd-3139	2025-11-01T10:26:00+09:00	user-001-1 user-002-0 user-003-0 user-004-0 user-005-1 user-006-0 user-007-0 user-008-1 user-009-0 user-010-0 user-011-0 user-012-0
3140	cmd-3140	2025-11-01T12:10:00+09:00	user-001-0 user-002-0 user-003-0 user-004-0 user-005-1 user-006-0 user-007-0 user-008-0 user-009-0 user-010-0 user-011-0 user-012-0
3141	cmd-3141	2025-11-01T12:12:00+09:00	user-001-0 user-002-0 user-003-0 user-004-0 user-005-1 user-006-0 user-007-0 user-008-0 user-009-0 user-010-0 user-011-0 user-012-0
3142	cmd-3142	2025-11-01T12:51:00+09:00	user-001-0 user-002-0 user-003-0 user-004-0 user-005-1 user-006-0 user-007-0 user-008-1 user-009-0 user-010-0 user-011-0 user-012-0
3143	cmd-3143	2025-11-01T14:12:00+09:00	user-001-0 user-002-0 user-003-0 user-004-0 user-005-1 user-006-0 user-007-0 user-008-0 user-009-0 user-010-0 user-011-0 user-012-0
3144	cmd-3144	2025-11-01T15:13:00+09:00	user-001-0 user-002-0 user-003-0 user-004-0 user-005-0 user-006-0 user-007-0 user-008-1 user-009-0 user-010-0 user-011-0 user-012-0
3145	cmd-3145	2025-11-01T15:24:00+09:00	user-001-0 user-002-0 user-003-0 user-004-0 user-005-1 user-006-0 user-007-0 user-008-1 user-009-0 user-010-0 user-011-0 user-012-0
3146	cmd-3146	2025-11-01T17:00:00+09:00	user-001-0 user-002-0 user-003-0 user-004-0 user-005-1 user-006-0 user-007-0 user-008-0 user-009-0 user-010-0 user-011-0 user-012-0
3147	cmd-3147	2025-11-01T17:42:00+09:00	user-001-0 user-002-0 user-003-0 user-004-0 user-005-1 user-006-0 user-007-0 user-008-0 user-009-0 user-010-0 user-011-0 user-012-0
3148	cmd-3148	2025-11-01T18:32:00+09:00	user-001-0 user-002-0 user-003-0 user-004-0 user-005-1 user-006-0 user-007-0 user-008-1 user-009-0 user-010-0 user-011-0 user-012-0
3149	cmd-3149	2025-11-01T19:35:00+09:00	user-001-0 user-002-0 user-003-0 user-004-0 user-005-1 user-006-0 user-007-0 user-008-1 user-009-0 user-010-0 user-011-0 user-012-0
3150	cmd-3150	2025-11-01T19:50:00+09:00	user-001-0 user-002-0 user-003-0 user-004-0 user-005-0 user-006-0 user-007-0 user-008-1 user-009-0 user-010-0 user-011-0 user-012-0
3151	cmd-3151	2025-11-01T19:55:00+09:00	user-001-0 user-002-0 user-003-0 user-004-0 user-005-1 user-006-0 user-007-0 user-008-0 user-009-0 user-010-0 user-011-0 user-012-0
3152	cmd-3152	2025-11-01T20:53:00+09:00	user-001-0 user-002-0 user-003-0 user-004-0 user-005-1 user-006-0 user-007-0 user-008-0 user-009-0 user-010-0 user-011-0 user-012-0
3153	cmd-3153	2025-11-01T21:35:00+09:00	user-001-1 user-002-0 user-003-0 user-004-0 user-005-1 user-006-0 user-007-0 user-008-0 user-009-0 user-010-0 user-011-0 user-012-0
3154	cmd-3154	2025-11-02T01:09:00+09:00	user-001-0 user-002-0 user-003-0 user-004-0 user-005-1 user-006-0 user-007-0 user-008-1 user-009-0 user-010-1 user-011-1 user-012-0
3155	cmd-3155	2025-11-02T02:22:00+09:00	user-001-0 user-002-0 user-003-0 user-004-0 user-005-1 user-006-0 user-007-0 user-008-1 user-009-0 user-010-0 user-011-0 user-012-0
3156	cmd-3156	2025-11-02T02:42:00+09:00	user-001-1 user-002-0 user-003-0 user-004-0 user-005-1 user-006-0 user-007-0 user-008-0 user-009-0 user-010-0 user-011-0 user-012-0
3157	cmd-3157	2025-11-02T03:18:00+09:00	user-001-1 user-002-0 user-003-0 user-004-0 user-005-1 user-006-0 user-007-0 user-008-0 user-009-0 user-010-1 user-011-0 user-012-0
3158	cmd-3158	2025-11-02T04:16:00+09:00	user-001-0 user-002-0 user-003-0 user-004-0 user-005-1 user-006-0 user-007-0 user-008-1 user-009-0 user-010-0 user-011-0 user-012-0
3159	cmd-3159	2025-11-02T06:47:00+09:00	user-001-0 user-002-0 user-003-0 user-004-0 user-005-1 user-006-0 user-007-0 user-008-0 user-009-0 user-010-0 user-011-0 user-012-0
3160	cmd-3160	2025-11-02T09:06:00+09:00	user-001-0 user-002-0 user-003-0 user-004-0 user-005-1 user-006-0 user-007-0 user-008-0 user-009-0 user-010-0 user-011-0 user-012-0
3161	cmd-3161	2025-11-02T12:31:00+09:00	user-001-0 user-002-0 user-003-0 user-004-0 user-005-0 user-006-0 user-007-0 user-008-1 user-009-0 user-010-0 user-011-0 user-012-0
3162	cmd-3162	2025-11-02T12:39:00+09:00	user-001-0 user-002-0 user-003-0 user-004-0 user-005-1 user-006-0 user-007-0 user-008-0 user-009-0 user-010-0 user-011-0 user-012-0
3163	cmd-3163	2025-11-02T14:25:00+09:00	user-001-0 user-002-0 user-003-0 user-004-0 user-005-0 user-006-0 user-007-0 user-008-0 user-009-0 user-010-1 user-011-0 user-012-0
3164	cmd-3164	2025-11-02T14:28:00+09:00	user-001-0 user-002-0 user-003-0 user-004-0 user-005-1 user-006-0 user-007-0 user-008-0 user-009-0 user-010-0 user-011-0 user-012-0
3165	cmd-3165	2025-11-02T16:24:00+09:00	user-001-0 user-002-0 user-003-0 user-004-0 user-005-1 user-006-0 user-007-0 user-008-0 user-009-0 user-010-0 user-011-0 user-012-0
3166	cmd-3166	2025-11-02T16:28:00+09:00	user-001-0 user-002-0 user-003-0 user-004-0 user-005-1 user-006-0 user-007-0 user-008-0 user-009-0 user-010-1 user-011-0 user-012-0
3167	cmd-3167	2025-11-02T16:52:00+09:00	user-001-1 user-002-0 user-003-0 user-004-0 user-005-1 user-006-0 user-007-0 user-008-0 user-009-0 user-010-1 user-011-0 user-012-0
3168	cmd-3168	2025-11-02T17:19:00+09:00	user-001-0 user-002-0 user-003-0 user-004-0 user-005-1 user-006-0 user-007-0 user-008-0 user-009-0 user-010-1 user-011-0 user-012-0
3169	cmd-3169	2025-11-02T18:56:00+09:00	user-001-0 user-002-0 user-003-0 user-004-0 user-005-0 user-006-0 user-007-0 user-008-1 user-009-0 user-010-0 user-011-0 user-012-0
3170	cmd-3170	2025-11-02T22:36:00+09:00	user-001-0 user-002-0 user-003-0 user-004-0 user-005-1 user-006-0 user-007-0 user-008-1 user-009-0 user-010-0 user-011-0 user-012-0
3171	cmd-3171	2025-11-02T23:13:00+09:00	user-001-0 user-002-0 user-003-0 user-004-0 user-005-1 user-006-0 user-007-0 user-008-0 user-009-0 user-010-1 user-011-0 user-012-0
3172	cmd-3172	2025-11-02T23:39:00+09:00	user-001-0 user-002-0 user-003-0 user-004-0 user-005-1 user-006-0 user-007-0 user-008-1 user-009-0 user-010-0 user-011-0 user-012-0
3173	cmd-3173	2025-11-02T23:44:00+09:00	user-001-0 user-002-0 user-003-0 user-004-0 user-005-1 user-006-0 user-007-0 user-008-1 user-009-0 user-010-0 user-011-0 user-012-0
3174	cmd-3174	2025-11-03T02:09:00+09:00	user-001-0 user-002-0 user-003-0 user-004-0 user-005-1 user-006-0 user-007-0 user-008-1 user-009-0 user-010-0 user-011-0 user-012-0
3175	cmd-3175	2025-11-03T03:43:00+09:00	user-001-0 user-002-0 user-003-0 user-004-0 user-005-1 user-006-0 user-007-0 user-008-0 user-009-0 user-010-0 user-011-0 user-012-0
3176	cmd-3176	2025-11-03T06:40:00+09:00	user-001-0 user-002-0 user-003-0 user-004-0 user-005-1 user-006-0 user-007-0 user-008-1 user-009-0 user-010-1 user-011-0 user-012-0
3177	cmd-3177	2025-11-03T09:08:00+09:00	user-001-0 user-002-0 user-003-0 user-004-0 user-005-1 user-006-0 user-007-0 user-008-0 user-009-0 user-010-0 user-011-0 user-012-0
3178	cmd-3178	2025-11-03T09:27:00+09:00	user-001-0 user-002-0 user-003-0 user-004-0 user-005-1 user-006-0 user-007-0 user-008-0 user-009-0 user-010-0 user-011-0 user-012-0
3179	cmd-3179	2025-11-03T10:12:00+09:00	user-001-0 user-002-0 user-003-0 user-004-0 user-005-1 user-006-0 user-007-0 user-008-1 user-009-0 user-010-1 user-011-1 user-012-0
3180	cmd-3180	2025-11-03T10:13:00+09:00	user-001-0 user-002-0 user-003-0 user-004-0 user-005-1 user-006-0 user-007-0 user-008-0 user-009-0 user-010-1 user-011-0 user-012-0
3181	cmd-3181	2025-11-03T10:23:00+09:00	user-001-1 user-002-0 user-003-0 user-004-0 user-005-1 user-006-0 user-007-0 user-008-0 user-009-0 user-010-0 user-011-0 user-012-0
3182	cmd-3182	2025-11-03T10:47:00+09:00	user-001-0 user-002-0 user-003-0 user-004-0 user-005-1 user-006-0 user-007-0 user-008-0 user-009-0 user-010-0 user-011-0 user-012-0
3183	cmd-3183	2025-11-03T17:03:00+09:00	user-001-0 user-002-0 user-003-0 user-004-0 user-005-1 user-006-0 user-007-0 user-008-0 user-009-0 user-010-1 user-011-0 user-012-0
3184	cmd-3184	2025-11-03T17:43:00+09:00	user-001-0 user-002-0 user-003-0 user-004-0 user-005-1 user-006-0 user-007-0 user-008-1 user-009-0 user-010-0 user-011-0 user-012-0
3185	cmd-3185	2025-11-03T19:27:00+09:00	user-001-0 user-002-0 user-003-0 user-004-0 user-005-1 user-006-0 user-007-0 user-008-0 user-009-0 user-010-0 user-011-0 user-012-0
3186	cmd-3186	2025-11-03T19:39:00+09:00	user-001-1 user-002-0 user-003-0 user-004-0 user-005-1 user-006-0 user-007-0 user-008-0 user-009-0 user-010-0 user-011-0 user-012-0
3187	cmd-3187	2025-11-03T21:02:00+09:00	user-001-0 user-002-0 user-003-0 user-004-0 user-005-1 user-006-0 user-007-0 user-008-0 user-009-0 user-010-0 user-011-0 user-012-0
3188	cmd-3188	2025-11-04T01:44:00+09:00	user-001-1 user-002-0 user-003-0 user-004-0 user-005-1 user-006-0 user-007-0 user-008-0 user-009-0 user-010-1 user-011-0 user-012-0
3189	cmd-3189	2025-11-04T02:18:00+09:00	user-001-0 user-002-0 user-003-0 user-004-0 user-005-1 user-006-0 user-007-0 user-008-1 user-009-0 user-010-0 user-011-0 user-012-0
3190	cmd-3190	2025-11-04T03:46:00+09:00	user-001-0 user-002-0 user-003-0 user-004-0 user-005-1 user-006-0 user-007-0 user-008-0 user-009-0 user-010-1 user-011-0 user-012-0
3191	cmd-3191	2025-11-04T05:05:00+09:00	user-001-0 user-002-0 user-003-0 user-004-0 user-005-1 user-006-0 user-007-0 user-008-1 user-009-0 user-010-0 user-011-0 user-012-0
3192	cmd-3192	2025-11-04T05:28:00+09:00	user-001-0 user-002-0 user-003-0 user-004-0 user-005-0 user-006-0 user-007-0 user-008-1 user-009-0 user-010-0 user-011-0 user-012-0
3193	cmd-3193	2025-11-04T07:10:00+09:00	user-001-0 user-002-0 user-003-0 user-004-0 user-005-1 user-006-0 user-007-0 user-008-1 user-009-0 user-010-0 user-011-0 user-012-0
3194	cmd-3194	2025-11-04T07:24:00+09:00	user-001-0 user-002-0 user-003-0 user-004-0 user-005-1 user-006-0 user-007-0 user-008-0 user-009-0 user-010-1 user-011-0 user-012-0
3195	cmd-3195	2025-11-04T08:09:00+09:00	user-001-0 user-002-0 user-003-0 user-004-0 user-005-1 user-006-0 user-007-0 user-008-1 user-009-0 user-010-0 user-011-0 user-012-0
3196	cmd-3196	2025-11-04T09:25:00+09:00	user-001-0 user-002-0 user-003-0 user-004-0 user-005-1 user-006-0 user-007-0 user-008-1 user-009-0 user-010-0 user-011-0 user-012-0
3197	cmd-3197	2025-11-04T12:09:00+09:00	user-001-0 user-002-0 user-003-0 user-004-0 user-005-1 user-006-0 user-007-0 user-008-0 user-009-0 user-010-1 user-011-0 user-012-0
3198	cmd-3198	2025-11-04T13:29:00+09:00	user-001-0 user-002-0 user-003-0 user-004-0 user-005-1 user-006-0 user-007-0 user-008-1 user-009-0 user-010-1 user-011-1 user-012-0
3199	cmd-3199	2025-11-04T13:43:00+09:00	user-001-0 user-002-0 user-003-0 user-004-0 user-005-0 user-006-0 user-007-0 user-008-1 user-009-0 user-010-0 user-011-0 user-012-0
3200	cmd-3200	2025-11-04T15:07:00+09:00	user-001-1 user-002-0 user-003-0 user-004-0 user-005-1 user-006-0 user-007-0 user-008-0 user-009-0 user-010-0 user-011-0 user-012-0
3201	cmd-3201	2025-11-04T15:16:00+09:00	user-001-0 user-002-0 user-003-0 user-004-0 user-005-1 user-006-0 user-007-0 user-008-0 user-009-0 user-010-0 user-011-0 user-012-0
3202	cmd-3202	2025-11-04T15:25:00+09:00	user-001-0 user-002-0 user-003-0 user-004-0 user-005-1 user-006-0 user-007-0 user-008-0 user-009-0 user-010-0 user-011-0 user-012-0
3203	cmd-3203	2025-11-04T18:06:00+09:00	user-001-0 user-002-0 user-003-0 user-004-0 user-005-1 user-006-0 user-007-0 user-008-0 user-009-0 user-010-0 user-011-0 user-012-0
3204	cmd-3204	2025-11-04T18:54:00+09:00	user-001-0 user-002-0 user-003-0 user-004-0 user-005-1 user-006-0 user-007-0 user-008-0 user-009-0 user-010-1 user-011-0 user-012-0
3205	cmd-3205	2025-11-04T21:04:00+09:00	user-001-0 user-002-0 user-003-0 user-004-0 user-005-1 user-006-0 user-007-0 user-008-1 user-009-0 user-010-0 user-011-0 user-012-0
3206	cmd-3206	2025-11-04T21:10:00+09:00	user-001-0 user-002-0 user-003-0 user-004-0 user-005-1 user-006-0 user-007-0 user-008-0 user-009-0 user-010-0 user-011-0 user-012-0
3207	cmd-3207	2025-11-04T22:23:00+09:00	user-001-0 user-002-0 user-003-0 user-004-0 user-005-1 user-006-0 user-007-0 user-008-1 user-009-0 user-010-1 user-011-0 user-012-0
3208	cmd-3208	2025-11-04T23:52:00+09:00	user-001-0 user-002-0 user-003-0 user-004-0 user-005-1 user-006-0 user-007-0 user-008-0 user-009-0 user-010-0 user-011-0 user-012-0
3209	cmd-3209	2025-11-05T01:15:00+09:00	user-001-0 user-002-0 user-003-0 user-004-0 user-005-1 user-006-0 user-007-0 user-008-0 user-009-0 user-010-0 user-011-0 user-012-0
3210	cmd-3210	2025-11-05T02:13:00+09:00	user-001-0 user-002-0 user-003-0 user-004-0 user-005-1 user-006-0 user-007-0 user-008-0 user-009-0 user-010-0 user-011-0 user-012-0
3211	cmd-3211	2025-11-05T02:46:00+09:00	user-001-0 user-002-0 user-003-0 user-004-0 user-005-1 user-006-0 user-007-0 user-008-0 user-009-0 user-010-0 user-011-0 user-012-0
3212	cmd-3212	2025-11-05T03:18:00+09:00	user-001-0 user-002-0 user-003-0 user-004-0 user-005-1 user-006-0 user-007-0 user-008-0 user-009-0 user-010-0 user-011-0 user-012-0
3213	cmd-3213	2025-11-05T03:29:00+09:00	user-001-0 user-002-0 user-003-0 user-004-0 user-005-1 user-006-0 user-007-0 user-008-0 user-009-0 user-010-0 user-011-0 user-012-0
3214	cmd-3214	2025-11-05T05:20:00+09:00	user-001-1 user-002-0 user-003-0 user-004-0 user-005-1 user-006-0 user-007-0 user-008-1 user-009-0 user-010-0 user-011-0 user-012-0
3215	cmd-3215	2025-11-05T05:37:00+09:00	user-001-0 user-002-0 user-003-0 user-004-0 user-005-1 user-006-0 user-007-0 user-008-1 user-009-0 user-010-1 user-011-0 user-012-0
3216	cmd-3216	2025-11-05T06:02:00+09:00	user-001-0 user-002-0 user-003-0 user-004-0 user-005-1 user-006-0 user-007-0 user-008-0 user-009-0 user-010-1 user-011-0 user-012-0
3217	cmd-3217	2025-11-05T06:28:00+09:00	user-001-0 user-002-0 user-003-0 user-004-0 user-005-1 user-006-0 user-007-0 user-008-0 user-009-0 user-010-0 user-011-0 user-012-0
3218	cmd-3218	2025-11-05T07:22:00+09:00	user-001-0 user-002-0 user-003-0 user-004-0 user-005-1 user-006-0 user-007-0 user-008-0 user-009-0 user-010-1 user-011-0 user-012-0
3219	cmd-3219	2025-11-05T07:44:00+09:00	user-001-0 user-002-0 user-003-0 user-004-0 user-005-1 user-006-0 user-007-0 user-008-0 user-009-0 user-010-1 user-011-0 user-012-0
3220	cmd-3220	2025-11-05T08:14:00+09:00	user-001-1 user-002-0 user-003-0 user-004-0 user-005-1 user-006-0 user-007-0 user-008-1 user-009-0 user-010-0 user-011-0 user-012-0
3221	cmd-3221	2025-11-05T08:47:00+09:00	user-001-0 user-002-0 user-003-0 user-004-0 user-005-1 user-006-0 user-007-0 user-008-0 user-009-0 user-010-0 user-011-0 user-012-0
3222	cmd-3222	2025-11-05T10:11:00+09:00	user-001-0 user-002-0 user-003-0 user-004-0 user-005-1 user-006-0 user-007-0 user-008-0 user-009-0 user-010-1 user-011-0 user-012-0
3223	cmd-3223	2025-11-05T10:14:00+09:00	user-001-0 user-002-0 user-003-0 user-004-0 user-005-1 user-006-0 user-007-0 user-008-0 user-009-0 user-010-0 user-011-0 user-012-0
3224	cmd-3224	2025-11-05T11:53:00+09:00	user-001-1 user-002-0 user-003-0 user-004-0 user-005-1 user-006-0 user-007-0 user-008-1 user-009-0 user-010-0 user-011-0 user-012-0
3225	cmd-3225	2025-11-05T11:57:00+09:00	user-001-0 user-002-0 user-003-0 user-004-0 user-005-1 user-006-0 user-007-0 user-008-0 user-009-0 user-010-0 user-011-0 user-012-0
3226	cmd-3226	2025-11-05T12:34:00+09:00	user-001-0 user-002-0 user-003-0 user-004-0 user-005-1 user-006-0 user-007-0 user-008-1 user-009-0 user-010-0 user-011-0 user-012-0
3227	cmd-3227	2025-11-05T14:10:00+09:00	user-001-0 user-002-0 user-003-0 user-004-0 user-005-1 user-006-0 user-007-0 user-008-0 user-009-0 user-010-0 user-011-0 user-012-0
3228	cmd-3228	2025-11-05T14:56:00+09:00	user-001-0 user-002-0 user-003-0 user-004-0 user-005-1 user-006-0 user-007-0 user-008-0 user-009-0 user-010-0 user-011-0 user-012-0
3229	cmd-3229	2025-11-05T15:53:00+09:00	user-001-0 user-002-0 user-003-0 user-004-0 user-005-1 user-006-0 user-007-0 user-008-0 user-009-0 user-010-0 user-011-0 user-012-0
3230	cmd-3230	2025-11-05T17:21:00+09:00	user-001-0 user-002-0 user-003-0 user-004-0 user-005-1 user-006-0 user-007-0 user-008-0 user-009-0 user-010-0 user-011-0 user-012-0
3231	cmd-3231	2025-11-05T19:46:00+09:00	user-001-0 user-002-0 user-003-0 user-004-0 user-005-1 user-006-0 user-007-0 user-008-1 user-009-0 user-010-0 user-011-0 user-012-0
3232	cmd-3232	2025-11-05T20:17:00+09:00	user-001-0 user-002-0 user-003-0 user-004-0 user-005-1 user-006-0 user-007-0 user-008-1 user-009-0 user-010-0 user-011-0 user-012-0
3233	cmd-3233	2025-11-05T21:47:00+09:00	user-001-0 user-002-0 user-003-0 user-004-0 user-005-0 user-006-0 user-007-0 user-008-1 user-009-0 user-010-0 user-011-0 user-012-0
3234	cmd-3234	2025-11-06T00:10:00+09:00	user-001-0 user-002-0 user-003-0 user-004-0 user-005-1 user-006-0 user-007-0 user-008-0 user-009-0 user-010-1 user-011-0 user-012-0
3235	cmd-3235	2025-11-06T00:20:00+09:00	user-001-0 user-002-0 user-003-0 user-004-0 user-005-1 user-006-0 user-007-0 user-008-0 user-009-0 user-010-0 user-011-0 user-012-0
3236	cmd-3236	2025-11-06T00:24:00+09:00	user-001-0 user-002-0 user-003-0 user-004-0 user-005-1 user-006-0 user-007-0 user-008-0 user-009-0 user-010-0 user-011-0 user-012-0
3237	cmd-3237	2025-11-06T01:05:00+09:00	user-001-1 user-002-0 user-003-0 user-004-0 user-005-1 user-006-0 user-007-0 user-008-0 user-009-0 user-010-0 user-011-0 user-012-0
3238	cmd-3238	2025-11-06T01:55:00+09:00	user-001-0 user-002-0 user-003-0 user-004-0 user-005-0 user-006-0 user-007-0 user-008-1 user-009-0 user-010-0 user-011-0 user-012-0
3239	cmd-3239	2025-11-06T04:40:00+09:00	user-001-0 user-002-0 user-003-0 user-004-0 user-005-1 user-006-0 user-007-0 user-008-0 user-009-0 user-010-0 user-011-0 user-012-0
3240	cmd-3240	2025-11-06T05:31:00+09:00	user-001-0 user-002-0 user-003-0 user-004-0 user-005-1 user-006-0 user-007-0 user-008-0 user-009-0 user-010-1 user-011-0 user-012-0
3241	cmd-3241	2025-11-06T07:15:00+09:00	user-001-0 user-002-0 user-003-0 user-004-0 user-005-1 user-006-0 user-007-0 user-008-0 user-009-0 user-010-0 user-011-0 user-012-0
3242	cmd-3242	2025-11-06T08:35:00+09:00	user-001-0 user-002-0 user-003-0 user-004-0 user-005-1 user-006-0 user-007-0 user-008-1 user-009-0 user-010-0 user-011-0 user-012-0
3243	cmd-3243	2025-11-06T11:03:00+09:00	user-001-0 user-002-0 user-003-0 user-004-0 user-005-1 user-006-0 user-007-0 user-008-0 user-009-0 user-010-0 user-011-0 user-012-0
3244	cmd-3244	2025-11-06T11:14:00+09:00	user-001-0 user-002-0 user-003-0 user-004-0 user-005-1 user-006-0 user-007-0 user-008-0 user-009-0 user-010-0 user-011-0 user-012-0
3245	cmd-3245	2025-11-06T11:36:00+09:00	user-001-0 user-002-0 user-003-0 user-004-0 user-005-0 user-006-0 user-007-0 user-008-1 user-009-0 user-010-0 user-011-0 user-012-0
3246	cmd-3246	2025-11-06T13:11:00+09:00	user-001-1 user-002-0 user-003-0 user-004-0 user-005-1 user-006-0 user-007-0 user-008-0 user-009-0 user-010-0 user-011-0 user-012-0
3247	cmd-3247	2025-11-06T14:25:00+09:00	user-001-0 user-002-0 user-003-0 user-004-0 user-005-1 user-006-0 user-007-0 user-008-1 user-009-0 user-010-0 user-011-0 user-012-0
3248	cmd-3248	2025-11-06T14:34:00+09:00	user-001-0 user-002-0 user-003-0 user-004-0 user-005-0 user-006-0 user-007-0 user-008-1 user-009-0 user-010-0 user-011-0 user-012-0
3249	cmd-3249	2025-11-06T16:37:00+09:00	user-001-1 user-002-0 user-003-0 user-004-0 user-005-1 user-006-0 user-007-0 user-008-0 user-009-0 user-010-1 user-011-0 user-012-0
3250	cmd-3250	2025-11-06T19:11:00+09:00	user-001-0 user-002-0 user-003-0 user-004-0 user-005-1 user-006-0 user-007-0 user-008-1 user-009-0 user-010-0 user-011-0 user-012-0
3251	cmd-3251	2025-11-06T19:24:00+09:00	user-001-0 user-002-0 user-003-0 user-004-0 user-005-1 user-006-0 user-007-0 user-008-1 user-009-0 user-010-0 user-011-0 user-012-0
3252	cmd-3252	2025-11-06T20:25:00+09:00	user-001-0 user-002-0 user-003-0 user-004-0 user-005-1 user-006-0 user-007-0 user-008-0 user-009-0 user-010-1 user-011-0 user-012-0
3253	cmd-3253	2025-11-06T20:31:00+09:00	user-001-0 user-002-0 user-003-0 user-004-0 user-005-1 user-006-0 user-007-0 user-008-0 user-009-0 user-010-1 user-011-0 user-012-0
3254	cmd-3254	2025-11-06T23:51:00+09:00	user-001-0 user-002-0 user-003-0 user-004-0 user-005-1 user-006-0 user-007-0 user-008-0 user-009-0 user-010-1 user-011-0 user-012-0
3255	cmd-3255	2025-11-07T00:46:00+09:00	user-001-0 user-002-0 user-003-0 user-004-0 user-005-1 user-006-0 user-007-0 user-008-0 user-009-0 user-010-0 user-011-0 user-012-0
3256	cmd-3256	2025-11-07T01:01:00+09:00	user-001-0 user-002-0 user-003-0 user-004-0 user-005-1 user-006-0 user-007-0 user-008-1 user-009-0 user-010-0 user-011-0 user-012-0
3257	cmd-3257	2025-11-07T04:57:00+09:00	user-001-0 user-002-0 user-003-0 user-004-0 user-005-0 user-006-0 user-007-0 user-008-1 user-009-0 user-010-0 user-011-0 user-012-0
3258	cmd-3258	2025-11-07T05:28:00+09:00	user-001-0 user-002-0 user-003-0 user-004-0 user-005-1 user-006-0 user-007-0 user-008-0 user-009-0 user-010-0 user-011-0 user-012-0
3259	cmd-3259	2025-11-07T06:04:00+09:00	user-001-0 user-002-0 user-003-0 user-004-0 user-005-1 user-006-0 user-007-0 user-008-1 user-009-0 user-010-0 user-011-0 user-012-0
3260	cmd-3260	2025-11-07T06:18:00+09:00	user-001-0 user-002-0 user-003-0 user-004-0 user-005-1 user-006-0 user-007-0 user-008-0 user-009-0 user-010-1 user-011-0 user-012-0
3261	cmd-3261	2025-11-07T07:35:00+09:00	user-001-0 user-002-0 user-003-0 user-004-0 user-005-1 user-006-0 user-007-0 user-008-0 user-009-0 user-010-1 user-011-0 user-012-0
3262	cmd-3262	2025-11-07T08:47:00+09:00	user-001-0 user-002-0 user-003-0 user-004-0 user-005-1 user-006-0 user-007-0 user-008-0 user-009-0 user-010-1 user-011-0 user-012-0
3263	cmd-3263	2025-11-07T09:13:00+09:00	user-001-0 user-002-0 user-003-0 user-004-0 user-005-1 user-006-0 user-007-0 user-008-0 user-009-0 user-010-0 user-011-0 user-012-0
3264	cmd-3264	2025-11-07T10:03:00+09:00	user-001-1 user-002-0 user-003-0 user-004-0 user-005-1 user-006-0 user-007-0 user-008-1 user-009-0 user-010-0 user-011-0 user-012-0
3265	cmd-3265	2025-11-07T10:26:00+09:00	user-001-0 user-002-0 user-003-0 user-004-0 user-005-1 user-006-0 user-007-0 user-008-0 user-009-0 user-010-0 user-011-0 user-012-0
3266	cmd-3266	2025-11-07T10:52:00+09:00	user-001-0 user-002-0 user-003-0 user-004-0 user-005-1 user-006-0 user-007-0 user-008-1 user-009-0 user-010-0 user-011-0 user-012-0
3267	cmd-3267	2025-11-07T11:22:00+09:00	user-001-1 user-002-0 user-003-0 user-004-0 user-005-1 user-006-0 user-007-0 user-008-1 user-009-0 user-010-0 user-011-0 user-012-0
3268	cmd-3268	2025-11-07T11:59:00+09:00	user-001-0 user-002-0 user-003-0 user-004-0 user-005-1 user-006-0 user-007-0 user-008-0 user-009-0 user-010-0 user-011-0 user-012-0
3269	cmd-3269	2025-11-07T13:19:00+09:00	user-001-0 user-002-0 user-003-0 user-004-0 user-005-1 user-006-0 user-007-0 user-008-0 user-009-0 user-010-1 user-011-0 user-012-0
3270	cmd-3270	2025-11-07T13:43:00+09:00	user-001-0 user-002-0 user-003-0 user-004-0 user-005-1 user-006-0 user-007-0 user-008-0 user-009-0 user-010-0 user-011-0 user-012-0
3271	cmd-3271	2025-11-07T13:48:00+09:00	user-001-0 user-002-0 user-003-0 user-004-0 user-005-1 user-006-0 user-007-0 user-008-0 user-009-0 user-010-0 user-011-0 user-012-0
3272	cmd-3272	2025-11-07T15:26:00+09:00	user-001-0 user-002-0 user-003-0 user-004-0 user-005-1 user-006-0 user-007-0 user-008-0 user-009-0 user-010-0 user-011-0 user-012-0
3273	cmd-3273	2025-11-07T16:21:00+09:00	user-001-0 user-002-0 user-003-0 user-004-0 user-005-1 user-006-0 user-007-0 user-008-1 user-009-0 user-010-0 user-011-0 user-012-0
3274	cmd-3274	2025-11-07T18:03:00+09:00	user-001-0 user-002-0 user-003-0 user-004-0 user-005-1 user-006-0 user-007-0 user-008-0 user-009-0 user-010-1 user-011-0 user-012-0
3275	cmd-3275	2025-11-07T19:27:00+09:00	user-001-0 user-002-0 user-003-0 user-004-0 user-005-1 user-006-0 user-007-0 user-008-0 user-009-0 user-010-1 user-011-0 user-012-0
3276	cmd-3276	2025-11-07T21:55:00+09:00	user-001-0 user-002-0 user-003-0 user-004-0 user-005-1 user-006-0 user-007-0 user-008-0 user-009-0 user-010-0 user-011-0 user-012-0
3277	cmd-3277	2025-11-08T01:13:00+09:00	user-001-0 user-002-0 user-003-0 user-004-0 user-005-1 user-006-0 user-007-0 user-008-0 user-009-0 user-010-0 user-011-0 user-012-0
3278	cmd-3278	2025-11-08T02:10:00+09:00	user-001-0 user-002-0 user-003-0 user-004-0 user-005-1 user-006-0 user-007-0 user-008-0 user-009-0 user-010-0 user-011-0 user-012-0
3279	cmd-3279	2025-11-08T02:51:00+09:00	user-001-0 user-002-0 user-003-0 user-004-0 user-005-1 user-006-0 user-007-0 user-008-1 user-009-0 user-010-0 user-011-0 user-012-0
3280	cmd-3280	2025-11-08T04:51:00+09:00	user-001-0 user-002-0 user-003-0 user-004-0 user-005-1 user-006-0 user-007-0 user-008-0 user-009-0 user-010-0 user-011-0 user-012-0
3281	cmd-3281	2025-11-08T06:40:00+09:00	user-001-0 user-002-0 user-003-0 user-004-0 user-005-1 user-006-0 user-007-0 user-008-0 user-009-0 user-010-1 user-011-0 user-012-0
3282	cmd-3282	2025-11-08T06:58:00+09:00	user-001-0 user-002-0 user-003-0 user-004-0 user-005-1 user-006-0 user-007-0 user-008-0 user-009-0 user-010-0 user-011-0 user-012-0
3283	cmd-3283	2025-11-08T07:55:00+09:00	user-001-0 user-002-0 user-003-0 user-004-0 user-005-0 user-006-0 user-007-0 user-008-1 user-009-0 user-010-0 user-011-0 user-012-0
3284	cmd-3284	2025-11-08T08:12:00+09:00	user-001-0 user-002-0 user-003-0 user-004-0 user-005-1 user-006-0 user-007-0 user-008-0 user-009-0 user-010-1 user-011-0 user-012-0
3285	cmd-3285	2025-11-08T08:14:00+09:00	user-001-0 user-002-0 user-003-0 user-004-0 user-005-1 user-006-0 user-007-0 user-008-0 user-009-0 user-010-0 user-011-0 user-012-0
3286	cmd-3286	2025-11-08T09:22:00+09:00	user-001-0 user-002-0 user-003-0 user-004-0 user-005-1 user-006-0 user-007-0 user-008-1 user-009-0 user-010-0 user-011-0 user-012-0
3287	cmd-3287	2025-11-08T11:24:00+09:00	user-001-0 user-002-0 user-003-0 user-004-0 user-005-1 user-006-0 user-007-0 user-008-0 user-009-0 user-010-1 user-011-0 user-012-0
3288	cmd-3288	2025-11-08T12:48:00+09:00	user-001-0 user-002-0 user-003-0 user-004-0 user-005-1 user-006-0 user-007-0 user-008-0 user-009-0 user-010-0 user-011-0 user-012-0
3289	cmd-3289	2025-11-08T13:41:00+09:00	user-001-1 user-002-0 user-003-0 user-004-0 user-005-1 user-006-0 user-007-0 user-008-0 user-009-0 user-010-0 user-011-0 user-012-0
3290	cmd-3290	2025-11-08T16:24:00+09:00	user-001-0 user-002-0 user-003-0 user-004-0 user-005-1 user-006-0 user-007-0 user-008-0 user-009-0 user-010-0 user-011-0 user-012-0
3291	cmd-3291	2025-11-08T16:51:00+09:00	user-001-0 user-002-0 user-003-0 user-004-0 user-005-1 user-006-0 user-007-0 user-008-1 user-009-0 user-010-0 user-011-0 user-012-0
3292	cmd-3292	2025-11-08T17:01:00+09:00	user-001-0 user-002-0 user-003-0 user-004-0 user-005-1 user-006-0 user-007-0 user-008-0 user-009-0 user-010-1 user-011-0 user-012-0
3293	cmd-3293	2025-11-08T19:15:00+09:00	user-001-0 user-002-0 user-003-0 user-004-0 user-005-1 user-006-0 user-007-0 user-008-1 user-009-0 user-010-0 user-011-0 user-012-0
3294	cmd-3294	2025-11-08T19:27:00+09:00	user-001-0 user-002-0 user-003-0 user-004-0 user-005-1 user-006-0 user-007-0 user-008-0 user-009-0 user-010-1 user-011-0 user-012-0
3295	cmd-3295	2025-11-08T19:52:00+09:00	user-001-0 user-002-0 user-003-0 user-004-0 user-005-1 user-006-0 user-007-0 user-008-0 user-009-0 user-010-0 user-011-0 user-012-0
3296	cmd-3296	2025-11-08T20:44:00+09:00	user-001-0 user-002-0 user-003-0 user-004-0 user-005-1 user-006-0 user-007-0 user-008-0 user-009-0 user-010-1 user-011-0 user-012-0
3297	cmd-3297	2025-11-08T20:48:00+09:00	user-001-0 user-002-0 user-003-0 user-004-0 user-005-1 user-006-0 user-007-0 user-008-0 user-009-0 user-010-0 user-011-0 user-012-0
3298	cmd-3298	2025-11-08T21:47:00+09:00	user-001-0 user-002-0 user-003-0 user-004-0 user-005-1 user-006-0 user-007-0 user-008-0 user-009-0 user-010-0 user-011-0 user-012-0
3299	cmd-3299	2025-11-08T22:56:00+09:00	user-001-0 user-002-0 user-003-0 user-004-0 user-005-1 user-006-0 user-007-0 user-008-0 user-009-0 user-010-0 user-011-0 user-012-0
3300	cmd-3300	2025-11-09T00:33:00+09:00	user-001-0 user-002-0 user-003-0 user-004-0 user-005-1 user-006-0 user-007-0 user-008-0 user-009-0 user-010-1 user-011-0 user-012-0
3301	cmd-3301	2025-10-30T06:59:00+09:00	user-001-1 user-002-0 user-003-0 user-004-0 user-005-0 user-006-0 user-007-0 user-008-0 user-009-0 user-010-0 user-011-0 user-012-0
3302	cmd-3302	2025-10-30T07:37:00+09:00	user-001-1 user-002-1 user-003-0 user-004-1 user-005-0 user-006-0 user-007-0 user-008-0 user-009-0 user-010-0 user-011-0 user-012-0
3303	cmd-3303	2025-10-30T15:53:00+09:00	user-001-1 user-002-0 user-003-0 user-004-0 user-005-0 user-006-0 user-007-0 user-008-0 user-009-0 user-010-0 user-011-0 user-012-0
3304	cmd-3304	2025-10-30T16:58:00+09:00	user-001-1 user-002-1 user-003-0 user-004-1 user-005-0 user-006-0 user-007-0 user-008-0 user-009-0 user-010-0 user-011-0 user-012-0
3305	cmd-3305	2025-10-30T18:28:00+09:00	user-001-1 user-002-0 user-003-0 user-004-0 user-005-0 user-006-0 user-007-0 user-008-0 user-009-0 user-010-0 user-011-0 user-012-0
3306	cmd-3306	2025-10-30T20:07:00+09:00	user-001-1 user-002-1 user-003-0 user-004-1 user-005-0 user-006-0 user-007-0 user-008-0 user-009-0 user-010-0 user-011-0 user-012-0
3307	cmd-3307	2025-10-31T03:30:00+09:00	user-001-1 user-002-1 user-003-0 user-004-1 user-005-0 user-006-0 user-007-0 user-008-0 user-009-0 user-010-0 user-011-0 user-012-0
3308	cmd-3308	2025-10-31T04:24:00+09:00	user-001-1 user-002-0 user-003-0 user-004-0 user-005-0 user-006-0 user-007-0 user-008-0 user-009-0 user-010-0 user-011-0 user-012-0
3309	cmd-3309	2025-10-31T08:21:00+09:00	user-001-1 user-002-1 user-003-0 user-004-1 user-005-0 user-006-0 user-007-0 user-008-0 user-009-0 user-010-0 user-011-0 user-012-0
3310	cmd-3310	2025-10-31T09:02:00+09:00	user-001-1 user-002-0 user-003-0 user-004-0 user-005-0 user-006-0 user-007-0 user-008-0 user-009-0 user-010-0 user-011-0 user-012-0
3311	cmd-3311	2025-10-31T12:09:00+09:00	user-001-1 user-002-1 user-003-0 user-004-1 user-005-0 user-006-0 user-007-0 user-008-0 user-009-0 user-010-0 user-011-0 user-012-0
3312	cmd-3312	2025-10-31T12:10:00+09:00	user-001-1 user-002-1 user-003-0 user-004-1 user-005-0 user-006-0 user-007-0 user-008-0 user-009-0 user-010-0 user-011-0 user-012-0
3313	cmd-3313	2025-10-31T12:11:00+09:00	user-001-1 user-002-1 user-003-0 user-004-1 user-005-0 user-006-0 user-007-0 user-008-0 user-009-0 user-010-0 user-011-0 user-012-0
3314	cmd-3314	2025-10-31T13:18:00+09:00	user-001-1 user-002-1 user-003-0 user-004-1 user-005-0 user-006-0 user-007-0 user-008-0 user-009-0 user-010-0 user-011-0 user-012-0
3315	cmd-3315	2025-10-31T14:53:00+09:00	user-001-1 user-002-1 user-003-0 user-004-1 user-005-0 user-006-0 user-007-0 user-008-0 user-009-0 user-010-0 user-011-0 user-012-0
3316	cmd-3316	2025-10-31T18:50:00+09:00	user-001-1 user-002-1 user-003-0 user-004-1 user-005-0 user-006-0 user-007-0 user-008-0 user-009-0 user-010-0 user-011-0 user-012-0
3317	cmd-3317	2025-10-31T19:06:00+09:00	user-001-1 user-002-1 user-003-0 user-004-1 user-005-0 user-006-0 user-007-0 user-008-0 user-009-0 user-010-0 user-011-0 user-012-0
3318	cmd-3318	2025-10-31T22:31:00+09:00	user-001-1 user-002-0 user-003-0 user-004-0 user-005-0 user-006-0 user-007-0 user-008-0 user-009-0 user-010-0 user-011-0 user-012-0
3319	cmd-3319	2025-10-31T22:58:00+09:00	user-001-1 user-002-0 user-003-0 user-004-0 user-005-0 user-006-0 user-007-0 user-008-0 user-009-0 user-010-0 user-011-0 user-012-0
3320	cmd-3320	2025-11-01T00:16:00+09:00	user-001-1 user-002-0 user-003-0 user-004-0 user-005-0 user-006-0 user-007-0 user-008-0 user-009-0 user-010-0 user-011-0 user-012-0
3321	cmd-3321	2025-11-01T03:28:00+09:00	user-001-1 user-002-1 user-003-0 user-004-1 user-005-0 user-006-0 user-007-0 user-008-0 user-009-0 user-010-0 user-011-0 user-012-0
3322	cmd-3322	2025-11-01T05:50:00+09:00	user-001-1 user-002-0 user-003-0 user-004-0 user-005-0 user-006-0 user-007-0 user-008-0 user-009-0 user-010-0 user-011-0 user-012-0
3323	cmd-3323	2025-11-01T05:59:00+09:00	user-001-1 user-002-1 user-003-0 user-004-1 user-005-0 user-006-0 user-007-0 user-008-0 user-009-0 user-010-0 user-011-0 user-012-0
3324	cmd-3324	2025-11-01T07:00:00+09:00	user-001-1 user-002-1 user-003-0 user-004-1 user-005-0 user-006-0 user-007-0 user-008-0 user-009-0 user-010-0 user-011-0 user-012-0
3325	cmd-3325	2025-11-01T08:10:00+09:00	user-001-1 user-002-0 user-003-0 user-004-0 user-005-0 user-006-0 user-007-0 user-008-0 user-009-0 user-010-0 user-011-0 user-012-0
3326	cmd-3326	2025-11-01T09:53:00+09:00	user-001-1 user-002-1 user-003-0 user-004-1 user-005-0 user-006-0 user-007-0 user-008-0 user-009-0 user-010-0 user-011-0 user-012-0
3327	cmd-3327	2025-11-01T10:50:00+09:00	user-001-1 user-002-1 user-003-0 user-004-1 user-005-0 user-006-0 user-007-0 user-008-0 user-009-0 user-010-0 user-011-0 user-012-0
3328	cmd-3328	2025-11-01T17:11:00+09:00	user-001-1 user-002-1 user-003-0 user-004-1 user-005-0 user-006-0 user-007-0 user-008-0 user-009-0 user-010-0 user-011-0 user-012-0
3329	cmd-3329	2025-11-01T23:00:00+09:00	user-001-1 user-002-1 user-003-0 user-004-1 user-005-0 user-006-0 user-007-0 user-008-0 user-009-0 user-010-0 user-011-0 user-012-0
3330	cmd-3330	2025-11-02T08:17:00+09:00	user-001-1 user-002-0 user-003-0 user-004-0 user-005-0 user-006-0 user-007-0 user-008-0 user-009-0 user-010-0 user-011-0 user-012-0
3331	cmd-3331	2025-11-02T09:24:00+09:00	user-001-1 user-002-1 user-003-0 user-004-1 user-005-0 user-006-0 user-007-0 user-008-0 user-009-0 user-010-0 user-011-0 user-012-0
3332	cmd-3332	2025-11-02T16:05:00+09:00	user-001-1 user-002-1 user-003-0 user-004-1 user-005-0 user-006-0 user-007-0 user-008-0 user-009-0 user-010-0 user-011-0 user-012-0
3333	cmd-3333	2025-11-02T16:14:00+09:00	user-001-1 user-002-0 user-003-0 user-004-0 user-005-0 user-006-0 user-007-0 user-008-0 user-009-0 user-010-0 user-011-0 user-012-0
3334	cmd-3334	2025-11-03T00:03:00+09:00	user-001-1 user-002-1 user-003-0 user-004-1 user-005-0 user-006-0 user-007-0 user-008-0 user-009-0 user-010-0 user-011-0 user-012-0
3335	cmd-3335	2025-11-03T04:43:00+09:00	user-001-1 user-002-1 user-003-0 user-004-1 user-005-0 user-006-0 user-007-0 user-008-0 user-009-0 user-010-0 user-011-0 user-012-0
3336	cmd-3336	2025-11-03T08:03:00+09:00	user-001-1 user-002-0 user-003-0 user-004-0 user-005-0 user-006-0 user-007-0 user-008-0 user-009-0 user-010-0 user-011-0 user-012-0
3337	cmd-3337	2025-11-03T11:26:00+09:00	user-001-1 user-002-1 user-003-0 user-004-1 user-005-0 user-006-0 user-007-0 user-008-0 user-009-0 user-010-0 user-011-0 user-012-0
3338	cmd-3338	2025-11-03T12:59:00+09:00	user-001-1 user-002-0 user-003-0 user-004-0 user-005-0 user-006-0 user-007-0 user-008-0 user-009-0 user-010-0 user-011-0 user-012-0
3339	cmd-3339	2025-11-03T17:04:00+09:00	user-001-1 user-002-0 user-003-0 user-004-0 user-005-0 user-006-0 user-007-0 user-008-0 user-009-0 user-010-0 user-011-0 user-012-0
3340	cmd-3340	2025-11-03T17:57:00+09:00	user-001-1 user-002-1 user-003-0 user-004-1 user-005-0 user-006-0 user-007-0 user-008-0 user-009-0 user-010-0 user-011-0 user-012-0
3341	cmd-3341	2025-11-03T18:00:00+09:00	user-001-1 user-002-1 user-003-0 user-004-1 user-005-0 user-006-0 user-007-0 user-008-0 user-009-0 user-010-0 user-011-0 user-012-0
3342	cmd-3342	2025-11-03T19:43:00+09:00	user-001-1 user-002-0 user-003-0 user-004-0 user-005-0 user-006-0 user-007-0 user-008-0 user-009-0 user-010-0 user-011-0 user-012-0
3343	cmd-3343	2025-11-03T19:48:00+09:00	user-001-1 user-002-1 user-003-0 user-004-1 user-005-0 user-006-0 user-007-0 user-008-0 user-009-0 user-010-0 user-011-0 user-012-0
3344	cmd-3344	2025-11-03T20:16:00+09:00	user-001-1 user-002-1 user-003-0 user-004-1 user-005-0 user-006-0 user-007-0 user-008-0 user-009-0 user-010-0 user-011-0 user-012-0
3345	cmd-3345	2025-11-03T23:48:00+09:00	user-001-1 user-002-1 user-003-0 user-004-1 user-005-0 user-006-0 user-007-0 user-008-0 user-009-0 user-010-0 user-011-0 user-012-0
3346	cmd-3346	2025-11-04T00:20:00+09:00	user-001-1 user-002-1 user-003-0 user-004-1 user-005-0 user-006-0 user-007-0 user-008-0 user-009-0 user-010-0 user-011-0 user-012-0
3347	cmd-3347	2025-11-04T04:19:00+09:00	user-001-1 user-002-1 user-003-0 user-004-1 user-005-0 user-006-0 user-007-0 user-008-0 user-009-0 user-010-0 user-011-0 user-012-0
3348	cmd-3348	2025-11-04T05:05:00+09:00	user-001-1 user-002-0 user-003-0 user-004-0 user-005-0 user-006-0 user-007-0 user-008-0 user-009-0 user-010-0 user-011-0 user-012-0
3349	cmd-3349	2025-11-04T09:59:00+09:00	user-001-1 user-002-0 user-003-0 user-004-0 user-005-0 user-006-0 user-007-0 user-008-0 user-009-0 user-010-0 user-011-0 user-012-0
3350	cmd-3350	2025-11-04T10:19:00+09:00	user-001-1 user-002-0 user-003-0 user-004-0 user-005-0 user-006-0 user-007-0 user-008-0 user-009-0 user-010-0 user-011-0 user-012-0
3351	cmd-3351	2025-11-04T11:16:00+09:00	user-001-1 user-002-1 user-003-0 user-004-1 user-005-0 user-006-0 user-007-0 user-008-0 user-009-0 user-010-0 user-011-0 user-012-0
3352	cmd-3352	2025-11-04T12:13:00+09:00	user-001-1 user-002-1 user-003-0 user-004-1 user-005-0 user-006-0 user-007-0 user-008-0 user-009-0 user-010-0 user-011-0 user-012-0
3353	cmd-3353	2025-11-04T13:09:00+09:00	user-001-1 user-002-0 user-003-0 user-004-0 user-005-0 user-006-0 user-007-0 user-008-0 user-009-0 user-010-0 user-011-0 user-012-0
3354	cmd-3354	2025-11-04T14:21:00+09:00	user-001-1 user-002-1 user-003-0 user-004-1 user-005-0 user-006-0 user-007-0 user-008-0 user-009-0 user-010-0 user-011-0 user-012-0
3355	cmd-3355	2025-11-04T20:10:00+09:00	user-001-1 user-002-0 user-003-0 user-004-0 user-005-0 user-006-0 user-007-0 user-008-0 user-009-0 user-010-0 user-011-0 user-012-0
3356	cmd-3356	2025-11-04T20:12:00+09:00	user-001-1 user-002-1 user-003-0 user-004-1 user-005-0 user-006-0 user-007-0 user-008-0 user-009-0 user-010-0 user-011-0 user-012-0
3357	cmd-3357	2025-11-05T00:47:00+09:00	user-001-1 user-002-1 user-003-0 user-004-1 user-005-0 user-006-0 user-007-0 user-008-0 user-009-0 user-010-0 user-011-0 user-012-0
3358	cmd-3358	2025-11-05T02:54:00+09:00	user-001-1 user-002-0 user-003-0 user-004-0 user-005-0 user-006-0 user-007-0 user-008-0 user-009-0 user-010-0 user-011-0 user-012-0
3359	cmd-3359	2025-11-05T03:33:00+09:00	user-001-1 user-002-0 user-003-0 user-004-0 user-005-0 user-006-0 user-007-0 user-008-0 user-009-0 user-010-0 user-011-0 user-012-0
3360	cmd-3360	2025-11-05T04:26:00+09:00	user-001-1 user-002-1 user-003-0 user-004-1 user-005-0 user-006-0 user-007-0 user-008-0 user-009-0 user-010-0 user-011-0 user-012-0
3361	cmd-3361	2025-11-05T04:50:00+09:00	user-001-1 user-002-1 user-003-0 user-004-1 user-005-0 user-006-0 user-007-0 user-008-0 user-009-0 user-010-0 user-011-0 user-012-0
3362	cmd-3362	2025-11-05T07:14:00+09:00	user-001-1 user-002-0 user-003-0 user-004-0 user-005-0 user-006-0 user-007-0 user-008-0 user-009-0 user-010-0 user-011-0 user-012-0
3363	cmd-3363	2025-11-05T12:08:00+09:00	user-001-1 user-002-1 user-003-0 user-004-1 user-005-0 user-006-0 user-007-0 user-008-0 user-009-0 user-010-0 user-011-0 user-012-0
3364	cmd-3364	2025-11-05T12:15:00+09:00	user-001-1 user-002-1 user-003-0 user-004-1 user-005-0 user-006-0 user-007-0 user-008-0 user-009-0 user-010-0 user-011-0 user-012-0
3365	cmd-3365	2025-11-05T13:04:00+09:00	user-001-1 user-002-1 user-003-0 user-004-1 user-005-0 user-006-0 user-007-0 user-008-0 user-009-0 user-010-0 user-011-0 user-012-0
3366	cmd-3366	2025-11-05T15:15:00+09:00	user-001-1 user-002-0 user-003-0 user-004-0 user-005-0 user-006-0 user-007-0 user-008-0 user-009-0 user-010-0 user-011-0 user-012-0
3367	cmd-3367	2025-11-05T16:22:00+09:00	user-001-1 user-002-0 user-003-0 user-004-0 user-005-0 user-006-0 user-007-0 user-008-0 user-009-0 user-010-0 user-011-0 user-012-0
3368	cmd-3368	2025-11-05T18:43:00+09:00	user-001-1 user-002-0 user-003-0 user-004-0 user-005-0 user-006-0 user-007-0 user-008-0 user-009-0 user-010-0 user-011-0 user-012-0
3369	cmd-3369	2025-11-06T00:35:00+09:00	user-001-1 user-002-1 user-003-0 user-004-1 user-005-0 user-006-0 user-007-0 user-008-0 user-009-0 user-010-0 user-011-0 user-012-0
3370	cmd-3370	2025-11-06T02:02:00+09:00	user-001-1 user-002-1 user-003-0 user-004-1 user-005-0 user-006-0 user-007-0 user-008-0 user-009-0 user-010-0 user-011-0 user-012-0
3371	cmd-3371	2025-11-06T03:33:00+09:00	user-001-1 user-002-1 user-003-0 user-004-1 user-005-0 user-006-0 user-007-0 user-008-0 user-009-0 user-010-0 user-011-0 user-012-0
3372	cmd-3372	2025-11-06T05:43:00+09:00	user-001-1 user-002-1 user-003-0 user-004-1 user-005-0 user-006-0 user-007-0 user-008-0 user-009-0 user-010-0 user-011-0 user-012-0
3373	cmd-3373	2025-11-06T10:31:00+09:00	user-001-1 user-002-1 user-003-0 user-004-1 user-005-0 user-006-0 user-007-0 user-008-0 user-009-0 user-010-0 user-011-0 user-012-0
3374	cmd-3374	2025-11-06T10:55:00+09:00	user-001-1 user-002-1 user-003-0 user-004-1 user-005-0 user-006-0 user-007-0 user-008-0 user-009-0 user-010-0 user-011-0 user-012-0
3375	cmd-3375	2025-11-06T13:19:00+09:00	user-001-1 user-002-1 user-003-0 user-004-1 user-005-0 user-006-0 user-007-0 user-008-0 user-009-0 user-010-0 user-011-0 user-012-0
3376	cmd-3376	2025-11-06T15:29:00+09:00	user-001-1 user-002-1 user-003-0 user-004-1 user-005-0 user-006-0 user-007-0 user-008-0 user-009-0 user-010-0 user-011-0 user-012-0
3377	cmd-3377	2025-11-06T16:06:00+09:00	user-001-1 user-002-1 user-003-0 user-004-1 user-005-0 user-006-0 user-007-0 user-008-0 user-009-0 user-010-0 user-011-0 user-012-0
3378	cmd-3378	2025-11-06T20:18:00+09:00	user-001-1 user-002-1 user-003-0 user-004-1 user-005-0 user-006-0 user-007-0 user-008-0 user-009-0 user-010-0 user-011-0 user-012-0
3379	cmd-3379	2025-11-07T04:37:00+09:00	user-001-1 user-002-1 user-003-0 user-004-1 user-005-0 user-006-0 user-007-0 user-008-0 user-009-0 user-010-0 user-011-0 user-012-0
3380	cmd-3380	2025-11-07T04:43:00+09:00	user-001-1 user-002-0 user-003-0 user-004-0 user-005-0 user-006-0 user-007-0 user-008-0 user-009-0 user-010-0 user-011-0 user-012-0
3381	cmd-3381	2025-11-07T05:40:00+09:00	user-001-1 user-002-0 user-003-0 user-004-0 user-005-0 user-006-0 user-007-0 user-008-0 user-009-0 user-010-0 user-011-0 user-012-0
3382	cmd-3382	2025-11-07T05:54:00+09:00	user-001-1 user-002-1 user-003-0 user-004-1 user-005-0 user-006-0 user-007-0 user-008-0 user-009-0 user-010-0 user-011-0 user-012-0
3383	cmd-3383	2025-11-07T11:52:00+09:00	user-001-1 user-002-1 user-003-0 user-004-1 user-005-0 user-006-0 user-007-0 user-008-0 user-009-0 user-010-0 user-011-0 user-012-0
3384	cmd-3384	2025-11-07T12:07:00+09:00	user-001-1 user-002-0 user-003-0 user-004-0 user-005-0 user-006-0 user-007-0 user-008-0 user-009-0 user-010-0 user-011-0 user-012-0
3385	cmd-3385	2025-11-07T16:54:00+09:00	user-001-1 user-002-0 user-003-0 user-004-0 user-005-0 user-006-0 user-007-0 user-008-0 user-009-0 user-010-0 user-011-0 user-012-0
3386	cmd-3386	2025-11-07T17:20:00+09:00	user-001-1 user-002-1 user-003-0 user-004-1 user-005-0 user-006-0 user-007-0 user-008-0 user-009-0 user-010-0 user-011-0 user-012-0
3387	cmd-3387	2025-11-07T18:17:00+09:00	user-001-1 user-002-1 user-003-0 user-004-1 user-005-0 user-006-0 user-007-0 user-008-0 user-009-0 user-010-0 user-011-0 user-012-0
3388	cmd-3388	2025-11-07T18:33:00+09:00	user-001-1 user-002-1 user-003-0 user-004-1 user-005-0 user-006-0 user-007-0 user-008-0 user-009-0 user-010-0 user-011-0 user-012-0
3389	cmd-3389	2025-11-08T03:27:00+09:00	user-001-1 user-002-1 user-003-0 user-004-1 user-005-0 user-006-0 user-007-0 user-008-0 user-009-0 user-010-0 user-011-0 user-012-0
3390	cmd-3390	2025-11-08T03:49:00+09:00	user-001-1 user-002-1 user-003-0 user-004-1 user-005-0 user-006-0 user-007-0 user-008-0 user-009-0 user-010-0 user-011-0 user-012-0
3391	cmd-3391	2025-11-08T04:56:00+09:00	user-001-1 user-002-0 user-003-0 user-004-0 user-005-0 user-006-0 user-007-0 user-008-0 user-009-0 user-010-0 user-011-0 user-012-0
3392	cmd-3392	2025-11-08T08:43:00+09:00	user-001-1 user-002-0 user-003-0 user-004-0 user-005-0 user-006-0 user-007-0 user-008-0 user-009-0 user-010-0 user-011-0 user-012-0
3393	cmd-3393	2025-11-08T08:46:00+09:00	user-001-1 user-002-0 user-003-0 user-004-0 user-005-0 user-006-0 user-007-0 user-008-0 user-009-0 user-010-0 user-011-0 user-012-0
3394	cmd-3394	2025-11-08T11:13:00+09:00	user-001-1 user-002-1 user-003-0 user-004-1 user-005-0 user-006-0 user-007-0 user-008-0 user-009-0 user-010-0 user-011-0 user-012-0
3395	cmd-3395	2025-11-08T13:52:00+09:00	user-001-1 user-002-1 user-003-0 user-004-1 user-005-0 user-006-0 user-007-0 user-008-0 user-009-0 user-010-0 user-011-0 user-012-0
3396	cmd-3396	2025-11-08T17:38:00+09:00	user-001-1 user-002-0 user-003-0 user-004-0 user-005-0 user-006-0 user-007-0 user-008-0 user-009-0 user-010-0 user-011-0 user-012-0
3397	cmd-3397	2025-11-08T18:34:00+09:00	user-001-1 user-002-1 user-003-0 user-004-1 user-005-0 user-006-0 user-007-0 user-008-0 user-009-0 user-010-0 user-011-0 user-012-0
3398	cmd-3398	2025-11-08T22:51:00+09:00	user-001-1 user-002-0 user-003-0 user-004-0 user-005-0 user-006-0 user-007-0 user-008-0 user-009-0 user-010-0 user-011-0 user-012-0
3399	cmd-3399	2025-11-09T01:26:00+09:00	user-001-1 user-002-1 user-003-0 user-004-1 user-005-0 user-006-0 user-007-0 user-008-0 user-009-0 user-010-0 user-011-0 user-012-0
3400	cmd-3400	2025-11-09T02:47:00+09:00	user-001-1 user-002-0 user-003-0 user-004-0 user-005-0 user-006-0 user-007-0 user-008-0 user-009-0 user-010-0 user-011-0 user-012-0
3401	cmd-3401	2025-10-28T06:18:00+09:00	user-001-0 user-002-0 user-003-0 user-004-0 user-005-0 user-006-0 user-007-0 user-008-0 user-009-0 user-010-0 user-011-0 user-012-0
3402	cmd-3402	2025-10-28T06:31:00+09:00	user-001-0 user-002-0 user-003-0 user-004-0 user-005-0 user-006-0 user-007-0 user-008-0 user-009-0 user-010-1 user-011-1 user-012-0
3403	cmd-3403	2025-10-28T06:41:00+09:00	user-001-0 user-002-0 user-003-1 user-004-1 user-005-0 user-006-0 user-007-0 user-008-0 user-009-0 user-010-0 user-011-0 user-012-0
3404	cmd-3404	2025-10-28T08:16:00+09:00	user-001-0 user-002-0 user-003-0 user-004-0 user-005-0 user-006-0 user-007-0 user-008-0 user-009-0 user-010-0 user-011-0 user-012-1
3405	cmd-3405	2025-10-28T08:19:00+09:00	user-001-0 user-002-0 user-003-0 user-004-0 user-005-0 user-006-0 user-007-0 user-008-0 user-009-0 user-010-0 user-011-0 user-012-0
3406	cmd-3406	2025-10-28T09:28:00+09:00	user-001-0 user-002-0 user-003-0 user-004-0 user-005-0 user-006-0 user-007-0 user-008-0 user-009-0 user-010-0 user-011-0 user-012-0
3407	cmd-3407	2025-10-28T09:51:00+09:00	user-001-1 user-002-1 user-003-1 user-004-0 user-005-1 user-006-0 user-007-0 user-008-0 user-009-0 user-010-0 user-011-0 user-012-0
3408	cmd-3408	2025-10-28T10:54:00+09:00	user-001-0 user-002-0 user-003-0 user-004-0 user-005-0 user-006-0 user-007-0 user-008-0 user-009-0 user-010-0 user-011-0 user-012-0
3409	cmd-3409	2025-10-28T13:33:00+09:00	user-001-1 user-002-1 user-003-1 user-004-0 user-005-1 user-006-0 user-007-0 user-008-0 user-009-0 user-010-0 user-011-0 user-012-0
3410	cmd-3410	2025-10-28T14:04:00+09:00	user-001-0 user-002-0 user-003-0 user-004-0 user-005-0 user-006-0 user-007-0 user-008-0 user-009-0 user-010-1 user-011-1 user-012-0
3411	cmd-3411	2025-10-28T14:53:00+09:00	user-001-1 user-002-0 user-003-0 user-004-0 user-005-0 user-006-0 user-007-0 user-008-0 user-009-0 user-010-0 user-011-0 user-012-0
3412	cmd-3412	2025-10-28T15:25:00+09:00	user-001-1 user-002-1 user-003-0 user-004-0 user-005-0 user-006-0 user-007-1 user-008-0 user-009-0 user-010-1 user-011-0 user-012-0
3413	cmd-3413	2025-10-28T15:49:00+09:00	user-001-1 user-002-0 user-003-0 user-004-0 user-005-0 user-006-0 user-007-0 user-008-0 user-009-0 user-010-0 user-011-0 user-012-0
3414	cmd-3414	2025-10-28T16:06:00+09:00	user-001-1 user-002-1 user-003-1 user-004-0 user-005-1 user-006-0 user-007-0 user-008-0 user-009-0 user-010-0 user-011-0 user-012-0
3415	cmd-3415	2025-10-28T17:17:00+09:00	user-001-0 user-002-0 user-003-0 user-004-0 user-005-0 user-006-0 user-007-0 user-008-0 user-009-0 user-010-1 user-011-1 user-012-0
3416	cmd-3416	2025-10-28T18:25:00+09:00	user-001-0 user-002-0 user-003-0 user-004-0 user-005-0 user-006-0 user-007-0 user-008-1 user-009-0 user-010-0 user-011-0 user-012-0
3417	cmd-3417	2025-10-28T20:32:00+09:00	user-001-0 user-002-0 user-003-0 user-004-0 user-005-0 user-006-0 user-007-0 user-008-0 user-009-0 user-010-0 user-011-0 user-012-0
3418	cmd-3418	2025-10-28T22:32:00+09:00	user-001-0 user-002-0 user-003-0 user-004-0 user-005-0 user-006-0 user-007-0 user-008-1 user-009-0 user-010-1 user-011-1 user-012-0
3419	cmd-3419	2025-10-28T22:44:00+09:00	user-001-0 user-002-0 user-003-0 user-004-0 user-005-0 user-006-0 user-007-0 user-008-0 user-009-0 user-010-0 user-011-0 user-012-0
3420	cmd-3420	2025-10-29T00:22:00+09:00	user-001-1 user-002-1 user-003-1 user-004-0 user-005-1 user-006-0 user-007-0 user-008-0 user-009-0 user-010-0 user-011-0 user-012-0
3421	cmd-3421	2025-10-29T01:41:00+09:00	user-001-0 user-002-0 user-003-0 user-004-0 user-005-0 user-006-0 user-007-0 user-008-0 user-009-0 user-010-0 user-011-0 user-012-0
3422	cmd-3422	2025-10-29T04:16:00+09:00	user-001-1 user-002-1 user-003-1 user-004-0 user-005-1 user-006-0 user-007-0 user-008-0 user-009-0 user-010-0 user-011-0 user-012-0
3423	cmd-3423	2025-10-29T06:47:00+09:00	user-001-0 user-002-0 user-003-0 user-004-1 user-005-0 user-006-0 user-007-0 user-008-0 user-009-0 user-010-0 user-011-0 user-012-0
3424	cmd-3424	2025-10-29T07:29:00+09:00	user-001-1 user-002-1 user-003-1 user-004-1 user-005-0 user-006-0 user-007-0 user-008-0 user-009-0 user-010-0 user-011-0 user-012-0
3425	cmd-3425	2025-10-29T08:27:00+09:00	user-001-1 user-002-0 user-003-0 user-004-0 user-005-0 user-006-0 user-007-0 user-008-0 user-009-0 user-010-0 user-011-0 user-012-0
3426	cmd-3426	2025-10-29T10:02:00+09:00	user-001-1 user-002-1 user-003-0 user-004-0 user-005-1 user-006-0 user-007-1 user-008-0 user-009-0 user-010-0 user-011-0 user-012-0
3427	cmd-3427	2025-10-29T13:18:00+09:00	user-001-0 user-002-0 user-003-0 user-004-0 user-005-0 user-006-0 user-007-0 user-008-0 user-009-0 user-010-0 user-011-1 user-012-0
3428	cmd-3428	2025-10-29T13:27:00+09:00	user-001-0 user-002-0 user-003-0 user-004-0 user-005-0 user-006-0 user-007-0 user-008-1 user-009-0 user-010-0 user-011-0 user-012-0
3429	cmd-3429	2025-10-29T15:17:00+09:00	user-001-1 user-002-1 user-003-1 user-004-0 user-005-1 user-006-0 user-007-0 user-008-0 user-009-0 user-010-0 user-011-0 user-012-0
3430	cmd-3430	2025-10-29T15:38:00+09:00	user-001-0 user-002-0 user-003-0 user-004-0 user-005-0 user-006-0 user-007-0 user-008-0 user-009-0 user-010-1 user-011-1 user-012-0
3431	cmd-3431	2025-10-29T16:27:00+09:00	user-001-1 user-002-1 user-003-1 user-004-0 user-005-1 user-006-0 user-007-0 user-008-0 user-009-0 user-010-0 user-011-0 user-012-0
3432	cmd-3432	2025-10-29T17:16:00+09:00	user-001-0 user-002-0 user-003-0 user-004-0 user-005-0 user-006-0 user-007-0 user-008-0 user-009-0 user-010-1 user-011-0 user-012-0
3433	cmd-3433	2025-10-29T17:36:00+09:00	user-001-0 user-002-0 user-003-0 user-004-0 user-005-0 user-006-0 user-007-0 user-008-0 user-009-0 user-010-0 user-011-0 user-012-0
3434	cmd-3434	2025-10-29T17:43:00+09:00	user-001-1 user-002-1 user-003-0 user-004-0 user-005-1 user-006-0 user-007-1 user-008-0 user-009-0 user-010-0 user-011-0 user-012-0
3435	cmd-3435	2025-10-29T19:17:00+09:00	user-001-0 user-002-0 user-003-0 user-004-0 user-005-0 user-006-0 user-007-0 user-008-0 user-009-0 user-010-0 user-011-0 user-012-0
3436	cmd-3436	2025-10-29T19:34:00+09:00	user-001-1 user-002-1 user-003-1 user-004-1 user-005-0 user-006-0 user-007-0 user-008-0 user-009-0 user-010-0 user-011-0 user-012-0
3437	cmd-3437	2025-10-29T21:49:00+09:00	user-001-0 user-002-0 user-003-0 user-004-0 user-005-0 user-006-0 user-007-0 user-008-0 user-009-0 user-010-1 user-011-1 user-012-0
3438	cmd-3438	2025-10-29T22:11:00+09:00	user-001-1 user-002-1 user-003-0 user-004-0 user-005-0 user-006-0 user-007-1 user-008-0 user-009-0 user-010-0 user-011-0 user-012-0
3439	cmd-3439	2025-10-29T22:48:00+09:00	user-001-0 user-002-0 user-003-0 user-004-0 user-005-0 user-006-0 user-007-0 user-008-1 user-009-0 user-010-0 user-011-0 user-012-0
3440	cmd-3440	2025-10-29T22:53:00+09:00	user-001-0 user-002-0 user-003-0 user-004-0 user-005-0 user-006-0 user-007-0 user-008-0 user-009-0 user-010-0 user-011-0 user-012-0
3441	cmd-3441	2025-10-29T23:04:00+09:00	user-001-0 user-002-0 user-003-0 user-004-0 user-005-0 user-006-0 user-007-0 user-008-0 user-009-0 user-010-0 user-011-0 user-012-0
3442	cmd-3442	2025-10-30T00:24:00+09:00	user-001-1 user-002-1 user-003-1 user-004-0 user-005-1 user-006-0 user-007-0 user-008-0 user-009-0 user-010-0 user-011-0 user-012-0
3443	cmd-3443	2025-10-30T00:33:00+09:00	user-001-0 user-002-0 user-003-0 user-004-0 user-005-0 user-006-0 user-007-0 user-008-0 user-009-0 user-010-0 user-011-0 user-012-0
3444	cmd-3444	2025-10-30T00:35:00+09:00	user-001-1 user-002-1 user-003-1 user-004-0 user-005-1 user-006-0 user-007-0 user-008-0 user-009-0 user-010-0 user-011-0 user-012-0
3445	cmd-3445	2025-10-30T00:50:00+09:00	user-001-1 user-002-1 user-003-1 user-004-1 user-005-0 user-006-0 user-007-0 user-008-0 user-009-0 user-010-0 user-011-0 user-012-0
3446	cmd-3446	2025-10-30T01:24:00+09:00	user-001-1 user-002-1 user-003-1 user-004-1 user-005-0 user-006-0 user-007-0 user-008-0 user-009-0 user-010-0 user-011-0 user-012-0
3447	cmd-3447	2025-10-30T05:34:00+09:00	user-001-1 user-002-1 user-003-1 user-004-0 user-005-1 user-006-0 user-007-0 user-008-0 user-009-0 user-010-0 user-011-0 user-012-0
3448	cmd-3448	2025-10-30T09:14:00+09:00	user-001-1 user-002-0 user-003-0 user-004-0 user-005-0 user-006-0 user-007-0 user-008-0 user-009-0 user-010-1 user-011-1 user-012-0
3449	cmd-3449	2025-10-30T10:37:00+09:00	user-001-0 user-002-0 user-003-0 user-004-0 user-005-0 user-006-0 user-007-0 user-008-0 user-009-0 user-010-0 user-011-0 user-012-0
3450	cmd-3450	2025-10-30T10:58:00+09:00	user-001-0 user-002-0 user-003-0 user-004-0 user-005-0 user-006-0 user-007-0 user-008-1 user-009-0 user-010-0 user-011-0 user-012-0
3451	cmd-3451	2025-10-30T11:12:00+09:00	user-001-0 user-002-0 user-003-0 user-004-0 user-005-0 user-006-0 user-007-0 user-008-0 user-009-0 user-010-0 user-011-0 user-012-0
3452	cmd-3452	2025-10-30T11:58:00+09:00	user-001-1 user-002-0 user-003-0 user-004-0 user-005-0 user-006-0 user-007-0 user-008-0 user-009-0 user-010-0 user-011-0 user-012-0
3453	cmd-3453	2025-10-30T13:40:00+09:00	user-001-0 user-002-0 user-003-0 user-004-0 user-005-0 user-006-0 user-007-0 user-008-0 user-009-0 user-010-0 user-011-0 user-012-0
3454	cmd-3454	2025-10-30T14:19:00+09:00	user-001-1 user-002-0 user-003-0 user-004-0 user-005-0 user-006-0 user-007-0 user-008-0 user-009-0 user-010-1 user-011-1 user-012-0
3455	cmd-3455	2025-10-30T14:30:00+09:00	user-001-0 user-002-0 user-003-0 user-004-0 user-005-0 user-006-0 user-007-0 user-008-0 user-009-0 user-010-1 user-011-0 user-012-0
3456	cmd-3456	2025-10-30T15:36:00+09:00	user-001-0 user-002-0 user-003-0 user-004-0 user-005-0 user-006-0 user-007-0 user-008-1 user-009-0 user-010-0 user-011-0 user-012-0
3457	cmd-3457	2025-10-30T18:24:00+09:00	user-001-1 user-002-1 user-003-0 user-004-0 user-005-1 user-006-0 user-007-1 user-008-0 user-009-0 user-010-0 user-011-0 user-012-0
3458	cmd-3458	2025-10-30T18:45:00+09:00	user-001-0 user-002-0 user-003-0 user-004-0 user-005-0 user-006-0 user-007-0 user-008-1 user-009-0 user-010-1 user-011-1 user-012-0
3459	cmd-3459	2025-10-30T19:08:00+09:00	user-001-1 user-002-1 user-003-1 user-004-0 user-005-1 user-006-0 user-007-0 user-008-0 user-009-0 user-010-0 user-011-0 user-012-0
3460	cmd-3460	2025-10-30T19:08:00+09:00	user-001-0 user-002-0 user-003-0 user-004-0 user-005-0 user-006-0 user-007-0 user-008-1 user-009-0 user-010-0 user-011-0 user-012-0
3461	cmd-3461	2025-10-30T19:13:00+09:00	user-001-0 user-002-0 user-003-0 user-004-0 user-005-0 user-006-0 user-007-0 user-008-0 user-009-0 user-010-0 user-011-1 user-012-0
3462	cmd-3462	2025-10-30T19:33:00+09:00	user-001-0 user-002-0 user-003-0 user-004-0 user-005-1 user-006-1 user-007-0 user-008-0 user-009-0 user-010-0 user-011-0 user-012-0
3463	cmd-3463	2025-10-30T19:42:00+09:00	user-001-1 user-002-1 user-003-1 user-004-0 user-005-1 user-006-0 user-007-0 user-008-0 user-009-0 user-010-0 user-011-0 user-012-0
3464	cmd-3464	2025-10-30T23:13:00+09:00	user-001-1 user-002-1 user-003-1 user-004-0 user-005-0 user-006-0 user-007-1 user-008-0 user-009-0 user-010-0 user-011-0 user-012-0
3465	cmd-3465	2025-10-30T23:44:00+09:00	user-001-1 user-002-1 user-003-1 user-004-0 user-005-1 user-006-0 user-007-0 user-008-0 user-009-0 user-010-0 user-011-0 user-012-0
3466	cmd-3466	2025-10-31T00:48:00+09:00	user-001-0 user-002-0 user-003-0 user-004-0 user-005-0 user-006-0 user-007-0 user-008-0 user-009-0 user-010-0 user-011-0 user-012-0
3467	cmd-3467	2025-10-31T01:03:00+09:00	user-001-1 user-002-1 user-003-1 user-004-0 user-005-1 user-006-0 user-007-0 user-008-0 user-009-0 user-010-0 user-011-0 user-012-0
3468	cmd-3468	2025-10-31T01:48:00+09:00	user-001-0 user-002-0 user-003-0 user-004-0 user-005-0 user-006-0 user-007-0 user-008-0 user-009-0 user-010-1 user-011-1 user-012-0
3469	cmd-3469	2025-10-31T01:55:00+09:00	user-001-1 user-002-1 user-003-0 user-004-0 user-005-1 user-006-0 user-007-1 user-008-0 user-009-0 user-010-0 user-011-0 user-012-0
3470	cmd-3470	2025-10-31T03:05:00+09:00	user-001-0 user-002-0 user-003-0 user-004-0 user-005-0 user-006-0 user-007-0 user-008-0 user-009-0 user-010-0 user-011-0 user-012-0
3471	cmd-3471	2025-10-31T05:03:00+09:00	user-001-1 user-002-0 user-003-0 user-004-0 user-005-0 user-006-0 user-007-0 user-008-0 user-009-0 user-010-0 user-011-0 user-012-0
3472	cmd-3472	2025-10-31T05:53:00+09:00	user-001-0 user-002-0 user-003-0 user-004-0 user-005-0 user-006-0 user-007-0 user-008-0 user-009-0 user-010-0 user-011-0 user-012-0
3473	cmd-3473	2025-10-31T07:57:00+09:00	user-001-1 user-002-1 user-003-0 user-004-0 user-005-1 user-006-0 user-007-1 user-008-0 user-009-0 user-010-0 user-011-0 user-012-0
3474	cmd-3474	2025-10-31T09:34:00+09:00	user-001-1 user-002-1 user-003-1 user-004-0 user-005-1 user-006-0 user-007-0 user-008-0 user-009-0 user-010-0 user-011-0 user-012-0
3475	cmd-3475	2025-10-31T09:40:00+09:00	user-001-0 user-002-0 user-003-0 user-004-0 user-005-0 user-006-0 user-007-0 user-008-1 user-009-0 user-010-1 user-011-1 user-012-0
3476	cmd-3476	2025-10-31T09:47:00+09:00	user-001-0 user-002-0 user-003-0 user-004-0 user-005-0 user-006-0 user-007-0 user-008-0 user-009-0 user-010-1 user-011-1 user-012-0
3477	cmd-3477	2025-10-31T09:59:00+09:00	user-001-0 user-002-0 user-003-0 user-004-0 user-005-0 user-006-0 user-007-0 user-008-0 user-009-0 user-010-0 user-011-0 user-012-0
3478	cmd-3478	2025-10-31T10:11:00+09:00	user-001-0 user-002-0 user-003-0 user-004-0 user-005-0 user-006-0 user-007-0 user-008-0 user-009-0 user-010-0 user-011-0 user-012-0
3479	cmd-3479	2025-10-31T10:15:00+09:00	user-001-0 user-002-0 user-003-0 user-004-0 user-005-0 user-006-0 user-007-0 user-008-0 user-009-0 user-010-1 user-011-1 user-012-0
3480	cmd-3480	2025-10-31T11:21:00+09:00	user-001-1 user-002-1 user-003-1 user-004-0 user-005-1 user-006-0 user-007-0 user-008-0 user-009-0 user-010-0 user-011-0 user-012-0
3481	cmd-3481	2025-10-31T12:36:00+09:00	user-001-1 user-002-1 user-003-1 user-004-0 user-005-1 user-006-0 user-007-0 user-008-0 user-009-0 user-010-0 user-011-0 user-012-0
3482	cmd-3482	2025-10-31T13:30:00+09:00	user-001-0 user-002-0 user-003-0 user-004-0 user-005-0 user-006-0 user-007-0 user-008-0 user-009-0 user-010-0 user-011-0 user-012-0
3483	cmd-3483	2025-10-31T16:45:00+09:00	user-001-0 user-002-0 user-003-0 user-004-0 user-005-0 user-006-0 user-007-0 user-008-0 user-009-0 user-010-0 user-011-0 user-012-0
3484	cmd-3484	2025-10-31T17:48:00+09:00	user-001-0 user-002-0 user-003-0 user-004-0 user-005-0 user-006-0 user-007-0 user-008-0 user-009-0 user-010-1 user-011-1 user-012-0
3485	cmd-3485	2025-10-31T17:48:00+09:00	user-001-1 user-002-0 user-003-0 user-004-0 user-005-0 user-006-0 user-007-0 user-008-0 user-009-0 user-010-0 user-011-0 user-012-0
3486	cmd-3486	2025-10-31T19:12:00+09:00	user-001-0 user-002-0 user-003-0 user-004-0 user-005-0 user-006-0 user-007-0 user-008-0 user-009-0 user-010-1 user-011-0 user-012-0
3487	cmd-3487	2025-10-31T19:39:00+09:00	user-001-0 user-002-0 user-003-0 user-004-0 user-005-0 user-006-0 user-007-0 user-008-0 user-009-0 user-010-0 user-011-0 user-012-0
3488	cmd-3488	2025-10-31T19:48:00+09:00	user-001-1 user-002-1 user-003-0 user-004-0 user-005-1 user-006-0 user-007-1 user-008-0 user-009-0 user-010-0 user-011-0 user-012-0
3489	cmd-3489	2025-10-31T20:43:00+09:00	user-001-1 user-002-1 user-003-1 user-004-0 user-005-1 user-006-0 user-007-0 user-008-0 user-009-0 user-010-0 user-011-0 user-012-0
3490	cmd-3490	2025-10-31T21:12:00+09:00	user-001-1 user-002-1 user-003-1 user-004-0 user-005-1 user-006-0 user-007-0 user-008-0 user-009-0 user-010-0 user-011-0 user-012-0
3491	cmd-3491	2025-10-31T22:25:00+09:00	user-001-1 user-002-1 user-003-0 user-004-0 user-005-1 user-006-0 user-007-1 user-008-0 user-009-0 user-010-0 user-011-0 user-012-0
3492	cmd-3492	2025-10-31T23:50:00+09:00	user-001-1 user-002-1 user-003-1 user-004-0 user-005-1 user-006-0 user-007-0 user-008-0 user-009-0 user-010-0 user-011-0 user-012-0
3493	cmd-3493	2025-11-01T01:14:00+09:00	user-001-1 user-002-1 user-003-0 user-004-0 user-005-0 user-006-0 user-007-1 user-008-0 user-009-0 user-010-1 user-011-0 user-012-0
3494	cmd-3494	2025-11-01T03:20:00+09:00	user-001-0 user-002-0 user-003-0 user-004-1 user-005-0 user-006-0 user-007-0 user-008-0 user-009-0 user-010-0 user-011-0 user-012-0
3495	cmd-3495	2025-11-01T04:33:00+09:00	user-001-0 user-002-0 user-003-0 user-004-0 user-005-0 user-006-0 user-007-0 user-008-0 user-009-0 user-010-0 user-011-0 user-012-0
3496	cmd-3496	2025-11-01T05:16:00+09:00	user-001-0 user-002-0 user-003-0 user-004-0 user-005-0 user-006-0 user-007-0 user-008-0 user-009-0 user-010-1 user-011-0 user-012-0
3497	cmd-3497	2025-11-01T07:43:00+09:00	user-001-0 user-002-0 user-003-0 user-004-0 user-005-0 user-006-0 user-007-0 user-008-0 user-009-0 user-010-0 user-011-0 user-012-0
3498	cmd-3498	2025-11-01T08:08:00+09:00	user-001-0 user-002-0 user-003-0 user-004-0 user-005-0 user-006-0 user-007-0 user-008-0 user-009-0 user-010-0 user-011-0 user-012-0
3499	cmd-3499	2025-11-01T09:06:00+09:00	user-001-0 user-002-0 user-003-0 user-004-0 user-005-0 user-006-0 user-007-0 user-008-0 user-009-0 user-010-1 user-011-0 user-012-0
3500	cmd-3500	2025-11-01T09:14:00+09:00	user-001-0 user-002-0 user-003-0 user-004-0 user-005-0 user-006-0 user-007-0 user-008-0 user-009-0 user-010-0 user-011-0 user-012-1
3501	cmd-3501	2025-11-01T10:26:00+09:00	user-001-1 user-002-1 user-003-1 user-004-0 user-005-1 user-006-0 user-007-0 user-008-0 user-009-0 user-010-0 user-011-0 user-012-0
3502	cmd-3502	2025-11-01T12:47:00+09:00	user-001-0 user-002-0 user-003-0 user-004-0 user-005-0 user-006-0 user-007-0 user-008-0 user-009-0 user-010-0 user-011-0 user-012-0
3503	cmd-3503	2025-11-01T14:21:00+09:00	user-001-0 user-002-0 user-003-0 user-004-0 user-005-0 user-006-0 user-007-0 user-008-0 user-009-0 user-010-0 user-011-0 user-012-0
3504	cmd-3504	2025-11-01T15:59:00+09:00	user-001-0 user-002-0 user-003-0 user-004-0 user-005-0 user-006-0 user-007-0 user-008-1 user-009-0 user-010-1 user-011-1 user-012-0
3505	cmd-3505	2025-11-01T16:03:00+09:00	user-001-1 user-002-1 user-003-1 user-004-1 user-005-0 user-006-0 user-007-0 user-008-0 user-009-0 user-010-0 user-011-0 user-012-0
3506	cmd-3506	2025-11-01T16:03:00+09:00	user-001-1 user-002-1 user-003-1 user-004-0 user-005-1 user-006-0 user-007-0 user-008-0 user-009-0 user-010-0 user-011-0 user-012-0
3507	cmd-3507	2025-11-01T16:46:00+09:00	user-001-0 user-002-0 user-003-0 user-004-0 user-005-0 user-006-0 user-007-0 user-008-1 user-009-0 user-010-0 user-011-0 user-012-0
3508	cmd-3508	2025-11-01T17:00:00+09:00	user-001-1 user-002-0 user-003-0 user-004-0 user-005-0 user-006-0 user-007-0 user-008-0 user-009-0 user-010-0 user-011-0 user-012-0
3509	cmd-3509	2025-11-01T17:51:00+09:00	user-001-0 user-002-0 user-003-0 user-004-0 user-005-0 user-006-0 user-007-0 user-008-0 user-009-0 user-010-0 user-011-0 user-012-0
3510	cmd-3510	2025-11-01T18:59:00+09:00	user-001-0 user-002-0 user-003-0 user-004-0 user-005-0 user-006-0 user-007-0 user-008-1 user-009-0 user-010-1 user-011-1 user-012-0
3511	cmd-3511	2025-11-01T19:53:00+09:00	user-001-1 user-002-1 user-003-1 user-004-0 user-005-1 user-006-0 user-007-0 user-008-0 user-009-0 user-010-0 user-011-0 user-012-0
3512	cmd-3512	2025-11-01T22:33:00+09:00	user-001-1 user-002-0 user-003-0 user-004-0 user-005-0 user-006-0 user-007-0 user-008-0 user-009-0 user-010-1 user-011-0 user-012-0
3513	cmd-3513	2025-11-01T23:53:00+09:00	user-001-0 user-002-0 user-003-0 user-004-0 user-005-0 user-006-0 user-007-0 user-008-0 user-009-0 user-010-0 user-011-0 user-012-0
3514	cmd-3514	2025-11-02T02:07:00+09:00	user-001-1 user-002-1 user-003-0 user-004-0 user-005-0 user-006-0 user-007-0 user-008-0 user-009-0 user-010-0 user-011-0 user-012-0
3515	cmd-3515	2025-11-02T02:25:00+09:00	user-001-1 user-002-1 user-003-1 user-004-0 user-005-1 user-006-0 user-007-0 user-008-0 user-009-0 user-010-0 user-011-0 user-012-0
3516	cmd-3516	2025-11-02T02:40:00+09:00	user-001-0 user-002-0 user-003-0 user-004-0 user-005-0 user-006-0 user-007-0 user-008-0 user-009-0 user-010-1 user-011-1 user-012-0
3517	cmd-3517	2025-11-02T03:41:00+09:00	user-001-0 user-002-0 user-003-0 user-004-0 user-005-0 user-006-0 user-007-0 user-008-0 user-009-0 user-010-0 user-011-0 user-012-0
3518	cmd-3518	2025-11-02T05:52:00+09:00	user-001-1 user-002-1 user-003-1 user-004-0 user-005-1 user-006-0 user-007-0 user-008-0 user-009-0 user-010-0 user-011-0 user-012-0
3519	cmd-3519	2025-11-02T06:01:00+09:00	user-001-0 user-002-0 user-003-0 user-004-0 user-005-0 user-006-0 user-007-0 user-008-1 user-009-0 user-010-0 user-011-0 user-012-0
3520	cmd-3520	2025-11-02T06:07:00+09:00	user-001-1 user-002-1 user-003-0 user-004-0 user-005-0 user-006-0 user-007-0 user-008-0 user-009-0 user-010-0 user-011-0 user-012-0
3521	cmd-3521	2025-11-02T06:07:00+09:00	user-001-0 user-002-0 user-003-0 user-004-0 user-005-0 user-006-0 user-007-0 user-008-0 user-009-0 user-010-1 user-011-1 user-012-0
3522	cmd-3522	2025-11-02T06:13:00+09:00	user-001-0 user-002-0 user-003-0 user-004-0 user-005-0 user-006-0 user-007-0 user-008-0 user-009-0 user-010-1 user-011-1 user-012-0
3523	cmd-3523	2025-11-02T06:25:00+09:00	user-001-0 user-002-0 user-003-0 user-004-0 user-005-0 user-006-0 user-007-0 user-008-0 user-009-0 user-010-0 user-011-0 user-012-0
3524	cmd-3524	2025-11-02T06:33:00+09:00	user-001-1 user-002-0 user-003-0 user-004-0 user-005-0 user-006-0 user-007-0 user-008-0 user-009-0 user-010-0 user-011-0 user-012-0
3525	cmd-3525	2025-11-02T07:17:00+09:00	user-001-0 user-002-0 user-003-0 user-004-0 user-005-0 user-006-0 user-007-0 user-008-0 user-009-0 user-010-1 user-011-1 user-012-0
3526	cmd-3526	2025-11-02T07:18:00+09:00	user-001-0 user-002-0 user-003-0 user-004-0 user-005-0 user-006-0 user-007-0 user-008-0 user-009-0 user-010-0 user-011-0 user-012-0
3527	cmd-3527	2025-11-02T09:25:00+09:00	user-001-1 user-002-1 user-003-1 user-004-0 user-005-1 user-006-0 user-007-0 user-008-0 user-009-0 user-010-0 user-011-0 user-012-0
3528	cmd-3528	2025-11-02T09:33:00+09:00	user-001-0 user-002-0 user-003-0 user-004-0 user-005-0 user-006-0 user-007-0 user-008-0 user-009-0 user-010-0 user-011-0 user-012-0
3529	cmd-3529	2025-11-02T09:35:00+09:00	user-001-0 user-002-0 user-003-0 user-004-0 user-005-1 user-006-0 user-007-0 user-008-0 user-009-0 user-010-0 user-011-0 user-012-0
3530	cmd-3530	2025-11-02T09:43:00+09:00	user-001-1 user-002-0 user-003-0 user-004-0 user-005-0 user-006-0 user-007-0 user-008-0 user-009-0 user-010-0 user-011-0 user-012-0
3531	cmd-3531	2025-11-02T11:08:00+09:00	user-001-1 user-002-0 user-003-0 user-004-0 user-005-0 user-006-0 user-007-0 user-008-0 user-009-0 user-010-0 user-011-0 user-012-0
3532	cmd-3532	2025-11-02T11:15:00+09:00	user-001-1 user-002-0 user-003-0 user-004-0 user-005-0 user-006-0 user-007-0 user-008-0 user-009-0 user-010-0 user-011-0 user-012-0
3533	cmd-3533	2025-11-02T11:39:00+09:00	user-001-1 user-002-1 user-003-1 user-004-0 user-005-1 user-006-0 user-007-0 user-008-0 user-009-0 user-010-0 user-011-0 user-012-0
3534	cmd-3534	2025-11-02T13:05:00+09:00	user-001-1 user-002-1 user-003-1 user-004-0 user-005-1 user-006-0 user-007-0 user-008-0 user-009-0 user-010-0 user-011-0 user-012-0
3535	cmd-3535	2025-11-02T14:15:00+09:00	user-001-1 user-002-1 user-003-1 user-004-0 user-005-1 user-006-0 user-007-0 user-008-0 user-009-0 user-010-0 user-011-0 user-012-0
3536	cmd-3536	2025-11-02T14:18:00+09:00	user-001-0 user-002-0 user-003-0 user-004-0 user-005-0 user-006-0 user-007-0 user-008-0 user-009-0 user-010-0 user-011-0 user-012-0
3537	cmd-3537	2025-11-02T14:18:00+09:00	user-001-1 user-002-0 user-003-0 user-004-0 user-005-0 user-006-0 user-007-0 user-008-0 user-009-0 user-010-0 user-011-0 user-012-0
3538	cmd-3538	2025-11-02T15:00:00+09:00	user-001-0 user-002-0 user-003-0 user-004-0 user-005-0 user-006-0 user-007-0 user-008-0 user-009-0 user-010-1 user-011-0 user-012-0
3539	cmd-3539	2025-11-02T15:11:00+09:00	user-001-1 user-002-1 user-003-1 user-004-1 user-005-0 user-006-0 user-007-0 user-008-0 user-009-0 user-010-0 user-011-0 user-012-0
3540	cmd-3540	2025-11-02T15:50:00+09:00	user-001-1 user-002-0 user-003-0 user-004-0 user-005-0 user-006-0 user-007-0 user-008-0 user-009-0 user-010-1 user-011-0 user-012-0
3541	cmd-3541	2025-11-02T16:58:00+09:00	user-001-0 user-002-0 user-003-0 user-004-0 user-005-0 user-006-0 user-007-0 user-008-0 user-009-1 user-010-1 user-011-0 user-012-0
3542	cmd-3542	2025-11-02T19:31:00+09:00	user-001-0 user-002-0 user-003-0 user-004-0 user-005-0 user-006-0 user-007-0 user-008-0 user-009-0 user-010-0 user-011-0 user-012-0
3543	cmd-3543	2025-11-02T20:26:00+09:00	user-001-0 user-002-0 user-003-0 user-004-0 user-005-0 user-006-0 user-007-0 user-008-1 user-009-0 user-010-0 user-011-0 user-012-0
3544	cmd-3544	2025-11-02T21:04:00+09:00	user-001-0 user-002-0 user-003-0 user-004-0 user-005-0 user-006-0 user-007-0 user-008-0 user-009-0 user-010-0 user-011-0 user-012-0
3545	cmd-3545	2025-11-02T21:51:00+09:00	user-001-0 user-002-0 user-003-0 user-004-0 user-005-0 user-006-0 user-007-0 user-008-1 user-009-0 user-010-0 user-011-0 user-012-0
3546	cmd-3546	2025-11-03T02:11:00+09:00	user-001-1 user-002-1 user-003-1 user-004-1 user-005-0 user-006-0 user-007-0 user-008-0 user-009-0 user-010-0 user-011-0 user-012-0
3547	cmd-3547	2025-11-03T03:10:00+09:00	user-001-0 user-002-0 user-003-0 user-004-0 user-005-0 user-006-0 user-007-0 user-008-0 user-009-0 user-010-0 user-011-0 user-012-0
3548	cmd-3548	2025-11-03T03:28:00+09:00	user-001-0 user-002-0 user-003-0 user-004-0 user-005-0 user-006-0 user-007-0 user-008-1 user-009-0 user-010-0 user-011-0 user-012-0
3549	cmd-3549	2025-11-03T03:43:00+09:00	user-001-0 user-002-0 user-003-0 user-004-0 user-005-0 user-006-0 user-007-0 user-008-0 user-009-0 user-010-1 user-011-1 user-012-0
3550	cmd-3550	2025-11-03T04:53:00+09:00	user-001-0 user-002-0 user-003-0 user-004-0 user-005-0 user-006-0 user-007-0 user-008-0 user-009-0 user-010-0 user-011-0 user-012-0
3551	cmd-3551	2025-11-03T05:27:00+09:00	user-001-0 user-002-0 user-003-0 user-004-0 user-005-0 user-006-0 user-007-0 user-008-0 user-009-0 user-010-1 user-011-0 user-012-0
3552	cmd-3552	2025-11-03T05:29:00+09:00	user-001-0 user-002-0 user-003-0 user-004-0 user-005-0 user-006-0 user-007-0 user-008-1 user-009-0 user-010-0 user-011-0 user-012-0
3553	cmd-3553	2025-11-03T05:59:00+09:00	user-001-0 user-002-0 user-003-0 user-004-0 user-005-0 user-006-0 user-007-0 user-008-0 user-009-0 user-010-0 user-011-0 user-012-0
3554	cmd-3554	2025-11-03T07:29:00+09:00	user-001-1 user-002-1 user-003-1 user-004-1 user-005-0 user-006-0 user-007-0 user-008-0 user-009-0 user-010-0 user-011-0 user-012-0
3555	cmd-3555	2025-11-03T09:31:00+09:00	user-001-0 user-002-0 user-003-0 user-004-0 user-005-0 user-006-0 user-007-0 user-008-0 user-009-0 user-010-1 user-011-0 user-012-0
3556	cmd-3556	2025-11-03T10:14:00+09:00	user-001-0 user-002-0 user-003-0 user-004-0 user-005-0 user-006-0 user-007-0 user-008-0 user-009-0 user-010-0 user-011-0 user-012-0
3557	cmd-3557	2025-11-03T10:23:00+09:00	user-001-0 user-002-0 user-003-0 user-004-0 user-005-0 user-006-0 user-007-0 user-008-0 user-009-0 user-010-1 user-011-0 user-012-0
3558	cmd-3558	2025-11-03T11:03:00+09:00	user-001-0 user-002-0 user-003-0 user-004-0 user-005-0 user-006-0 user-007-0 user-008-0 user-009-0 user-010-0 user-011-0 user-012-0
3559	cmd-3559	2025-11-03T12:04:00+09:00	user-001-0 user-002-0 user-003-0 user-004-0 user-005-0 user-006-0 user-007-0 user-008-0 user-009-0 user-010-0 user-011-0 user-012-0
3560	cmd-3560	2025-11-03T13:52:00+09:00	user-001-1 user-002-1 user-003-1 user-004-1 user-005-0 user-006-0 user-007-0 user-008-0 user-009-0 user-010-0 user-011-0 user-012-0
3561	cmd-3561	2025-11-03T14:00:00+09:00	user-001-1 user-002-1 user-003-0 user-004-0 user-005-1 user-006-0 user-007-1 user-008-0 user-009-0 user-010-0 user-011-0 user-012-0
3562	cmd-3562	2025-11-03T14:31:00+09:00	user-001-0 user-002-0 user-003-0 user-004-0 user-005-0 user-006-0 user-007-0 user-008-0 user-009-0 user-010-0 user-011-0 user-012-0
3563	cmd-3563	2025-11-03T18:35:00+09:00	user-001-0 user-002-0 user-003-0 user-004-0 user-005-0 user-006-0 user-007-0 user-008-1 user-009-0 user-010-0 user-011-0 user-012-0
3564	cmd-3564	2025-11-03T19:10:00+09:00	user-001-1 user-002-1 user-003-1 user-004-0 user-005-1 user-006-0 user-007-0 user-008-0 user-009-0 user-010-0 user-011-0 user-012-0
3565	cmd-3565	2025-11-03T19:44:00+09:00	user-001-0 user-002-0 user-003-0 user-004-0 user-005-0 user-006-0 user-007-0 user-008-1 user-009-0 user-010-0 user-011-0 user-012-0
3566	cmd-3566	2025-11-03T19:51:00+09:00	user-001-1 user-002-0 user-003-0 user-004-0 user-005-0 user-006-0 user-007-0 user-008-0 user-009-0 user-010-0 user-011-0 user-012-0
3567	cmd-3567	2025-11-03T21:38:00+09:00	user-001-0 user-002-0 user-003-0 user-004-0 user-005-0 user-006-0 user-007-0 user-008-0 user-009-0 user-010-0 user-011-0 user-012-0
3568	cmd-3568	2025-11-03T22:27:00+09:00	user-001-1 user-002-1 user-003-0 user-004-0 user-005-1 user-006-0 user-007-1 user-008-0 user-009-0 user-010-0 user-011-0 user-012-0
3569	cmd-3569	2025-11-03T22:35:00+09:00	user-001-0 user-002-0 user-003-0 user-004-0 user-005-0 user-006-0 user-007-0 user-008-1 user-009-0 user-010-0 user-011-0 user-012-0
3570	cmd-3570	2025-11-03T23:28:00+09:00	user-001-0 user-002-0 user-003-0 user-004-0 user-005-0 user-006-0 user-007-0 user-008-0 user-009-0 user-010-1 user-011-1 user-012-0
3571	cmd-3571	2025-11-03T23:33:00+09:00	user-001-0 user-002-0 user-003-0 user-004-0 user-005-0 user-006-0 user-007-0 user-008-0 user-009-0 user-010-1 user-011-0 user-012-0
3572	cmd-3572	2025-11-04T01:38:00+09:00	user-001-1 user-002-0 user-003-0 user-004-0 user-005-0 user-006-0 user-007-0 user-008-0 user-009-0 user-010-0 user-011-0 user-012-0
3573	cmd-3573	2025-11-04T03:00:00+09:00	user-001-0 user-002-0 user-003-0 user-004-0 user-005-0 user-006-0 user-007-0 user-008-0 user-009-0 user-010-0 user-011-0 user-012-0
3574	cmd-3574	2025-11-04T03:02:00+09:00	user-001-0 user-002-0 user-003-0 user-004-0 user-005-0 user-006-0 user-007-0 user-008-0 user-009-0 user-010-0 user-011-0 user-012-0
3575	cmd-3575	2025-11-04T03:32:00+09:00	user-001-1 user-002-1 user-003-1 user-004-0 user-005-1 user-006-0 user-007-0 user-008-0 user-009-0 user-010-0 user-011-0 user-012-0
3576	cmd-3576	2025-11-04T04:09:00+09:00	user-001-0 user-002-0 user-003-0 user-004-0 user-005-0 user-006-0 user-007-0 user-008-0 user-009-0 user-010-0 user-011-0 user-012-0
3577	cmd-3577	2025-11-04T05:22:00+09:00	user-001-1 user-002-1 user-003-1 user-004-0 user-005-1 user-006-0 user-007-0 user-008-0 user-009-0 user-010-0 user-011-0 user-012-0
3578	cmd-3578	2025-11-04T07:42:00+09:00	user-001-0 user-002-0 user-003-0 user-004-0 user-005-0 user-006-0 user-007-0 user-008-0 user-009-0 user-010-0 user-011-0 user-012-0
3579	cmd-3579	2025-11-04T08:14:00+09:00	user-001-1 user-002-1 user-003-0 user-004-0 user-005-1 user-006-0 user-007-1 user-008-0 user-009-0 user-010-0 user-011-0 user-012-0
3580	cmd-3580	2025-11-04T08:47:00+09:00	user-001-1 user-002-0 user-003-0 user-004-0 user-005-0 user-006-0 user-007-0 user-008-0 user-009-0 user-010-0 user-011-0 user-012-0
3581	cmd-3581	2025-11-04T09:13:00+09:00	user-001-1 user-002-1 user-003-1 user-004-0 user-005-1 user-006-0 user-007-0 user-008-0 user-009-0 user-010-0 user-011-0 user-012-0
3582	cmd-3582	2025-11-04T14:11:00+09:00	user-001-1 user-002-1 user-003-1 user-004-0 user-005-1 user-006-0 user-007-0 user-008-0 user-009-0 user-010-0 user-011-0 user-012-0
3583	cmd-3583	2025-11-04T14:52:00+09:00	user-001-1 user-002-1 user-003-0 user-004-0 user-005-1 user-006-0 user-007-1 user-008-0 user-009-0 user-010-0 user-011-0 user-012-0
3584	cmd-3584	2025-11-04T16:01:00+09:00	user-001-1 user-002-0 user-003-0 user-004-0 user-005-0 user-006-0 user-007-0 user-008-0 user-009-0 user-010-0 user-011-0 user-012-0
3585	cmd-3585	2025-11-04T18:15:00+09:00	user-001-0 user-002-0 user-003-0 user-004-0 user-005-0 user-006-0 user-007-0 user-008-0 user-009-0 user-010-0 user-011-0 user-012-0
3586	cmd-3586	2025-11-04T19:21:00+09:00	user-001-0 user-002-0 user-003-0 user-004-0 user-005-0 user-006-0 user-007-0 user-008-0 user-009-0 user-010-1 user-011-0 user-012-0
3587	cmd-3587	2025-11-04T19:30:00+09:00	user-001-0 user-002-0 user-003-1 user-004-1 user-005-0 user-006-0 user-007-0 user-008-0 user-009-0 user-010-0 user-011-0 user-012-0
3588	cmd-3588	2025-11-04T20:41:00+09:00	user-001-1 user-002-1 user-003-1 user-004-0 user-005-1 user-006-0 user-007-0 user-008-0 user-009-0 user-010-0 user-011-0 user-012-0
3589	cmd-3589	2025-11-04T20:44:00+09:00	user-001-1 user-002-1 user-003-1 user-004-1 user-005-0 user-006-0 user-007-0 user-008-0 user-009-0 user-010-0 user-011-0 user-012-0
3590	cmd-3590	2025-11-04T21:29:00+09:00	user-001-0 user-002-0 user-003-0 user-004-0 user-005-0 user-006-0 user-007-0 user-008-1 user-009-0 user-010-0 user-011-0 user-012-0
3591	cmd-3591	2025-11-04T22:24:00+09:00	user-001-0 user-002-0 user-003-0 user-004-0 user-005-0 user-006-0 user-007-0 user-008-0 user-009-0 user-010-1 user-011-0 user-012-0
3592	cmd-3592	2025-11-04T23:22:00+09:00	user-001-0 user-002-0 user-003-0 user-004-0 user-005-0 user-006-0 user-007-0 user-008-0 user-009-0 user-010-0 user-011-0 user-012-0
3593	cmd-3593	2025-11-05T00:45:00+09:00	user-001-0 user-002-0 user-003-0 user-004-0 user-005-0 user-006-0 user-007-0 user-008-0 user-009-0 user-010-0 user-011-0 user-012-0
3594	cmd-3594	2025-11-05T01:48:00+09:00	user-001-1 user-002-0 user-003-0 user-004-0 user-005-0 user-006-0 user-007-0 user-008-0 user-009-0 user-010-1 user-011-0 user-012-0
3595	cmd-3595	2025-11-05T03:21:00+09:00	user-001-1 user-002-0 user-003-0 user-004-0 user-005-0 user-006-0 user-007-0 user-008-0 user-009-0 user-010-0 user-011-0 user-012-0
3596	cmd-3596	2025-11-05T04:07:00+09:00	user-001-0 user-002-0 user-003-0 user-004-0 user-005-0 user-006-0 user-007-0 user-008-0 user-009-0 user-010-1 user-011-1 user-012-0
3597	cmd-3597	2025-11-05T05:12:00+09:00	user-001-1 user-002-1 user-003-1 user-004-0 user-005-1 user-006-0 user-007-0 user-008-0 user-009-0 user-010-0 user-011-0 user-012-0
3598	cmd-3598	2025-11-05T07:15:00+09:00	user-001-0 user-002-0 user-003-0 user-004-0 user-005-0 user-006-0 user-007-0 user-008-0 user-009-0 user-010-0 user-011-0 user-012-0
3599	cmd-3599	2025-11-05T07:41:00+09:00	user-001-0 user-002-0 user-003-0 user-004-0 user-005-0 user-006-0 user-007-0 user-008-1 user-009-0 user-010-0 user-011-0 user-012-0
3600	cmd-3600	2025-11-05T08:11:00+09:00	user-001-0 user-002-0 user-003-0 user-004-0 user-005-0 user-006-0 user-007-0 user-008-0 user-009-0 user-010-0 user-011-0 user-012-0
3601	cmd-3601	2025-11-05T10:09:00+09:00	user-001-1 user-002-1 user-003-0 user-004-0 user-005-1 user-006-0 user-007-1 user-008-0 user-009-0 user-010-0 user-011-0 user-012-0
3602	cmd-3602	2025-11-05T11:04:00+09:00	user-001-1 user-002-1 user-003-1 user-004-0 user-005-1 user-006-0 user-007-0 user-008-0 user-009-0 user-010-0 user-011-0 user-012-0
3603	cmd-3603	2025-11-05T11:34:00+09:00	user-001-1 user-002-1 user-003-1 user-004-0 user-005-1 user-006-0 user-007-0 user-008-0 user-009-0 user-010-0 user-011-0 user-012-0
3604	cmd-3604	2025-11-05T12:17:00+09:00	user-001-1 user-002-1 user-003-1 user-004-0 user-005-0 user-006-0 user-007-1 user-008-0 user-009-0 user-010-0 user-011-0 user-012-0
3605	cmd-3605	2025-11-05T13:23:00+09:00	user-001-0 user-002-0 user-003-0 user-004-0 user-005-0 user-006-0 user-007-0 user-008-0 user-009-0 user-010-0 user-011-1 user-012-0
3606	cmd-3606	2025-11-05T13:56:00+09:00	user-001-1 user-002-1 user-003-1 user-004-0 user-005-1 user-006-0 user-007-0 user-008-0 user-009-0 user-010-0 user-011-0 user-012-0
3607	cmd-3607	2025-11-05T15:13:00+09:00	user-001-0 user-002-0 user-003-0 user-004-0 user-005-0 user-006-0 user-007-0 user-008-0 user-009-0 user-010-0 user-011-0 user-012-0
3608	cmd-3608	2025-11-05T18:06:00+09:00	user-001-0 user-002-0 user-003-0 user-004-0 user-005-0 user-006-0 user-007-0 user-008-1 user-009-0 user-010-0 user-011-0 user-012-0
3609	cmd-3609	2025-11-05T18:23:00+09:00	user-001-0 user-002-0 user-003-0 user-004-0 user-005-0 user-006-0 user-007-0 user-008-0 user-009-0 user-010-0 user-011-0 user-012-0
3610	cmd-3610	2025-11-05T19:11:00+09:00	user-001-1 user-002-1 user-003-1 user-004-0 user-005-1 user-006-0 user-007-0 user-008-0 user-009-0 user-010-0 user-011-0 user-012-0
3611	cmd-3611	2025-11-05T19:16:00+09:00	user-001-0 user-002-0 user-003-0 user-004-0 user-005-0 user-006-0 user-007-0 user-008-1 user-009-0 user-010-0 user-011-0 user-012-0
3612	cmd-3612	2025-11-05T20:07:00+09:00	user-001-0 user-002-0 user-003-0 user-004-0 user-005-0 user-006-0 user-007-0 user-008-0 user-009-0 user-010-0 user-011-0 user-012-0
3613	cmd-3613	2025-11-05T20:27:00+09:00	user-001-1 user-002-1 user-003-0 user-004-0 user-005-0 user-006-0 user-007-1 user-008-0 user-009-0 user-010-1 user-011-0 user-012-0
3614	cmd-3614	2025-11-05T21:41:00+09:00	user-001-0 user-002-0 user-003-0 user-004-0 user-005-0 user-006-0 user-007-0 user-008-0 user-009-0 user-010-1 user-011-0 user-012-0
3615	cmd-3615	2025-11-05T21:44:00+09:00	user-001-0 user-002-0 user-003-0 user-004-1 user-005-1 user-006-0 user-007-0 user-008-0 user-009-0 user-010-0 user-011-0 user-012-0
3616	cmd-3616	2025-11-05T23:33:00+09:00	user-001-1 user-002-1 user-003-0 user-004-0 user-005-1 user-006-0 user-007-1 user-008-0 user-009-0 user-010-0 user-011-0 user-012-0
3617	cmd-3617	2025-11-06T02:46:00+09:00	user-001-1 user-002-0 user-003-0 user-004-0 user-005-0 user-006-0 user-007-0 user-008-0 user-009-0 user-010-1 user-011-1 user-012-0
3618	cmd-3618	2025-11-06T03:21:00+09:00	user-001-0 user-002-0 user-003-0 user-004-0 user-005-0 user-006-0 user-007-0 user-008-0 user-009-0 user-010-1 user-011-1 user-012-0
3619	cmd-3619	2025-11-06T04:01:00+09:00	user-001-0 user-002-0 user-003-0 user-004-0 user-005-0 user-006-0 user-007-0 user-008-0 user-009-0 user-010-1 user-011-1 user-012-0
3620	cmd-3620	2025-11-06T04:06:00+09:00	user-001-0 user-002-0 user-003-0 user-004-0 user-005-0 user-006-0 user-007-0 user-008-0 user-009-0 user-010-0 user-011-0 user-012-0
3621	cmd-3621	2025-11-06T04:28:00+09:00	user-001-1 user-002-1 user-003-0 user-004-0 user-005-1 user-006-0 user-007-1 user-008-0 user-009-0 user-010-0 user-011-0 user-012-0
3622	cmd-3622	2025-11-06T05:16:00+09:00	user-001-0 user-002-0 user-003-0 user-004-0 user-005-0 user-006-0 user-007-0 user-008-0 user-009-0 user-010-0 user-011-0 user-012-0
3623	cmd-3623	2025-11-06T06:12:00+09:00	user-001-1 user-002-0 user-003-0 user-004-0 user-005-0 user-006-0 user-007-0 user-008-0 user-009-0 user-010-1 user-011-1 user-012-0
3624	cmd-3624	2025-11-06T07:40:00+09:00	user-001-0 user-002-0 user-003-0 user-004-0 user-005-1 user-006-0 user-007-0 user-008-0 user-009-0 user-010-0 user-011-0 user-012-0
3625	cmd-3625	2025-11-06T09:35:00+09:00	user-001-0 user-002-0 user-003-0 user-004-0 user-005-0 user-006-0 user-007-0 user-008-0 user-009-0 user-010-0 user-011-0 user-012-0
3626	cmd-3626	2025-11-06T09:50:00+09:00	user-001-0 user-002-0 user-003-0 user-004-0 user-005-0 user-006-0 user-007-0 user-008-0 user-009-0 user-010-0 user-011-0 user-012-0
3627	cmd-3627	2025-11-06T10:15:00+09:00	user-001-0 user-002-0 user-003-0 user-004-0 user-005-1 user-006-0 user-007-0 user-008-0 user-009-0 user-010-0 user-011-0 user-012-0
3628	cmd-3628	2025-11-06T11:24:00+09:00	user-001-0 user-002-0 user-003-0 user-004-0 user-005-0 user-006-0 user-007-0 user-008-0 user-009-0 user-010-0 user-011-0 user-012-0
3629	cmd-3629	2025-11-06T11:31:00+09:00	user-001-0 user-002-0 user-003-0 user-004-0 user-005-0 user-006-0 user-007-0 user-008-0 user-009-1 user-010-0 user-011-0 user-012-0
3630	cmd-3630	2025-11-06T13:35:00+09:00	user-001-0 user-002-0 user-003-0 user-004-0 user-005-0 user-006-0 user-007-0 user-008-0 user-009-0 user-010-0 user-011-0 user-012-1
3631	cmd-3631	2025-11-06T13:50:00+09:00	user-001-1 user-002-0 user-003-0 user-004-0 user-005-0 user-006-0 user-007-0 user-008-0 user-009-0 user-010-0 user-011-0 user-012-0
3632	cmd-3632	2025-11-06T16:37:00+09:00	user-001-0 user-002-0 user-003-0 user-004-0 user-005-0 user-006-0 user-007-0 user-008-0 user-009-0 user-010-0 user-011-0 user-012-0
3633	cmd-3633	2025-11-06T16:58:00+09:00	user-001-0 user-002-0 user-003-0 user-004-0 user-005-0 user-006-1 user-007-1 user-008-0 user-009-0 user-010-0 user-011-0 user-012-0
3634	cmd-3634	2025-11-06T17:28:00+09:00	user-001-1 user-002-1 user-003-0 user-004-0 user-005-1 user-006-0 user-007-1 user-008-0 user-009-0 user-010-0 user-011-0 user-012-0
3635	cmd-3635	2025-11-06T17:50:00+09:00	user-001-1 user-002-1 user-003-1 user-004-0 user-005-1 user-006-0 user-007-0 user-008-0 user-009-0 user-010-0 user-011-0 user-012-0
3636	cmd-3636	2025-11-06T18:30:00+09:00	user-001-0 user-002-0 user-003-0 user-004-0 user-005-0 user-006-0 user-007-0 user-008-1 user-009-0 user-010-1 user-011-1 user-012-0
3637	cmd-3637	2025-11-06T18:44:00+09:00	user-001-1 user-002-1 user-003-1 user-004-0 user-005-1 user-006-0 user-007-0 user-008-0 user-009-0 user-010-0 user-011-0 user-012-0
3638	cmd-3638	2025-11-06T22:03:00+09:00	user-001-1 user-002-0 user-003-0 user-004-0 user-005-0 user-006-0 user-007-0 user-008-0 user-009-0 user-010-0 user-011-0 user-012-0
3639	cmd-3639	2025-11-06T23:07:00+09:00	user-001-0 user-002-0 user-003-0 user-004-0 user-005-0 user-006-0 user-007-0 user-008-1 user-009-0 user-010-0 user-011-0 user-012-0
3640	cmd-3640	2025-11-06T23:36:00+09:00	user-001-1 user-002-1 user-003-0 user-004-0 user-005-0 user-006-0 user-007-1 user-008-0 user-009-0 user-010-0 user-011-0 user-012-0
3641	cmd-3641	2025-11-07T01:15:00+09:00	user-001-0 user-002-0 user-003-0 user-004-0 user-005-0 user-006-0 user-007-0 user-008-0 user-009-0 user-010-1 user-011-1 user-012-0
3642	cmd-3642	2025-11-07T01:33:00+09:00	user-001-1 user-002-1 user-003-1 user-004-0 user-005-1 user-006-0 user-007-0 user-008-0 user-009-0 user-010-0 user-011-0 user-012-0
3643	cmd-3643	2025-11-07T01:51:00+09:00	user-001-0 user-002-0 user-003-0 user-004-0 user-005-0 user-006-0 user-007-0 user-008-0 user-009-0 user-010-1 user-011-1 user-012-0
3644	cmd-3644	2025-11-07T02:20:00+09:00	user-001-0 user-002-0 user-003-0 user-004-0 user-005-0 user-006-0 user-007-0 user-008-0 user-009-0 user-010-0 user-011-0 user-012-0
3645	cmd-3645	2025-11-07T02:21:00+09:00	user-001-1 user-002-0 user-003-0 user-004-0 user-005-0 user-006-0 user-007-0 user-008-0 user-009-0 user-010-0 user-011-0 user-012-0
3646	cmd-3646	2025-11-07T03:05:00+09:00	user-001-0 user-002-0 user-003-0 user-004-0 user-005-0 user-006-0 user-007-0 user-008-0 user-009-0 user-010-1 user-011-0 user-012-0
3647	cmd-3647	2025-11-07T03:59:00+09:00	user-001-1 user-002-1 user-003-1 user-004-0 user-005-1 user-006-0 user-007-0 user-008-0 user-009-0 user-010-0 user-011-0 user-012-0
3648	cmd-3648	2025-11-07T05:16:00+09:00	user-001-0 user-002-0 user-003-0 user-004-0 user-005-0 user-006-0 user-007-0 user-008-0 user-009-0 user-010-0 user-011-1 user-012-0
3649	cmd-3649	2025-11-07T06:16:00+09:00	user-001-1 user-002-0 user-003-0 user-004-0 user-005-0 user-006-0 user-007-0 user-008-0 user-009-0 user-010-0 user-011-0 user-012-0
3650	cmd-3650	2025-11-07T06:27:00+09:00	user-001-0 user-002-0 user-003-0 user-004-0 user-005-1 user-006-0 user-007-0 user-008-0 user-009-0 user-010-0 user-011-0 user-012-0
3651	cmd-3651	2025-11-07T08:05:00+09:00	user-001-0 user-002-0 user-003-0 user-004-0 user-005-0 user-006-0 user-007-0 user-008-0 user-009-0 user-010-0 user-011-0 user-012-0
3652	cmd-3652	2025-11-07T08:50:00+09:00	user-001-0 user-002-0 user-003-0 user-004-0 user-005-0 user-006-0 user-007-0 user-008-0 user-009-0 user-010-1 user-011-1 user-012-0
3653	cmd-3653	2025-11-07T09:23:00+09:00	user-001-1 user-002-0 user-003-0 user-004-0 user-005-0 user-006-0 user-007-0 user-008-0 user-009-0 user-010-0 user-011-0 user-012-0
3654	cmd-3654	2025-11-07T09:52:00+09:00	user-001-1 user-002-1 user-003-1 user-004-0 user-005-1 user-006-0 user-007-0 user-008-0 user-009-0 user-010-0 user-011-0 user-012-0
3655	cmd-3655	2025-11-07T10:10:00+09:00	user-001-0 user-002-0 user-003-0 user-004-0 user-005-0 user-006-0 user-007-0 user-008-0 user-009-0 user-010-0 user-011-0 user-012-0
3656	cmd-3656	2025-11-07T10:44:00+09:00	user-001-1 user-002-0 user-003-0 user-004-0 user-005-0 user-006-0 user-007-0 user-008-0 user-009-0 user-010-0 user-011-0 user-012-0
3657	cmd-3657	2025-11-07T10:47:00+09:00	user-001-0 user-002-0 user-003-0 user-004-0 user-005-0 user-006-0 user-007-0 user-008-0 user-009-0 user-010-0 user-011-0 user-012-0
3658	cmd-3658	2025-11-07T11:11:00+09:00	user-001-1 user-002-0 user-003-0 user-004-0 user-005-0 user-006-0 user-007-0 user-008-0 user-009-0 user-010-1 user-011-0 user-012-0
3659	cmd-3659	2025-11-07T14:00:00+09:00	user-001-0 user-002-0 user-003-0 user-004-0 user-005-0 user-006-0 user-007-0 user-008-0 user-009-0 user-010-0 user-011-0 user-012-0
3660	cmd-3660	2025-11-07T15:20:00+09:00	user-001-1 user-002-1 user-003-1 user-004-0 user-005-1 user-006-0 user-007-0 user-008-0 user-009-0 user-010-0 user-011-0 user-012-0
3661	cmd-3661	2025-11-07T15:55:00+09:00	user-001-1 user-002-0 user-003-0 user-004-0 user-005-0 user-006-0 user-007-0 user-008-0 user-009-0 user-010-1 user-011-1 user-012-0
3662	cmd-3662	2025-11-07T17:47:00+09:00	user-001-0 user-002-0 user-003-0 user-004-0 user-005-0 user-006-0 user-007-1 user-008-1 user-009-0 user-010-0 user-011-0 user-012-0
3663	cmd-3663	2025-11-07T18:07:00+09:00	user-001-0 user-002-0 user-003-0 user-004-0 user-005-0 user-006-0 user-007-0 user-008-0 user-009-0 user-010-1 user-011-1 user-012-0
3664	cmd-3664	2025-11-07T18:30:00+09:00	user-001-1 user-002-0 user-003-0 user-004-0 user-005-0 user-006-0 user-007-0 user-008-0 user-009-0 user-010-0 user-011-0 user-012-0
3665	cmd-3665	2025-11-07T18:39:00+09:00	user-001-0 user-002-0 user-003-0 user-004-0 user-005-0 user-006-0 user-007-0 user-008-0 user-009-0 user-010-1 user-011-1 user-012-0
3666	cmd-3666	2025-11-07T19:15:00+09:00	user-001-0 user-002-0 user-003-0 user-004-0 user-005-0 user-006-0 user-007-0 user-008-0 user-009-0 user-010-0 user-011-0 user-012-0
3667	cmd-3667	2025-11-07T20:01:00+09:00	user-001-1 user-002-1 user-003-1 user-004-1 user-005-0 user-006-0 user-007-0 user-008-0 user-009-0 user-010-0 user-011-0 user-012-0
3668	cmd-3668	2025-11-07T20:48:00+09:00	user-001-0 user-002-0 user-003-0 user-004-0 user-005-0 user-006-0 user-007-0 user-008-0 user-009-0 user-010-1 user-011-0 user-012-0
3669	cmd-3669	2025-11-07T21:09:00+09:00	user-001-1 user-002-1 user-003-1 user-004-0 user-005-1 user-006-0 user-007-0 user-008-0 user-009-0 user-010-0 user-011-0 user-012-0
3670	cmd-3670	2025-11-07T21:29:00+09:00	user-001-0 user-002-0 user-003-0 user-004-0 user-005-0 user-006-0 user-007-0 user-008-0 user-009-0 user-010-0 user-011-0 user-012-0
3671	cmd-3671	2025-11-07T23:14:00+09:00	user-001-1 user-002-1 user-003-1 user-004-0 user-005-1 user-006-0 user-007-0 user-008-0 user-009-0 user-010-0 user-011-0 user-012-0
3672	cmd-3672	2025-11-07T23:36:00+09:00	user-001-0 user-002-0 user-003-0 user-004-0 user-005-0 user-006-0 user-007-0 user-008-0 user-009-0 user-010-1 user-011-1 user-012-0
3673	cmd-3673	2025-11-07T23:54:00+09:00	user-001-0 user-002-0 user-003-0 user-004-0 user-005-0 user-006-0 user-007-0 user-008-0 user-009-0 user-010-1 user-011-1 user-012-0
3674	cmd-3674	2025-11-08T01:10:00+09:00	user-001-1 user-002-1 user-003-1 user-004-0 user-005-1 user-006-0 user-007-0 user-008-0 user-009-0 user-010-0 user-011-0 user-012-0
3675	cmd-3675	2025-11-08T01:12:00+09:00	user-001-1 user-002-1 user-003-1 user-004-1 user-005-0 user-006-0 user-007-0 user-008-0 user-009-0 user-010-0 user-011-0 user-012-0
3676	cmd-3676	2025-11-08T01:25:00+09:00	user-001-0 user-002-0 user-003-0 user-004-0 user-005-0 user-006-0 user-007-0 user-008-0 user-009-1 user-010-0 user-011-0 user-012-0
3677	cmd-3677	2025-11-08T04:04:00+09:00	user-001-0 user-002-0 user-003-0 user-004-0 user-005-0 user-006-0 user-007-0 user-008-1 user-009-0 user-010-0 user-011-0 user-012-0
3678	cmd-3678	2025-11-08T05:17:00+09:00	user-001-1 user-002-0 user-003-0 user-004-0 user-005-0 user-006-0 user-007-0 user-008-0 user-009-0 user-010-0 user-011-0 user-012-0
3679	cmd-3679	2025-11-08T06:58:00+09:00	user-001-1 user-002-1 user-003-0 user-004-0 user-005-1 user-006-0 user-007-1 user-008-0 user-009-0 user-010-0 user-011-0 user-012-0
3680	cmd-3680	2025-11-08T07:03:00+09:00	user-001-1 user-002-1 user-003-0 user-004-0 user-005-1 user-006-0 user-007-1 user-008-0 user-009-0 user-010-0 user-011-0 user-012-0
3681	cmd-3681	2025-11-08T07:04:00+09:00	user-001-0 user-002-0 user-003-0 user-004-0 user-005-0 user-006-0 user-007-0 user-008-0 user-009-0 user-010-0 user-011-0 user-012-0
3682	cmd-3682	2025-11-08T07:59:00+09:00	user-001-1 user-002-1 user-003-1 user-004-0 user-005-1 user-006-0 user-007-0 user-008-0 user-009-0 user-010-0 user-011-0 user-012-0
3683	cmd-3683	2025-11-08T08:45:00+09:00	user-001-1 user-002-1 user-003-1 user-004-0 user-005-1 user-006-0 user-007-0 user-008-0 user-009-0 user-010-0 user-011-0 user-012-0
3684	cmd-3684	2025-11-08T09:23:00+09:00	user-001-0 user-002-0 user-003-0 user-004-0 user-005-0 user-006-0 user-007-0 user-008-0 user-009-0 user-010-1 user-011-1 user-012-0
3685	cmd-3685	2025-11-08T10:18:00+09:00	user-001-1 user-002-1 user-003-0 user-004-0 user-005-1 user-006-0 user-007-1 user-008-0 user-009-0 user-010-0 user-011-0 user-012-0
3686	cmd-3686	2025-11-08T11:27:00+09:00	user-001-0 user-002-0 user-003-0 user-004-0 user-005-0 user-006-0 user-007-0 user-008-0 user-009-0 user-010-0 user-011-0 user-012-0
3687	cmd-3687	2025-11-08T12:09:00+09:00	user-001-0 user-002-0 user-003-0 user-004-0 user-005-0 user-006-0 user-007-0 user-008-1 user-009-0 user-010-1 user-011-1 user-012-0
3688	cmd-3688	2025-11-08T13:06:00+09:00	user-001-0 user-002-0 user-003-0 user-004-0 user-005-0 user-006-0 user-007-0 user-008-0 user-009-0 user-010-1 user-011-1 user-012-0
3689	cmd-3689	2025-11-08T14:13:00+09:00	user-001-0 user-002-0 user-003-0 user-004-0 user-005-0 user-006-0 user-007-0 user-008-0 user-009-0 user-010-1 user-011-1 user-012-0
3690	cmd-3690	2025-11-08T19:18:00+09:00	user-001-1 user-002-0 user-003-0 user-004-0 user-005-0 user-006-0 user-007-0 user-008-0 user-009-0 user-010-1 user-011-1 user-012-0
3691	cmd-3691	2025-11-08T19:35:00+09:00	user-001-0 user-002-0 user-003-0 user-004-0 user-005-0 user-006-0 user-007-0 user-008-0 user-009-0 user-010-0 user-011-0 user-012-0
3692	cmd-3692	2025-11-08T22:17:00+09:00	user-001-1 user-002-1 user-003-0 user-004-0 user-005-0 user-006-0 user-007-0 user-008-0 user-009-0 user-010-0 user-011-0 user-012-0
3693	cmd-3693	2025-11-09T03:06:00+09:00	user-001-0 user-002-0 user-003-0 user-004-0 user-005-0 user-006-0 user-007-0 user-008-0 user-009-0 user-010-0 user-011-0 user-012-0
3694	cmd-3694	2025-11-09T04:05:00+09:00	user-001-1 user-002-1 user-003-0 user-004-0 user-005-1 user-006-0 user-007-1 user-008-0 user-009-0 user-010-0 user-011-0 user-012-0
3695	cmd-3695	2025-11-09T04:55:00+09:00	user-001-0 user-002-0 user-003-0 user-004-0 user-005-0 user-006-0 user-007-0 user-008-0 user-009-0 user-010-0 user-011-0 user-012-0
3696	cmd-3696	2025-11-09T05:15:00+09:00	user-001-1 user-002-0 user-003-0 user-004-0 user-005-0 user-006-0 user-007-0 user-008-0 user-009-0 user-010-1 user-011-0 user-012-0
3697	cmd-3697	2025-11-09T06:47:00+09:00	user-001-0 user-002-0 user-003-0 user-004-0 user-005-0 user-006-0 user-007-0 user-008-0 user-009-0 user-010-1 user-011-0 user-012-0
3698	cmd-3698	2025-11-09T07:18:00+09:00	user-001-1 user-002-1 user-003-1 user-004-0 user-005-1 user-006-0 user-007-0 user-008-0 user-009-0 user-010-0 user-011-0 user-012-0
3699	cmd-3699	2025-11-09T07:53:00+09:00	user-001-0 user-002-0 user-003-0 user-004-0 user-005-0 user-006-0 user-007-0 user-008-0 user-009-0 user-010-0 user-011-0 user-012-0
3700	cmd-3700	2025-11-09T11:05:00+09:00	user-001-0 user-002-0 user-003-0 user-004-0 user-005-0 user-006-0 user-007-0 user-008-1 user-009-0 user-010-0 user-011-0 user-012-0
3701	cmd-3701	2025-11-09T11:11:00+09:00	user-001-0 user-002-0 user-003-0 user-004-0 user-005-0 user-006-0 user-007-0 user-008-0 user-009-0 user-010-0 user-011-0 user-012-0
3702	cmd-3702	2025-11-09T11:36:00+09:00	user-001-0 user-002-0 user-003-0 user-004-0 user-005-0 user-006-0 user-007-0 user-008-0 user-009-0 user-010-0 user-011-0 user-012-0
3703	cmd-3703	2025-11-09T11:57:00+09:00	user-001-1 user-002-0 user-003-0 user-004-0 user-005-0 user-006-0 user-007-0 user-008-0 user-009-0 user-010-1 user-011-0 user-012-0
3704	cmd-3704	2025-11-09T12:05:00+09:00	user-001-0 user-002-0 user-003-0 user-004-0 user-005-0 user-006-0 user-007-0 user-008-0 user-009-0 user-010-0 user-011-0 user-012-0
3705	cmd-3705	2025-11-09T12:28:00+09:00	user-001-1 user-002-1 user-003-0 user-004-0 user-005-0 user-006-0 user-007-0 user-008-0 user-009-0 user-010-0 user-011-0 user-012-0
3706	cmd-3706	2025-11-09T13:32:00+09:00	user-001-0 user-002-0 user-003-0 user-004-0 user-005-0 user-006-0 user-007-0 user-008-0 user-009-0 user-010-1 user-011-1 user-012-0
3707	cmd-3707	2025-11-09T14:23:00+09:00	user-001-0 user-002-0 user-003-0 user-004-0 user-005-0 user-006-0 user-007-0 user-008-0 user-009-0 user-010-0 user-011-0 user-012-0
3708	cmd-3708	2025-11-09T15:09:00+09:00	user-001-0 user-002-0 user-003-0 user-004-0 user-005-0 user-006-0 user-007-0 user-008-0 user-009-0 user-010-1 user-011-0 user-012-0
3709	cmd-3709	2025-11-09T15:14:00+09:00	user-001-0 user-002-0 user-003-0 user-004-0 user-005-0 user-006-0 user-007-0 user-008-0 user-009-0 user-010-0 user-011-0 user-012-0
3710	cmd-3710	2025-11-09T15:20:00+09:00	user-001-1 user-002-1 user-003-1 user-004-0 user-005-1 user-006-0 user-007-0 user-008-0 user-009-0 user-010-0 user-011-0 user-012-0
3711	cmd-3711	2025-11-09T15:55:00+09:00	user-001-1 user-002-1 user-003-1 user-004-1 user-005-0 user-006-0 user-007-0 user-008-0 user-009-0 user-010-0 user-011-0 user-012-0
3712	cmd-3712	2025-11-09T16:51:00+09:00	user-001-0 user-002-0 user-003-0 user-004-0 user-005-0 user-006-0 user-007-0 user-008-0 user-009-0 user-010-0 user-011-0 user-012-0
3713	cmd-3713	2025-11-09T16:59:00+09:00	user-001-1 user-002-1 user-003-0 user-004-0 user-005-0 user-006-0 user-007-0 user-008-0 user-009-0 user-010-0 user-011-0 user-012-0
3714	cmd-3714	2025-11-09T17:05:00+09:00	user-001-1 user-002-1 user-003-0 user-004-0 user-005-1 user-006-0 user-007-1 user-008-0 user-009-0 user-010-0 user-011-0 user-012-0
3715	cmd-3715	2025-11-09T18:41:00+09:00	user-001-0 user-002-0 user-003-0 user-004-0 user-005-0 user-006-0 user-007-0 user-008-0 user-009-0 user-010-0 user-011-1 user-012-0
3716	cmd-3716	2025-11-09T18:46:00+09:00	user-001-0 user-002-0 user-003-0 user-004-0 user-005-0 user-006-0 user-007-0 user-008-1 user-009-0 user-010-0 user-011-0 user-012-0
3717	cmd-3717	2025-11-09T19:32:00+09:00	user-001-0 user-002-0 user-003-0 user-004-0 user-005-0 user-006-0 user-007-0 user-008-0 user-009-0 user-010-1 user-011-1 user-012-0
3718	cmd-3718	2025-11-09T19:58:00+09:00	user-001-0 user-002-0 user-003-0 user-004-0 user-005-0 user-006-0 user-007-0 user-008-0 user-009-0 user-010-0 user-011-0 user-012-0
3719	cmd-3719	2025-11-09T21:57:00+09:00	user-001-1 user-002-1 user-003-1 user-004-1 user-005-0 user-006-0 user-007-0 user-008-0 user-009-0 user-010-0 user-011-0 user-012-0
3720	cmd-3720	2025-11-09T22:02:00+09:00	user-001-0 user-002-0 user-003-0 user-004-0 user-005-0 user-006-0 user-007-0 user-008-0 user-009-0 user-010-1 user-011-1 user-012-0
3721	cmd-3721	2025-11-09T23:58:00+09:00	user-001-0 user-002-0 user-003-0 user-004-0 user-005-0 user-006-0 user-007-0 user-008-0 user-009-0 user-010-0 user-011-0 user-012-0
3722	cmd-3722	2025-11-10T00:03:00+09:00	user-001-1 user-002-1 user-003-0 user-004-0 user-005-1 user-006-0 user-007-1 user-008-0 user-009-0 user-010-0 user-011-0 user-012-0
3723	cmd-3723	2025-11-10T00:19:00+09:00	user-001-0 user-002-0 user-003-0 user-004-0 user-005-0 user-006-0 user-007-0 user-008-0 user-009-0 user-010-0 user-011-0 user-012-0
3724	cmd-3724	2025-11-10T02:45:00+09:00	user-001-1 user-002-1 user-003-1 user-004-1 user-005-0 user-006-0 user-007-0 user-008-0 user-009-0 user-010-0 user-011-0 user-012-0
3725	cmd-3725	2025-11-10T03:25:00+09:00	user-001-1 user-002-1 user-003-0 user-004-0 user-005-1 user-006-0 user-007-1 user-008-0 user-009-0 user-010-0 user-011-0 user-012-0
3726	cmd-3726	2025-11-10T03:51:00+09:00	user-001-1 user-002-1 user-003-1 user-004-0 user-005-1 user-006-0 user-007-0 user-008-0 user-009-0 user-010-0 user-011-0 user-012-0
3727	cmd-3727	2025-11-10T05:48:00+09:00	user-001-0 user-002-0 user-003-0 user-004-0 user-005-0 user-006-0 user-007-0 user-008-0 user-009-0 user-010-1 user-011-1 user-012-0
3728	cmd-3728	2025-11-10T06:00:00+09:00	user-001-0 user-002-0 user-003-0 user-004-0 user-005-0 user-006-0 user-007-0 user-008-0 user-009-0 user-010-0 user-011-0 user-012-0
3729	cmd-3729	2025-11-10T06:01:00+09:00	user-001-0 user-002-0 user-003-0 user-004-0 user-005-0 user-006-0 user-007-0 user-008-0 user-009-0 user-010-1 user-011-1 user-012-0
3730	cmd-3730	2025-11-10T08:10:00+09:00	user-001-1 user-002-0 user-003-0 user-004-0 user-005-0 user-006-0 user-007-0 user-008-0 user-009-0 user-010-0 user-011-0 user-012-0
3731	cmd-3731	2025-11-10T08:35:00+09:00	user-001-1 user-002-1 user-003-1 user-004-0 user-005-1 user-006-0 user-007-0 user-008-0 user-009-0 user-010-0 user-011-0 user-012-0
3732	cmd-3732	2025-11-10T09:26:00+09:00	user-001-1 user-002-1 user-003-1 user-004-0 user-005-1 user-006-0 user-007-0 user-008-0 user-009-0 user-010-0 user-011-0 user-012-0
3733	cmd-3733	2025-11-10T09:33:00+09:00	user-001-0 user-002-0 user-003-0 user-004-0 user-005-0 user-006-0 user-007-0 user-008-0 user-009-0 user-010-1 user-011-1 user-012-0
3734	cmd-3734	2025-11-10T10:34:00+09:00	user-001-0 user-002-0 user-003-0 user-004-0 user-005-0 user-006-0 user-007-0 user-008-1 user-009-0 user-010-1 user-011-1 user-012-0
3735	cmd-3735	2025-11-10T10:39:00+09:00	user-001-0 user-002-0 user-003-0 user-004-0 user-005-0 user-006-0 user-007-0 user-008-0 user-009-0 user-010-1 user-011-0 user-012-0
3736	cmd-3736	2025-11-10T10:52:00+09:00	user-001-1 user-002-1 user-003-0 user-004-0 user-005-1 user-006-0 user-007-1 user-008-0 user-009-0 user-010-0 user-011-0 user-012-0
3737	cmd-3737	2025-11-10T11:15:00+09:00	user-001-1 user-002-1 user-003-1 user-004-1 user-005-0 user-006-0 user-007-0 user-008-0 user-009-0 user-010-0 user-011-0 user-012-0
3738	cmd-3738	2025-11-10T11:27:00+09:00	user-001-1 user-002-1 user-003-0 user-004-0 user-005-1 user-006-0 user-007-1 user-008-0 user-009-0 user-010-0 user-011-0 user-012-0
3739	cmd-3739	2025-11-10T11:38:00+09:00	user-001-1 user-002-1 user-003-1 user-004-0 user-005-1 user-006-0 user-007-0 user-008-0 user-009-0 user-010-0 user-011-0 user-012-0
3740	cmd-3740	2025-11-10T11:52:00+09:00	user-001-0 user-002-0 user-003-0 user-004-0 user-005-0 user-006-0 user-007-0 user-008-0 user-009-0 user-010-1 user-011-0 user-012-0
3741	cmd-3741	2025-11-10T12:43:00+09:00	user-001-1 user-002-1 user-003-0 user-004-0 user-005-1 user-006-0 user-007-1 user-008-0 user-009-0 user-010-0 user-011-0 user-012-0
3742	cmd-3742	2025-11-10T13:01:00+09:00	user-001-0 user-002-0 user-003-0 user-004-0 user-005-0 user-006-0 user-007-0 user-008-0 user-009-0 user-010-1 user-011-1 user-012-0
3743	cmd-3743	2025-11-10T14:39:00+09:00	user-001-0 user-002-0 user-003-0 user-004-0 user-005-1 user-006-1 user-007-0 user-008-0 user-009-0 user-010-0 user-011-0 user-012-0
3744	cmd-3744	2025-11-10T14:53:00+09:00	user-001-1 user-002-1 user-003-1 user-004-1 user-005-0 user-006-0 user-007-0 user-008-0 user-009-0 user-010-0 user-011-0 user-012-0
3745	cmd-3745	2025-11-10T15:05:00+09:00	user-001-1 user-002-1 user-003-1 user-004-0 user-005-1 user-006-0 user-007-0 user-008-0 user-009-0 user-010-0 user-011-0 user-012-0
3746	cmd-3746	2025-11-10T15:07:00+09:00	user-001-1 user-002-1 user-003-1 user-004-1 user-005-0 user-006-0 user-007-0 user-008-0 user-009-0 user-010-0 user-011-0 user-012-0
3747	cmd-3747	2025-11-10T16:05:00+09:00	user-001-0 user-002-0 user-003-0 user-004-0 user-005-0 user-006-0 user-007-0 user-008-0 user-009-0 user-010-0 user-011-0 user-012-0
3748	cmd-3748	2025-11-10T16:06:00+09:00	user-001-0 user-002-0 user-003-0 user-004-0 user-005-0 user-006-0 user-007-0 user-008-0 user-009-0 user-010-0 user-011-0 user-012-0
3749	cmd-3749	2025-11-10T16:21:00+09:00	user-001-0 user-002-0 user-003-0 user-004-0 user-005-0 user-006-0 user-007-0 user-008-0 user-009-0 user-010-0 user-011-0 user-012-0
3750	cmd-3750	2025-11-10T16:50:00+09:00	user-001-0 user-002-0 user-003-0 user-004-0 user-005-0 user-006-0 user-007-0 user-008-0 user-009-0 user-010-0 user-011-0 user-012-0
3751	cmd-3751	2025-11-10T17:42:00+09:00	user-001-0 user-002-0 user-003-0 user-004-0 user-005-0 user-006-0 user-007-0 user-008-0 user-009-0 user-010-0 user-011-0 user-012-0
3752	cmd-3752	2025-11-10T18:16:00+09:00	user-001-1 user-002-1 user-003-0 user-004-0 user-005-1 user-006-0 user-007-1 user-008-0 user-009-0 user-010-0 user-011-0 user-012-0
3753	cmd-3753	2025-11-10T18:24:00+09:00	user-001-1 user-002-0 user-003-0 user-004-0 user-005-0 user-006-0 user-007-0 user-008-0 user-009-0 user-010-0 user-011-0 user-012-0
3754	cmd-3754	2025-11-10T19:58:00+09:00	user-001-1 user-002-1 user-003-1 user-004-0 user-005-1 user-006-0 user-007-0 user-008-0 user-009-0 user-010-0 user-011-0 user-012-0
3755	cmd-3755	2025-11-10T20:03:00+09:00	user-001-0 user-002-0 user-003-0 user-004-0 user-005-0 user-006-0 user-007-0 user-008-0 user-009-0 user-010-0 user-011-0 user-012-0
3756	cmd-3756	2025-11-10T22:39:00+09:00	user-001-1 user-002-1 user-003-1 user-004-0 user-005-1 user-006-0 user-007-0 user-008-0 user-009-0 user-010-0 user-011-0 user-012-0
3757	cmd-3757	2025-11-10T23:31:00+09:00	user-001-0 user-002-0 user-003-0 user-004-0 user-005-0 user-006-0 user-007-0 user-008-1 user-009-0 user-010-0 user-011-0 user-012-0
3758	cmd-3758	2025-11-11T00:28:00+09:00	user-001-0 user-002-0 user-003-0 user-004-0 user-005-0 user-006-0 user-007-0 user-008-0 user-009-0 user-010-1 user-011-0 user-012-0
3759	cmd-3759	2025-11-11T02:48:00+09:00	user-001-1 user-002-1 user-003-1 user-004-0 user-005-1 user-006-0 user-007-0 user-008-0 user-009-0 user-010-0 user-011-0 user-012-0
3760	cmd-3760	2025-11-11T03:18:00+09:00	user-001-1 user-002-0 user-003-0 user-004-0 user-005-0 user-006-0 user-007-0 user-008-0 user-009-0 user-010-1 user-011-1 user-012-0
3761	cmd-3761	2025-11-11T03:42:00+09:00	user-001-1 user-002-1 user-003-1 user-004-0 user-005-1 user-006-0 user-007-0 user-008-0 user-009-0 user-010-0 user-011-0 user-012-0
3762	cmd-3762	2025-11-11T04:01:00+09:00	user-001-1 user-002-1 user-003-1 user-004-0 user-005-1 user-006-0 user-007-0 user-008-0 user-009-0 user-010-0 user-011-0 user-012-0
3763	cmd-3763	2025-11-11T04:02:00+09:00	user-001-0 user-002-0 user-003-0 user-004-0 user-005-0 user-006-0 user-007-0 user-008-0 user-009-0 user-010-1 user-011-1 user-012-0
3764	cmd-3764	2025-11-11T06:17:00+09:00	user-001-1 user-002-1 user-003-0 user-004-0 user-005-0 user-006-0 user-007-1 user-008-0 user-009-0 user-010-0 user-011-0 user-012-0
3765	cmd-3765	2025-11-11T08:00:00+09:00	user-001-0 user-002-0 user-003-0 user-004-0 user-005-0 user-006-0 user-007-0 user-008-0 user-009-0 user-010-0 user-011-0 user-012-0
3766	cmd-3766	2025-11-11T09:35:00+09:00	user-001-1 user-002-1 user-003-1 user-004-1 user-005-0 user-006-0 user-007-0 user-008-0 user-009-0 user-010-0 user-011-0 user-012-0
3767	cmd-3767	2025-11-11T09:45:00+09:00	user-001-0 user-002-0 user-003-0 user-004-0 user-005-0 user-006-0 user-007-0 user-008-1 user-009-0 user-010-0 user-011-0 user-012-0
3768	cmd-3768	2025-11-11T10:18:00+09:00	user-001-0 user-002-0 user-003-0 user-004-0 user-005-0 user-006-0 user-007-0 user-008-0 user-009-0 user-010-0 user-011-0 user-012-0
3769	cmd-3769	2025-11-11T11:32:00+09:00	user-001-0 user-002-0 user-003-0 user-004-0 user-005-0 user-006-0 user-007-0 user-008-0 user-009-0 user-010-0 user-011-0 user-012-0
3770	cmd-3770	2025-11-11T14:00:00+09:00	user-001-0 user-002-0 user-003-0 user-004-0 user-005-0 user-006-0 user-007-0 user-008-0 user-009-0 user-010-0 user-011-0 user-012-0
3771	cmd-3771	2025-11-11T16:05:00+09:00	user-001-1 user-002-0 user-003-0 user-004-0 user-005-0 user-006-0 user-007-0 user-008-0 user-009-0 user-010-0 user-011-0 user-012-0
3772	cmd-3772	2025-11-11T18:43:00+09:00	user-001-0 user-002-0 user-003-0 user-004-0 user-005-0 user-006-0 user-007-0 user-008-0 user-009-0 user-010-1 user-011-1 user-012-0
3773	cmd-3773	2025-11-11T19:17:00+09:00	user-001-0 user-002-0 user-003-0 user-004-0 user-005-0 user-006-0 user-007-0 user-008-0 user-009-0 user-010-0 user-011-0 user-012-0
3774	cmd-3774	2025-11-11T21:13:00+09:00	user-001-0 user-002-0 user-003-0 user-004-0 user-005-0 user-006-0 user-007-0 user-008-0 user-009-0 user-010-0 user-011-0 user-012-0
3775	cmd-3775	2025-11-12T00:18:00+09:00	user-001-0 user-002-0 user-003-1 user-004-1 user-005-0 user-006-0 user-007-0 user-008-0 user-009-0 user-010-0 user-011-0 user-012-0
3776	cmd-3776	2025-11-12T00:51:00+09:00	user-001-0 user-002-0 user-003-0 user-004-0 user-005-0 user-006-0 user-007-0 user-008-0 user-009-0 user-010-1 user-011-1 user-012-0
3777	cmd-3777	2025-11-12T00:58:00+09:00	user-001-1 user-002-1 user-003-1 user-004-1 user-005-0 user-006-0 user-007-0 user-008-0 user-009-0 user-010-0 user-011-0 user-012-0
3778	cmd-3778	2025-11-12T00:59:00+09:00	user-001-0 user-002-0 user-003-1 user-004-1 user-005-0 user-006-0 user-007-0 user-008-0 user-009-0 user-010-0 user-011-0 user-012-0
3779	cmd-3779	2025-11-12T01:01:00+09:00	user-001-0 user-002-0 user-003-0 user-004-0 user-005-0 user-006-0 user-007-0 user-008-0 user-009-0 user-010-0 user-011-0 user-012-0
3780	cmd-3780	2025-11-12T01:34:00+09:00	user-001-1 user-002-0 user-003-0 user-004-0 user-005-0 user-006-0 user-007-0 user-008-0 user-009-0 user-010-0 user-011-0 user-012-0
3781	cmd-3781	2025-11-12T01:48:00+09:00	user-001-0 user-002-0 user-003-0 user-004-0 user-005-0 user-006-0 user-007-0 user-008-0 user-009-0 user-010-1 user-011-1 user-012-0
3782	cmd-3782	2025-11-12T03:07:00+09:00	user-001-1 user-002-1 user-003-1 user-004-1 user-005-0 user-006-0 user-007-0 user-008-0 user-009-0 user-010-0 user-011-0 user-012-0
3783	cmd-3783	2025-11-12T03:27:00+09:00	user-001-1 user-002-1 user-003-1 user-004-0 user-005-1 user-006-0 user-007-0 user-008-0 user-009-0 user-010-0 user-011-0 user-012-0
3784	cmd-3784	2025-11-12T03:55:00+09:00	user-001-1 user-002-1 user-003-0 user-004-0 user-005-1 user-006-0 user-007-1 user-008-0 user-009-0 user-010-0 user-011-0 user-012-0
3785	cmd-3785	2025-11-12T06:02:00+09:00	user-001-0 user-002-0 user-003-0 user-004-0 user-005-0 user-006-0 user-007-0 user-008-0 user-009-0 user-010-1 user-011-1 user-012-0
3786	cmd-3786	2025-11-12T06:09:00+09:00	user-001-1 user-002-1 user-003-0 user-004-0 user-005-1 user-006-0 user-007-1 user-008-0 user-009-0 user-010-0 user-011-0 user-012-0
3787	cmd-3787	2025-11-12T06:27:00+09:00	user-001-1 user-002-0 user-003-0 user-004-0 user-005-0 user-006-0 user-007-0 user-008-0 user-009-0 user-010-1 user-011-1 user-012-0
3788	cmd-3788	2025-11-12T08:37:00+09:00	user-001-1 user-002-0 user-003-0 user-004-0 user-005-0 user-006-0 user-007-0 user-008-0 user-009-0 user-010-0 user-011-0 user-012-0
3789	cmd-3789	2025-11-12T09:16:00+09:00	user-001-1 user-002-0 user-003-0 user-004-0 user-005-0 user-006-0 user-007-0 user-008-0 user-009-0 user-010-0 user-011-0 user-012-0
3790	cmd-3790	2025-11-12T11:45:00+09:00	user-001-0 user-002-0 user-003-0 user-004-0 user-005-0 user-006-0 user-007-0 user-008-0 user-009-0 user-010-0 user-011-0 user-012-0
3791	cmd-3791	2025-11-12T12:29:00+09:00	user-001-1 user-002-1 user-003-1 user-004-0 user-005-1 user-006-0 user-007-0 user-008-0 user-009-0 user-010-0 user-011-0 user-012-0
3792	cmd-3792	2025-11-12T13:50:00+09:00	user-001-1 user-002-1 user-003-1 user-004-1 user-005-0 user-006-0 user-007-0 user-008-0 user-009-0 user-010-0 user-011-0 user-012-0
3793	cmd-3793	2025-11-12T15:08:00+09:00	user-001-0 user-002-0 user-003-0 user-004-0 user-005-0 user-006-0 user-007-0 user-008-1 user-009-0 user-010-0 user-011-0 user-012-0
3794	cmd-3794	2025-11-12T16:53:00+09:00	user-001-1 user-002-0 user-003-0 user-004-0 user-005-0 user-006-0 user-007-0 user-008-0 user-009-0 user-010-0 user-011-0 user-012-0
3795	cmd-3795	2025-11-12T17:06:00+09:00	user-001-1 user-002-1 user-003-0 user-004-0 user-005-1 user-006-0 user-007-1 user-008-0 user-009-0 user-010-0 user-011-0 user-012-0
3796	cmd-3796	2025-11-12T18:04:00+09:00	user-001-0 user-002-0 user-003-0 user-004-0 user-005-0 user-006-0 user-007-0 user-008-0 user-009-0 user-010-1 user-011-1 user-012-0
3797	cmd-3797	2025-11-12T18:04:00+09:00	user-001-1 user-002-1 user-003-1 user-004-1 user-005-0 user-006-0 user-007-0 user-008-0 user-009-0 user-010-0 user-011-0 user-012-0
3798	cmd-3798	2025-11-12T18:23:00+09:00	user-001-1 user-002-0 user-003-0 user-004-0 user-005-0 user-006-0 user-007-0 user-008-0 user-009-0 user-010-0 user-011-0 user-012-0
3799	cmd-3799	2025-11-12T18:38:00+09:00	user-001-0 user-002-0 user-003-0 user-004-0 user-005-0 user-006-0 user-007-0 user-008-0 user-009-0 user-010-0 user-011-0 user-012-0
3800	cmd-3800	2025-11-12T20:09:00+09:00	user-001-0 user-002-0 user-003-0 user-004-0 user-005-0 user-006-0 user-007-0 user-008-0 user-009-0 user-010-0 user-011-0 user-012-0
3801	cmd-3801	2025-11-12T20:23:00+09:00	user-001-0 user-002-0 user-003-0 user-004-0 user-005-0 user-006-0 user-007-0 user-008-0 user-009-0 user-010-1 user-011-0 user-012-0
3802	cmd-3802	2025-11-12T21:01:00+09:00	user-001-0 user-002-0 user-003-0 user-004-0 user-005-0 user-006-0 user-007-0 user-008-1 user-009-0 user-010-0 user-011-0 user-012-0
3803	cmd-3803	2025-11-12T21:07:00+09:00	user-001-1 user-002-1 user-003-0 user-004-0 user-005-0 user-006-0 user-007-1 user-008-0 user-009-0 user-010-0 user-011-0 user-012-0
3804	cmd-3804	2025-11-12T21:44:00+09:00	user-001-0 user-002-0 user-003-0 user-004-0 user-005-0 user-006-0 user-007-0 user-008-0 user-009-0 user-010-0 user-011-0 user-012-0
3805	cmd-3805	2025-11-12T22:30:00+09:00	user-001-0 user-002-0 user-003-0 user-004-0 user-005-0 user-006-0 user-007-0 user-008-0 user-009-0 user-010-0 user-011-0 user-012-0
3806	cmd-3806	2025-11-12T23:47:00+09:00	user-001-0 user-002-1 user-003-0 user-004-0 user-005-0 user-006-0 user-007-0 user-008-0 user-009-0 user-010-0 user-011-0 user-012-0
3807	cmd-3807	2025-11-12T23:47:00+09:00	user-001-0 user-002-1 user-003-0 user-004-0 user-005-0 user-006-0 user-007-0 user-008-0 user-009-0 user-010-0 user-011-0 user-012-0
3808	cmd-3808	2025-11-13T00:15:00+09:00	user-001-0 user-002-0 user-003-0 user-004-0 user-005-0 user-006-0 user-007-0 user-008-1 user-009-0 user-010-0 user-011-0 user-012-0
3809	cmd-3809	2025-11-13T02:49:00+09:00	user-001-0 user-002-0 user-003-0 user-004-0 user-005-0 user-006-0 user-007-0 user-008-0 user-009-0 user-010-1 user-011-0 user-012-0
3810	cmd-3810	2025-11-13T04:59:00+09:00	user-001-1 user-002-1 user-003-1 user-004-1 user-005-0 user-006-0 user-007-0 user-008-0 user-009-0 user-010-0 user-011-0 user-012-0
3811	cmd-3811	2025-11-13T05:25:00+09:00	user-001-1 user-002-1 user-003-0 user-004-0 user-005-1 user-006-0 user-007-1 user-008-0 user-009-0 user-010-0 user-011-0 user-012-0
3812	cmd-3812	2025-11-13T05:36:00+09:00	user-001-0 user-002-0 user-003-0 user-004-0 user-005-0 user-006-0 user-007-0 user-008-0 user-009-0 user-010-1 user-011-1 user-012-0
3813	cmd-3813	2025-11-13T06:24:00+09:00	user-001-1 user-002-1 user-003-1 user-004-1 user-005-0 user-006-0 user-007-0 user-008-0 user-009-0 user-010-0 user-011-0 user-012-0
3814	cmd-3814	2025-11-13T06:49:00+09:00	user-001-0 user-002-0 user-003-0 user-004-0 user-005-0 user-006-0 user-007-0 user-008-1 user-009-0 user-010-0 user-011-0 user-012-0
3815	cmd-3815	2025-11-13T07:21:00+09:00	user-001-0 user-002-0 user-003-0 user-004-0 user-005-0 user-006-0 user-007-0 user-008-0 user-009-0 user-010-1 user-011-1 user-012-0
3816	cmd-3816	2025-11-13T13:27:00+09:00	user-001-0 user-002-0 user-003-0 user-004-0 user-005-0 user-006-0 user-007-0 user-008-0 user-009-0 user-010-1 user-011-1 user-012-0
3817	cmd-3817	2025-11-13T13:39:00+09:00	user-001-0 user-002-0 user-003-1 user-004-1 user-005-0 user-006-0 user-007-0 user-008-0 user-009-0 user-010-0 user-011-0 user-012-0
3818	cmd-3818	2025-11-13T14:17:00+09:00	user-001-1 user-002-1 user-003-1 user-004-0 user-005-1 user-006-0 user-007-0 user-008-0 user-009-0 user-010-0 user-011-0 user-012-0
3819	cmd-3819	2025-11-13T14:19:00+09:00	user-001-1 user-002-0 user-003-0 user-004-0 user-005-0 user-006-0 user-007-0 user-008-0 user-009-0 user-010-1 user-011-0 user-012-0
3820	cmd-3820	2025-11-13T15:01:00+09:00	user-001-1 user-002-1 user-003-0 user-004-0 user-005-1 user-006-0 user-007-1 user-008-0 user-009-0 user-010-0 user-011-0 user-012-0
3821	cmd-3821	2025-11-13T15:09:00+09:00	user-001-1 user-002-1 user-003-0 user-004-0 user-005-1 user-006-0 user-007-1 user-008-0 user-009-0 user-010-0 user-011-0 user-012-0
3822	cmd-3822	2025-11-13T15:38:00+09:00	user-001-1 user-002-0 user-003-0 user-004-0 user-005-0 user-006-0 user-007-0 user-008-0 user-009-0 user-010-0 user-011-0 user-012-0
3823	cmd-3823	2025-11-13T15:45:00+09:00	user-001-0 user-002-0 user-003-0 user-004-0 user-005-0 user-006-0 user-007-0 user-008-0 user-009-0 user-010-0 user-011-0 user-012-0
3824	cmd-3824	2025-11-13T17:58:00+09:00	user-001-1 user-002-1 user-003-1 user-004-0 user-005-1 user-006-0 user-007-0 user-008-0 user-009-0 user-010-0 user-011-0 user-012-0
3825	cmd-3825	2025-11-13T20:35:00+09:00	user-001-0 user-002-0 user-003-0 user-004-0 user-005-0 user-006-0 user-007-0 user-008-0 user-009-0 user-010-0 user-011-0 user-012-0
3826	cmd-3826	2025-11-13T21:00:00+09:00	user-001-0 user-002-0 user-003-0 user-004-0 user-005-0 user-006-0 user-007-0 user-008-0 user-009-0 user-010-0 user-011-0 user-012-0
3827	cmd-3827	2025-11-13T21:10:00+09:00	user-001-0 user-002-0 user-003-0 user-004-0 user-005-0 user-006-0 user-007-0 user-008-0 user-009-0 user-010-1 user-011-0 user-012-0
3828	cmd-3828	2025-11-13T21:16:00+09:00	user-001-0 user-002-0 user-003-0 user-004-0 user-005-0 user-006-0 user-007-0 user-008-0 user-009-0 user-010-0 user-011-0 user-012-0
3829	cmd-3829	2025-11-13T21:49:00+09:00	user-001-1 user-002-0 user-003-0 user-004-0 user-005-0 user-006-0 user-007-0 user-008-0 user-009-0 user-010-0 user-011-0 user-012-0
3830	cmd-3830	2025-11-13T22:34:00+09:00	user-001-0 user-002-0 user-003-0 user-004-0 user-005-0 user-006-0 user-007-0 user-008-0 user-009-0 user-010-0 user-011-0 user-012-0
3831	cmd-3831	2025-11-13T23:21:00+09:00	user-001-1 user-002-1 user-003-1 user-004-0 user-005-1 user-006-0 user-007-0 user-008-0 user-009-0 user-010-0 user-011-0 user-012-0
3832	cmd-3832	2025-11-14T00:36:00+09:00	user-001-1 user-002-0 user-003-0 user-004-0 user-005-0 user-006-0 user-007-0 user-008-0 user-009-0 user-010-1 user-011-1 user-012-0
3833	cmd-3833	2025-11-14T01:39:00+09:00	user-001-0 user-002-0 user-003-0 user-004-0 user-005-0 user-006-0 user-007-0 user-008-1 user-009-0 user-010-1 user-011-1 user-012-0
3834	cmd-3834	2025-11-14T03:00:00+09:00	user-001-0 user-002-0 user-003-0 user-004-0 user-005-0 user-006-0 user-007-0 user-008-0 user-009-0 user-010-0 user-011-0 user-012-0
3835	cmd-3835	2025-11-14T08:45:00+09:00	user-001-1 user-002-1 user-003-0 user-004-0 user-005-1 user-006-0 user-007-1 user-008-0 user-009-0 user-010-0 user-011-0 user-012-0
3836	cmd-3836	2025-11-14T10:54:00+09:00	user-001-0 user-002-0 user-003-0 user-004-0 user-005-0 user-006-0 user-007-0 user-008-1 user-009-0 user-010-0 user-011-0 user-012-0
3837	cmd-3837	2025-11-14T10:56:00+09:00	user-001-0 user-002-0 user-003-0 user-004-0 user-005-0 user-006-0 user-007-0 user-008-0 user-009-0 user-010-0 user-011-0 user-012-0
3838	cmd-3838	2025-11-14T12:59:00+09:00	user-001-1 user-002-1 user-003-0 user-004-0 user-005-1 user-006-0 user-007-1 user-008-0 user-009-0 user-010-0 user-011-0 user-012-0
3839	cmd-3839	2025-11-14T13:50:00+09:00	user-001-0 user-002-0 user-003-0 user-004-0 user-005-0 user-006-0 user-007-0 user-008-0 user-009-0 user-010-0 user-011-0 user-012-0
3840	cmd-3840	2025-11-14T14:09:00+09:00	user-001-1 user-002-1 user-003-1 user-004-0 user-005-1 user-006-0 user-007-0 user-008-0 user-009-0 user-010-0 user-011-0 user-012-0
3841	cmd-3841	2025-11-14T14:21:00+09:00	user-001-0 user-002-0 user-003-0 user-004-0 user-005-0 user-006-0 user-007-0 user-008-1 user-009-0 user-010-0 user-011-0 user-012-0
3842	cmd-3842	2025-11-14T14:52:00+09:00	user-001-1 user-002-1 user-003-1 user-004-0 user-005-1 user-006-0 user-007-0 user-008-0 user-009-0 user-010-0 user-011-0 user-012-0
3843	cmd-3843	2025-11-14T15:01:00+09:00	user-001-0 user-002-0 user-003-0 user-004-0 user-005-0 user-006-0 user-007-0 user-008-0 user-009-0 user-010-1 user-011-1 user-012-0
3844	cmd-3844	2025-11-14T17:13:00+09:00	user-001-1 user-002-1 user-003-1 user-004-0 user-005-1 user-006-0 user-007-0 user-008-0 user-009-0 user-010-0 user-011-0 user-012-0
3845	cmd-3845	2025-11-14T17:59:00+09:00	user-001-1 user-002-1 user-003-0 user-004-0 user-005-1 user-006-0 user-007-1 user-008-0 user-009-0 user-010-0 user-011-0 user-012-0
3846	cmd-3846	2025-11-14T21:05:00+09:00	user-001-0 user-002-1 user-003-1 user-004-0 user-005-0 user-006-0 user-007-0 user-008-0 user-009-0 user-010-0 user-011-0 user-012-0
3847	cmd-3847	2025-11-14T21:15:00+09:00	user-001-0 user-002-0 user-003-0 user-004-0 user-005-0 user-006-0 user-007-0 user-008-0 user-009-0 user-010-0 user-011-0 user-012-0
3848	cmd-3848	2025-11-14T21:25:00+09:00	user-001-1 user-002-1 user-003-1 user-004-0 user-005-1 user-006-0 user-007-0 user-008-0 user-009-0 user-010-0 user-011-0 user-012-0
3849	cmd-3849	2025-11-14T22:45:00+09:00	user-001-0 user-002-0 user-003-0 user-004-0 user-005-0 user-006-0 user-007-0 user-008-0 user-009-0 user-010-1 user-011-1 user-012-0
3850	cmd-3850	2025-11-15T00:07:00+09:00	user-001-0 user-002-0 user-003-0 user-004-0 user-005-0 user-006-0 user-007-0 user-008-0 user-009-0 user-010-1 user-011-0 user-012-0
3851	cmd-3851	2025-11-15T00:52:00+09:00	user-001-0 user-002-0 user-003-0 user-004-0 user-005-0 user-006-0 user-007-0 user-008-0 user-009-0 user-010-1 user-011-1 user-012-0
3852	cmd-3852	2025-11-15T04:39:00+09:00	user-001-1 user-002-1 user-003-1 user-004-0 user-005-1 user-006-0 user-007-0 user-008-0 user-009-0 user-010-0 user-011-0 user-012-0
3853	cmd-3853	2025-11-15T04:54:00+09:00	user-001-0 user-002-0 user-003-0 user-004-1 user-005-0 user-006-0 user-007-0 user-008-0 user-009-0 user-010-0 user-011-0 user-012-0
3854	cmd-3854	2025-11-15T05:18:00+09:00	user-001-1 user-002-0 user-003-0 user-004-0 user-005-0 user-006-0 user-007-0 user-008-0 user-009-0 user-010-0 user-011-0 user-012-0
3855	cmd-3855	2025-11-15T05:49:00+09:00	user-001-0 user-002-0 user-003-0 user-004-0 user-005-0 user-006-0 user-007-0 user-008-0 user-009-0 user-010-0 user-011-0 user-012-0
3856	cmd-3856	2025-11-15T07:16:00+09:00	user-001-0 user-002-0 user-003-0 user-004-0 user-005-0 user-006-0 user-007-0 user-008-0 user-009-0 user-010-0 user-011-1 user-012-0
3857	cmd-3857	2025-11-15T07:33:00+09:00	user-001-1 user-002-0 user-003-0 user-004-0 user-005-0 user-006-0 user-007-0 user-008-0 user-009-0 user-010-0 user-011-0 user-012-0
3858	cmd-3858	2025-11-15T07:54:00+09:00	user-001-1 user-002-0 user-003-0 user-004-0 user-005-0 user-006-0 user-007-0 user-008-0 user-009-0 user-010-1 user-011-1 user-012-0
3859	cmd-3859	2025-11-15T08:57:00+09:00	user-001-0 user-002-0 user-003-0 user-004-0 user-005-0 user-006-0 user-007-0 user-008-0 user-009-0 user-010-0 user-011-0 user-012-0
3860	cmd-3860	2025-11-15T09:48:00+09:00	user-001-1 user-002-1 user-003-1 user-004-0 user-005-1 user-006-0 user-007-0 user-008-0 user-009-0 user-010-0 user-011-0 user-012-0
3861	cmd-3861	2025-11-15T10:33:00+09:00	user-001-0 user-002-0 user-003-0 user-004-0 user-005-0 user-006-0 user-007-0 user-008-0 user-009-0 user-010-0 user-011-0 user-012-0
3862	cmd-3862	2025-11-15T10:49:00+09:00	user-001-0 user-002-0 user-003-0 user-004-0 user-005-0 user-006-0 user-007-0 user-008-0 user-009-0 user-010-0 user-011-0 user-012-0
3863	cmd-3863	2025-11-15T14:42:00+09:00	user-001-1 user-002-0 user-003-0 user-004-0 user-005-0 user-006-0 user-007-0 user-008-0 user-009-0 user-010-0 user-011-0 user-012-0
3864	cmd-3864	2025-11-15T14:49:00+09:00	user-001-0 user-002-0 user-003-0 user-004-0 user-005-0 user-006-0 user-007-0 user-008-0 user-009-0 user-010-0 user-011-0 user-012-0
3865	cmd-3865	2025-11-15T16:48:00+09:00	user-001-1 user-002-1 user-003-1 user-004-0 user-005-1 user-006-0 user-007-0 user-008-0 user-009-0 user-010-0 user-011-0 user-012-0
3866	cmd-3866	2025-11-15T17:35:00+09:00	user-001-0 user-002-0 user-003-0 user-004-0 user-005-0 user-006-0 user-007-0 user-008-0 user-009-0 user-010-0 user-011-0 user-012-0
3867	cmd-3867	2025-11-15T18:27:00+09:00	user-001-0 user-002-0 user-003-0 user-004-0 user-005-0 user-006-0 user-007-0 user-008-0 user-009-0 user-010-0 user-011-0 user-012-0
3868	cmd-3868	2025-11-15T19:03:00+09:00	user-001-1 user-002-0 user-003-0 user-004-0 user-005-0 user-006-0 user-007-0 user-008-0 user-009-0 user-010-0 user-011-0 user-012-0
3869	cmd-3869	2025-11-15T20:31:00+09:00	user-001-0 user-002-0 user-003-0 user-004-0 user-005-0 user-006-0 user-007-0 user-008-0 user-009-0 user-010-0 user-011-0 user-012-0
3870	cmd-3870	2025-11-15T21:01:00+09:00	user-001-1 user-002-1 user-003-1 user-004-0 user-005-1 user-006-0 user-007-0 user-008-0 user-009-0 user-010-0 user-011-0 user-012-0
3871	cmd-3871	2025-11-15T23:51:00+09:00	user-001-0 user-002-0 user-003-0 user-004-0 user-005-0 user-006-0 user-007-0 user-008-0 user-009-0 user-010-1 user-011-0 user-012-0
3872	cmd-3872	2025-11-16T00:50:00+09:00	user-001-1 user-002-1 user-003-0 user-004-0 user-005-1 user-006-0 user-007-1 user-008-0 user-009-0 user-010-0 user-011-0 user-012-0
3873	cmd-3873	2025-11-16T01:44:00+09:00	user-001-1 user-002-1 user-003-0 user-004-0 user-005-1 user-006-0 user-007-1 user-008-0 user-009-0 user-010-0 user-011-0 user-012-0
3874	cmd-3874	2025-11-16T02:24:00+09:00	user-001-1 user-002-1 user-003-0 user-004-0 user-005-1 user-006-0 user-007-1 user-008-0 user-009-0 user-010-0 user-011-0 user-012-0
3875	cmd-3875	2025-11-16T02:35:00+09:00	user-001-1 user-002-1 user-003-0 user-004-0 user-005-1 user-006-0 user-007-1 user-008-0 user-009-0 user-010-0 user-011-0 user-012-0
3876	cmd-3876	2025-11-16T03:24:00+09:00	user-001-1 user-002-0 user-003-0 user-004-0 user-005-0 user-006-0 user-007-0 user-008-0 user-009-0 user-010-0 user-011-0 user-012-0
3877	cmd-3877	2025-11-16T03:33:00+09:00	user-001-1 user-002-1 user-003-0 user-004-0 user-005-1 user-006-0 user-007-1 user-008-0 user-009-0 user-010-0 user-011-0 user-012-0
3878	cmd-3878	2025-11-16T04:20:00+09:00	user-001-0 user-002-0 user-003-0 user-004-0 user-005-0 user-006-0 user-007-0 user-008-0 user-009-0 user-010-1 user-011-1 user-012-0
3879	cmd-3879	2025-11-16T04:52:00+09:00	user-001-1 user-002-1 user-003-1 user-004-0 user-005-1 user-006-0 user-007-0 user-008-0 user-009-0 user-010-0 user-011-0 user-012-0
3880	cmd-3880	2025-11-16T06:04:00+09:00	user-001-0 user-002-0 user-003-0 user-004-0 user-005-0 user-006-0 user-007-0 user-008-0 user-009-0 user-010-0 user-011-0 user-012-0
3881	cmd-3881	2025-11-16T09:05:00+09:00	user-001-1 user-002-0 user-003-0 user-004-0 user-005-0 user-006-0 user-007-0 user-008-0 user-009-0 user-010-0 user-011-0 user-012-0
3882	cmd-3882	2025-11-16T09:56:00+09:00	user-001-0 user-002-0 user-003-0 user-004-0 user-005-0 user-006-0 user-007-0 user-008-1 user-009-1 user-010-0 user-011-0 user-012-0
3883	cmd-3883	2025-11-16T11:27:00+09:00	user-001-0 user-002-0 user-003-0 user-004-0 user-005-0 user-006-0 user-007-0 user-008-0 user-009-0 user-010-0 user-011-0 user-012-1
3884	cmd-3884	2025-11-16T13:14:00+09:00	user-001-1 user-002-1 user-003-1 user-004-0 user-005-1 user-006-0 user-007-0 user-008-0 user-009-0 user-010-0 user-011-0 user-012-0
3885	cmd-3885	2025-11-16T15:29:00+09:00	user-001-0 user-002-0 user-003-0 user-004-0 user-005-0 user-006-0 user-007-0 user-008-0 user-009-0 user-010-1 user-011-1 user-012-0
3886	cmd-3886	2025-11-16T17:53:00+09:00	user-001-1 user-002-1 user-003-1 user-004-0 user-005-1 user-006-0 user-007-0 user-008-0 user-009-0 user-010-0 user-011-0 user-012-0
3887	cmd-3887	2025-11-16T18:02:00+09:00	user-001-1 user-002-1 user-003-1 user-004-0 user-005-1 user-006-0 user-007-0 user-008-0 user-009-0 user-010-0 user-011-0 user-012-0
3888	cmd-3888	2025-11-16T20:16:00+09:00	user-001-1 user-002-1 user-003-0 user-004-0 user-005-1 user-006-0 user-007-1 user-008-0 user-009-0 user-010-0 user-011-0 user-012-0
3889	cmd-3889	2025-11-16T21:12:00+09:00	user-001-0 user-002-0 user-003-0 user-004-0 user-005-0 user-006-0 user-007-0 user-008-0 user-009-0 user-010-0 user-011-0 user-012-0
3890	cmd-3890	2025-11-16T21:17:00+09:00	user-001-1 user-002-1 user-003-1 user-004-1 user-005-0 user-006-0 user-007-0 user-008-0 user-009-0 user-010-0 user-011-0 user-012-0
3891	cmd-3891	2025-11-16T21:30:00+09:00	user-001-1 user-002-0 user-003-0 user-004-0 user-005-0 user-006-0 user-007-0 user-008-0 user-009-0 user-010-0 user-011-0 user-012-0
3892	cmd-3892	2025-11-16T23:13:00+09:00	user-001-0 user-002-0 user-003-0 user-004-0 user-005-0 user-006-0 user-007-0 user-008-1 user-009-0 user-010-0 user-011-0 user-012-0
3893	cmd-3893	2025-11-16T23:30:00+09:00	user-001-0 user-002-0 user-003-0 user-004-0 user-005-0 user-006-0 user-007-0 user-008-0 user-009-0 user-010-0 user-011-0 user-012-0
3894	cmd-3894	2025-11-17T00:15:00+09:00	user-001-0 user-002-0 user-003-0 user-004-0 user-005-0 user-006-0 user-007-0 user-008-1 user-009-0 user-010-1 user-011-1 user-012-0
3895	cmd-3895	2025-11-17T02:06:00+09:00	user-001-0 user-002-0 user-003-0 user-004-0 user-005-0 user-006-0 user-007-0 user-008-1 user-009-0 user-010-0 user-011-0 user-012-0
3896	cmd-3896	2025-11-17T03:03:00+09:00	user-001-0 user-002-0 user-003-0 user-004-0 user-005-0 user-006-0 user-007-0 user-008-0 user-009-0 user-010-1 user-011-1 user-012-0
3897	cmd-3897	2025-11-17T04:07:00+09:00	user-001-1 user-002-1 user-003-1 user-004-1 user-005-0 user-006-0 user-007-0 user-008-0 user-009-0 user-010-0 user-011-0 user-012-0
3898	cmd-3898	2025-11-17T04:12:00+09:00	user-001-0 user-002-0 user-003-0 user-004-0 user-005-0 user-006-0 user-007-0 user-008-0 user-009-0 user-010-0 user-011-0 user-012-0
3899	cmd-3899	2025-11-17T05:07:00+09:00	user-001-1 user-002-0 user-003-0 user-004-0 user-005-0 user-006-0 user-007-0 user-008-0 user-009-0 user-010-0 user-011-0 user-012-0
3900	cmd-3900	2025-11-17T05:09:00+09:00	user-001-0 user-002-0 user-003-0 user-004-0 user-005-0 user-006-0 user-007-1 user-008-0 user-009-0 user-010-0 user-011-0 user-012-0
3901	cmd-3901	2025-10-30T06:35:00+09:00	user-001-0 user-002-0 user-003-1 user-004-0 user-005-0 user-006-0 user-007-0 user-008-0 user-009-1 user-010-1 user-011-1 user-012-0
3902	cmd-3902	2025-10-30T06:45:00+09:00	user-001-0 user-002-0 user-003-0 user-004-0 user-005-0 user-006-0 user-007-0 user-008-0 user-009-1 user-010-1 user-011-0 user-012-0
3903	cmd-3903	2025-10-30T07:49:00+09:00	user-001-0 user-002-0 user-003-1 user-004-0 user-005-0 user-006-0 user-007-0 user-008-0 user-009-1 user-010-1 user-011-1 user-012-0
3904	cmd-3904	2025-10-30T09:51:00+09:00	user-001-0 user-002-0 user-003-0 user-004-0 user-005-0 user-006-0 user-007-0 user-008-0 user-009-1 user-010-1 user-011-1 user-012-0
3905	cmd-3905	2025-10-30T10:02:00+09:00	user-001-0 user-002-0 user-003-0 user-004-0 user-005-0 user-006-0 user-007-0 user-008-0 user-009-1 user-010-1 user-011-1 user-012-0
3906	cmd-3906	2025-10-30T11:05:00+09:00	user-001-0 user-002-0 user-003-1 user-004-0 user-005-0 user-006-0 user-007-0 user-008-0 user-009-1 user-010-1 user-011-1 user-012-0
3907	cmd-3907	2025-10-30T11:54:00+09:00	user-001-0 user-002-0 user-003-0 user-004-0 user-005-0 user-006-0 user-007-0 user-008-0 user-009-1 user-010-1 user-011-1 user-012-0
3908	cmd-3908	2025-10-30T12:29:00+09:00	user-001-0 user-002-0 user-003-1 user-004-0 user-005-0 user-006-0 user-007-0 user-008-0 user-009-1 user-010-1 user-011-1 user-012-0
3909	cmd-3909	2025-10-30T13:31:00+09:00	user-001-0 user-002-0 user-003-0 user-004-0 user-005-0 user-006-0 user-007-0 user-008-0 user-009-1 user-010-1 user-011-1 user-012-0
3910	cmd-3910	2025-10-30T15:55:00+09:00	user-001-0 user-002-0 user-003-0 user-004-0 user-005-0 user-006-0 user-007-0 user-008-0 user-009-1 user-010-1 user-011-1 user-012-0
3911	cmd-3911	2025-10-30T16:11:00+09:00	user-001-0 user-002-0 user-003-1 user-004-0 user-005-0 user-006-0 user-007-0 user-008-0 user-009-1 user-010-1 user-011-1 user-012-0
3912	cmd-3912	2025-10-30T17:53:00+09:00	user-001-0 user-002-0 user-003-0 user-004-0 user-005-0 user-006-0 user-007-0 user-008-0 user-009-1 user-010-1 user-011-1 user-012-0
3913	cmd-3913	2025-10-30T23:12:00+09:00	user-001-0 user-002-0 user-003-0 user-004-0 user-005-0 user-006-0 user-007-0 user-008-0 user-009-1 user-010-1 user-011-1 user-012-0
3914	cmd-3914	2025-10-31T02:49:00+09:00	user-001-0 user-002-0 user-003-0 user-004-0 user-005-0 user-006-0 user-007-0 user-008-0 user-009-1 user-010-1 user-011-0 user-012-0
3915	cmd-3915	2025-10-31T03:58:00+09:00	user-001-0 user-002-0 user-003-1 user-004-0 user-005-0 user-006-0 user-007-0 user-008-0 user-009-1 user-010-1 user-011-1 user-012-0
3916	cmd-3916	2025-10-31T04:28:00+09:00	user-001-0 user-002-0 user-003-1 user-004-0 user-005-0 user-006-0 user-007-0 user-008-0 user-009-1 user-010-1 user-011-1 user-012-0
3917	cmd-3917	2025-10-31T07:45:00+09:00	user-001-0 user-002-0 user-003-0 user-004-0 user-005-0 user-006-0 user-007-0 user-008-0 user-009-1 user-010-1 user-011-0 user-012-0
3918	cmd-3918	2025-10-31T08:52:00+09:00	user-001-0 user-002-0 user-003-1 user-004-0 user-005-0 user-006-0 user-007-0 user-008-0 user-009-1 user-010-1 user-011-1 user-012-0
3919	cmd-3919	2025-10-31T10:15:00+09:00	user-001-0 user-002-0 user-003-0 user-004-0 user-005-0 user-006-0 user-007-0 user-008-0 user-009-1 user-010-1 user-011-1 user-012-0
3920	cmd-3920	2025-10-31T13:13:00+09:00	user-001-0 user-002-0 user-003-0 user-004-0 user-005-0 user-006-0 user-007-0 user-008-0 user-009-1 user-010-1 user-011-1 user-012-0
3921	cmd-3921	2025-10-31T13:38:00+09:00	user-001-0 user-002-0 user-003-1 user-004-0 user-005-0 user-006-0 user-007-0 user-008-0 user-009-1 user-010-1 user-011-1 user-012-0
3922	cmd-3922	2025-10-31T15:26:00+09:00	user-001-0 user-002-0 user-003-1 user-004-0 user-005-0 user-006-0 user-007-0 user-008-0 user-009-1 user-010-1 user-011-1 user-012-0
3923	cmd-3923	2025-10-31T15:39:00+09:00	user-001-0 user-002-0 user-003-1 user-004-0 user-005-0 user-006-0 user-007-0 user-008-0 user-009-1 user-010-1 user-011-1 user-012-0
3924	cmd-3924	2025-10-31T17:23:00+09:00	user-001-0 user-002-0 user-003-0 user-004-0 user-005-0 user-006-0 user-007-0 user-008-0 user-009-1 user-010-1 user-011-1 user-012-0
3925	cmd-3925	2025-10-31T22:36:00+09:00	user-001-0 user-002-0 user-003-0 user-004-0 user-005-0 user-006-0 user-007-0 user-008-0 user-009-1 user-010-1 user-011-0 user-012-0
3926	cmd-3926	2025-10-31T22:51:00+09:00	user-001-0 user-002-0 user-003-0 user-004-0 user-005-0 user-006-0 user-007-0 user-008-0 user-009-1 user-010-1 user-011-0 user-012-0
3927	cmd-3927	2025-11-01T04:30:00+09:00	user-001-0 user-002-0 user-003-0 user-004-0 user-005-0 user-006-0 user-007-0 user-008-0 user-009-1 user-010-1 user-011-1 user-012-0
3928	cmd-3928	2025-11-01T16:08:00+09:00	user-001-0 user-002-0 user-003-0 user-004-0 user-005-0 user-006-0 user-007-0 user-008-0 user-009-1 user-010-1 user-011-0 user-012-0
3929	cmd-3929	2025-11-01T21:31:00+09:00	user-001-0 user-002-0 user-003-0 user-004-0 user-005-0 user-006-0 user-007-0 user-008-0 user-009-1 user-010-1 user-011-1 user-012-0
3930	cmd-3930	2025-11-01T23:34:00+09:00	user-001-0 user-002-0 user-003-0 user-004-0 user-005-0 user-006-0 user-007-0 user-008-0 user-009-1 user-010-1 user-011-1 user-012-0
3931	cmd-3931	2025-11-02T02:27:00+09:00	user-001-0 user-002-0 user-003-1 user-004-0 user-005-0 user-006-0 user-007-0 user-008-0 user-009-1 user-010-1 user-011-1 user-012-0
3932	cmd-3932	2025-11-02T04:33:00+09:00	user-001-0 user-002-0 user-003-0 user-004-0 user-005-0 user-006-0 user-007-0 user-008-0 user-009-1 user-010-1 user-011-1 user-012-0
3933	cmd-3933	2025-11-02T07:12:00+09:00	user-001-0 user-002-0 user-003-0 user-004-0 user-005-0 user-006-0 user-007-0 user-008-0 user-009-1 user-010-1 user-011-1 user-012-0
3934	cmd-3934	2025-11-02T11:31:00+09:00	user-001-0 user-002-0 user-003-1 user-004-0 user-005-0 user-006-0 user-007-0 user-008-0 user-009-1 user-010-1 user-011-1 user-012-0
3935	cmd-3935	2025-11-02T12:39:00+09:00	user-001-0 user-002-0 user-003-0 user-004-0 user-005-0 user-006-0 user-007-0 user-008-0 user-009-1 user-010-1 user-011-0 user-012-0
3936	cmd-3936	2025-11-02T13:36:00+09:00	user-001-0 user-002-0 user-003-1 user-004-0 user-005-0 user-006-0 user-007-0 user-008-0 user-009-1 user-010-1 user-011-1 user-012-0
3937	cmd-3937	2025-11-02T17:21:00+09:00	user-001-0 user-002-0 user-003-0 user-004-0 user-005-0 user-006-0 user-007-0 user-008-0 user-009-1 user-010-1 user-011-1 user-012-0
3938	cmd-3938	2025-11-02T18:04:00+09:00	user-001-0 user-002-0 user-003-1 user-004-0 user-005-0 user-006-0 user-007-0 user-008-0 user-009-1 user-010-1 user-011-1 user-012-0
3939	cmd-3939	2025-11-02T23:36:00+09:00	user-001-0 user-002-0 user-003-0 user-004-0 user-005-0 user-006-0 user-007-0 user-008-0 user-009-1 user-010-1 user-011-1 user-012-0
3940	cmd-3940	2025-11-03T01:29:00+09:00	user-001-0 user-002-0 user-003-0 user-004-0 user-005-0 user-006-0 user-007-0 user-008-0 user-009-1 user-010-1 user-011-1 user-012-0
3941	cmd-3941	2025-11-03T03:59:00+09:00	user-001-0 user-002-0 user-003-1 user-004-0 user-005-0 user-006-0 user-007-0 user-008-0 user-009-1 user-010-1 user-011-1 user-012-0
3942	cmd-3942	2025-11-03T05:22:00+09:00	user-001-0 user-002-0 user-003-0 user-004-0 user-005-0 user-006-0 user-007-0 user-008-0 user-009-1 user-010-1 user-011-0 user-012-0
3943	cmd-3943	2025-11-03T06:39:00+09:00	user-001-0 user-002-0 user-003-0 user-004-0 user-005-0 user-006-0 user-007-0 user-008-0 user-009-1 user-010-1 user-011-0 user-012-0
3944	cmd-3944	2025-11-03T07:53:00+09:00	user-001-0 user-002-0 user-003-0 user-004-0 user-005-0 user-006-0 user-007-0 user-008-0 user-009-1 user-010-1 user-011-0 user-012-0
3945	cmd-3945	2025-11-03T09:12:00+09:00	user-001-0 user-002-0 user-003-0 user-004-0 user-005-0 user-006-0 user-007-0 user-008-0 user-009-1 user-010-1 user-011-0 user-012-0
3946	cmd-3946	2025-11-03T10:36:00+09:00	user-001-0 user-002-0 user-003-0 user-004-0 user-005-0 user-006-0 user-007-0 user-008-0 user-009-1 user-010-1 user-011-1 user-012-0
3947	cmd-3947	2025-11-03T15:56:00+09:00	user-001-0 user-002-0 user-003-1 user-004-0 user-005-0 user-006-0 user-007-0 user-008-0 user-009-1 user-010-1 user-011-1 user-012-0
3948	cmd-3948	2025-11-03T16:31:00+09:00	user-001-0 user-002-0 user-003-1 user-004-0 user-005-0 user-006-0 user-007-0 user-008-0 user-009-1 user-010-1 user-011-1 user-012-0
3949	cmd-3949	2025-11-03T18:43:00+09:00	user-001-0 user-002-0 user-003-0 user-004-0 user-005-0 user-006-0 user-007-0 user-008-0 user-009-1 user-010-1 user-011-0 user-012-0
3950	cmd-3950	2025-11-04T00:19:00+09:00	user-001-0 user-002-0 user-003-0 user-004-0 user-005-0 user-006-0 user-007-0 user-008-0 user-009-1 user-010-1 user-011-1 user-012-0
3951	cmd-3951	2025-11-04T06:45:00+09:00	user-001-0 user-002-0 user-003-0 user-004-0 user-005-0 user-006-0 user-007-0 user-008-0 user-009-1 user-010-1 user-011-0 user-012-0
3952	cmd-3952	2025-11-04T08:52:00+09:00	user-001-0 user-002-0 user-003-1 user-004-0 user-005-0 user-006-0 user-007-0 user-008-0 user-009-1 user-010-1 user-011-1 user-012-0
3953	cmd-3953	2025-11-04T15:58:00+09:00	user-001-0 user-002-0 user-003-0 user-004-0 user-005-0 user-006-0 user-007-0 user-008-0 user-009-1 user-010-1 user-011-1 user-012-0
3954	cmd-3954	2025-11-04T18:41:00+09:00	user-001-0 user-002-0 user-003-1 user-004-0 user-005-0 user-006-0 user-007-0 user-008-0 user-009-1 user-010-1 user-011-1 user-012-0
3955	cmd-3955	2025-11-04T19:25:00+09:00	user-001-0 user-002-0 user-003-0 user-004-0 user-005-0 user-006-0 user-007-0 user-008-0 user-009-1 user-010-1 user-011-1 user-012-0
3956	cmd-3956	2025-11-04T21:13:00+09:00	user-001-0 user-002-0 user-003-0 user-004-0 user-005-0 user-006-0 user-007-0 user-008-0 user-009-1 user-010-1 user-011-0 user-012-0
3957	cmd-3957	2025-11-05T01:12:00+09:00	user-001-0 user-002-0 user-003-0 user-004-0 user-005-0 user-006-0 user-007-0 user-008-0 user-009-1 user-010-1 user-011-1 user-012-0
3958	cmd-3958	2025-11-05T03:01:00+09:00	user-001-0 user-002-0 user-003-1 user-004-0 user-005-0 user-006-0 user-007-0 user-008-0 user-009-1 user-010-1 user-011-1 user-012-0
3959	cmd-3959	2025-11-05T03:18:00+09:00	user-001-0 user-002-0 user-003-0 user-004-0 user-005-0 user-006-0 user-007-0 user-008-0 user-009-1 user-010-1 user-011-1 user-012-0
3960	cmd-3960	2025-11-05T05:24:00+09:00	user-001-0 user-002-0 user-003-0 user-004-0 user-005-0 user-006-0 user-007-0 user-008-0 user-009-1 user-010-1 user-011-1 user-012-0
3961	cmd-3961	2025-11-05T11:14:00+09:00	user-001-0 user-002-0 user-003-1 user-004-0 user-005-0 user-006-0 user-007-0 user-008-0 user-009-1 user-010-1 user-011-1 user-012-0
3962	cmd-3962	2025-11-05T13:08:00+09:00	user-001-0 user-002-0 user-003-0 user-004-0 user-005-0 user-006-0 user-007-0 user-008-0 user-009-1 user-010-1 user-011-1 user-012-0
3963	cmd-3963	2025-11-05T18:39:00+09:00	user-001-0 user-002-0 user-003-0 user-004-0 user-005-0 user-006-0 user-007-0 user-008-0 user-009-1 user-010-1 user-011-1 user-012-0
3964	cmd-3964	2025-11-05T21:07:00+09:00	user-001-0 user-002-0 user-003-0 user-004-0 user-005-0 user-006-0 user-007-0 user-008-0 user-009-1 user-010-1 user-011-1 user-012-0
3965	cmd-3965	2025-11-06T05:50:00+09:00	user-001-0 user-002-0 user-003-0 user-004-0 user-005-0 user-006-0 user-007-0 user-008-0 user-009-1 user-010-1 user-011-1 user-012-0
3966	cmd-3966	2025-11-06T08:08:00+09:00	user-001-0 user-002-0 user-003-1 user-004-0 user-005-0 user-006-0 user-007-0 user-008-0 user-009-1 user-010-1 user-011-1 user-012-0
3967	cmd-3967	2025-11-06T11:07:00+09:00	user-001-0 user-002-0 user-003-1 user-004-0 user-005-0 user-006-0 user-007-0 user-008-0 user-009-1 user-010-1 user-011-1 user-012-0
3968	cmd-3968	2025-11-06T14:01:00+09:00	user-001-0 user-002-0 user-003-0 user-004-0 user-005-0 user-006-0 user-007-0 user-008-0 user-009-1 user-010-1 user-011-1 user-012-0
3969	cmd-3969	2025-11-06T14:52:00+09:00	user-001-0 user-002-0 user-003-0 user-004-0 user-005-0 user-006-0 user-007-0 user-008-0 user-009-1 user-010-1 user-011-0 user-012-0
3970	cmd-3970	2025-11-06T17:28:00+09:00	user-001-0 user-002-0 user-003-1 user-004-0 user-005-0 user-006-0 user-007-0 user-008-0 user-009-1 user-010-1 user-011-1 user-012-0
3971	cmd-3971	2025-11-06T19:54:00+09:00	user-001-0 user-002-0 user-003-0 user-004-0 user-005-0 user-006-0 user-007-0 user-008-0 user-009-1 user-010-1 user-011-1 user-012-0
3972	cmd-3972	2025-11-06T22:33:00+09:00	user-001-0 user-002-0 user-003-1 user-004-0 user-005-0 user-006-0 user-007-0 user-008-0 user-009-1 user-010-1 user-011-1 user-012-0
3973	cmd-3973	2025-11-07T00:49:00+09:00	user-001-0 user-002-0 user-003-0 user-004-0 user-005-0 user-006-0 user-007-0 user-008-0 user-009-1 user-010-1 user-011-1 user-012-0
3974	cmd-3974	2025-11-07T03:19:00+09:00	user-001-0 user-002-0 user-003-0 user-004-0 user-005-0 user-006-0 user-007-0 user-008-0 user-009-1 user-010-1 user-011-1 user-012-0
3975	cmd-3975	2025-11-07T05:59:00+09:00	user-001-0 user-002-0 user-003-0 user-004-0 user-005-0 user-006-0 user-007-0 user-008-0 user-009-1 user-010-1 user-011-1 user-012-0
3976	cmd-3976	2025-11-07T10:00:00+09:00	user-001-0 user-002-0 user-003-1 user-004-0 user-005-0 user-006-0 user-007-0 user-008-0 user-009-1 user-010-1 user-011-1 user-012-0
3977	cmd-3977	2025-11-07T10:01:00+09:00	user-001-0 user-002-0 user-003-1 user-004-0 user-005-0 user-006-0 user-007-0 user-008-0 user-009-1 user-010-1 user-011-1 user-012-0
3978	cmd-3978	2025-11-07T11:57:00+09:00	user-001-0 user-002-0 user-003-1 user-004-0 user-005-0 user-006-0 user-007-0 user-008-0 user-009-1 user-010-1 user-011-1 user-012-0
3979	cmd-3979	2025-11-07T14:11:00+09:00	user-001-0 user-002-0 user-003-0 user-004-0 user-005-0 user-006-0 user-007-0 user-008-0 user-009-1 user-010-1 user-011-0 user-012-0
3980	cmd-3980	2025-11-07T18:29:00+09:00	user-001-0 user-002-0 user-003-0 user-004-0 user-005-0 user-006-0 user-007-0 user-008-0 user-009-1 user-010-1 user-011-1 user-012-0
3981	cmd-3981	2025-11-07T19:04:00+09:00	user-001-0 user-002-0 user-003-0 user-004-0 user-005-0 user-006-0 user-007-0 user-008-0 user-009-1 user-010-1 user-011-1 user-012-0
3982	cmd-3982	2025-11-07T19:55:00+09:00	user-001-0 user-002-0 user-003-0 user-004-0 user-005-0 user-006-0 user-007-0 user-008-0 user-009-1 user-010-1 user-011-0 user-012-0
3983	cmd-3983	2025-11-07T21:35:00+09:00	user-001-0 user-002-0 user-003-0 user-004-0 user-005-0 user-006-0 user-007-0 user-008-0 user-009-1 user-010-1 user-011-1 user-012-0
3984	cmd-3984	2025-11-08T00:03:00+09:00	user-001-0 user-002-0 user-003-0 user-004-0 user-005-0 user-006-0 user-007-0 user-008-0 user-009-1 user-010-1 user-011-0 user-012-0
3985	cmd-3985	2025-11-08T00:24:00+09:00	user-001-0 user-002-0 user-003-0 user-004-0 user-005-0 user-006-0 user-007-0 user-008-0 user-009-1 user-010-1 user-011-1 user-012-0
3986	cmd-3986	2025-11-08T06:15:00+09:00	user-001-0 user-002-0 user-003-0 user-004-0 user-005-0 user-006-0 user-007-0 user-008-0 user-009-1 user-010-1 user-011-0 user-012-0
3987	cmd-3987	2025-11-08T06:52:00+09:00	user-001-0 user-002-0 user-003-0 user-004-0 user-005-0 user-006-0 user-007-0 user-008-0 user-009-1 user-010-1 user-011-1 user-012-0
3988	cmd-3988	2025-11-08T09:24:00+09:00	user-001-0 user-002-0 user-003-0 user-004-0 user-005-0 user-006-0 user-007-0 user-008-0 user-009-1 user-010-1 user-011-1 user-012-0
3989	cmd-3989	2025-11-08T09:29:00+09:00	user-001-0 user-002-0 user-003-0 user-004-0 user-005-0 user-006-0 user-007-0 user-008-0 user-009-1 user-010-1 user-011-0 user-012-0
3990	cmd-3990	2025-11-08T13:26:00+09:00	user-001-0 user-002-0 user-003-0 user-004-0 user-005-0 user-006-0 user-007-0 user-008-0 user-009-1 user-010-1 user-011-0 user-012-0
3991	cmd-3991	2025-11-08T16:52:00+09:00	user-001-0 user-002-0 user-003-0 user-004-0 user-005-0 user-006-0 user-007-0 user-008-0 user-009-1 user-010-1 user-011-1 user-012-0
3992	cmd-3992	2025-11-08T17:04:00+09:00	user-001-0 user-002-0 user-003-1 user-004-0 user-005-0 user-006-0 user-007-0 user-008-0 user-009-1 user-010-1 user-011-1 user-012-0
3993	cmd-3993	2025-11-08T19:46:00+09:00	user-001-0 user-002-0 user-003-0 user-004-0 user-005-0 user-006-0 user-007-0 user-008-0 user-009-1 user-010-1 user-011-1 user-012-0
3994	cmd-3994	2025-11-08T21:04:00+09:00	user-001-0 user-002-0 user-003-0 user-004-0 user-005-0 user-006-0 user-007-0 user-008-0 user-009-1 user-010-1 user-011-1 user-012-0
3995	cmd-3995	2025-11-08T22:23:00+09:00	user-001-0 user-002-0 user-003-1 user-004-0 user-005-0 user-006-0 user-007-0 user-008-0 user-009-1 user-010-1 user-011-1 user-012-0
3996	cmd-3996	2025-11-08T23:44:00+09:00	user-001-0 user-002-0 user-003-0 user-004-0 user-005-0 user-006-0 user-007-0 user-008-0 user-009-1 user-010-1 user-011-1 user-012-0
3997	cmd-3997	2025-11-09T04:50:00+09:00	user-001-0 user-002-0 user-003-0 user-004-0 user-005-0 user-006-0 user-007-0 user-008-0 user-009-1 user-010-1 user-011-1 user-012-0
3998	cmd-3998	2025-11-09T06:05:00+09:00	user-001-0 user-002-0 user-003-1 user-004-0 user-005-0 user-006-0 user-007-0 user-008-0 user-009-1 user-010-1 user-011-1 user-012-0
3999	cmd-3999	2025-11-09T07:52:00+09:00	user-001-0 user-002-0 user-003-0 user-004-0 user-005-0 user-006-0 user-007-0 user-008-0 user-009-1 user-010-1 user-011-1 user-012-0
4000	cmd-4000	2025-11-09T09:45:00+09:00	user-001-0 user-002-0 user-003-0 user-004-0 user-005-0 user-006-0 user-007-0 user-008-0 user-009-1 user-010-1 user-011-1 user-012-0
4001	cmd-4001	2025-11-09T09:47:00+09:00	user-001-0 user-002-0 user-003-0 user-004-0 user-005-0 user-006-0 user-007-0 user-008-0 user-009-1 user-010-1 user-011-0 user-012-0
4002	cmd-4002	2025-11-09T11:34:00+09:00	user-001-0 user-002-0 user-003-1 user-004-0 user-005-0 user-006-0 user-007-0 user-008-0 user-009-1 user-010-1 user-011-1 user-012-0
4003	cmd-4003	2025-11-09T12:29:00+09:00	user-001-0 user-002-0 user-003-0 user-004-0 user-005-0 user-006-0 user-007-0 user-008-0 user-009-1 user-010-1 user-011-0 user-012-0
4004	cmd-4004	2025-11-09T13:48:00+09:00	user-001-0 user-002-0 user-003-1 user-004-0 user-005-0 user-006-0 user-007-0 user-008-0 user-009-1 user-010-1 user-011-1 user-012-0
4005	cmd-4005	2025-11-09T14:40:00+09:00	user-001-0 user-002-0 user-003-1 user-004-0 user-005-0 user-006-0 user-007-0 user-008-0 user-009-1 user-010-1 user-011-1 user-012-0
4006	cmd-4006	2025-11-09T15:42:00+09:00	user-001-0 user-002-0 user-003-0 user-004-0 user-005-0 user-006-0 user-007-0 user-008-0 user-009-1 user-010-1 user-011-0 user-012-0
4007	cmd-4007	2025-11-09T17:58:00+09:00	user-001-0 user-002-0 user-003-1 user-004-0 user-005-0 user-006-0 user-007-0 user-008-0 user-009-1 user-010-1 user-011-1 user-012-0
4008	cmd-4008	2025-11-09T18:03:00+09:00	user-001-0 user-002-0 user-003-0 user-004-0 user-005-0 user-006-0 user-007-0 user-008-0 user-009-1 user-010-1 user-011-1 user-012-0
4009	cmd-4009	2025-11-10T00:35:00+09:00	user-001-0 user-002-0 user-003-1 user-004-0 user-005-0 user-006-0 user-007-0 user-008-0 user-009-1 user-010-1 user-011-1 user-012-0
4010	cmd-4010	2025-11-10T00:53:00+09:00	user-001-0 user-002-0 user-003-1 user-004-0 user-005-0 user-006-0 user-007-0 user-008-0 user-009-1 user-010-1 user-011-1 user-012-0
4011	cmd-4011	2025-11-10T02:00:00+09:00	user-001-0 user-002-0 user-003-1 user-004-0 user-005-0 user-006-0 user-007-0 user-008-0 user-009-1 user-010-1 user-011-1 user-012-0
4012	cmd-4012	2025-11-10T04:34:00+09:00	user-001-0 user-002-0 user-003-0 user-004-0 user-005-0 user-006-0 user-007-0 user-008-0 user-009-1 user-010-1 user-011-1 user-012-0
4013	cmd-4013	2025-11-10T06:14:00+09:00	user-001-0 user-002-0 user-003-0 user-004-0 user-005-0 user-006-0 user-007-0 user-008-0 user-009-1 user-010-1 user-011-0 user-012-0
4014	cmd-4014	2025-11-10T08:43:00+09:00	user-001-0 user-002-0 user-003-0 user-004-0 user-005-0 user-006-0 user-007-0 user-008-0 user-009-1 user-010-1 user-011-1 user-012-0
4015	cmd-4015	2025-11-10T13:55:00+09:00	user-001-0 user-002-0 user-003-0 user-004-0 user-005-0 user-006-0 user-007-0 user-008-0 user-009-1 user-010-1 user-011-0 user-012-0
4016	cmd-4016	2025-11-10T15:26:00+09:00	user-001-0 user-002-0 user-003-0 user-004-0 user-005-0 user-006-0 user-007-0 user-008-0 user-009-1 user-010-1 user-011-0 user-012-0
4017	cmd-4017	2025-11-10T17:15:00+09:00	user-001-0 user-002-0 user-003-0 user-004-0 user-005-0 user-006-0 user-007-0 user-008-0 user-009-1 user-010-1 user-011-1 user-012-0
4018	cmd-4018	2025-11-10T18:21:00+09:00	user-001-0 user-002-0 user-003-1 user-004-0 user-005-0 user-006-0 user-007-0 user-008-0 user-009-1 user-010-1 user-011-1 user-012-0
4019	cmd-4019	2025-11-10T19:01:00+09:00	user-001-0 user-002-0 user-003-0 user-004-0 user-005-0 user-006-0 user-007-0 user-008-0 user-009-1 user-010-1 user-011-0 user-012-0
4020	cmd-4020	2025-11-10T20:07:00+09:00	user-001-0 user-002-0 user-003-1 user-004-0 user-005-0 user-006-0 user-007-0 user-008-0 user-009-1 user-010-1 user-011-1 user-012-0
4021	cmd-4021	2025-11-10T21:54:00+09:00	user-001-0 user-002-0 user-003-0 user-004-0 user-005-0 user-006-0 user-007-0 user-008-0 user-009-1 user-010-1 user-011-1 user-012-0
4022	cmd-4022	2025-11-10T22:43:00+09:00	user-001-0 user-002-0 user-003-0 user-004-0 user-005-0 user-006-0 user-007-0 user-008-0 user-009-1 user-010-1 user-011-1 user-012-0
4023	cmd-4023	2025-11-11T03:45:00+09:00	user-001-0 user-002-0 user-003-0 user-004-0 user-005-0 user-006-0 user-007-0 user-008-0 user-009-1 user-010-1 user-011-0 user-012-0
4024	cmd-4024	2025-11-11T05:56:00+09:00	user-001-0 user-002-0 user-003-0 user-004-0 user-005-0 user-006-0 user-007-0 user-008-0 user-009-1 user-010-1 user-011-0 user-012-0
4025	cmd-4025	2025-11-11T06:45:00+09:00	user-001-0 user-002-0 user-003-0 user-004-0 user-005-0 user-006-0 user-007-0 user-008-0 user-009-1 user-010-1 user-011-1 user-012-0
4026	cmd-4026	2025-11-11T10:49:00+09:00	user-001-0 user-002-0 user-003-1 user-004-0 user-005-0 user-006-0 user-007-0 user-008-0 user-009-1 user-010-1 user-011-1 user-012-0
4027	cmd-4027	2025-11-11T15:45:00+09:00	user-001-0 user-002-0 user-003-0 user-004-0 user-005-0 user-006-0 user-007-0 user-008-0 user-009-1 user-010-1 user-011-0 user-012-0
4028	cmd-4028	2025-11-11T15:46:00+09:00	user-001-0 user-002-0 user-003-0 user-004-0 user-005-0 user-006-0 user-007-0 user-008-0 user-009-1 user-010-1 user-011-1 user-012-0
4029	cmd-4029	2025-11-11T15:49:00+09:00	user-001-0 user-002-0 user-003-1 user-004-0 user-005-0 user-006-0 user-007-0 user-008-0 user-009-1 user-010-1 user-011-1 user-012-0
4030	cmd-4030	2025-11-11T18:57:00+09:00	user-001-0 user-002-0 user-003-1 user-004-0 user-005-0 user-006-0 user-007-0 user-008-0 user-009-1 user-010-1 user-011-1 user-012-0
4031	cmd-4031	2025-11-11T20:23:00+09:00	user-001-0 user-002-0 user-003-0 user-004-0 user-005-0 user-006-0 user-007-0 user-008-0 user-009-1 user-010-1 user-011-1 user-012-0
4032	cmd-4032	2025-11-11T20:36:00+09:00	user-001-0 user-002-0 user-003-1 user-004-0 user-005-0 user-006-0 user-007-0 user-008-0 user-009-1 user-010-1 user-011-1 user-012-0
4033	cmd-4033	2025-11-11T22:20:00+09:00	user-001-0 user-002-0 user-003-0 user-004-0 user-005-0 user-006-0 user-007-0 user-008-0 user-009-1 user-010-1 user-011-1 user-012-0
4034	cmd-4034	2025-11-12T03:10:00+09:00	user-001-0 user-002-0 user-003-0 user-004-0 user-005-0 user-006-0 user-007-0 user-008-0 user-009-1 user-010-1 user-011-1 user-012-0
4035	cmd-4035	2025-11-12T06:43:00+09:00	user-001-0 user-002-0 user-003-0 user-004-0 user-005-0 user-006-0 user-007-0 user-008-0 user-009-1 user-010-1 user-011-1 user-012-0
4036	cmd-4036	2025-11-12T07:46:00+09:00	user-001-0 user-002-0 user-003-0 user-004-0 user-005-0 user-006-0 user-007-0 user-008-0 user-009-1 user-010-1 user-011-1 user-012-0
4037	cmd-4037	2025-11-12T10:00:00+09:00	user-001-0 user-002-0 user-003-1 user-004-0 user-005-0 user-006-0 user-007-0 user-008-0 user-009-1 user-010-1 user-011-1 user-012-0
4038	cmd-4038	2025-11-12T10:40:00+09:00	user-001-0 user-002-0 user-003-0 user-004-0 user-005-0 user-006-0 user-007-0 user-008-0 user-009-1 user-010-1 user-011-0 user-012-0
4039	cmd-4039	2025-11-12T11:08:00+09:00	user-001-0 user-002-0 user-003-1 user-004-0 user-005-0 user-006-0 user-007-0 user-008-0 user-009-1 user-010-1 user-011-1 user-012-0
4040	cmd-4040	2025-11-12T11:29:00+09:00	user-001-0 user-002-0 user-003-0 user-004-0 user-005-0 user-006-0 user-007-0 user-008-0 user-009-1 user-010-1 user-011-0 user-012-0
4041	cmd-4041	2025-11-12T14:55:00+09:00	user-001-0 user-002-0 user-003-0 user-004-0 user-005-0 user-006-0 user-007-0 user-008-0 user-009-1 user-010-1 user-011-1 user-012-0
4042	cmd-4042	2025-11-12T23:51:00+09:00	user-001-0 user-002-0 user-003-0 user-004-0 user-005-0 user-006-0 user-007-0 user-008-0 user-009-1 user-010-1 user-011-1 user-012-0
4043	cmd-4043	2025-11-13T08:27:00+09:00	user-001-0 user-002-0 user-003-1 user-004-0 user-005-0 user-006-0 user-007-0 user-008-0 user-009-1 user-010-1 user-011-1 user-012-0
4044	cmd-4044	2025-11-13T08:39:00+09:00	user-001-0 user-002-0 user-003-1 user-004-0 user-005-0 user-006-0 user-007-0 user-008-0 user-009-1 user-010-1 user-011-1 user-012-0
4045	cmd-4045	2025-11-13T14:29:00+09:00	user-001-0 user-002-0 user-003-0 user-004-0 user-005-0 user-006-0 user-007-0 user-008-0 user-009-1 user-010-1 user-011-1 user-012-0
4046	cmd-4046	2025-11-13T14:33:00+09:00	user-001-0 user-002-0 user-003-0 user-004-0 user-005-0 user-006-0 user-007-0 user-008-0 user-009-1 user-010-1 user-011-1 user-012-0
4047	cmd-4047	2025-11-13T20:13:00+09:00	user-001-0 user-002-0 user-003-0 user-004-0 user-005-0 user-006-0 user-007-0 user-008-0 user-009-1 user-010-1 user-011-0 user-012-0
4048	cmd-4048	2025-11-13T23:01:00+09:00	user-001-0 user-002-0 user-003-0 user-004-0 user-005-0 user-006-0 user-007-0 user-008-0 user-009-1 user-010-1 user-011-1 user-012-0
4049	cmd-4049	2025-11-14T04:54:00+09:00	user-001-0 user-002-0 user-003-1 user-004-0 user-005-0 user-006-0 user-007-0 user-008-0 user-009-1 user-010-1 user-011-1 user-012-0
4050	cmd-4050	2025-11-14T13:42:00+09:00	user-001-0 user-002-0 user-003-0 user-004-0 user-005-0 user-006-0 user-007-0 user-008-0 user-009-1 user-010-1 user-011-1 user-012-0
4051	cmd-4051	2025-11-14T14:04:00+09:00	user-001-0 user-002-0 user-003-0 user-004-0 user-005-0 user-006-0 user-007-0 user-008-0 user-009-1 user-010-1 user-011-1 user-012-0
4052	cmd-4052	2025-11-14T19:34:00+09:00	user-001-0 user-002-0 user-003-0 user-004-0 user-005-0 user-006-0 user-007-0 user-008-0 user-009-1 user-010-1 user-011-1 user-012-0
4053	cmd-4053	2025-11-14T21:32:00+09:00	user-001-0 user-002-0 user-003-1 user-004-0 user-005-0 user-006-0 user-007-0 user-008-0 user-009-1 user-010-1 user-011-1 user-012-0
4054	cmd-4054	2025-11-14T21:58:00+09:00	user-001-0 user-002-0 user-003-1 user-004-0 user-005-0 user-006-0 user-007-0 user-008-0 user-009-1 user-010-1 user-011-1 user-012-0
4055	cmd-4055	2025-11-15T01:44:00+09:00	user-001-0 user-002-0 user-003-1 user-004-0 user-005-0 user-006-0 user-007-0 user-008-0 user-009-1 user-010-1 user-011-1 user-012-0
4056	cmd-4056	2025-11-15T05:29:00+09:00	user-001-0 user-002-0 user-003-0 user-004-0 user-005-0 user-006-0 user-007-0 user-008-0 user-009-1 user-010-1 user-011-0 user-012-0
4057	cmd-4057	2025-11-15T08:00:00+09:00	user-001-0 user-002-0 user-003-0 user-004-0 user-005-0 user-006-0 user-007-0 user-008-0 user-009-1 user-010-1 user-011-0 user-012-0
4058	cmd-4058	2025-11-15T08:03:00+09:00	user-001-0 user-002-0 user-003-0 user-004-0 user-005-0 user-006-0 user-007-0 user-008-0 user-009-1 user-010-1 user-011-0 user-012-0
4059	cmd-4059	2025-11-15T11:11:00+09:00	user-001-0 user-002-0 user-003-0 user-004-0 user-005-0 user-006-0 user-007-0 user-008-0 user-009-1 user-010-1 user-011-0 user-012-0
4060	cmd-4060	2025-11-15T11:44:00+09:00	user-001-0 user-002-0 user-003-0 user-004-0 user-005-0 user-006-0 user-007-0 user-008-0 user-009-1 user-010-1 user-011-1 user-012-0
4061	cmd-4061	2025-11-15T12:16:00+09:00	user-001-0 user-002-0 user-003-0 user-004-0 user-005-0 user-006-0 user-007-0 user-008-0 user-009-1 user-010-1 user-011-1 user-012-0
4062	cmd-4062	2025-11-15T12:53:00+09:00	user-001-0 user-002-0 user-003-0 user-004-0 user-005-0 user-006-0 user-007-0 user-008-0 user-009-1 user-010-1 user-011-0 user-012-0
4063	cmd-4063	2025-11-15T14:12:00+09:00	user-001-0 user-002-0 user-003-0 user-004-0 user-005-0 user-006-0 user-007-0 user-008-0 user-009-1 user-010-1 user-011-0 user-012-0
4064	cmd-4064	2025-11-15T15:33:00+09:00	user-001-0 user-002-0 user-003-0 user-004-0 user-005-0 user-006-0 user-007-0 user-008-0 user-009-1 user-010-1 user-011-0 user-012-0
4065	cmd-4065	2025-11-15T16:34:00+09:00	user-001-0 user-002-0 user-003-0 user-004-0 user-005-0 user-006-0 user-007-0 user-008-0 user-009-1 user-010-1 user-011-0 user-012-0
4066	cmd-4066	2025-11-15T20:26:00+09:00	user-001-0 user-002-0 user-003-0 user-004-0 user-005-0 user-006-0 user-007-0 user-008-0 user-009-1 user-010-1 user-011-1 user-012-0
4067	cmd-4067	2025-11-15T23:46:00+09:00	user-001-0 user-002-0 user-003-1 user-004-0 user-005-0 user-006-0 user-007-0 user-008-0 user-009-1 user-010-1 user-011-1 user-012-0
4068	cmd-4068	2025-11-15T23:51:00+09:00	user-001-0 user-002-0 user-003-0 user-004-0 user-005-0 user-006-0 user-007-0 user-008-0 user-009-1 user-010-1 user-011-0 user-012-0
4069	cmd-4069	2025-11-16T00:10:00+09:00	user-001-0 user-002-0 user-003-0 user-004-0 user-005-0 user-006-0 user-007-0 user-008-0 user-009-1 user-010-1 user-011-1 user-012-0
4070	cmd-4070	2025-11-16T05:26:00+09:00	user-001-0 user-002-0 user-003-1 user-004-0 user-005-0 user-006-0 user-007-0 user-008-0 user-009-1 user-010-1 user-011-1 user-012-0
4071	cmd-4071	2025-11-16T12:35:00+09:00	user-001-0 user-002-0 user-003-0 user-004-0 user-005-0 user-006-0 user-007-0 user-008-0 user-009-1 user-010-1 user-011-1 user-012-0
4072	cmd-4072	2025-11-16T14:57:00+09:00	user-001-0 user-002-0 user-003-0 user-004-0 user-005-0 user-006-0 user-007-0 user-008-0 user-009-1 user-010-1 user-011-1 user-012-0
4073	cmd-4073	2025-11-16T15:48:00+09:00	user-001-0 user-002-0 user-003-0 user-004-0 user-005-0 user-006-0 user-007-0 user-008-0 user-009-1 user-010-1 user-011-1 user-012-0
4074	cmd-4074	2025-11-16T20:59:00+09:00	user-001-0 user-002-0 user-003-0 user-004-0 user-005-0 user-006-0 user-007-0 user-008-0 user-009-1 user-010-1 user-011-1 user-012-0
4075	cmd-4075	2025-11-16T21:57:00+09:00	user-001-0 user-002-0 user-003-0 user-004-0 user-005-0 user-006-0 user-007-0 user-008-0 user-009-1 user-010-1 user-011-1 user-012-0
4076	cmd-4076	2025-11-16T23:49:00+09:00	user-001-0 user-002-0 user-003-1 user-004-0 user-005-0 user-006-0 user-007-0 user-008-0 user-009-1 user-010-1 user-011-1 user-012-0
4077	cmd-4077	2025-11-17T09:22:00+09:00	user-001-0 user-002-0 user-003-0 user-004-0 user-005-0 user-006-0 user-007-0 user-008-0 user-009-1 user-010-1 user-011-1 user-012-0
4078	cmd-4078	2025-11-17T09:27:00+09:00	user-001-0 user-002-0 user-003-0 user-004-0 user-005-0 user-006-0 user-007-0 user-008-0 user-009-1 user-010-1 user-011-1 user-012-0
4079	cmd-4079	2025-11-17T09:53:00+09:00	user-001-0 user-002-0 user-003-0 user-004-0 user-005-0 user-006-0 user-007-0 user-008-0 user-009-1 user-010-1 user-011-1 user-012-0
4080	cmd-4080	2025-11-17T12:31:00+09:00	user-001-0 user-002-0 user-003-0 user-004-0 user-005-0 user-006-0 user-007-0 user-008-0 user-009-1 user-010-1 user-011-1 user-012-0
4081	cmd-4081	2025-11-17T14:37:00+09:00	user-001-0 user-002-0 user-003-0 user-004-0 user-005-0 user-006-0 user-007-0 user-008-0 user-009-1 user-010-1 user-011-0 user-012-0
4082	cmd-4082	2025-11-17T15:04:00+09:00	user-001-0 user-002-0 user-003-1 user-004-0 user-005-0 user-006-0 user-007-0 user-008-0 user-009-1 user-010-1 user-011-1 user-012-0
4083	cmd-4083	2025-11-17T15:26:00+09:00	user-001-0 user-002-0 user-003-0 user-004-0 user-005-0 user-006-0 user-007-0 user-008-0 user-009-1 user-010-1 user-011-0 user-012-0
4084	cmd-4084	2025-11-17T16:30:00+09:00	user-001-0 user-002-0 user-003-0 user-004-0 user-005-0 user-006-0 user-007-0 user-008-0 user-009-1 user-010-1 user-011-1 user-012-0
4085	cmd-4085	2025-11-17T16:39:00+09:00	user-001-0 user-002-0 user-003-0 user-004-0 user-005-0 user-006-0 user-007-0 user-008-0 user-009-1 user-010-1 user-011-1 user-012-0
4086	cmd-4086	2025-11-17T18:12:00+09:00	user-001-0 user-002-0 user-003-0 user-004-0 user-005-0 user-006-0 user-007-0 user-008-0 user-009-1 user-010-1 user-011-1 user-012-0
4087	cmd-4087	2025-11-17T20:51:00+09:00	user-001-0 user-002-0 user-003-0 user-004-0 user-005-0 user-006-0 user-007-0 user-008-0 user-009-1 user-010-1 user-011-1 user-012-0
4088	cmd-4088	2025-11-18T02:02:00+09:00	user-001-0 user-002-0 user-003-0 user-004-0 user-005-0 user-006-0 user-007-0 user-008-0 user-009-1 user-010-1 user-011-1 user-012-0
4089	cmd-4089	2025-11-18T04:42:00+09:00	user-001-0 user-002-0 user-003-1 user-004-0 user-005-0 user-006-0 user-007-0 user-008-0 user-009-1 user-010-1 user-011-1 user-012-0
4090	cmd-4090	2025-11-18T09:01:00+09:00	user-001-0 user-002-0 user-003-0 user-004-0 user-005-0 user-006-0 user-007-0 user-008-0 user-009-1 user-010-1 user-011-1 user-012-0
4091	cmd-4091	2025-11-18T17:18:00+09:00	user-001-0 user-002-0 user-003-0 user-004-0 user-005-0 user-006-0 user-007-0 user-008-0 user-009-1 user-010-1 user-011-1 user-012-0
4092	cmd-4092	2025-11-18T17:39:00+09:00	user-001-0 user-002-0 user-003-0 user-004-0 user-005-0 user-006-0 user-007-0 user-008-0 user-009-1 user-010-1 user-011-1 user-012-0
4093	cmd-4093	2025-11-18T17:44:00+09:00	user-001-0 user-002-0 user-003-0 user-004-0 user-005-0 user-006-0 user-007-0 user-008-0 user-009-1 user-010-1 user-011-1 user-012-0
4094	cmd-4094	2025-11-19T00:03:00+09:00	user-001-0 user-002-0 user-003-0 user-004-0 user-005-0 user-006-0 user-007-0 user-008-0 user-009-1 user-010-1 user-011-1 user-012-0
4095	cmd-4095	2025-11-19T00:28:00+09:00	user-001-0 user-002-0 user-003-1 user-004-0 user-005-0 user-006-0 user-007-0 user-008-0 user-009-1 user-010-1 user-011-1 user-012-0
4096	cmd-4096	2025-11-19T05:15:00+09:00	user-001-0 user-002-0 user-003-0 user-004-0 user-005-0 user-006-0 user-007-0 user-008-0 user-009-1 user-010-1 user-011-1 user-012-0
4097	cmd-4097	2025-11-19T05:44:00+09:00	user-001-0 user-002-0 user-003-1 user-004-0 user-005-0 user-006-0 user-007-0 user-008-0 user-009-1 user-010-1 user-011-1 user-012-0
4098	cmd-4098	2025-11-19T07:08:00+09:00	user-001-0 user-002-0 user-003-0 user-004-0 user-005-0 user-006-0 user-007-0 user-008-0 user-009-1 user-010-1 user-011-0 user-012-0
4099	cmd-4099	2025-11-19T09:02:00+09:00	user-001-0 user-002-0 user-003-0 user-004-0 user-005-0 user-006-0 user-007-0 user-008-0 user-009-1 user-010-1 user-011-0 user-012-0
4100	cmd-4100	2025-11-19T11:14:00+09:00	user-001-0 user-002-0 user-003-0 user-004-0 user-005-0 user-006-0 user-007-0 user-008-0 user-009-1 user-010-1 user-011-1 user-012-0
4101	cmd-4101	2025-11-19T11:29:00+09:00	user-001-0 user-002-0 user-003-1 user-004-0 user-005-0 user-006-0 user-007-0 user-008-0 user-009-1 user-010-1 user-011-1 user-012-0
4102	cmd-4102	2025-11-19T11:46:00+09:00	user-001-0 user-002-0 user-003-0 user-004-0 user-005-0 user-006-0 user-007-0 user-008-0 user-009-1 user-010-1 user-011-1 user-012-0
4103	cmd-4103	2025-11-19T21:50:00+09:00	user-001-0 user-002-0 user-003-0 user-004-0 user-005-0 user-006-0 user-007-0 user-008-0 user-009-1 user-010-1 user-011-1 user-012-0
4104	cmd-4104	2025-11-19T21:56:00+09:00	user-001-0 user-002-0 user-003-0 user-004-0 user-005-0 user-006-0 user-007-0 user-008-0 user-009-1 user-010-1 user-011-1 user-012-0
4105	cmd-4105	2025-11-19T22:11:00+09:00	user-001-0 user-002-0 user-003-1 user-004-0 user-005-0 user-006-0 user-007-0 user-008-0 user-009-1 user-010-1 user-011-1 user-012-0
4106	cmd-4106	2025-11-20T00:30:00+09:00	user-001-0 user-002-0 user-003-0 user-004-0 user-005-0 user-006-0 user-007-0 user-008-0 user-009-1 user-010-1 user-011-1 user-012-0
4107	cmd-4107	2025-11-20T03:00:00+09:00	user-001-0 user-002-0 user-003-0 user-004-0 user-005-0 user-006-0 user-007-0 user-008-0 user-009-1 user-010-1 user-011-1 user-012-0
4108	cmd-4108	2025-11-20T03:21:00+09:00	user-001-0 user-002-0 user-003-1 user-004-0 user-005-0 user-006-0 user-007-0 user-008-0 user-009-1 user-010-1 user-011-1 user-012-0
4109	cmd-4109	2025-11-20T03:56:00+09:00	user-001-0 user-002-0 user-003-0 user-004-0 user-005-0 user-006-0 user-007-0 user-008-0 user-009-1 user-010-1 user-011-1 user-012-0
4110	cmd-4110	2025-11-20T06:34:00+09:00	user-001-0 user-002-0 user-003-0 user-004-0 user-005-0 user-006-0 user-007-0 user-008-0 user-009-1 user-010-1 user-011-1 user-012-0
4111	cmd-4111	2025-11-20T06:54:00+09:00	user-001-0 user-002-0 user-003-0 user-004-0 user-005-0 user-006-0 user-007-0 user-008-0 user-009-1 user-010-1 user-011-1 user-012-0
4112	cmd-4112	2025-11-20T09:29:00+09:00	user-001-0 user-002-0 user-003-0 user-004-0 user-005-0 user-006-0 user-007-0 user-008-0 user-009-1 user-010-1 user-011-1 user-012-0
4113	cmd-4113	2025-11-20T13:52:00+09:00	user-001-0 user-002-0 user-003-0 user-004-0 user-005-0 user-006-0 user-007-0 user-008-0 user-009-1 user-010-1 user-011-1 user-012-0
4114	cmd-4114	2025-11-20T14:41:00+09:00	user-001-0 user-002-0 user-003-0 user-004-0 user-005-0 user-006-0 user-007-0 user-008-0 user-009-1 user-010-1 user-011-0 user-012-0
4115	cmd-4115	2025-11-20T15:24:00+09:00	user-001-0 user-002-0 user-003-1 user-004-0 user-005-0 user-006-0 user-007-0 user-008-0 user-009-1 user-010-1 user-011-1 user-012-0
4116	cmd-4116	2025-11-20T19:33:00+09:00	user-001-0 user-002-0 user-003-0 user-004-0 user-005-0 user-006-0 user-007-0 user-008-0 user-009-1 user-010-1 user-011-1 user-012-0
4117	cmd-4117	2025-11-20T21:38:00+09:00	user-001-0 user-002-0 user-003-0 user-004-0 user-005-0 user-006-0 user-007-0 user-008-0 user-009-1 user-010-1 user-011-1 user-012-0
4118	cmd-4118	2025-11-20T23:37:00+09:00	user-001-0 user-002-0 user-003-0 user-004-0 user-005-0 user-006-0 user-007-0 user-008-0 user-009-1 user-010-1 user-011-1 user-012-0
4119	cmd-4119	2025-11-20T23:40:00+09:00	user-001-0 user-002-0 user-003-0 user-004-0 user-005-0 user-006-0 user-007-0 user-008-0 user-009-1 user-010-1 user-011-0 user-012-0
4120	cmd-4120	2025-11-21T01:43:00+09:00	user-001-0 user-002-0 user-003-1 user-004-0 user-005-0 user-006-0 user-007-0 user-008-0 user-009-1 user-010-1 user-011-1 user-012-0
4121	cmd-4121	2025-11-21T02:12:00+09:00	user-001-0 user-002-0 user-003-0 user-004-0 user-005-0 user-006-0 user-007-0 user-008-0 user-009-1 user-010-1 user-011-1 user-012-0
4122	cmd-4122	2025-11-21T03:30:00+09:00	user-001-0 user-002-0 user-003-0 user-004-0 user-005-0 user-006-0 user-007-0 user-008-0 user-009-1 user-010-1 user-011-0 user-012-0
4123	cmd-4123	2025-11-21T09:47:00+09:00	user-001-0 user-002-0 user-003-1 user-004-0 user-005-0 user-006-0 user-007-0 user-008-0 user-009-1 user-010-1 user-011-1 user-012-0
4124	cmd-4124	2025-11-21T10:20:00+09:00	user-001-0 user-002-0 user-003-0 user-004-0 user-005-0 user-006-0 user-007-0 user-008-0 user-009-1 user-010-1 user-011-1 user-012-0
4125	cmd-4125	2025-11-21T12:15:00+09:00	user-001-0 user-002-0 user-003-0 user-004-0 user-005-0 user-006-0 user-007-0 user-008-0 user-009-1 user-010-1 user-011-1 user-012-0
4126	cmd-4126	2025-11-21T15:20:00+09:00	user-001-0 user-002-0 user-003-0 user-004-0 user-005-0 user-006-0 user-007-0 user-008-0 user-009-1 user-010-1 user-011-1 user-012-0
4127	cmd-4127	2025-11-21T18:24:00+09:00	user-001-0 user-002-0 user-003-0 user-004-0 user-005-0 user-006-0 user-007-0 user-008-0 user-009-1 user-010-1 user-011-1 user-012-0
4128	cmd-4128	2025-11-21T20:44:00+09:00	user-001-0 user-002-0 user-003-0 user-004-0 user-005-0 user-006-0 user-007-0 user-008-0 user-009-1 user-010-1 user-011-1 user-012-0
4129	cmd-4129	2025-11-21T22:11:00+09:00	user-001-0 user-002-0 user-003-1 user-004-0 user-005-0 user-006-0 user-007-0 user-008-0 user-009-1 user-010-1 user-011-1 user-012-0
4130	cmd-4130	2025-11-21T23:22:00+09:00	user-001-0 user-002-0 user-003-0 user-004-0 user-005-0 user-006-0 user-007-0 user-008-0 user-009-1 user-010-1 user-011-1 user-012-0
4131	cmd-4131	2025-11-22T02:03:00+09:00	user-001-0 user-002-0 user-003-0 user-004-0 user-005-0 user-006-0 user-007-0 user-008-0 user-009-1 user-010-1 user-011-1 user-012-0
4132	cmd-4132	2025-11-22T04:30:00+09:00	user-001-0 user-002-0 user-003-0 user-004-0 user-005-0 user-006-0 user-007-0 user-008-0 user-009-1 user-010-1 user-011-1 user-012-0
4133	cmd-4133	2025-11-22T05:24:00+09:00	user-001-0 user-002-0 user-003-0 user-004-0 user-005-0 user-006-0 user-007-0 user-008-0 user-009-1 user-010-1 user-011-0 user-012-0
4134	cmd-4134	2025-11-22T05:33:00+09:00	user-001-0 user-002-0 user-003-0 user-004-0 user-005-0 user-006-0 user-007-0 user-008-0 user-009-1 user-010-1 user-011-0 user-012-0
4135	cmd-4135	2025-11-22T06:38:00+09:00	user-001-0 user-002-0 user-003-1 user-004-0 user-005-0 user-006-0 user-007-0 user-008-0 user-009-1 user-010-1 user-011-1 user-012-0
4136	cmd-4136	2025-11-22T08:06:00+09:00	user-001-0 user-002-0 user-003-0 user-004-0 user-005-0 user-006-0 user-007-0 user-008-0 user-009-1 user-010-1 user-011-0 user-012-0
4137	cmd-4137	2025-11-22T09:58:00+09:00	user-001-0 user-002-0 user-003-0 user-004-0 user-005-0 user-006-0 user-007-0 user-008-0 user-009-1 user-010-1 user-011-1 user-012-0
4138	cmd-4138	2025-11-22T12:28:00+09:00	user-001-0 user-002-0 user-003-0 user-004-0 user-005-0 user-006-0 user-007-0 user-008-0 user-009-1 user-010-1 user-011-1 user-012-0
4139	cmd-4139	2025-11-22T13:34:00+09:00	user-001-0 user-002-0 user-003-1 user-004-0 user-005-0 user-006-0 user-007-0 user-008-0 user-009-1 user-010-1 user-011-1 user-012-0
4140	cmd-4140	2025-11-22T18:01:00+09:00	user-001-0 user-002-0 user-003-0 user-004-0 user-005-0 user-006-0 user-007-0 user-008-0 user-009-1 user-010-1 user-011-1 user-012-0
4141	cmd-4141	2025-11-22T19:43:00+09:00	user-001-0 user-002-0 user-003-0 user-004-0 user-005-0 user-006-0 user-007-0 user-008-0 user-009-1 user-010-1 user-011-1 user-012-0
4142	cmd-4142	2025-11-22T19:56:00+09:00	user-001-0 user-002-0 user-003-1 user-004-0 user-005-0 user-006-0 user-007-0 user-008-0 user-009-1 user-010-1 user-011-1 user-012-0
4143	cmd-4143	2025-11-22T20:12:00+09:00	user-001-0 user-002-0 user-003-0 user-004-0 user-005-0 user-006-0 user-007-0 user-008-0 user-009-1 user-010-1 user-011-1 user-012-0
4144	cmd-4144	2025-11-23T02:13:00+09:00	user-001-0 user-002-0 user-003-0 user-004-0 user-005-0 user-006-0 user-007-0 user-008-0 user-009-1 user-010-1 user-011-1 user-012-0
4145	cmd-4145	2025-11-23T02:18:00+09:00	user-001-0 user-002-0 user-003-0 user-004-0 user-005-0 user-006-0 user-007-0 user-008-0 user-009-1 user-010-1 user-011-0 user-012-0
4146	cmd-4146	2025-11-23T04:36:00+09:00	user-001-0 user-002-0 user-003-0 user-004-0 user-005-0 user-006-0 user-007-0 user-008-0 user-009-1 user-010-1 user-011-0 user-012-0
4147	cmd-4147	2025-11-23T06:10:00+09:00	user-001-0 user-002-0 user-003-1 user-004-0 user-005-0 user-006-0 user-007-0 user-008-0 user-009-1 user-010-1 user-011-1 user-012-0
4148	cmd-4148	2025-11-23T11:54:00+09:00	user-001-0 user-002-0 user-003-1 user-004-0 user-005-0 user-006-0 user-007-0 user-008-0 user-009-1 user-010-1 user-011-1 user-012-0
4149	cmd-4149	2025-11-23T13:18:00+09:00	user-001-0 user-002-0 user-003-0 user-004-0 user-005-0 user-006-0 user-007-0 user-008-0 user-009-1 user-010-1 user-011-0 user-012-0
4150	cmd-4150	2025-11-23T13:51:00+09:00	user-001-0 user-002-0 user-003-0 user-004-0 user-005-0 user-006-0 user-007-0 user-008-0 user-009-1 user-010-1 user-011-1 user-012-0
4151	cmd-4151	2025-11-23T15:40:00+09:00	user-001-0 user-002-0 user-003-1 user-004-0 user-005-0 user-006-0 user-007-0 user-008-0 user-009-1 user-010-1 user-011-1 user-012-0
4152	cmd-4152	2025-11-23T17:31:00+09:00	user-001-0 user-002-0 user-003-0 user-004-0 user-005-0 user-006-0 user-007-0 user-008-0 user-009-1 user-010-1 user-011-1 user-012-0
4153	cmd-4153	2025-11-23T19:55:00+09:00	user-001-0 user-002-0 user-003-1 user-004-0 user-005-0 user-006-0 user-007-0 user-008-0 user-009-1 user-010-1 user-011-1 user-012-0
4154	cmd-4154	2025-11-23T20:58:00+09:00	user-001-0 user-002-0 user-003-0 user-004-0 user-005-0 user-006-0 user-007-0 user-008-0 user-009-1 user-010-1 user-011-0 user-012-0
4155	cmd-4155	2025-11-23T21:49:00+09:00	user-001-0 user-002-0 user-003-1 user-004-0 user-005-0 user-006-0 user-007-0 user-008-0 user-009-1 user-010-1 user-011-1 user-012-0
4156	cmd-4156	2025-11-24T01:34:00+09:00	user-001-0 user-002-0 user-003-1 user-004-0 user-005-0 user-006-0 user-007-0 user-008-0 user-009-1 user-010-1 user-011-1 user-012-0
4157	cmd-4157	2025-11-24T01:47:00+09:00	user-001-0 user-002-0 user-003-1 user-004-0 user-005-0 user-006-0 user-007-0 user-008-0 user-009-1 user-010-1 user-011-1 user-012-0
4158	cmd-4158	2025-11-24T08:06:00+09:00	user-001-0 user-002-0 user-003-0 user-004-0 user-005-0 user-006-0 user-007-0 user-008-0 user-009-1 user-010-1 user-011-1 user-012-0
4159	cmd-4159	2025-11-24T09:53:00+09:00	user-001-0 user-002-0 user-003-1 user-004-0 user-005-0 user-006-0 user-007-0 user-008-0 user-009-1 user-010-1 user-011-1 user-012-0
4160	cmd-4160	2025-11-24T09:57:00+09:00	user-001-0 user-002-0 user-003-1 user-004-0 user-005-0 user-006-0 user-007-0 user-008-0 user-009-1 user-010-1 user-011-1 user-012-0
4161	cmd-4161	2025-11-25T00:03:00+09:00	user-001-0 user-002-0 user-003-0 user-004-0 user-005-0 user-006-0 user-007-0 user-008-0 user-009-1 user-010-1 user-011-1 user-012-0
4162	cmd-4162	2025-11-25T03:07:00+09:00	user-001-0 user-002-0 user-003-0 user-004-0 user-005-0 user-006-0 user-007-0 user-008-0 user-009-1 user-010-1 user-011-1 user-012-0
4163	cmd-4163	2025-11-25T03:58:00+09:00	user-001-0 user-002-0 user-003-1 user-004-0 user-005-0 user-006-0 user-007-0 user-008-0 user-009-1 user-010-1 user-011-1 user-012-0
4164	cmd-4164	2025-11-25T09:06:00+09:00	user-001-0 user-002-0 user-003-1 user-004-0 user-005-0 user-006-0 user-007-0 user-008-0 user-009-1 user-010-1 user-011-1 user-012-0
4165	cmd-4165	2025-11-25T11:07:00+09:00	user-001-0 user-002-0 user-003-0 user-004-0 user-005-0 user-006-0 user-007-0 user-008-0 user-009-1 user-010-1 user-011-0 user-012-0
4166	cmd-4166	2025-11-25T11:46:00+09:00	user-001-0 user-002-0 user-003-1 user-004-0 user-005-0 user-006-0 user-007-0 user-008-0 user-009-1 user-010-1 user-011-1 user-012-0
4167	cmd-4167	2025-11-25T15:58:00+09:00	user-001-0 user-002-0 user-003-0 user-004-0 user-005-0 user-006-0 user-007-0 user-008-0 user-009-1 user-010-1 user-011-1 user-012-0
4168	cmd-4168	2025-11-25T18:23:00+09:00	user-001-0 user-002-0 user-003-0 user-004-0 user-005-0 user-006-0 user-007-0 user-008-0 user-009-1 user-010-1 user-011-1 user-012-0
4169	cmd-4169	2025-11-25T21:14:00+09:00	user-001-0 user-002-0 user-003-0 user-004-0 user-005-0 user-006-0 user-007-0 user-008-0 user-009-1 user-010-1 user-011-1 user-012-0
4170	cmd-4170	2025-11-25T21:35:00+09:00	user-001-0 user-002-0 user-003-1 user-004-0 user-005-0 user-006-0 user-007-0 user-008-0 user-009-1 user-010-1 user-011-1 user-012-0
4171	cmd-4171	2025-11-26T02:27:00+09:00	user-001-0 user-002-0 user-003-0 user-004-0 user-005-0 user-006-0 user-007-0 user-008-0 user-009-1 user-010-1 user-011-0 user-012-0
4172	cmd-4172	2025-11-26T04:33:00+09:00	user-001-0 user-002-0 user-003-0 user-004-0 user-005-0 user-006-0 user-007-0 user-008-0 user-009-1 user-010-1 user-011-1 user-012-0
4173	cmd-4173	2025-11-26T04:52:00+09:00	user-001-0 user-002-0 user-003-0 user-004-0 user-005-0 user-006-0 user-007-0 user-008-0 user-009-1 user-010-1 user-011-1 user-012-0
4174	cmd-4174	2025-11-26T07:53:00+09:00	user-001-0 user-002-0 user-003-0 user-004-0 user-005-0 user-006-0 user-007-0 user-008-0 user-009-1 user-010-1 user-011-0 user-012-0
4175	cmd-4175	2025-11-26T11:58:00+09:00	user-001-0 user-002-0 user-003-1 user-004-0 user-005-0 user-006-0 user-007-0 user-008-0 user-009-1 user-010-1 user-011-1 user-012-0
4176	cmd-4176	2025-11-26T16:12:00+09:00	user-001-0 user-002-0 user-003-0 user-004-0 user-005-0 user-006-0 user-007-0 user-008-0 user-009-1 user-010-1 user-011-1 user-012-0
4177	cmd-4177	2025-11-26T16:42:00+09:00	user-001-0 user-002-0 user-003-0 user-004-0 user-005-0 user-006-0 user-007-0 user-008-0 user-009-1 user-010-1 user-011-1 user-012-0
4178	cmd-4178	2025-11-26T23:06:00+09:00	user-001-0 user-002-0 user-003-0 user-004-0 user-005-0 user-006-0 user-007-0 user-008-0 user-009-1 user-010-1 user-011-1 user-012-0
4179	cmd-4179	2025-11-27T05:33:00+09:00	user-001-0 user-002-0 user-003-0 user-004-0 user-005-0 user-006-0 user-007-0 user-008-0 user-009-1 user-010-1 user-011-1 user-012-0
4180	cmd-4180	2025-11-27T06:41:00+09:00	user-001-0 user-002-0 user-003-0 user-004-0 user-005-0 user-006-0 user-007-0 user-008-0 user-009-1 user-010-1 user-011-1 user-012-0
4181	cmd-4181	2025-11-27T10:45:00+09:00	user-001-0 user-002-0 user-003-0 user-004-0 user-005-0 user-006-0 user-007-0 user-008-0 user-009-1 user-010-1 user-011-1 user-012-0
4182	cmd-4182	2025-11-27T11:22:00+09:00	user-001-0 user-002-0 user-003-0 user-004-0 user-005-0 user-006-0 user-007-0 user-008-0 user-009-1 user-010-1 user-011-1 user-012-0
4183	cmd-4183	2025-11-27T15:48:00+09:00	user-001-0 user-002-0 user-003-0 user-004-0 user-005-0 user-006-0 user-007-0 user-008-0 user-009-1 user-010-1 user-011-0 user-012-0
4184	cmd-4184	2025-11-27T17:44:00+09:00	user-001-0 user-002-0 user-003-1 user-004-0 user-005-0 user-006-0 user-007-0 user-008-0 user-009-1 user-010-1 user-011-1 user-012-0
4185	cmd-4185	2025-11-27T17:48:00+09:00	user-001-0 user-002-0 user-003-0 user-004-0 user-005-0 user-006-0 user-007-0 user-008-0 user-009-1 user-010-1 user-011-1 user-012-0
4186	cmd-4186	2025-11-27T17:52:00+09:00	user-001-0 user-002-0 user-003-1 user-004-0 user-005-0 user-006-0 user-007-0 user-008-0 user-009-1 user-010-1 user-011-1 user-012-0
4187	cmd-4187	2025-11-27T19:53:00+09:00	user-001-0 user-002-0 user-003-1 user-004-0 user-005-0 user-006-0 user-007-0 user-008-0 user-009-1 user-010-1 user-011-1 user-012-0
4188	cmd-4188	2025-11-27T21:14:00+09:00	user-001-0 user-002-0 user-003-0 user-004-0 user-005-0 user-006-0 user-007-0 user-008-0 user-009-1 user-010-1 user-011-1 user-012-0
4189	cmd-4189	2025-11-27T23:34:00+09:00	user-001-0 user-002-0 user-003-1 user-004-0 user-005-0 user-006-0 user-007-0 user-008-0 user-009-1 user-010-1 user-011-1 user-012-0
4190	cmd-4190	2025-11-28T04:22:00+09:00	user-001-0 user-002-0 user-003-0 user-004-0 user-005-0 user-006-0 user-007-0 user-008-0 user-009-1 user-010-1 user-011-1 user-012-0
4191	cmd-4191	2025-11-28T06:44:00+09:00	user-001-0 user-002-0 user-003-1 user-004-0 user-005-0 user-006-0 user-007-0 user-008-0 user-009-1 user-010-1 user-011-1 user-012-0
4192	cmd-4192	2025-11-28T11:18:00+09:00	user-001-0 user-002-0 user-003-1 user-004-0 user-005-0 user-006-0 user-007-0 user-008-0 user-009-1 user-010-1 user-011-1 user-012-0
4193	cmd-4193	2025-11-28T13:22:00+09:00	user-001-0 user-002-0 user-003-0 user-004-0 user-005-0 user-006-0 user-007-0 user-008-0 user-009-1 user-010-1 user-011-0 user-012-0
4194	cmd-4194	2025-11-28T14:44:00+09:00	user-001-0 user-002-0 user-003-1 user-004-0 user-005-0 user-006-0 user-007-0 user-008-0 user-009-1 user-010-1 user-011-1 user-012-0
4195	cmd-4195	2025-11-28T19:05:00+09:00	user-001-0 user-002-0 user-003-0 user-004-0 user-005-0 user-006-0 user-007-0 user-008-0 user-009-1 user-010-1 user-011-1 user-012-0
4196	cmd-4196	2025-11-28T19:57:00+09:00	user-001-0 user-002-0 user-003-1 user-004-0 user-005-0 user-006-0 user-007-0 user-008-0 user-009-1 user-010-1 user-011-1 user-012-0
4197	cmd-4197	2025-11-28T20:26:00+09:00	user-001-0 user-002-0 user-003-0 user-004-0 user-005-0 user-006-0 user-007-0 user-008-0 user-009-1 user-010-1 user-011-1 user-012-0
4198	cmd-4198	2025-11-28T22:51:00+09:00	user-001-0 user-002-0 user-003-0 user-004-0 user-005-0 user-006-0 user-007-0 user-008-0 user-009-1 user-010-1 user-011-1 user-012-0
4199	cmd-4199	2025-11-29T01:00:00+09:00	user-001-0 user-002-0 user-003-0 user-004-0 user-005-0 user-006-0 user-007-0 user-008-0 user-009-1 user-010-1 user-011-0 user-012-0
4200	cmd-4200	2025-11-29T01:09:00+09:00	user-001-0 user-002-0 user-003-0 user-004-0 user-005-0 user-006-0 user-007-0 user-008-0 user-009-1 user-010-1 user-011-1 user-012-0
